时间 (s),薄膜厚度 (m),温度 (K)
0.0,0.0,298.15
0.020000000000000007,0.0,380.0
0.040000000000000015,0.0,380.0
0.060000000000000026,0.0,380.0
0.08000000000000003,0.0,380.0
0.10000000000000003,0.0,380.0
0.12000000000000005,0.0,380.0
0.14000000000000004,0.0,380.0
0.16000000000000006,0.0,380.0
0.18000000000000008,0.0,380.0
0.20000000000000007,0.0,380.0
0.22000000000000008,0.0,380.0
0.2400000000000001,0.0,380.0
0.2600000000000001,0.0,380.0
0.2800000000000001,0.0,380.0
0.3000000000000001,0.0,380.0
0.3200000000000001,0.0,380.0
0.34000000000000014,0.0,380.0
0.36000000000000015,0.0,380.0
0.3800000000000001,0.0,380.0
0.40000000000000013,0.0,380.0
0.42000000000000015,0.0,380.0
0.44000000000000017,0.0,380.0
0.4600000000000002,0.0,380.0
0.4800000000000002,0.0,380.0
0.5000000000000002,0.0,380.0
0.5200000000000002,0.0,380.0
0.5400000000000001,0.0,380.0
0.5600000000000002,0.0,380.0
0.5800000000000002,0.0,380.0
0.6000000000000002,0.0,380.0
0.6200000000000002,0.0,380.0
0.6400000000000002,0.0,380.0
0.6600000000000003,0.0,380.0
0.6800000000000003,0.0,380.0
0.7000000000000003,0.0,380.0
0.0,1.8750000000000002e-05,298.15
0.020000000000000007,1.8750000000000002e-05,344.7995894959606
0.040000000000000015,1.8750000000000002e-05,371.0904742759511
0.060000000000000026,1.8750000000000002e-05,365.2295041475007
0.08000000000000003,1.8750000000000002e-05,372.50112443228164
0.10000000000000003,1.8750000000000002e-05,369.81943856754145
0.12000000000000005,1.8750000000000002e-05,373.3934203131415
0.14000000000000004,1.8750000000000002e-05,371.9216678022407
0.16000000000000006,1.8750000000000002e-05,374.0386254941889
0.18000000000000008,1.8750000000000002e-05,373.14547951743924
0.20000000000000007,1.8750000000000002e-05,374.53518078669515
0.22000000000000008,1.8750000000000002e-05,373.9552929836778
0.2400000000000001,1.8750000000000002e-05,374.9319563420091
0.2600000000000001,1.8750000000000002e-05,374.5365888600334
0.2800000000000001,1.8750000000000002e-05,375.2574906736714
0.3000000000000001,1.8750000000000002e-05,374.97805095044527
0.3200000000000001,1.8750000000000002e-05,375.5300897566523
0.34000000000000014,1.8750000000000002e-05,375.3273749959382
0.36000000000000015,1.8750000000000002e-05,375.76220714966666
0.3800000000000001,1.8750000000000002e-05,375.6124880125254
0.40000000000000013,1.8750000000000002e-05,375.9626619723833
0.42000000000000015,1.8750000000000002e-05,375.8508512622056
0.44000000000000017,1.8750000000000002e-05,376.13789028908485
0.4600000000000002,1.8750000000000002e-05,376.05397715411306
0.4800000000000002,1.8750000000000002e-05,376.29270582514073
0.5000000000000002,1.8750000000000002e-05,376.22979855952696
0.5200000000000002,1.8750000000000002e-05,376.4307861853207
0.5400000000000001,1.8750000000000002e-05,376.3839894552109
0.5600000000000002,1.8750000000000002e-05,376.5549942139695
0.5800000000000002,1.8750000000000002e-05,376.52073820813257
0.6000000000000002,1.8750000000000002e-05,376.6675955147893
0.6200000000000002,1.8750000000000002e-05,376.6432195058317
0.6400000000000002,1.8750000000000002e-05,376.7704085896885
0.6600000000000003,1.8750000000000002e-05,376.7538930372452
0.6800000000000003,1.8750000000000002e-05,376.8649104307415
0.7000000000000003,1.8750000000000002e-05,376.8546989255614
0.0,3.7500000000000003e-05,298.15
0.020000000000000007,3.7500000000000003e-05,324.7988375728708
0.040000000000000015,3.7500000000000003e-05,354.5570597059094
0.060000000000000026,3.7500000000000003e-05,356.67005205249365
0.08000000000000003,3.7500000000000003e-05,360.755745368928
0.10000000000000003,3.7500000000000003e-05,363.2883415327038
0.12000000000000005,3.7500000000000003e-05,364.06405490862886
0.14000000000000004,3.7500000000000003e-05,366.2640167956372
0.16000000000000006,3.7500000000000003e-05,366.18858586004006
0.18000000000000008,3.7500000000000003e-05,368.0116892315295
0.20000000000000007,3.7500000000000003e-05,367.6903008918521
0.22000000000000008,3.7500000000000003e-05,369.1916363992089
0.2400000000000001,3.7500000000000003e-05,368.8176054713717
0.2600000000000001,3.7500000000000003e-05,370.05884772739415
0.2800000000000001,3.7500000000000003e-05,369.6999700867473
0.3000000000000001,3.7500000000000003e-05,370.733176802671
0.3200000000000001,3.7500000000000003e-05,370.4123377151018
0.34000000000000014,3.7500000000000003e-05,371.2787621868944
0.36000000000000015,3.7500000000000003e-05,371.00142214960283
0.3800000000000001,3.7500000000000003e-05,371.73327181730144
0.40000000000000013,3.7500000000000003e-05,371.49800692089855
0.42000000000000015,3.7500000000000003e-05,372.12044208843963
0.44000000000000017,3.7500000000000003e-05,371.9232868736936
0.4600000000000002,3.7500000000000003e-05,372.4560866944244
0.4800000000000002,3.7500000000000003e-05,372.2923878298945
0.5000000000000002,3.7500000000000003e-05,372.7512309453173
0.5200000000000002,3.7500000000000003e-05,372.6164343277425
0.5400000000000001,3.7500000000000003e-05,373.01385825683207
0.5600000000000002,3.7500000000000003e-05,372.9038198583007
0.5800000000000002,3.7500000000000003e-05,373.2499355612885
0.6000000000000002,3.7500000000000003e-05,373.16101594237585
0.6200000000000002,3.7500000000000003e-05,373.46404165005055
0.6400000000000002,3.7500000000000003e-05,373.39310363848887
0.6600000000000003,3.7500000000000003e-05,373.65976663459645
0.6800000000000003,3.7500000000000003e-05,373.6041326090591
0.7000000000000003,3.7500000000000003e-05,373.8399745644833
0.0,5.6250000000000005e-05,298.15
0.020000000000000007,5.6250000000000005e-05,313.3382386477565
0.040000000000000015,5.6250000000000005e-05,338.8584630189692
0.060000000000000026,5.6250000000000005e-05,347.7131016744169
0.08000000000000003,5.6250000000000005e-05,350.9570421890524
0.10000000000000003,5.6250000000000005e-05,355.3321620286289
0.12000000000000005,5.6250000000000005e-05,356.6715622715585
0.14000000000000004,5.6250000000000005e-05,359.1071897940702
0.16000000000000006,5.6250000000000005e-05,360.05285539471737
0.18000000000000008,5.6250000000000005e-05,361.5153721404928
0.20000000000000007,5.6250000000000005e-05,362.3127382265332
0.22000000000000008,5.6250000000000005e-05,363.2432516629263
0.2400000000000001,5.6250000000000005e-05,363.9458291708105
0.2600000000000001,5.6250000000000005e-05,364.56766740557407
0.2800000000000001,5.6250000000000005e-05,365.1921483216664
0.3000000000000001,5.6250000000000005e-05,365.6265576220688
0.3200000000000001,5.6250000000000005e-05,366.1821947912325
0.34000000000000014,5.6250000000000005e-05,366.49850986374366
0.36000000000000015,5.6250000000000005e-05,366.99300155742316
0.3800000000000001,5.6250000000000005e-05,367.2325427312283
0.40000000000000013,5.6250000000000005e-05,367.6730138594166
0.42000000000000015,5.6250000000000005e-05,367.86126875524656
0.44000000000000017,5.6250000000000005e-05,368.25429393514236
0.4600000000000002,5.6250000000000005e-05,368.40745911225224
0.4800000000000002,5.6250000000000005e-05,368.7589829621074
0.5000000000000002,5.6250000000000005e-05,368.88762632144517
0.5200000000000002,5.6250000000000005e-05,369.2029335251569
0.5400000000000001,5.6250000000000005e-05,369.3141163421639
0.5600000000000002,5.6250000000000005e-05,369.59785195799213
0.5800000000000002,5.6250000000000005e-05,369.6963946872236
0.6000000000000002,5.6250000000000005e-05,369.9526129289291
0.6200000000000002,5.6250000000000005e-05,370.04186976587954
0.6400000000000002,5.6250000000000005e-05,370.2740942005186
0.6600000000000003,5.6250000000000005e-05,370.3564382006761
0.6800000000000003,5.6250000000000005e-05,370.5677234938359
0.7000000000000003,5.6250000000000005e-05,370.64485717205645
0.0,7.500000000000001e-05,298.15
0.020000000000000007,7.500000000000001e-05,306.82636583976995
0.040000000000000015,7.500000000000001e-05,326.2038130744617
0.060000000000000026,7.500000000000001e-05,338.398918317858
0.08000000000000003,7.500000000000001e-05,342.59581197958465
0.10000000000000003,7.500000000000001e-05,347.27036496834126
0.12000000000000005,7.500000000000001e-05,349.82798149555134
0.14000000000000004,7.500000000000001e-05,352.159272277627
0.16000000000000006,7.500000000000001e-05,354.0027245815679
0.18000000000000008,7.500000000000001e-05,355.4044038777551
0.20000000000000007,7.500000000000001e-05,356.78451879948227
0.22000000000000008,7.500000000000001e-05,357.75852810552107
0.2400000000000001,7.500000000000001e-05,358.80909719530996
0.2600000000000001,7.500000000000001e-05,359.5613228160501
0.2800000000000001,7.500000000000001e-05,360.37137291951706
0.3000000000000001,7.500000000000001e-05,360.9948336120058
0.3200000000000001,7.500000000000001e-05,361.6272589943671
0.34000000000000014,7.500000000000001e-05,362.1672893479796
0.36000000000000015,7.500000000000001e-05,362.66741867649483
0.3800000000000001,7.500000000000001e-05,363.14770779918155
0.40000000000000013,7.500000000000001e-05,363.5485598549537
0.42000000000000015,7.500000000000001e-05,363.98243030117703
0.44000000000000017,7.500000000000001e-05,364.30826378587597
0.4600000000000002,7.500000000000001e-05,364.7038549611938
0.4800000000000002,7.500000000000001e-05,364.9726381488592
0.5000000000000002,7.500000000000001e-05,365.3353949042799
0.5200000000000002,7.500000000000001e-05,365.5605428893373
0.5400000000000001,7.500000000000001e-05,365.89444874903717
0.5600000000000002,7.500000000000001e-05,366.0860535538568
0.5800000000000002,7.500000000000001e-05,366.39425546964264
0.6000000000000002,7.500000000000001e-05,366.5599625423793
0.6200000000000002,7.500000000000001e-05,366.8450922984186
0.6400000000000002,7.500000000000001e-05,366.9907295772468
0.6600000000000003,7.500000000000001e-05,367.25507135111724
0.6800000000000003,7.500000000000001e-05,367.3851045419406
0.7000000000000003,7.500000000000001e-05,367.6306839421729
0.0,9.375e-05,298.15
0.020000000000000007,9.375e-05,303.0950079992914
0.040000000000000015,9.375e-05,316.9259095701972
0.060000000000000026,9.375e-05,329.47929949094345
0.08000000000000003,9.375e-05,335.1717133164162
0.10000000000000003,9.375e-05,339.7479995507283
0.12000000000000005,9.375e-05,343.2340734154558
0.14000000000000004,9.375e-05,345.7129774117942
0.16000000000000006,9.375e-05,348.0155853398369
0.18000000000000008,9.375e-05,349.6841967611704
0.20000000000000007,9.375e-05,351.29225293367597
0.22000000000000008,9.375e-05,352.5483387374099
0.2400000000000001,9.375e-05,353.72947508886017
0.2600000000000001,9.375e-05,354.7304713261621
0.2800000000000001,9.375e-05,355.6382674174374
0.3000000000000001,9.375e-05,356.4611750283269
0.3200000000000001,9.375e-05,357.18687079292476
0.34000000000000014,9.375e-05,357.87648337217064
0.36000000000000015,9.375e-05,358.47603820941134
0.3800000000000001,9.375e-05,359.06188550033056
0.40000000000000013,9.375e-05,359.57070775963126
0.42000000000000015,9.375e-05,360.073893801225
0.44000000000000017,9.375e-05,360.51510267253934
0.4600000000000002,9.375e-05,360.95147456542276
0.4800000000000002,9.375e-05,361.34065556563144
0.5000000000000002,9.375e-05,361.7224812031209
0.5200000000000002,9.375e-05,362.07048667731306
0.5400000000000001,9.375e-05,362.40745129820255
0.5600000000000002,9.375e-05,362.7220839417502
0.5800000000000002,9.375e-05,363.0219365944746
0.6000000000000002,9.375e-05,363.30898123285556
0.6200000000000002,9.375e-05,363.5779811966068
0.6400000000000002,9.375e-05,363.84184937805554
0.6600000000000003,9.375e-05,364.0850881879193
0.6800000000000003,9.375e-05,364.32922908523034
0.7000000000000003,9.375e-05,364.55087022759903
0.0,0.00011250000000000001,298.15
0.020000000000000007,0.00011250000000000001,300.9748633352077
0.040000000000000015,0.00011250000000000001,310.4382679277389
0.060000000000000026,0.00011250000000000001,321.67781408023217
0.08000000000000003,0.00011250000000000001,328.4113553836669
0.10000000000000003,0.00011250000000000001,333.009714548968
0.12000000000000005,0.00011250000000000001,336.9408443644957
0.14000000000000004,0.00011250000000000001,339.7541016526824
0.16000000000000006,0.00011250000000000001,342.25951442383246
0.18000000000000008,0.00011250000000000001,344.2615415203971
0.20000000000000007,0.00011250000000000001,346.0069929993422
0.22000000000000008,0.00011250000000000001,347.52692134268574
0.2400000000000001,0.00011250000000000001,348.83362783727495
0.2600000000000001,0.00011250000000000001,350.0300247107149
0.2800000000000001,0.00011250000000000001,351.06204968482064
0.3000000000000001,0.00011250000000000001,352.0285392365581
0.3200000000000001,0.00011250000000000001,352.87533969305247
0.34000000000000014,0.00011250000000000001,353.6731330091732
0.36000000000000015,0.00011250000000000001,354.38687353427406
0.3800000000000001,0.00011250000000000001,355.0580950046859
0.40000000000000013,0.00011250000000000001,355.6712946545029
0.42000000000000015,0.00011250000000000001,356.24579180231876
0.44000000000000017,0.00011250000000000001,356.780062008648
0.4600000000000002,0.00011250000000000001,357.2794122888649
0.4800000000000002,0.00011250000000000001,357.7499766328069
0.5000000000000002,0.00011250000000000001,358.1900373685735
0.5200000000000002,0.00011250000000000001,358.608168428737
0.5400000000000001,0.00011250000000000001,359.00076881400713
0.5600000000000002,0.00011250000000000001,359.3751560729971
0.5800000000000002,0.00011250000000000001,359.7292465917752
0.6000000000000002,0.00011250000000000001,360.066796438238
0.6200000000000002,0.00011250000000000001,360.3892418584005
0.6400000000000002,0.00011250000000000001,360.69556628158256
0.6600000000000003,0.00011250000000000001,360.99169963828024
0.6800000000000003,0.00011250000000000001,361.2714291654185
0.7000000000000003,0.00011250000000000001,361.54544340855784
0.0,0.00013125000000000002,298.15
0.020000000000000007,0.00013125000000000002,299.7600026263845
0.040000000000000015,0.00013125000000000002,306.06094454378115
0.060000000000000026,0.00013125000000000002,315.30425614130945
0.08000000000000003,0.00013125000000000002,322.3255286188725
0.10000000000000003,0.00013125000000000002,327.0525484079297
0.12000000000000005,0.00013125000000000002,331.0997479123793
0.14000000000000004,0.00013125000000000002,334.22896823851215
0.16000000000000006,0.00013125000000000002,336.86063328083947
0.18000000000000008,0.00013125000000000002,339.1094232860776
0.20000000000000007,0.00013125000000000002,341.00413080357504
0.22000000000000008,0.00013125000000000002,342.69924477069475
0.2400000000000001,0.00013125000000000002,344.1580938283106
0.2600000000000001,0.00013125000000000002,345.48461002180676
0.2800000000000001,0.00013125000000000002,346.6572516498985
0.3000000000000001,0.00013125000000000002,347.72845097921726
0.3200000000000001,0.00013125000000000002,348.69851420579914
0.34000000000000014,0.00013125000000000002,349.5865826185819
0.36000000000000015,0.00013125000000000002,350.4057710389841
0.3800000000000001,0.00013125000000000002,351.1581757411813
0.40000000000000013,0.00013125000000000002,351.86106544414537
0.42000000000000015,0.00013125000000000002,352.50997019322074
0.44000000000000017,0.00013125000000000002,353.1210469419535
0.4600000000000002,0.00013125000000000002,353.6889155933671
0.4800000000000002,0.00013125000000000002,354.22624275133825
0.5000000000000002,0.00013125000000000002,354.72924652898763
0.5200000000000002,0.00013125000000000002,355.20654629557407
0.5400000000000001,0.00013125000000000002,355.65667171238226
0.5600000000000002,0.00013125000000000002,356.084595213847
0.5800000000000002,0.00013125000000000002,356.49097004276706
0.6000000000000002,0.00013125000000000002,356.87791955484454
0.6200000000000002,0.00013125000000000002,357.2476620117214
0.6400000000000002,0.00013125000000000002,357.60034873435967
0.6600000000000003,0.00013125000000000002,357.9391225155984
0.6800000000000003,0.00013125000000000002,358.26295929836937
0.7000000000000003,0.00013125000000000002,358.5753449547608
0.0,0.00015000000000000001,298.15
0.020000000000000007,0.00015000000000000001,299.06972295889335
0.040000000000000015,0.00015000000000000001,303.17786764422243
0.060000000000000026,0.00015000000000000001,310.35079190059173
0.08000000000000003,0.00015000000000000001,317.0147819562752
0.10000000000000003,0.00015000000000000001,321.8099807970824
0.12000000000000005,0.00015000000000000001,325.81616962062844
0.14000000000000004,0.00015000000000000001,329.1295679348266
0.16000000000000006,0.00015000000000000001,331.86574172463014
0.18000000000000008,0.00015000000000000001,334.2597047199384
0.20000000000000007,0.00015000000000000001,336.29650961835625
0.22000000000000008,0.00015000000000000001,338.1094025981213
0.2400000000000001,0.00015000000000000001,339.7045619886518
0.2600000000000001,0.00015000000000000001,341.134946041277
0.2800000000000001,0.00015000000000000001,342.4260328314712
0.3000000000000001,0.00015000000000000001,343.59250904860784
0.3200000000000001,0.00015000000000000001,344.6629338403637
0.34000000000000014,0.00015000000000000001,345.638959473677
0.36000000000000015,0.00015000000000000001,346.5436270006218
0.3800000000000001,0.00015000000000000001,347.37673084540785
0.40000000000000013,0.00015000000000000001,348.1536991823361
0.42000000000000015,0.00015000000000000001,348.87605723620356
0.44000000000000017,0.00015000000000000001,349.55263872819086
0.4600000000000002,0.00015000000000000001,350.18699312380903
0.4800000000000002,0.00015000000000000001,350.7833046834311
0.5000000000000002,0.00015000000000000001,351.3463613243052
0.5200000000000002,0.00015000000000000001,351.8775414798254
0.5400000000000001,0.00015000000000000001,352.3819791356125
0.5600000000000002,0.00015000000000000001,352.8596356127752
0.5800000000000002,0.00015000000000000001,353.3153334057304
0.6000000000000002,0.00015000000000000001,353.74851639634284
0.6200000000000002,0.00015000000000000001,354.16333073618443
0.6400000000000002,0.00015000000000000001,354.559201609094
0.6600000000000003,0.00015000000000000001,354.9394768065045
0.6800000000000003,0.00015000000000000001,355.30377617398517
0.7000000000000003,0.00015000000000000001,355.65469331695516
0.0,0.00016875,298.15
0.020000000000000007,0.00016875,298.6741869087636
0.040000000000000015,0.00016875,301.3110053999114
0.060000000000000026,0.00016875,306.65285343677715
0.08000000000000003,0.00016875,312.5424696659583
0.10000000000000003,0.00016875,317.23718459390284
0.12000000000000005,0.00016875,321.12635668827494
0.14000000000000004,0.00016875,324.47811844150505
0.16000000000000006,0.00016875,327.28579422086744
0.18000000000000008,0.00016875,329.74885889069543
0.20000000000000007,0.00016875,331.8917200277615
0.22000000000000008,0.00016875,333.7883275076363
0.2400000000000001,0.00016875,335.48457798957173
0.2600000000000001,0.00016875,337.0029797798071
0.2800000000000001,0.00016875,338.3837370012116
0.3000000000000001,0.00016875,339.6356208409789
0.3200000000000001,0.00016875,340.78559922527546
0.34000000000000014,0.00016875,341.8408941565352
0.36000000000000015,0.00016875,342.81717101884277
0.3800000000000001,0.00016875,343.72224717735844
0.40000000000000013,0.00016875,344.5644891461459
0.42000000000000015,0.00016875,345.351682956094
0.44000000000000017,0.00016875,346.08822695631034
0.4600000000000002,0.00016875,346.7810307872185
0.4800000000000002,0.00016875,347.43265790955877
0.5000000000000002,0.00016875,348.04869829857114
0.5200000000000002,0.00016875,348.6310319267471
0.5400000000000001,0.00016875,349.1838709742175
0.5600000000000002,0.00016875,349.7089272636261
0.5800000000000002,0.00016875,350.2092063085967
0.6000000000000002,0.00016875,350.6864136015716
0.6200000000000002,0.00016875,351.14261111113314
0.6400000000000002,0.00016875,351.5794929597423
0.6600000000000003,0.00016875,351.99844587903567
0.6800000000000003,0.00016875,352.4010887739392
0.7000000000000003,0.00016875,352.7883629891905
0.0,0.0001875,298.15
0.020000000000000007,0.0001875,298.4494446883747
0.040000000000000015,0.0001875,300.1213640598324
0.060000000000000026,0.0001875,303.97407686462344
0.08000000000000003,0.0001875,308.9035728443926
0.10000000000000003,0.0001875,313.30632434641643
0.12000000000000005,0.0001875,317.01997009621914
0.14000000000000004,0.0001875,320.2973154021342
0.16000000000000006,0.0001875,323.1193451066229
0.18000000000000008,0.0001875,325.6001006485328
0.20000000000000007,0.0001875,327.799449048078
0.22000000000000008,0.0001875,329.75233547181824
0.2400000000000001,0.0001875,331.5136206560854
0.2600000000000001,0.0001875,333.1005008791821
0.2800000000000001,0.0001875,334.5468960988387
0.3000000000000001,0.0001875,335.8677997048478
0.3200000000000001,0.0001875,337.0815887182432
0.34000000000000014,0.0001875,338.20207693854286
0.36000000000000015,0.0001875,339.23921645721714
0.3800000000000001,0.0001875,340.2045197393055
0.40000000000000013,0.0001875,341.10408037821173
0.42000000000000015,0.0001875,341.94665521834827
0.44000000000000017,0.0001875,342.7367380994701
0.4600000000000002,0.0001875,343.4805909068595
0.4800000000000002,0.0001875,344.18200925535257
0.5000000000000002,0.0001875,344.84533237707336
0.5200000000000002,0.0001875,345.4739194918965
0.5400000000000001,0.0001875,346.0707794039183
0.5600000000000002,0.0001875,346.63885963453015
0.5800000000000002,0.0001875,347.1803185490685
0.6000000000000002,0.0001875,347.6976666056271
0.6200000000000002,0.0001875,348.1925492781592
0.6400000000000002,0.0001875,348.6670333851182
0.6600000000000003,0.0001875,349.1224642321521
0.6800000000000003,0.0001875,349.56049068536436
0.7000000000000003,0.0001875,349.9822784603153
0.0,0.00020625000000000003,298.15
0.020000000000000007,0.00020625000000000003,298.3206655075058
0.040000000000000015,0.00020625000000000003,299.36974331015915
0.060000000000000026,0.00020625000000000003,302.08115044459385
0.08000000000000003,0.00020625000000000003,306.03507311735837
0.10000000000000003,0.00020625000000000003,309.9906170630789
0.12000000000000005,0.00020625000000000003,313.4689648073672
0.14000000000000004,0.00020625000000000003,316.59377606052277
0.16000000000000006,0.00020625000000000003,319.3645006900106
0.18000000000000008,0.00020625000000000003,321.8217819103854
0.20000000000000007,0.00020625000000000003,324.02962652398446
0.22000000000000008,0.00020625000000000003,326.0095091108239
0.2400000000000001,0.00020625000000000003,327.8046162456705
0.2600000000000001,0.00020625000000000003,329.4362594470891
0.2800000000000001,0.00020625000000000003,330.92783795058693
0.3000000000000001,0.00020625000000000003,332.29856049207507
0.3200000000000001,0.00020625000000000003,333.5617465567844
0.34000000000000014,0.00020625000000000003,334.7323331288944
0.36000000000000015,0.00020625000000000003,335.81926150862114
0.3800000000000001,0.00020625000000000003,336.8331736638967
0.40000000000000013,0.00020625000000000003,337.78099330218055
0.42000000000000015,0.00020625000000000003,338.6700465703119
0.44000000000000017,0.00020625000000000003,339.5060278677414
0.4600000000000002,0.00020625000000000003,340.29402727694674
0.4800000000000002,0.00020625000000000003,341.03874696124467
0.5000000000000002,0.00020625000000000003,341.74387354849756
0.5200000000000002,0.00020625000000000003,342.413225837094
0.5400000000000001,0.00020625000000000003,343.04962922761985
0.5600000000000002,0.00020625000000000003,343.6561288044486
0.5800000000000002,0.00020625000000000003,344.23500560907127
0.6000000000000002,0.00020625000000000003,344.78865795659385
0.6200000000000002,0.00020625000000000003,345.3189939707137
0.6400000000000002,0.00020625000000000003,345.8278953655454
0.6600000000000003,0.00020625000000000003,346.3169862269152
0.6800000000000003,0.00020625000000000003,346.78775019145354
0.7000000000000003,0.00020625000000000003,347.2415746068877
0.0,0.00022500000000000002,298.15
0.020000000000000007,0.00022500000000000002,298.24749362079996
0.040000000000000015,0.00022500000000000002,298.9007086399267
0.060000000000000026,0.00022500000000000002,300.77067064482435
0.08000000000000003,0.00022500000000000002,303.83446310589414
0.10000000000000003,0.00022500000000000002,307.25231673985013
0.12000000000000005,0.00022500000000000002,310.43626256321056
0.14000000000000004,0.00022500000000000002,313.3563038225367
0.16000000000000006,0.00022500000000000002,316.01599277433365
0.18000000000000008,0.00022500000000000002,318.41129496226273
0.20000000000000007,0.00022500000000000002,320.5873774377152
0.22000000000000008,0.00022500000000000002,322.5628632286152
0.2400000000000001,0.00022500000000000002,324.3650281973657
0.2600000000000001,0.00022500000000000002,326.01668437614165
0.2800000000000001,0.00022500000000000002,327.5341757062177
0.3000000000000001,0.00022500000000000002,328.9358696858381
0.3200000000000001,0.00022500000000000002,330.233495502295
0.34000000000000014,0.00022500000000000002,331.43994715357286
0.36000000000000015,0.00022500000000000002,332.5645740598488
0.3800000000000001,0.00022500000000000002,333.6161903919798
0.40000000000000013,0.00022500000000000002,334.6023580910162
0.42000000000000015,0.00022500000000000002,335.52930805422125
0.44000000000000017,0.00022500000000000002,336.4030462032942
0.4600000000000002,0.00022500000000000002,337.2282408237298
0.4800000000000002,0.00022500000000000002,338.0095752911987
0.5000000000000002,0.00022500000000000002,338.7507383183804
0.5200000000000002,0.00022500000000000002,339.4553539398011
0.5400000000000001,0.00022500000000000002,340.12643740951137
0.5600000000000002,0.00022500000000000002,340.7668053268877
0.5800000000000002,0.00022500000000000002,341.3789597173906
0.6000000000000002,0.00022500000000000002,341.96512021219047
0.6200000000000002,0.00022500000000000002,342.5273687109948
0.6400000000000002,0.00022500000000000002,343.0674878540267
0.6600000000000003,0.00022500000000000002,343.58720490228336
0.6800000000000003,0.00022500000000000002,344.08797952612815
0.7000000000000003,0.00022500000000000002,344.5712388431387
0.0,0.00024375000000000002,298.15
0.020000000000000007,0.00024375000000000002,298.2055655148285
0.040000000000000015,0.00024375000000000002,298.60917462960794
0.060000000000000026,0.00024375000000000002,299.8777776044569
0.08000000000000003,0.00024375000000000002,302.1864896263354
0.10000000000000003,0.00024375000000000002,305.039513155702
0.12000000000000005,0.00024375000000000002,307.88161138492217
0.14000000000000004,0.00024375000000000002,310.56152233116717
0.16000000000000006,0.00024375000000000002,313.0630284029769
0.18000000000000008,0.00024375000000000002,315.36029822948973
0.20000000000000007,0.00024375000000000002,317.47161826926214
0.22000000000000008,0.00024375000000000002,319.4124077964434
0.2400000000000001,0.00024375000000000002,321.1974189343889
0.2600000000000001,0.00024375000000000002,322.8458026429096
0.2800000000000001,0.00024375000000000002,324.3702630964845
0.3000000000000001,0.00024375000000000002,325.7853704853044
0.3200000000000001,0.00024375000000000002,327.1021999604066
0.34000000000000014,0.00024375000000000002,328.3310408218319
0.36000000000000015,0.00024375000000000002,329.4810408803495
0.3800000000000001,0.00024375000000000002,330.55970326328696
0.40000000000000013,0.00024375000000000002,331.5742401538088
0.42000000000000015,0.00024375000000000002,332.53042191068437
0.44000000000000017,0.00024375000000000002,333.4338110069586
0.4600000000000002,0.00024375000000000002,334.289018750054
0.4800000000000002,0.00024375000000000002,335.1003350134469
0.5000000000000002,0.00024375000000000002,335.8715128206892
0.5200000000000002,0.00024375000000000002,336.6059079477571
0.5400000000000001,0.00024375000000000002,337.30659147327
0.5600000000000002,0.00024375000000000002,337.97624191507856
0.5800000000000002,0.00024375000000000002,338.6173729156723
0.6000000000000002,0.00024375000000000002,339.2321644482203
0.6200000000000002,0.00024375000000000002,339.8226734274747
0.6400000000000002,0.00024375000000000002,340.3907010319264
0.6600000000000003,0.00024375000000000002,340.93793278872124
0.6800000000000003,0.00024375000000000002,341.46587146742854
0.7000000000000003,0.00024375000000000002,341.9759030754819
0.0,0.00026250000000000004,298.15
0.020000000000000007,0.00026250000000000004,298.18174210953
0.040000000000000015,0.00026250000000000004,298.42986254651373
0.060000000000000026,0.00026250000000000004,299.27869375760406
0.08000000000000003,0.00026250000000000004,300.977799677975
0.10000000000000003,0.00026250000000000004,303.28838985196313
0.12000000000000005,0.00026250000000000004,305.7612245215329
0.14000000000000004,0.00026250000000000004,308.1773628907089
0.16000000000000006,0.00026250000000000004,310.4877401941606
0.18000000000000008,0.00026250000000000004,312.65552533815327
0.20000000000000007,0.00026250000000000004,314.6749982755847
0.22000000000000008,0.00026250000000000004,316.5543791002198
0.2400000000000001,0.00026250000000000004,318.29993476239696
0.2600000000000001,0.00026250000000000004,319.9242867946865
0.2800000000000001,0.00026250000000000004,321.4374544407568
0.3000000000000001,0.00026250000000000004,322.84980158078986
0.3200000000000001,0.00026250000000000004,324.17104623424393
0.34000000000000014,0.00026250000000000004,325.4093658614741
0.36000000000000015,0.00026250000000000004,326.57280973472564
0.3800000000000001,0.00026250000000000004,327.6679893910764
0.40000000000000013,0.00026250000000000004,328.7012256163708
0.42000000000000015,0.00026250000000000004,329.6779353198666
0.44000000000000017,0.00026250000000000004,330.6030556578741
0.4600000000000002,0.00026250000000000004,331.4810246977119
0.4800000000000002,0.00026250000000000004,332.3157578515475
0.5000000000000002,0.00026250000000000004,333.1108771891093
0.5200000000000002,0.00026250000000000004,333.8695487235965
0.5400000000000001,0.00026250000000000004,334.5947229297479
0.5600000000000002,0.00026250000000000004,335.28900021153305
0.5800000000000002,0.00026250000000000004,335.9547881855779
0.6000000000000002,0.00026250000000000004,336.5942437156587
0.6200000000000002,0.00026250000000000004,337.20934097087365
0.6400000000000002,0.00026250000000000004,337.8018778330732
0.6600000000000003,0.00026250000000000004,338.3734836408161
0.6800000000000003,0.00026250000000000004,338.9256600855025
0.7000000000000003,0.00026250000000000004,339.4597610527356
0.0,0.00028125000000000003,298.15
0.020000000000000007,0.00028125000000000003,298.16809109809685
0.040000000000000015,0.00028125000000000003,298.31970068483076
0.060000000000000026,0.00028125000000000003,298.8809089169821
0.08000000000000003,0.00028125000000000003,300.10700185869644
0.10000000000000003,0.00028125000000000003,301.9298878884679
0.12000000000000005,0.00028125000000000003,304.02843663041114
0.14000000000000004,0.00028125000000000003,306.1677351711547
0.16000000000000006,0.00028125000000000003,308.26655429802537
0.18000000000000008,0.00028125000000000003,310.2801483146898
0.20000000000000007,0.00028125000000000003,312.1857582249241
0.22000000000000008,0.00028125000000000003,313.9815323764778
0.2400000000000001,0.00028125000000000003,315.6676440397661
0.2600000000000001,0.00028125000000000003,317.24975800687224
0.2800000000000001,0.00028125000000000003,318.7347782003789
0.3000000000000001,0.00028125000000000003,320.1294586887004
0.3200000000000001,0.00028125000000000003,321.4413030718542
0.34000000000000014,0.00028125000000000003,322.67678942148837
0.36000000000000015,0.00028125000000000003,323.84239256648544
0.3800000000000001,0.00028125000000000003,324.9438622610194
0.40000000000000013,0.00028125000000000003,325.98651032620955
0.42000000000000015,0.00028125000000000003,326.97522266107063
0.44000000000000017,0.00028125000000000003,327.9143499554205
0.4600000000000002,0.00028125000000000003,328.8079487783253
0.4800000000000002,0.00028125000000000003,329.6596135312014
0.5000000000000002,0.00028125000000000003,330.4726822615452
0.5200000000000002,0.00028125000000000003,331.2501447169447
0.5400000000000001,0.00028125000000000003,331.9947476524649
0.5600000000000002,0.00028125000000000003,332.7089857184043
0.5800000000000002,0.00028125000000000003,333.3951291199941
0.6000000000000002,0.00028125000000000003,334.0552613247933
0.6200000000000002,0.00028125000000000003,334.69126934615133
0.6400000000000002,0.00028125000000000003,335.3048937173939
0.6600000000000003,0.00028125000000000003,335.8977110214686
0.6800000000000003,0.00028125000000000003,336.4711761300664
0.7000000000000003,0.00028125000000000003,337.0266114165781
0.0,0.00030000000000000003,298.15
0.020000000000000007,0.00030000000000000003,298.16033464045256
0.040000000000000015,0.00030000000000000003,298.2526585252243
0.060000000000000026,0.00030000000000000003,298.6200508156156
0.08000000000000003,0.00030000000000000003,299.4898476441343
0.10000000000000003,0.00030000000000000003,300.89515761183003
0.12000000000000005,0.00030000000000000003,302.6345405841932
0.14000000000000004,0.00030000000000000003,304.4941712415613
0.16000000000000006,0.00030000000000000003,306.37125543964663
0.18000000000000008,0.00030000000000000003,308.21373002289556
0.20000000000000007,0.00030000000000000003,309.98832496383596
0.22000000000000008,0.00030000000000000003,311.6829758689638
0.2400000000000001,0.00030000000000000003,313.2925724431874
0.2600000000000001,0.00030000000000000003,314.81674925492985
0.2800000000000001,0.00030000000000000003,316.2587118637637
0.3000000000000001,0.00030000000000000003,317.6221768107653
0.3200000000000001,0.00030000000000000003,318.9120679560544
0.34000000000000014,0.00030000000000000003,320.13321897435156
0.36000000000000015,0.00030000000000000003,321.2904706031099
0.3800000000000001,0.00030000000000000003,322.3885380647056
0.40000000000000013,0.00030000000000000003,323.4317654819809
0.42000000000000015,0.00030000000000000003,324.4243249526575
0.44000000000000017,0.00030000000000000003,325.3700009532796
0.4600000000000002,0.00030000000000000003,326.2723510827928
0.4800000000000002,0.00030000000000000003,327.1346232058835
0.5000000000000002,0.00030000000000000003,327.9598149454803
0.5200000000000002,0.00030000000000000003,328.75068631410704
0.5400000000000001,0.00030000000000000003,329.5097580692501
0.5600000000000002,0.00030000000000000003,330.23936064055613
0.5800000000000002,0.00030000000000000003,330.94161591876895
0.6000000000000002,0.00030000000000000003,331.6184846991111
0.6200000000000002,0.00030000000000000003,332.2717552749789
0.6400000000000002,0.00030000000000000003,332.90307538446723
0.6600000000000003,0.00030000000000000003,333.5139531584856
0.6800000000000003,0.00030000000000000003,334.10577368138917
0.7000000000000003,0.00030000000000000003,334.67980908024475
0.0,0.00031875,298.15
0.020000000000000007,0.00031875,298.155890125042
0.040000000000000015,0.00031875,298.21182877092974
0.060000000000000026,0.00031875,298.4501354920182
0.08000000000000003,0.00031875,299.05818406097075
0.10000000000000003,0.00031875,300.1200681879802
0.12000000000000005,0.00031875,301.5305920661708
0.14000000000000004,0.00031875,303.11762686287733
0.16000000000000006,0.00031875,304.7712308072154
0.18000000000000008,0.00031875,306.4332386011435
0.20000000000000007,0.00031875,308.06467522635427
0.22000000000000008,0.00031875,309.64510606706546
0.2400000000000001,0.00031875,311.1644265209406
0.2600000000000001,0.00031875,312.6174890429316
0.2800000000000001,0.00031875,314.00364092399764
0.3000000000000001,0.00031875,315.32389228891594
0.3200000000000001,0.00031875,316.580636102086
0.34000000000000014,0.00031875,317.7769751339797
0.36000000000000015,0.00031875,318.9162140587575
0.3800000000000001,0.00031875,320.0018870415642
0.40000000000000013,0.00031875,321.0374055122252
0.42000000000000015,0.00031875,322.0261354519666
0.44000000000000017,0.00031875,322.97126564728205
0.4600000000000002,0.00031875,323.8758135691806
0.4800000000000002,0.00031875,324.742622138764
0.5000000000000002,0.00031875,325.57433004355363
0.5200000000000002,0.00031875,326.3734092097064
0.5400000000000001,0.00031875,327.1421387460998
0.5600000000000002,0.00031875,327.8826394469788
0.5800000000000002,0.00031875,328.59686504855097
0.6000000000000002,0.00031875,329.28662253874285
0.6200000000000002,0.00031875,329.9535780467568
0.6400000000000002,0.00031875,330.5992659620559
0.6600000000000003,0.00031875,331.22510201955527
0.6800000000000003,0.00031875,331.8323871156577
0.7000000000000003,0.00031875,332.42232144905483
0.0,0.0003375,298.15
0.020000000000000007,0.0003375,298.15336476670467
0.040000000000000015,0.0003375,298.18718107378686
0.060000000000000026,0.0003375,298.3406301776297
0.08000000000000003,0.0003375,298.7602919926434
0.10000000000000003,0.0003375,299.5484796732736
0.12000000000000005,0.0003375,300.6694671114634
0.14000000000000004,0.0003375,301.9995328541575
0.16000000000000006,0.0003375,303.43470151616935
0.18000000000000008,0.0003375,304.91360728177483
0.20000000000000007,0.0003375,306.3947322491494
0.22000000000000008,0.0003375,307.8519445116301
0.2400000000000001,0.0003375,309.27066399348735
0.2600000000000001,0.0003375,310.6420236791158
0.2800000000000001,0.0003375,311.9618453579849
0.3000000000000001,0.0003375,313.2286201707661
0.3200000000000001,0.0003375,314.4424611606249
0.34000000000000014,0.0003375,315.6047041618758
0.36000000000000015,0.0003375,316.71722194806665
0.3800000000000001,0.0003375,317.7823314266881
0.40000000000000013,0.0003375,318.80250986340343
0.42000000000000015,0.0003375,319.78030383012356
0.44000000000000017,0.0003375,320.71826278892644
0.4600000000000002,0.0003375,321.6188546789295
0.4800000000000002,0.0003375,322.48447055739643
0.5000000000000002,0.0003375,323.3173735460407
0.5200000000000002,0.0003375,324.1197108018906
0.5400000000000001,0.0003375,324.8934959746795
0.5600000000000002,0.0003375,325.6406139469715
0.5800000000000002,0.0003375,326.36282380553735
0.6000000000000002,0.0003375,327.0617590903289
0.6200000000000002,0.0003375,327.7389387476657
0.6400000000000002,0.0003375,328.39576750314154
0.6600000000000003,0.0003375,329.03354737691063
0.6800000000000003,0.0003375,329.65348033498185
0.7000000000000003,0.0003375,330.2566775109105
0.0,0.00035625,298.15
0.020000000000000007,0.00035625,298.15191771515583
0.040000000000000015,0.00035625,298.1722717718089
0.060000000000000026,0.00035625,298.2703496891702
0.08000000000000003,0.00035625,298.55669831513245
0.10000000000000003,0.00035625,299.13262290488257
0.12000000000000005,0.00035625,300.0073119092172
0.14000000000000004,0.00035625,301.10267242127725
0.16000000000000006,0.00035625,302.3300439449234
0.18000000000000008,0.00035625,303.6288482865801
0.20000000000000007,0.00035625,304.95723722086547
0.22000000000000008,0.00035625,306.2860493665474
0.2400000000000001,0.00035625,307.59716478977344
0.2600000000000001,0.00035625,308.8788594474714
0.2800000000000001,0.00035625,310.12404635928243
0.3000000000000001,0.00035625,311.32891041688094
0.3200000000000001,0.00035625,312.49158797610175
0.34000000000000014,0.00035625,313.61172509556826
0.36000000000000015,0.00035625,314.6898546920898
0.3800000000000001,0.00035625,315.72712452291626
0.40000000000000013,0.00035625,316.72507809110664
0.42000000000000015,0.00035625,317.6854652506352
0.44000000000000017,0.00035625,318.6101728184815
0.4600000000000002,0.00035625,319.5011174012992
0.4800000000000002,0.00035625,320.36021523477655
0.5000000000000002,0.00035625,321.1893363600717
0.5200000000000002,0.00035625,321.99028421697227
0.5400000000000001,0.00035625,322.764783433963
0.5600000000000002,0.00035625,323.5144661969667
0.5800000000000002,0.00035625,324.24087370116337
0.6000000000000002,0.00035625,324.9454498570542
0.6200000000000002,0.00035625,325.6295462838726
0.6400000000000002,0.00035625,326.2944221948322
0.6600000000000003,0.00035625,326.94124931432594
0.6800000000000003,0.00035625,327.5711156392615
0.7000000000000003,0.00035625,328.18502966988683
0.0,0.000375,298.15
0.020000000000000007,0.000375,298.1510955054538
0.040000000000000015,0.000375,298.16332879500163
0.060000000000000026,0.000375,298.2256704339397
0.08000000000000003,0.000375,298.41913497978567
0.10000000000000003,0.000375,298.8340842364557
0.12000000000000005,0.000375,299.5051901561524
0.14000000000000004,0.000375,300.3922471296326
0.16000000000000006,0.000375,301.426712100441
0.18000000000000008,0.000375,302.55282900814154
0.20000000000000007,0.000375,303.7302247045735
0.22000000000000008,0.000375,304.9289191274847
0.2400000000000001,0.000375,306.12849536962096
0.2600000000000001,0.000375,307.31513258019123
0.2800000000000001,0.000375,308.4795362554022
0.3000000000000001,0.000375,309.6159042576719
0.3200000000000001,0.000375,310.7206921419123
0.34000000000000014,0.000375,311.7920329634311
0.36000000000000015,0.000375,312.82922046466024
0.3800000000000001,0.000375,313.8323263304209
0.40000000000000013,0.000375,314.801990074681
0.42000000000000015,0.000375,315.7392003136583
0.44000000000000017,0.000375,316.64518800343177
0.4600000000000002,0.000375,317.5213208427979
0.4800000000000002,0.000375,318.36903748404416
0.5000000000000002,0.000375,319.1898027189315
0.5200000000000002,0.000375,319.9850674727504
0.5400000000000001,0.000375,320.7562509876127
0.5600000000000002,0.000375,321.5047200097808
0.5800000000000002,0.000375,322.2317817176888
0.6000000000000002,0.000375,322.93867582225784
0.6200000000000002,0.000375,323.62657201945046
0.6400000000000002,0.000375,324.29656940758207
0.6600000000000003,0.000375,324.9496964248617
0.6800000000000003,0.000375,325.5869136201247
0.7000000000000003,0.000375,326.20911528310927
0.0,0.00039375000000000006,298.15
0.020000000000000007,0.00039375000000000006,298.1506243723852
0.040000000000000015,0.00039375000000000006,298.1579484987569
0.060000000000000026,0.00039375000000000006,298.197330479839
0.08000000000000003,0.00039375000000000006,298.32683965164364
0.10000000000000003,0.00039375000000000006,298.6220650964388
0.12000000000000005,0.00039375000000000006,299.12917256559246
0.14000000000000004,0.00039375000000000006,299.8362532292862
0.16000000000000006,0.00039375000000000006,300.69576791256924
0.18000000000000008,0.00039375000000000006,301.66000694046505
0.20000000000000007,0.00039375000000000006,302.69166002471036
0.22000000000000008,0.00039375000000000006,303.7616212540292
0.2400000000000001,0.00039375000000000006,304.84849791601516
0.2600000000000001,0.00039375000000000006,305.93711709348435
0.2800000000000001,0.00039375000000000006,307.01666012553585
0.3000000000000001,0.00039375000000000006,308.07975093758034
0.3200000000000001,0.00039375000000000006,309.1214602889649
0.34000000000000014,0.00039375000000000006,310.1386410038617
0.36000000000000015,0.00039375000000000006,311.12947838604833
0.3800000000000001,0.00039375000000000006,312.0930826567892
0.40000000000000013,0.00039375000000000006,313.0292527714901
0.42000000000000015,0.00039375000000000006,313.9382622925344
0.44000000000000017,0.00039375000000000006,314.82071637907615
0.4600000000000002,0.00039375000000000006,315.6774463140157
0.4800000000000002,0.00039375000000000006,316.5094230686009
0.5000000000000002,0.00039375000000000006,317.31770415102545
0.5200000000000002,0.00039375000000000006,318.1033855880166
0.5400000000000001,0.00039375000000000006,318.86757346228256
0.5600000000000002,0.00039375000000000006,319.6113601814007
0.5800000000000002,0.00039375000000000006,320.3358089749089
0.6000000000000002,0.00039375000000000006,321.0419438805844
0.6200000000000002,0.00039375000000000006,321.7307420557568
0.6400000000000002,0.00039375000000000006,322.40313073594706
0.6600000000000003,0.00039375000000000006,323.0599845239007
0.6800000000000003,0.00039375000000000006,323.70212560012743
0.7000000000000003,0.00039375000000000006,324.3303240410803
0.0,0.00041250000000000005,298.15
0.020000000000000007,0.00041250000000000005,298.1503566762004
0.040000000000000015,0.00041250000000000005,298.1547379008997
0.060000000000000026,0.00041250000000000005,298.1795111198187
0.08000000000000003,0.00041250000000000005,298.2655356343958
0.10000000000000003,0.00041250000000000005,298.47322727717955
0.12000000000000005,0.00041250000000000005,298.85108533986323
0.14000000000000004,0.00041250000000000005,299.4063327546273
0.16000000000000006,0.00041250000000000005,300.11058721684134
0.18000000000000008,0.00041250000000000005,300.9260973137055
0.20000000000000007,0.00041250000000000005,301.81996763597647
0.22000000000000008,0.00041250000000000005,302.7651996222756
0.2400000000000001,0.00041250000000000005,303.7406244976041
0.2600000000000001,0.00041250000000000005,304.73046607054374
0.2800000000000001,0.00041250000000000005,305.7230027985569
0.3000000000000001,0.00041250000000000005,306.7097447036972
0.3200000000000001,0.00041250000000000005,307.68468506313104
0.34000000000000014,0.00041250000000000005,308.64364982834365
0.36000000000000015,0.00041250000000000005,309.5838801810558
0.3800000000000001,0.00041250000000000005,310.5036512228233
0.40000000000000013,0.00041250000000000005,311.40201116835703
0.42000000000000015,0.00041250000000000005,312.27857746765557
0.44000000000000017,0.00041250000000000005,313.1333747058056
0.4600000000000002,0.00041250000000000005,313.9667232120219
0.4800000000000002,0.00041250000000000005,314.7791446195149
0.5000000000000002,0.00041250000000000005,315.5712977584345
0.5200000000000002,0.00041250000000000005,316.34392708799436
0.5400000000000001,0.00041250000000000005,317.0978252072854
0.5600000000000002,0.00041250000000000005,317.8338060235045
0.5800000000000002,0.00041250000000000005,318.55268369378416
0.6000000000000002,0.00041250000000000005,319.25525922328166
0.6200000000000002,0.00041250000000000005,319.9423097502206
0.6400000000000002,0.00041250000000000005,320.61458230737446
0.6600000000000003,0.00041250000000000005,321.27278935687286
0.6800000000000003,0.00041250000000000005,321.91760643983014
0.7000000000000003,0.00041250000000000005,322.5496712181827
0.0,0.00043125000000000005,298.15
0.020000000000000007,0.00043125000000000005,298.15020328403705
0.040000000000000015,0.00043125000000000005,298.1528148865798
0.060000000000000026,0.00043125000000000005,298.1683158801399
0.08000000000000003,0.00043125000000000005,298.2250200190225
0.10000000000000003,0.00043125000000000005,298.3696272182539
0.12000000000000005,0.00043125000000000005,298.6476090191814
0.14000000000000004,0.00043125000000000005,299.07758205990945
0.16000000000000006,0.00043125000000000005,299.6469050467102
0.18000000000000008,0.00043125000000000005,300.3283410412629
0.20000000000000007,0.00043125000000000005,301.0943999687024
0.22000000000000008,0.00043125000000000005,301.92105566460486
0.2400000000000001,0.00043125000000000005,302.7883420210268
0.2600000000000001,0.00043125000000000005,303.68059728862977
0.2800000000000001,0.00043125000000000005,304.5857547133121
0.3000000000000001,0.00043125000000000005,305.49467106387834
0.3200000000000001,0.00043125000000000005,306.4005818101831
0.34000000000000014,0.00043125000000000005,307.2985433730606
0.36000000000000015,0.00043125000000000005,308.1850406784208
0.3800000000000001,0.00043125000000000005,309.0576508554421
0.40000000000000013,0.00043125000000000005,309.9147776213295
0.42000000000000015,0.00043125000000000005,310.75545487224196
0.44000000000000017,0.00043125000000000005,311.579182149794
0.4600000000000002,0.00043125000000000005,312.38580619733045
0.4800000000000002,0.00043125000000000005,313.1754251421666
0.5000000000000002,0.00043125000000000005,313.94831639223946
0.5200000000000002,0.00043125000000000005,314.70488236216954
0.5400000000000001,0.00043125000000000005,315.4456077165445
0.5600000000000002,0.00043125000000000005,316.17102888180625
0.5800000000000002,0.00043125000000000005,316.8817099121676
0.6000000000000002,0.00043125000000000005,317.5782255712543
0.6200000000000002,0.00043125000000000005,318.26114858147315
0.6400000000000002,0.00043125000000000005,318.9310406187439
0.6600000000000003,0.00043125000000000005,319.588446191206
0.6800000000000003,0.00043125000000000005,320.2338883303621
0.7000000000000003,0.00043125000000000005,320.867866158291
0.0,0.00045000000000000004,298.15
0.020000000000000007,0.00045000000000000004,298.15011612713863
0.040000000000000015,0.00045000000000000004,298.1516722492982
0.060000000000000026,0.00045000000000000004,298.1613400398604
0.08000000000000003,0.00045000000000000004,298.19848574056834
0.10000000000000003,0.00045000000000000004,298.29825154138246
0.12000000000000005,0.00045000000000000004,298.50038216873736
0.14000000000000004,0.00045000000000000004,298.8290128951285
0.16000000000000006,0.00045000000000000004,299.2833167298147
0.18000000000000008,0.00045000000000000004,299.84599820378264
0.20000000000000007,0.00045000000000000004,300.49550051761184
0.22000000000000008,0.00045000000000000004,301.21133629589
0.2400000000000001,0.00045000000000000004,301.97546179498715
0.2600000000000001,0.00045000000000000004,302.7729657184463
0.2800000000000001,0.00045000000000000004,303.5919301173007
0.3000000000000001,0.00045000000000000004,304.422984972152
0.3200000000000001,0.00045000000000000004,305.25892882508674
0.34000000000000014,0.00045000000000000004,306.0943001578663
0.36000000000000015,0.00045000000000000004,306.92502514217097
0.3800000000000001,0.00045000000000000004,307.74812845350493
0.40000000000000013,0.00045000000000000004,308.56148363763765
0.42000000000000015,0.00045000000000000004,309.3636245779125
0.44000000000000017,0.00045000000000000004,310.1535884835204
0.4600000000000002,0.00045000000000000004,310.93079480946517
0.4800000000000002,0.00045000000000000004,311.69495073161585
0.5000000000000002,0.00045000000000000004,312.4459759314978
0.5200000000000002,0.00045000000000000004,313.18394622454144
0.5400000000000001,0.00045000000000000004,313.90904864187434
0.5600000000000002,0.00045000000000000004,314.6215479758512
0.5800000000000002,0.00045000000000000004,315.32176090615474
0.6000000000000002,0.00045000000000000004,316.01003649341936
0.6200000000000002,0.00045000000000000004,316.68674176231076
0.6400000000000002,0.00045000000000000004,317.35225075661566
0.6600000000000003,0.00045000000000000004,318.00693682065275
0.6800000000000003,0.00045000000000000004,318.65116685989886
0.7000000000000003,0.00045000000000000004,319.2852974824877
0.0,0.00046875000000000004,298.15
0.020000000000000007,0.00046875000000000004,298.1500661855042
0.040000000000000015,0.00046875000000000004,298.15099038282034
0.060000000000000026,0.00046875000000000004,298.15699196800836
0.08000000000000003,0.00046875000000000004,298.18116705926354
0.10000000000000003,0.00046875000000000004,298.2494013091836
0.12000000000000005,0.00046875000000000004,298.3948026583343
0.14000000000000004,0.00046875000000000004,298.64293510947675
0.16000000000000006,0.00046875000000000004,299.0009942577255
0.18000000000000008,0.00046875000000000004,299.4602731912285
0.20000000000000007,0.00046875000000000004,300.00519134587796
0.22000000000000008,0.00046875000000000004,300.6191006183873
0.2400000000000001,0.00046875000000000004,301.2863539181415
0.2600000000000001,0.00046875000000000004,301.9933063738679
0.2800000000000001,0.00046875000000000004,302.72861544642603
0.3000000000000001,0.00046875000000000004,303.48306077184105
0.3200000000000001,0.00046875000000000004,304.24931052652414
0.34000000000000014,0.00046875000000000004,305.02162626917107
0.36000000000000015,0.00046875000000000004,305.79557142851405
0.3800000000000001,0.00046875000000000004,306.5677678511448
0.40000000000000013,0.00046875000000000004,307.3356764492354
0.42000000000000015,0.00046875000000000004,308.09742135171194
0.44000000000000017,0.00046875000000000004,308.85164547922614
0.4600000000000002,0.00046875000000000004,309.59739321879204
0.4800000000000002,0.00046875000000000004,310.3340190207657
0.5000000000000002,0.00046875000000000004,311.06111342515163
0.5200000000000002,0.00046875000000000004,311.77844611816516
0.5400000000000001,0.00046875000000000004,312.48592094424185
0.5600000000000002,0.00046875000000000004,313.1835410171669
0.5800000000000002,0.00046875000000000004,313.87138193375955
0.6000000000000002,0.00046875000000000004,314.54957088480853
0.6200000000000002,0.00046875000000000004,315.2182709452654
0.6400000000000002,0.00046875000000000004,315.8776689244942
0.6600000000000003,0.00046875000000000004,316.5279663234047
0.6800000000000003,0.00046875000000000004,317.1693725155829
0.7000000000000003,0.00046875000000000004,317.80209970697916
0.0,0.00048750000000000003,298.15
0.020000000000000007,0.00048750000000000003,298.15003780884155
0.040000000000000015,0.00048750000000000003,298.1505866737882
0.060000000000000026,0.00048750000000000003,298.1543030862441
0.08000000000000003,0.00048750000000000003,298.1699579446945
0.10000000000000003,0.00048750000000000003,298.2162758864214
0.12000000000000005,0.00048750000000000003,298.31984920180673
0.14000000000000004,0.00048750000000000003,298.5050835886535
0.16000000000000006,0.00048750000000000003,298.783967956376
0.18000000000000008,0.00048750000000000003,299.15464223901927
0.20000000000000007,0.00048750000000000003,299.60711776064505
0.22000000000000008,0.00048750000000000003,300.1286473363721
0.2400000000000001,0.00048750000000000003,300.7062411293397
0.2600000000000001,0.00048750000000000003,301.3278956073948
0.2800000000000001,0.00048750000000000003,301.9831945788538
0.3000000000000001,0.00048750000000000003,302.663385102856
0.3200000000000001,0.00048750000000000003,303.36128194900954
0.34000000000000014,0.00048750000000000003,304.0710939899856
0.36000000000000015,0.00048750000000000003,304.78820730301226
0.3800000000000001,0.00048750000000000003,305.5089883312546
0.40000000000000013,0.00048750000000000003,306.2306017302691
0.42000000000000015,0.00048750000000000003,306.9508540119386
0.44000000000000017,0.00048750000000000003,307.66806469492064
0.4600000000000002,0.00048750000000000003,308.3809583827476
0.4800000000000002,0.00048750000000000003,309.088578914308
0.5000000000000002,0.00048750000000000003,309.79021972253315
0.5200000000000002,0.00048750000000000003,310.48536857754294
0.5400000000000001,0.00048750000000000003,311.173664020172
0.5600000000000002,0.00048750000000000003,311.8548607418545
0.5800000000000002,0.00048750000000000003,312.5288027126047
0.6000000000000002,0.00048750000000000003,313.19540195081646
0.6200000000000002,0.00048750000000000003,313.8546220991671
0.6400000000000002,0.00048750000000000003,314.5064656140658
0.6600000000000003,0.00048750000000000003,315.15096383157675
0.6800000000000003,0.00048750000000000003,315.78816933261453
0.7000000000000003,0.00048750000000000003,316.4181500196989
0.0,0.0005062500000000001,298.15
0.020000000000000007,0.0005062500000000001,298.1500215487777
0.040000000000000015,0.0005062500000000001,298.1503465135662
0.060000000000000026,0.0005062500000000001,298.1526382409136
0.08000000000000003,0.0005062500000000001,298.1627183939047
0.10000000000000003,0.0005062500000000001,298.19392687224035
0.12000000000000005,0.0005062500000000001,298.26702879759
0.14000000000000004,0.0005062500000000001,298.40384878449476
0.16000000000000006,0.0005062500000000001,298.6186448102368
0.18000000000000008,0.0005062500000000001,298.91456890542804
0.20000000000000007,0.0005062500000000001,299.2865194464677
0.22000000000000008,0.0005062500000000001,299.72549779323765
0.2400000000000001,0.0005062500000000001,300.22125224643554
0.2600000000000001,0.0005062500000000001,300.763654653493
0.2800000000000001,0.0005062500000000001,301.34348309147646
0.3000000000000001,0.0005062500000000001,301.9527087886702
0.3200000000000001,0.0005062500000000001,302.5845308274159
0.34000000000000014,0.0005062500000000001,303.233306894413
0.36000000000000015,0.0005062500000000001,303.894415038626
0.3800000000000001,0.0005062500000000001,304.56410575367505
0.40000000000000013,0.0005062500000000001,305.23935927585904
0.42000000000000015,0.0005062500000000001,305.91775475172886
0.44000000000000017,0.0005062500000000001,306.5973595124997
0.4600000000000002,0.0005062500000000001,307.2766346500482
0.4800000000000002,0.0005062500000000001,307.95435757787226
0.5000000000000002,0.0005062500000000001,308.62955895275724
0.5200000000000002,0.0005062500000000001,309.3014714298414
0.5400000000000001,0.0005062500000000001,309.9694888524915
0.5600000000000002,0.0005062500000000001,310.6331333973694
0.5800000000000002,0.0005062500000000001,311.29202955399074
0.6000000000000002,0.0005062500000000001,311.94588339265925
0.6200000000000002,0.0005062500000000001,312.5944661034853
0.6400000000000002,0.0005062500000000001,313.2376009805589
0.6600000000000003,0.0005062500000000001,313.8751530513286
0.6800000000000003,0.0005062500000000001,314.50702089153503
0.7000000000000003,0.0005062500000000001,315.1331300943562
0.0,0.0005250000000000001,298.15
0.020000000000000007,0.0005250000000000001,298.1500123098708
0.040000000000000015,0.0005250000000000001,298.1502047566972
0.060000000000000026,0.0005250000000000001,298.15161528458316
0.08000000000000003,0.0005250000000000001,298.1580795033359
0.10000000000000003,0.0005250000000000001,298.1789762658128
0.12000000000000005,0.0005250000000000001,298.23014639244127
0.14000000000000004,0.0005250000000000001,298.3302169266543
0.16000000000000006,0.0005250000000000001,298.49390617823184
0.18000000000000008,0.0005250000000000001,298.72768629303516
0.20000000000000007,0.0005250000000000001,299.03045572720663
0.22000000000000008,0.0005250000000000001,299.39663947544045
0.2400000000000001,0.0005250000000000001,299.8186618691368
0.2600000000000001,0.0005250000000000001,300.28837664989436
0.2800000000000001,0.0005250000000000001,300.7979380937313
0.3000000000000001,0.0005250000000000001,301.34023668224734
0.3200000000000001,0.0005250000000000001,301.9090481808498
0.34000000000000014,0.0005250000000000001,302.49905177347364
0.36000000000000015,0.0005250000000000001,303.1057660744718
0.3800000000000001,0.0005250000000000001,303.72545166838853
0.40000000000000013,0.0005250000000000001,304.3550079232928
0.42000000000000015,0.0005250000000000001,304.99187148306106
0.44000000000000017,0.0005250000000000001,305.6339261702146
0.4600000000000002,0.0005250000000000001,306.2794247056011
0.4800000000000002,0.0005250000000000001,306.926922397677
0.5000000000000002,0.0005250000000000001,307.5752224130073
0.5200000000000002,0.0005250000000000001,308.22333049817837
0.5400000000000001,0.0005250000000000001,308.8704182449397
0.5600000000000002,0.0005250000000000001,309.5157931887052
0.5800000000000002,0.0005250000000000001,310.15887460178055
0.6000000000000002,0.0005250000000000001,310.7991739585045
0.6200000000000002,0.0005250000000000001,311.43627908500673
0.6400000000000002,0.0005250000000000001,312.069841371306
0.6600000000000003,0.0005250000000000001,312.69956536500246
0.6800000000000003,0.0005250000000000001,313.3252003214069
0.7000000000000003,0.0005250000000000001,313.9465333002643
0.0,0.0005437500000000001,298.15
0.020000000000000007,0.0005437500000000001,298.15000701590793
0.040000000000000015,0.0005437500000000001,298.1501206536498
0.060000000000000026,0.0005437500000000001,298.1509855115645
0.08000000000000003,0.0005437500000000001,298.1551101806364
0.10000000000000003,0.0005437500000000001,298.169012544915
0.12000000000000005,0.0005437500000000001,298.2045473143467
0.14000000000000004,0.0005437500000000001,298.2770654229828
0.16000000000000006,0.0005437500000000001,298.40056588617387
0.18000000000000008,0.0005437500000000001,298.5834103291621
0.20000000000000007,0.0005437500000000001,298.8275474555062
0.22000000000000008,0.0005437500000000001,299.1303754928257
0.2400000000000001,0.0005437500000000001,299.4868201683222
0.2600000000000001,0.0005437500000000001,299.8907155895446
0.2800000000000001,0.0005437500000000001,300.3356910508384
0.3000000000000001,0.0005437500000000001,300.8156907150896
0.3200000000000001,0.0005437500000000001,301.32521231423425
0.34000000000000014,0.0005437500000000001,301.8593963332258
0.36000000000000015,0.0005437500000000001,302.4140267820055
0.3800000000000001,0.0005437500000000001,302.9854833600288
0.40000000000000013,0.0005437500000000001,303.57067679600226
0.42000000000000015,0.0005437500000000001,304.16697823611236
0.44000000000000017,0.0005437500000000001,304.7721518305798
0.4600000000000002,0.0005437500000000001,305.3842942523485
0.4800000000000002,0.0005437500000000001,306.0017816559443
0.5000000000000002,0.0005437500000000001,306.6232247954891
0.5200000000000002,0.0005437500000000001,307.24743119744477
0.5400000000000001,0.0005437500000000001,307.8733737105992
0.5600000000000002,0.0005437500000000001,308.5001644973754
0.5800000000000002,0.0005437500000000001,309.1270334994879
0.6000000000000002,0.0005437500000000001,309.7533107100016
0.6200000000000002,0.0005437500000000001,310.378411486596
0.6400000000000002,0.0005437500000000001,311.00182440279355
0.6600000000000003,0.0005437500000000001,311.6231011447081
0.6800000000000003,0.0005437500000000001,312.241848074561
0.7000000000000003,0.0005437500000000001,312.8577191631576
0.0,0.0005625000000000001,298.15
0.020000000000000007,0.0005625000000000001,298.15000400791223
0.040000000000000015,0.0005625000000000001,298.1500711418246
0.060000000000000026,0.0005625000000000001,298.1506006865564
0.08000000000000003,0.0005625000000000001,298.15322387315217
0.10000000000000003,0.0005625000000000001,298.16242498880035
0.12000000000000005,0.0005625000000000001,298.18693022377727
0.14000000000000004,0.0005625000000000001,298.2390400912968
0.16000000000000006,0.0005625000000000001,298.33135343420656
0.18000000000000008,0.0005625000000000001,298.4730098130595
0.20000000000000007,0.0005625000000000001,298.6681026917916
0.22000000000000008,0.0005625000000000001,298.9164854121326
0.2400000000000001,0.0005625000000000001,299.21533144629547
0.2600000000000001,0.0005625000000000001,299.5603698590085
0.2800000000000001,0.0005625000000000001,299.9467293039292
0.3000000000000001,0.0005625000000000001,300.36948439345133
0.3200000000000001,0.0005625000000000001,300.82395352157545
0.34000000000000014,0.0005625000000000001,301.3058428630721
0.36000000000000015,0.0005625000000000001,301.8113003873147
0.3800000000000001,0.0005625000000000001,302.3369140772081
0.40000000000000013,0.0005625000000000001,302.8796841160403
0.42000000000000015,0.0005625000000000001,303.436983021717
0.44000000000000017,0.0005625000000000001,304.0065121198692
0.4600000000000002,0.0005625000000000001,304.58625984028714
0.4800000000000002,0.0005625000000000001,305.174463328451
0.5000000000000002,0.0005625000000000001,305.76957459769477
0.5200000000000002,0.0005625000000000001,306.3702311887658
0.5400000000000001,0.0005625000000000001,306.975230980263
0.5600000000000002,0.0005625000000000001,307.5835108075988
0.5800000000000002,0.0005625000000000001,308.19412827718406
0.6000000000000002,0.0005625000000000001,308.806246366342
0.6200000000000002,0.0005625000000000001,309.41912033683235
0.6400000000000002,0.0005625000000000001,310.03208658756876
0.6600000000000003,0.0005625000000000001,310.64455313547995
0.6800000000000003,0.0005625000000000001,311.2559914365777
0.7000000000000003,0.0005625000000000001,311.8659293405361
0.0,0.0005812500000000001,298.15
0.020000000000000007,0.0005812500000000001,298.15000228433155
0.040000000000000015,0.0005812500000000001,298.1500418356785
0.060000000000000026,0.0005812500000000001,298.15036494293093
0.08000000000000003,0.0005812500000000001,298.15202582333944
0.10000000000000003,0.0005812500000000001,298.158081476908
0.12000000000000005,0.0005812500000000001,298.17486555788014
0.14000000000000004,0.0005812500000000001,298.2120141980182
0.16000000000000006,0.0005812500000000001,298.2804198203498
0.18000000000000008,0.0005812500000000001,298.3892029161696
0.20000000000000007,0.0005812500000000001,298.5438052679036
0.22000000000000008,0.0005812500000000001,298.7459992513214
0.2400000000000001,0.0005812500000000001,298.9949017506386
0.2600000000000001,0.0005812500000000001,299.2879888363398
0.2800000000000001,0.0005812500000000001,299.6218495287533
0.3000000000000001,0.0005812500000000001,299.99271235558103
0.3200000000000001,0.0005812500000000001,300.39677062099264
0.34000000000000014,0.0005812500000000001,300.83036473195995
0.36000000000000015,0.0005812500000000001,301.29007763425665
0.3800000000000001,0.0005812500000000001,301.7727734279378
0.40000000000000013,0.0005812500000000001,302.27560392708403
0.42000000000000015,0.0005812500000000001,302.79599822872285
0.44000000000000017,0.0005812500000000001,303.33164326660807
0.4600000000000002,0.0005812500000000001,303.8804612724067
0.4800000000000002,0.0005812500000000001,304.44058670449135
0.5000000000000002,0.0005812500000000001,305.0103442084771
0.5200000000000002,0.0005812500000000001,305.5882284085808
0.5400000000000001,0.0005812500000000001,306.1728856458056
0.5600000000000002,0.0005812500000000001,306.763097757135
0.5800000000000002,0.0005812500000000001,307.35776771335065
0.6000000000000002,0.0005812500000000001,307.955906950513
0.6200000000000002,0.0005812500000000001,308.55662420875217
0.6400000000000002,0.0005812500000000001,309.1591156735259
0.6600000000000003,0.0005812500000000001,309.7626562664088
0.6800000000000003,0.0005812500000000001,310.3665919207162
0.7000000000000003,0.0005812500000000001,310.970332718541
0.0,0.0006000000000000001,298.15
0.020000000000000007,0.0006000000000000001,298.1500013050471
0.040000000000000015,0.0006000000000000001,298.15002462359985
0.060000000000000026,0.0006000000000000001,298.1502215939385
0.08000000000000003,0.0006000000000000001,298.1512705163667
0.10000000000000003,0.0006000000000000001,298.15523946156384
0.12000000000000005,0.0006000000000000001,298.16667024456336
0.14000000000000004,0.0006000000000000001,298.19297080993607
0.16000000000000006,0.0006000000000000001,298.24327187983624
0.18000000000000008,0.0006000000000000001,298.3261564300883
0.20000000000000007,0.0006000000000000001,298.4477681962057
0.22000000000000008,0.0006000000000000001,298.6112915242053
0.2400000000000001,0.0006000000000000001,298.8174616452786
0.2600000000000001,0.0006000000000000001,299.06531333747273
0.2800000000000001,0.0006000000000000001,299.35280761923576
0.3000000000000001,0.0006000000000000001,299.67730369696704
0.3200000000000001,0.0006000000000000001,300.0358831546329
0.34000000000000014,0.0006000000000000001,300.4255544122373
0.36000000000000015,0.0006000000000000001,300.84337851934833
0.3800000000000001,0.0006000000000000001,301.2865414366221
0.40000000000000013,0.0006000000000000001,301.7523916915075
0.42000000000000015,0.0006000000000000001,302.23845733575024
0.44000000000000017,0.0006000000000000001,302.7424498220294
0.4600000000000002,0.0006000000000000001,303.26226043004556
0.4800000000000002,0.0006000000000000001,303.79595255284266
0.5000000000000002,0.0006000000000000001,304.34175176003293
0.5200000000000002,0.0006000000000000001,304.8980350050933
0.5400000000000001,0.0006000000000000001,305.46331962408146
0.5600000000000002,0.0006000000000000001,306.0362525866797
0.5800000000000002,0.0006000000000000001,306.6156002323164
0.6000000000000002,0.0006000000000000001,307.2002385934191
0.6200000000000002,0.0006000000000000001,307.78914437427443
0.6400000000000002,0.0006000000000000001,308.38138657715746
0.6600000000000003,0.0006000000000000001,308.9761187691373
0.6800000000000003,0.0006000000000000001,309.57257195682195
0.7000000000000003,0.0006000000000000001,310.1700480330325
0.0,0.00061875,298.15
0.020000000000000007,0.00061875,298.1500007439894
0.040000000000000015,0.00061875,298.1500144582748
0.060000000000000026,0.00061875,298.15013417692836
0.08000000000000003,0.00061875,298.15079419453156
0.10000000000000003,0.00061875,298.15338383692875
0.12000000000000005,0.00061875,298.1611272186287
0.14000000000000004,0.00061875,298.17963426983096
0.16000000000000006,0.00061875,298.2163812895114
0.18000000000000008,0.00061875,298.27912500575826
0.20000000000000007,0.00061875,298.3742252289591
0.22000000000000008,0.00061875,298.5058307367002
0.2400000000000001,0.00061875,298.6759725205274
0.2600000000000001,0.00061875,298.88503255954384
0.2800000000000001,0.00061875,299.13221850398895
0.3000000000000001,0.00061875,299.41595717501497
0.3200000000000001,0.00061875,299.73419486773423
0.34000000000000014,0.00061875,300.0846091343091
0.36000000000000015,0.00061875,300.46475503410556
0.3800000000000001,0.00061875,300.87216415066484
0.40000000000000013,0.00061875,301.3044094155009
0.42000000000000015,0.00061875,301.75914688062335
0.44000000000000017,0.00061875,302.2341413847942
0.4600000000000002,0.00061875,302.7272811450784
0.4800000000000002,0.00061875,303.23658490019125
0.5000000000000002,0.00061875,303.7602038832722
0.5200000000000002,0.00061875,304.29642037208276
0.5400000000000001,0.00061875,304.84364395795103
0.5600000000000002,0.00061875,305.4004063413537
0.5800000000000002,0.00061875,305.9653552477153
0.6000000000000002,0.00061875,306.5372478478755
0.6200000000000002,0.00061875,307.11494397926305
0.6400000000000002,0.00061875,307.6973993596421
0.6600000000000003,0.00061875,308.28365893007174
0.6800000000000003,0.00061875,308.87285042085347
0.7000000000000003,0.00061875,309.4641781967573
0.0,0.0006375,298.15
0.020000000000000007,0.0006375,298.1500004253441
0.040000000000000015,0.0006375,298.1500085032148
0.060000000000000026,0.0006375,298.15008128276725
0.08000000000000003,0.0006375,298.1504961512071
0.10000000000000003,0.0006375,298.1521820896971
0.12000000000000005,0.0006375,298.15741070253483
0.14000000000000004,0.0006375,298.1703822799746
0.16000000000000006,0.0006375,298.19711313013715
0.18000000000000008,0.0006375,298.2444180101062
0.20000000000000007,0.0006375,298.31854093362455
0.22000000000000008,0.0006375,298.42422822421196
0.2400000000000001,0.0006375,298.5645074415139
0.2600000000000001,0.0006375,298.74088922365496
0.2800000000000001,0.0006375,298.95367808351483
0.3000000000000001,0.0006375,299.20227365638453
0.3200000000000001,0.0006375,299.4854314495665
0.34000000000000014,0.0006375,299.8014697909088
0.36000000000000015,0.0006375,300.1484281305121
0.3800000000000001,0.0006375,300.52418635281026
0.40000000000000013,0.0006375,300.9265524850824
0.42000000000000015,0.0006375,301.3533263353432
0.44000000000000017,0.0006375,301.80234484153925
0.4600000000000002,0.0006375,302.2715134640026
0.4800000000000002,0.0006375,302.758827212835
0.5000000000000002,0.0006375,303.2623838825829
0.5200000000000002,0.0006375,303.7803915208858
0.5400000000000001,0.0006375,304.3111716774495
0.5600000000000002,0.0006375,304.8531595742442
0.5800000000000002,0.0006375,305.4049020963375
0.6000000000000002,0.0006375,305.9650542606374
0.6200000000000002,0.0006375,306.5323746674987
0.6400000000000002,0.0006375,307.1057203131754
0.6600000000000003,0.0006375,307.68404103999563
0.6800000000000003,0.0006375,308.26637383377926
0.7000000000000003,0.0006375,308.8518371163211
0.0,0.00065625,298.15
0.020000000000000007,0.00065625,298.1500002430082
0.040000000000000015,0.00065625,298.15000499798055
0.060000000000000026,0.00065625,298.1500492124995
0.08000000000000003,0.00065625,298.15030978253264
0.10000000000000003,0.00065625,298.151406368915
0.12000000000000005,0.00065625,298.15493332311604
0.14000000000000004,0.00065625,298.1640162358709
0.16000000000000006,0.00065625,298.18344794554326
0.18000000000000008,0.00065625,298.21911208333603
0.20000000000000007,0.00065625,298.2769413058224
0.22000000000000008,0.00065625,298.3620003549321
0.2400000000000001,0.00065625,298.47805036521527
0.2600000000000001,0.00065625,298.62751602856963
0.2800000000000001,0.00065625,298.8116338583924
0.3000000000000001,0.00065625,299.0306566853039
0.3200000000000001,0.00065625,299.28406648361977
0.34000000000000014,0.00065625,299.5707678534996
0.36000000000000015,0.00065625,299.8892516969259
0.3800000000000001,0.00065625,300.2377292183846
0.40000000000000013,0.00065625,300.61423817487304
0.42000000000000015,0.00065625,301.01672515097545
0.44000000000000017,0.00065625,301.4431080616825
0.4600000000000002,0.00065625,301.89132248523606
0.4800000000000002,0.00065625,302.35935517486354
0.5000000000000002,0.00065625,302.8452675038031
0.5200000000000002,0.00065625,303.34721109178764
0.5400000000000001,0.00065625,303.86343746820756
0.5600000000000002,0.00065625,304.392303215805
0.5800000000000002,0.00065625,304.93227175360545
0.6000000000000002,0.00065625,305.4819126594079
0.6200000000000002,0.00065625,306.03989922792954
0.6400000000000002,0.00065625,306.6050048060524
0.6600000000000003,0.00065625,307.17609831347914
0.6800000000000003,0.00065625,307.7521392614381
0.7000000000000003,0.00065625,308.3321725021326
0.0,0.000675,298.15
0.020000000000000007,0.000675,298.1500001398512
0.040000000000000015,0.000675,298.15000295770244
0.060000000000000026,0.000675,298.15002998806153
0.08000000000000003,0.000675,298.15019463148246
0.10000000000000003,0.000675,298.15091208624347
0.12000000000000005,0.000675,298.15330534008444
0.14000000000000004,0.000675,298.1597048969139
0.16000000000000006,0.000675,298.17392552676773
0.18000000000000008,0.000675,298.2010137562318
0.20000000000000007,0.000675,298.24650672184794
0.22000000000000008,0.000675,298.31559446322126
0.2400000000000001,0.000675,298.4125526801205
0.2600000000000001,0.000675,298.540518000953
0.2800000000000001,0.000675,298.70148715239674
0.3000000000000001,0.000675,298.8964287093795
0.3200000000000001,0.000675,299.12544644178615
0.34000000000000014,0.000675,299.38795468093554
0.36000000000000015,0.000675,299.68284260605196
0.3800000000000001,0.000675,300.00861833488824
0.40000000000000013,0.000675,300.3635295685804
0.42000000000000015,0.000675,300.7456611069001
0.44000000000000017,0.000675,301.15301167937145
0.4600000000000002,0.000675,301.58355295866033
0.4800000000000002,0.000675,302.03527378622084
0.5000000000000002,0.000675,302.50621243382136
0.5200000000000002,0.000675,302.99447932570587
0.5400000000000001,0.000675,303.4982723051702
0.5600000000000002,0.000675,304.0158861437737
0.5800000000000002,0.000675,304.54571766996196
0.6000000000000002,0.000675,305.0862676201493
0.6200000000000002,0.000675,305.6361400758629
0.6400000000000002,0.000675,306.1940401666344
0.6600000000000003,0.000675,306.758770561828
0.6800000000000003,0.000675,307.3292271536535
0.7000000000000003,0.000675,307.9043942372304
0.0,0.00069375,298.15
0.020000000000000007,0.00069375,298.15000008151077
0.040000000000000015,0.00069375,298.15000177479584
0.060000000000000026,0.00069375,298.15001855126735
0.08000000000000003,0.00069375,298.1501242875121
0.10000000000000003,0.00069375,298.1506018908887
0.12000000000000005,0.00069375,298.1522557808787
0.14000000000000004,0.00069375,298.15685132563823
0.16000000000000006,0.00069375,298.16746409406335
0.18000000000000008,0.00069375,298.188451662678
0.20000000000000007,0.00069375,298.2249592924237
0.22000000000000008,0.00069375,298.28218649148175
0.2400000000000001,0.00069375,298.36474948313645
0.2600000000000001,0.00069375,298.476311162826
0.2800000000000001,0.00069375,298.6194547180771
0.3000000000000001,0.00069375,298.79571434006436
0.3200000000000001,0.00069375,299.0056935062971
0.34000000000000014,0.00069375,299.24922148529527
0.36000000000000015,0.00069375,299.52551543013004
0.3800000000000001,0.00069375,299.83333096850794
0.40000000000000013,0.00069375,300.17109342435623
0.42000000000000015,0.00069375,300.5370070971647
0.44000000000000017,0.00069375,300.9291433782912
0.4600000000000002,0.00069375,301.3455098744612
0.4800000000000002,0.00069375,301.78410326177703
0.5000000000000002,0.00069375,302.24294868290775
0.5200000000000002,0.00069375,302.7201282438962
0.5400000000000001,0.00069375,303.2138008598537
0.5600000000000002,0.00069375,303.7222153432684
0.5800000000000002,0.00069375,304.24371828773207
0.6000000000000002,0.00069375,304.77675800825136
0.6200000000000002,0.00069375,305.31988553864977
0.6400000000000002,0.00069375,305.87175347655716
0.6600000000000003,0.00069375,306.4311132922389
0.6800000000000003,0.00069375,306.9968115768388
0.7000000000000003,0.00069375,307.5677855950476
0.0,0.0007125,298.15
0.020000000000000007,0.0007125,298.1500000497298
0.040000000000000015,0.0007125,298.1500011153167
0.060000000000000026,0.0007125,298.1500120231518
0.08000000000000003,0.0007125,298.1500831666338
0.10000000000000003,0.0007125,298.15041618384925
0.12000000000000005,0.0007125,298.15161250197355
0.14000000000000004,0.0007125,298.1550623486503
0.16000000000000006,0.0007125,298.16332661450275
0.18000000000000008,0.0007125,298.1802524875293
0.20000000000000007,0.0007125,298.21065981223654
0.22000000000000008,0.0007125,298.25970446689973
0.2400000000000001,0.0007125,298.3322097351048
0.2600000000000001,0.0007125,298.43219636212217
0.2800000000000001,0.0007125,298.5626616479588
0.3000000000000001,0.0007125,298.72554725957133
0.3200000000000001,0.0007125,298.92182165846833
0.34000000000000014,0.0007125,299.1516203842066
0.36000000000000015,0.0007125,299.4144049588342
0.3800000000000001,0.0007125,299.70911728519656
0.40000000000000013,0.0007125,300.03431799751166
0.42000000000000015,0.0007125,300.3883040251301
0.44000000000000017,0.0007125,300.7692048030942
0.4600000000000002,0.0007125,301.1750587151713
0.4800000000000002,0.0007125,301.60387224718795
0.5000000000000002,0.0007125,302.05366461621634
0.5200000000000002,0.0007125,302.52250051858937
0.5400000000000001,0.0007125,303.0085133594359
0.5600000000000002,0.0007125,303.5099209924369
0.5800000000000002,0.0007125,304.0250356519886
0.6000000000000002,0.0007125,304.55226945163105
0.6200000000000002,0.0007125,305.09013654958153
0.6400000000000002,0.0007125,305.6372528531719
0.6600000000000003,0.0007125,306.19233394613866
0.6800000000000003,0.0007125,306.7541917688481
0.7000000000000003,0.0007125,307.32173045961196
0.0,0.00073125,298.15
0.020000000000000007,0.00073125,298.1500000338845
0.040000000000000015,0.00073125,298.15000078108795
0.060000000000000026,0.00073125,298.15000865884514
0.08000000000000003,0.00073125,298.15006161336026
0.10000000000000003,0.00073125,298.1503171870405
0.12000000000000005,0.00073125,298.15126382634753
0.14000000000000004,0.00073125,298.15407697813583
0.16000000000000006,0.00073125,298.1610130703148
0.18000000000000008,0.00073125,298.1756044864908
0.20000000000000007,0.00073125,298.2024553424485
0.22000000000000008,0.00073125,298.2466718053767
0.2400000000000001,0.00073125,298.3131832693578
0.2600000000000001,0.00073125,298.40621486191077
0.2800000000000001,0.00073125,298.5290081520994
0.3000000000000001,0.00073125,298.68374918977116
0.3200000000000001,0.00073125,298.8716278906801
0.34000000000000014,0.00073125,299.0929673731032
0.36000000000000015,0.00073125,299.347380161814
0.3800000000000001,0.00073125,299.6339244238822
0.40000000000000013,0.00073125,299.951246324809
0.42000000000000015,0.00073125,300.2977024294985
0.44000000000000017,0.00073125,300.67146071705633
0.4600000000000002,0.00073125,301.0705814016198
0.4800000000000002,0.00073125,301.493079879617
0.5000000000000002,0.00073125,301.9369745226635
0.5200000000000002,0.00073125,302.40032200487315
0.5400000000000001,0.00073125,302.8812425928344
0.5600000000000002,0.00073125,303.37793750398714
0.5800000000000002,0.00073125,303.8887000936353
0.6000000000000002,0.00073125,304.4119223112296
0.6200000000000002,0.00073125,304.9460975869473
0.6400000000000002,0.00073125,305.4898210696666
0.6600000000000003,0.00073125,306.0417879407964
0.6800000000000003,0.00073125,306.6007903673185
0.7000000000000003,0.00073125,307.16571352814776
0.0,0.00075,298.15
0.020000000000000007,0.00075,298.15000002908045
0.040000000000000015,0.00075,298.1500006785578
0.060000000000000026,0.00075,298.1500076145223
0.08000000000000003,0.00075,298.1500548428945
0.10000000000000003,0.00075,298.1502857167306
0.12000000000000005,0.00075,298.15115166389756
0.14000000000000004,0.00075,298.1537562813298
0.16000000000000006,0.00075,298.1602515023085
0.18000000000000008,0.00075,298.1740576498279
0.20000000000000007,0.00075,298.19969636073495
0.22000000000000008,0.00075,298.2422457534943
0.2400000000000001,0.00075,298.30666068563244
0.2600000000000001,0.00075,298.39722713846913
0.2800000000000001,0.00075,298.51726341507356
0.3000000000000001,0.00075,298.66903455191454
0.3200000000000001,0.00075,298.85380360583537
0.34000000000000014,0.00075,299.07195691381276
0.36000000000000015,0.00075,299.3231590283894
0.3800000000000001,0.00075,299.60650927174584
0.40000000000000013,0.00075,299.9206851894393
0.42000000000000015,0.00075,300.2640663811236
0.44000000000000017,0.00075,300.63483697878155
0.4600000000000002,0.00075,301.0310678228252
0.4800000000000002,0.00075,301.4507805984798
0.5000000000000002,0.00075,301.8919966292171
0.5200000000000002,0.00075,302.352773026277
0.5400000000000001,0.00075,302.8312286409472
0.5600000000000002,0.00075,303.32556194737896
0.5800000000000002,0.00075,303.83406264015576
0.6000000000000002,0.00075,304.3551184073898
0.6200000000000002,0.00075,304.8872180591121
0.6400000000000002,0.00075,305.4289519472601
0.6600000000000003,0.00075,305.97901041449336
0.6800000000000003,0.00075,306.53618084547514
0.7000000000000003,0.00075,307.0993437630818
0.7000000000000003,0.0,380.0
0.7200000000000003,0.0,368.3854489828981
0.7400000000000003,0.0,368.5272290223004
0.7600000000000003,0.0,362.96997744062344
0.7800000000000004,0.0,363.1037918668854
0.8000000000000004,0.0,359.15158857903333
0.8200000000000004,0.0,359.24994975542785
0.8400000000000003,0.0,356.1451409015364
0.8600000000000003,0.0,356.2035974969385
0.8800000000000003,0.0,353.65113583307203
0.9000000000000004,0.0,353.6725451995494
0.9200000000000004,0.0,351.5180718768054
0.9400000000000004,0.0,351.50757684483574
0.9600000000000004,0.0,349.6569079007217
0.9800000000000004,0.0,349.6200189778944
1.0000000000000004,0.0,348.0101177491022
1.0200000000000005,0.0,347.9519681086393
1.0400000000000005,0.0,346.5380004794109
1.0600000000000005,0.0,346.4630958083171
1.0800000000000005,0.0,345.21178135908
1.1000000000000005,0.0,345.1239615206273
1.1200000000000006,0.0,344.0097976654228
1.1400000000000006,0.0,343.9122834485846
1.1600000000000006,0.0,342.91523612418297
1.1800000000000006,0.0,342.8107038938404
1.2000000000000006,0.0,341.91471379073056
1.2200000000000006,0.0,341.80445418758734
1.2400000000000007,0.0,340.9905588836078
1.2600000000000007,0.0,340.8836468938612
1.2800000000000007,0.0,340.1446265825631
1.3000000000000007,0.0,340.0385278826614
1.3200000000000007,0.0,339.36637601003156
1.3400000000000007,0.0,339.26117691172385
1.3600000000000008,0.0,338.6487790630678
1.3800000000000008,0.0,338.5448608878093
1.4000000000000008,0.0,337.9860003143039
1.4200000000000008,0.0,337.88376865510133
1.4400000000000008,0.0,337.3730099678587
1.4600000000000009,0.0,337.27282682599764
1.4800000000000009,0.0,336.80539838126987
1.5000000000000009,0.0,336.70756334746915
1.5200000000000007,0.0,336.2792562611478
1.5400000000000007,0.0,336.1840041999911
1.5600000000000007,0.0,335.7910889266584
1.5800000000000007,0.0,335.6985940380766
1.6000000000000008,0.0,335.33775199269934
1.6200000000000008,0.0,335.2481343058914
1.6400000000000008,0.0,334.91640166628775
1.6600000000000008,0.0,334.82973422963215
1.6800000000000008,0.0,334.5244554465443
1.7000000000000006,0.0,334.44077140540304
1.7200000000000006,0.0,334.1595604360815
1.7400000000000007,0.0,334.07885962341845
1.7600000000000007,0.0,333.81956733572105
1.7800000000000007,0.0,333.74182221651415
1.8000000000000007,0.0,333.50250875636743
1.8200000000000007,0.0,333.42766967893607
1.8400000000000007,0.0,333.20658086233635
1.8600000000000008,0.0,333.1345806286028
1.8800000000000008,0.0,332.9301276249999
1.9000000000000008,0.0,332.8608854219424
0.7000000000000003,1.8750000000000002e-05,376.8546989255614
0.7200000000000003,1.8750000000000002e-05,370.332690657343
0.7400000000000003,1.8750000000000002e-05,366.67764459428173
0.7600000000000003,1.8750000000000002e-05,364.4739408237708
0.7800000000000004,1.8750000000000002e-05,361.72212775813887
0.8000000000000004,1.8750000000000002e-05,360.3806233205183
0.8200000000000004,1.8750000000000002e-05,358.1544207862502
0.8400000000000003,1.8750000000000002e-05,357.1774777549201
0.8600000000000003,1.8750000000000002e-05,355.3103979357138
0.8800000000000003,1.8750000000000002e-05,354.53341798133147
0.9000000000000004,1.8750000000000002e-05,352.9323358644724
0.9200000000000004,1.8750000000000002e-05,352.28165693518844
0.9400000000000004,1.8750000000000002e-05,350.8875984586404
0.9600000000000004,1.8750000000000002e-05,350.3243506854494
0.9800000000000004,1.8750000000000002e-05,349.0969579174148
1.0000000000000004,1.8750000000000002e-05,348.59834575477197
1.0200000000000005,1.8750000000000002e-05,347.5084772043284
1.0400000000000005,1.8750000000000002e-05,347.0600960917189
1.0600000000000005,1.8750000000000002e-05,346.085859623274
1.0800000000000005,1.8750000000000002e-05,345.6780786474402
1.1000000000000005,1.8750000000000002e-05,344.80251896919583
1.1200000000000006,1.8750000000000002e-05,344.4286017546641
1.1400000000000006,1.8750000000000002e-05,343.63826405346634
1.1600000000000006,1.8750000000000002e-05,343.2933168453551
1.1800000000000006,1.8750000000000002e-05,342.5773087664348
1.2000000000000006,1.8750000000000002e-05,342.2576559188396
1.2200000000000006,1.8750000000000002e-05,341.6064860469747
1.2400000000000007,1.8750000000000002e-05,341.30564130584924
1.2600000000000007,1.8750000000000002e-05,340.7141375810981
1.2800000000000007,1.8750000000000002e-05,340.43456312973336
1.3000000000000007,1.8750000000000002e-05,339.8942492983234
1.3200000000000007,1.8750000000000002e-05,339.63394838362166
1.3400000000000007,1.8750000000000002e-05,339.13924321052747
1.3600000000000008,1.8750000000000002e-05,338.89647760601287
1.3800000000000008,1.8750000000000002e-05,338.4427430310442
1.4000000000000008,1.8750000000000002e-05,338.21601945816764
1.4200000000000008,1.8750000000000002e-05,337.79925649266676
1.4400000000000008,1.8750000000000002e-05,337.5872780086708
1.4600000000000009,1.8750000000000002e-05,337.20398641631533
1.4800000000000009,1.8750000000000002e-05,337.00561071993064
1.5000000000000009,1.8750000000000002e-05,336.6526982390685
1.5200000000000007,1.8750000000000002e-05,336.4669059960916
1.5400000000000007,1.8750000000000002e-05,336.14162213060735
1.5600000000000007,1.8750000000000002e-05,335.96749361953516
1.5800000000000007,1.8750000000000002e-05,335.6673787480707
1.6000000000000008,1.8750000000000002e-05,335.5040766966692
1.6200000000000008,1.8750000000000002e-05,335.2269217642055
1.6400000000000008,1.8750000000000002e-05,335.0736786383496
1.6600000000000008,1.8750000000000002e-05,334.8174925538806
1.6800000000000008,1.8750000000000002e-05,334.67360101603805
1.7000000000000006,1.8750000000000002e-05,334.4365838442919
1.7200000000000006,1.8750000000000002e-05,334.3013894653216
1.7400000000000007,1.8750000000000002e-05,334.08191007373273
1.7600000000000007,1.8750000000000002e-05,333.95480564996944
1.7800000000000007,1.8750000000000002e-05,333.75138284238807
1.8000000000000007,1.8750000000000002e-05,333.63180386107047
1.8200000000000007,1.8750000000000002e-05,333.44309028165526
1.8400000000000007,1.8750000000000002e-05,333.3305112127564
1.8600000000000008,1.8750000000000002e-05,333.15527948087856
1.8800000000000008,1.8750000000000002e-05,333.04921066862266
1.9000000000000008,1.8750000000000002e-05,332.8863413334389
0.7000000000000003,3.7500000000000003e-05,373.8399745644833
0.7200000000000003,3.7500000000000003e-05,370.0158606514719
0.7400000000000003,3.7500000000000003e-05,366.04886437198803
0.7600000000000003,3.7500000000000003e-05,363.95966146146293
0.7800000000000004,3.7500000000000003e-05,361.59378917473595
0.8000000000000004,3.7500000000000003e-05,359.8377745033822
0.8200000000000004,3.7500000000000003e-05,358.2211352093852
0.8400000000000003,3.7500000000000003e-05,356.65380752468536
0.8600000000000003,3.7500000000000003e-05,355.4665856336387
0.8800000000000003,3.7500000000000003e-05,354.0451326014643
0.9000000000000004,3.7500000000000003e-05,353.1307320195575
0.9200000000000004,3.7500000000000003e-05,351.83389499653975
0.9400000000000004,3.7500000000000003e-05,351.10414286821356
0.9600000000000004,3.7500000000000003e-05,349.9177193733063
0.9800000000000004,3.7500000000000003e-05,349.3185461793218
1.0000000000000004,3.7500000000000003e-05,348.231451029818
1.0200000000000005,3.7500000000000003e-05,347.72776334835993
1.0400000000000005,3.7500000000000003e-05,346.73065603558365
1.0600000000000005,3.7500000000000003e-05,346.2987443842644
1.0800000000000005,3.7500000000000003e-05,345.3834581567467
1.1000000000000005,3.7500000000000003e-05,345.00681862131717
1.1200000000000006,3.7500000000000003e-05,344.1660837293207
1.1400000000000006,3.7500000000000003e-05,343.83295586358196
1.1600000000000006,3.7500000000000003e-05,343.0602428294249
1.1800000000000006,3.7500000000000003e-05,342.7620817294013
1.2000000000000006,3.7500000000000003e-05,342.05149786198126
1.2200000000000006,3.7500000000000003e-05,341.78168833363935
1.2400000000000007,3.7500000000000003e-05,341.12565526133903
1.2600000000000007,3.7500000000000003e-05,340.87965969468047
1.2800000000000007,3.7500000000000003e-05,340.2769584998586
1.3000000000000007,3.7500000000000003e-05,340.05102912797554
1.3200000000000007,3.7500000000000003e-05,339.4964187322131
1.3400000000000007,3.7500000000000003e-05,339.28799639506406
1.3600000000000008,3.7500000000000003e-05,338.77711132755655
1.3800000000000008,3.7500000000000003e-05,338.58411895809667
1.4000000000000008,3.7500000000000003e-05,338.1131398998638
1.4200000000000008,3.7500000000000003e-05,337.93386654178835
1.4400000000000008,3.7500000000000003e-05,337.49938676494423
1.4600000000000009,3.7500000000000003e-05,337.33240753365527
1.4800000000000009,3.7500000000000003e-05,336.9313578997496
1.5000000000000009,3.7500000000000003e-05,336.7754716190108
1.5200000000000007,3.7500000000000003e-05,336.40507057621926
1.5400000000000007,3.7500000000000003e-05,336.25925178819824
1.5600000000000007,3.7500000000000003e-05,335.91696859540616
1.5800000000000007,3.7500000000000003e-05,335.78033103290636
1.6000000000000008,3.7500000000000003e-05,335.4638569768889
1.6200000000000008,3.7500000000000003e-05,335.33562584750234
1.6400000000000008,3.7500000000000003e-05,335.0428507507403
1.6600000000000008,3.7500000000000003e-05,334.9223416700392
1.6800000000000008,3.7500000000000003e-05,334.6513341431072
1.7000000000000006,3.7500000000000003e-05,334.53793704514925
1.7200000000000006,3.7500000000000003e-05,334.2869275282118
1.7400000000000007,3.7500000000000003e-05,334.18009429269574
1.7600000000000007,3.7500000000000003e-05,333.9474602587751
1.7800000000000007,3.7500000000000003e-05,333.8466951146379
1.8000000000000007,3.7500000000000003e-05,333.6309480024817
1.8200000000000007,3.7500000000000003e-05,333.5358000100756
1.8400000000000007,3.7500000000000003e-05,333.33557357711805
1.8600000000000008,3.7500000000000003e-05,333.24563067182345
1.8800000000000008,3.7500000000000003e-05,333.0596705383402
1.9000000000000008,3.7500000000000003e-05,332.97455475240474
0.7000000000000003,5.6250000000000005e-05,370.64485717205645
0.7200000000000003,5.6250000000000005e-05,368.68260577232655
0.7400000000000003,5.6250000000000005e-05,365.16067346407283
0.7600000000000003,5.6250000000000005e-05,363.09407759141084
0.7800000000000004,5.6250000000000005e-05,361.0111952091012
0.8000000000000004,5.6250000000000005e-05,359.26595454503945
0.8200000000000004,5.6250000000000005e-05,357.7312110109824
0.8400000000000003,5.6250000000000005e-05,356.2736034952667
0.8600000000000003,5.6250000000000005e-05,355.022214272893
0.8800000000000003,5.6250000000000005e-05,353.7940694922953
0.9000000000000004,5.6250000000000005e-05,352.7192171977909
0.9200000000000004,5.6250000000000005e-05,351.6719282818248
0.9400000000000004,5.6250000000000005e-05,350.7218485095534
0.9600000000000004,5.6250000000000005e-05,349.81824963933235
0.9800000000000004,5.6250000000000005e-05,348.9642816487534
1.0000000000000004,5.6250000000000005e-05,348.17634128316837
1.0200000000000005,5.6250000000000005e-05,347.40083582951013
1.0400000000000005,5.6250000000000005e-05,346.70729936171807
1.0600000000000005,5.6250000000000005e-05,345.9983933431074
1.0800000000000005,5.6250000000000005e-05,345.38296630875254
1.1000000000000005,5.6250000000000005e-05,344.7320925268986
1.1200000000000006,5.6250000000000005e-05,344.18212427848425
1.1400000000000006,5.6250000000000005e-05,343.5827282689788
1.1600000000000006,5.6250000000000005e-05,343.0882695731008
1.1800000000000006,5.6250000000000005e-05,342.5351033296125
1.2000000000000006,5.6250000000000005e-05,342.0882290396086
1.2200000000000006,5.6250000000000005e-05,341.57676874067096
1.2400000000000007,5.6250000000000005e-05,341.1697110290868
1.2600000000000007,5.6250000000000005e-05,340.6956635117138
1.2800000000000007,5.6250000000000005e-05,340.32546583570956
1.3000000000000007,5.6250000000000005e-05,339.88648515517474
1.3200000000000007,5.6250000000000005e-05,339.548131450754
1.3400000000000007,5.6250000000000005e-05,339.1414596307027
1.3600000000000008,5.6250000000000005e-05,338.831188690842
1.3800000000000008,5.6250000000000005e-05,338.45423568366016
1.4000000000000008,5.6250000000000005e-05,338.16897564788445
1.4200000000000008,5.6250000000000005e-05,337.8193765169845
1.4400000000000008,5.6250000000000005e-05,337.5565362542195
1.4600000000000009,5.6250000000000005e-05,337.2321386175993
1.4800000000000009,5.6250000000000005e-05,336.98949333942454
1.5000000000000009,5.6250000000000005e-05,336.68833392142494
1.5200000000000007,5.6250000000000005e-05,336.4639500186084
1.5400000000000007,5.6250000000000005e-05,336.18423235023835
1.5600000000000007,5.6250000000000005e-05,335.97641353779846
1.5800000000000007,5.6250000000000005e-05,335.7164890161227
1.6000000000000008,5.6250000000000005e-05,335.52373590448974
1.6200000000000008,5.6250000000000005e-05,335.2820880895553
1.6400000000000008,5.6250000000000005e-05,335.1030669471849
1.6600000000000008,5.6250000000000005e-05,334.8782985031409
1.6800000000000008,5.6250000000000005e-05,334.71181662486487
1.7000000000000006,5.6250000000000005e-05,334.50263831871223
1.7200000000000006,5.6250000000000005e-05,334.34762428866816
1.7400000000000007,5.6250000000000005e-05,334.15284557204933
1.7600000000000007,5.6250000000000005e-05,334.00833323000774
1.7800000000000007,5.6250000000000005e-05,333.82685404474876
1.8000000000000007,5.6250000000000005e-05,333.69196929918013
1.8200000000000007,5.6250000000000005e-05,333.52277284164757
1.8400000000000007,5.6250000000000005e-05,333.39672269983515
1.8600000000000008,5.6250000000000005e-05,333.23886895062043
1.8800000000000008,5.6250000000000005e-05,333.120932295651
1.9000000000000008,5.6250000000000005e-05,332.9735521733966
0.7000000000000003,7.500000000000001e-05,367.6306839421729
0.7200000000000003,7.500000000000001e-05,366.51735058922935
0.7400000000000003,7.500000000000001e-05,364.01128149598316
0.7600000000000003,7.500000000000001e-05,361.83351907577025
0.7800000000000004,7.500000000000001e-05,360.1708442503121
0.8000000000000004,7.500000000000001e-05,358.4002657275781
0.8200000000000004,7.500000000000001e-05,357.05450440259176
0.8400000000000003,7.500000000000001e-05,355.61772233697036
0.8600000000000003,7.500000000000001e-05,354.46408213802005
0.8800000000000003,7.500000000000001e-05,353.2643883406761
0.9000000000000004,7.500000000000001e-05,352.25466601513136
0.9200000000000004,7.500000000000001e-05,351.2256556834082
0.9400000000000004,7.500000000000001e-05,350.3332889979352
0.9600000000000004,7.500000000000001e-05,349.4315224935442
0.9800000000000004,7.500000000000001e-05,348.6382514441803
1.0000000000000004,7.500000000000001e-05,347.83494123198994
1.0200000000000005,7.500000000000001e-05,347.1266985783541
1.0400000000000005,7.500000000000001e-05,346.402267921536
1.0600000000000005,7.500000000000001e-05,345.76762089432555
1.0800000000000005,7.500000000000001e-05,345.10836560850896
1.1000000000000005,7.500000000000001e-05,344.5377869637762
1.1200000000000006,7.500000000000001e-05,343.9338233990798
1.1400000000000006,7.500000000000001e-05,343.41927384229416
1.1600000000000006,7.500000000000001e-05,342.8632553108122
1.1800000000000006,7.500000000000001e-05,342.39790218290904
1.2000000000000006,7.500000000000001e-05,341.88419969381033
1.2200000000000006,7.500000000000001e-05,341.46210915718285
1.2400000000000007,7.500000000000001e-05,340.9854388862994
1.2600000000000007,7.500000000000001e-05,340.6008474590159
1.2800000000000007,7.500000000000001e-05,340.1587779412101
1.3000000000000007,7.500000000000001e-05,339.8085308625697
1.3200000000000007,7.500000000000001e-05,339.3977561943541
1.3400000000000007,7.500000000000001e-05,339.0780508545726
1.3600000000000008,7.500000000000001e-05,338.6959884447257
1.3800000000000008,7.500000000000001e-05,338.4034918676014
1.4000000000000008,7.500000000000001e-05,338.0479054468156
1.4200000000000008,7.500000000000001e-05,337.77973531963016
1.4400000000000008,7.500000000000001e-05,337.4486302577754
1.4600000000000009,7.500000000000001e-05,337.2022831114792
1.4800000000000009,7.500000000000001e-05,336.89385449550724
1.5000000000000009,7.500000000000001e-05,336.6671423348798
1.5200000000000007,7.500000000000001e-05,336.3797417856381
1.5400000000000007,7.500000000000001e-05,336.17074120256063
1.5600000000000007,7.500000000000001e-05,335.90285348583365
1.5800000000000007,7.500000000000001e-05,335.7098650488447
1.6000000000000008,7.500000000000001e-05,335.4600908228903
1.6200000000000008,7.500000000000001e-05,335.2816063588177
1.6400000000000008,7.500000000000001e-05,335.048649056025
1.6600000000000008,7.500000000000001e-05,334.8833249774315
1.6800000000000008,7.500000000000001e-05,334.6659805526946
1.7000000000000006,7.500000000000001e-05,334.5126158700745
1.7200000000000006,7.500000000000001e-05,334.309764563985
1.7400000000000007,7.500000000000001e-05,334.1672825774043
1.7600000000000007,7.500000000000001e-05,333.97788210873506
1.7800000000000007,7.500000000000001e-05,333.84531502619296
1.8000000000000007,7.500000000000001e-05,333.668394808602
1.8200000000000007,7.500000000000001e-05,333.5448707189784
1.8400000000000007,7.500000000000001e-05,333.3795268217579
1.8600000000000008,7.500000000000001e-05,333.2642585814701
1.8800000000000008,7.500000000000001e-05,333.10964924114415
1.9000000000000008,7.500000000000001e-05,333.0019249306341
0.7000000000000003,9.375e-05,364.55087022759903
0.7200000000000003,9.375e-05,364.07632635305055
0.7400000000000003,9.375e-05,362.32568974221016
0.7600000000000003,9.375e-05,360.44491030905203
0.7800000000000004,9.375e-05,358.9158975867032
0.8000000000000004,9.375e-05,357.407287880339
0.8200000000000004,9.375e-05,356.0675459053962
0.8400000000000003,9.375e-05,354.8312940232692
0.8600000000000003,9.375e-05,353.6624387649887
0.8800000000000003,9.375e-05,352.6102728718134
0.9000000000000004,9.375e-05,351.5870097105909
0.9200000000000004,9.375e-05,350.6678760707292
0.9400000000000004,9.375e-05,349.76581197457773
0.9600000000000004,9.375e-05,348.94947651294115
0.9800000000000004,9.375e-05,348.147961178803
1.0000000000000004,9.375e-05,347.4151743381107
1.0200000000000005,9.375e-05,346.6975661942898
1.0400000000000005,9.375e-05,346.0351046871288
1.0600000000000005,9.375e-05,345.38822047664
1.0800000000000005,9.375e-05,344.7863757776124
1.1000000000000005,9.375e-05,344.1997967146868
1.1200000000000006,9.375e-05,343.6510515169851
1.1400000000000006,9.375e-05,343.11650056062393
1.1600000000000006,9.375e-05,342.61479480763126
1.1800000000000006,9.375e-05,342.12563379046344
1.2000000000000006,9.375e-05,341.6659343999333
1.2200000000000006,9.375e-05,341.21671989997446
1.2400000000000007,9.375e-05,340.79424411147676
1.2600000000000007,9.375e-05,340.3798501418364
1.2800000000000007,9.375e-05,339.9913916544597
1.3000000000000007,9.375e-05,339.60914301908565
1.3200000000000007,9.375e-05,339.25155803647226
1.3400000000000007,9.375e-05,338.89820474826774
1.3600000000000008,9.375e-05,338.56869088215507
1.3800000000000008,9.375e-05,338.24148381729566
1.4000000000000008,9.375e-05,337.93751553112196
1.4200000000000008,9.375e-05,337.63410084650496
1.4400000000000008,9.375e-05,337.35340750937377
1.4600000000000009,9.375e-05,337.07173300457094
1.4800000000000009,9.375e-05,336.8122722348783
1.5000000000000009,9.375e-05,336.5505235101557
1.5200000000000007,9.375e-05,336.31045454729133
1.5400000000000007,9.375e-05,336.0670105140763
1.5600000000000007,9.375e-05,335.8446702420842
1.5800000000000007,9.375e-05,335.61807085822807
1.6000000000000008,9.375e-05,335.41195304811725
1.6200000000000008,9.375e-05,335.2008751099988
1.6400000000000008,9.375e-05,335.00961266715507
1.6600000000000008,9.375e-05,334.81285113891886
1.6800000000000008,9.375e-05,334.6352009267766
1.7000000000000006,9.375e-05,334.4516542011107
1.7200000000000006,9.375e-05,334.2864840047089
1.7400000000000007,9.375e-05,334.1151420251366
1.7600000000000007,9.375e-05,333.96141927538974
1.7800000000000007,9.375e-05,333.80135378268284
1.8000000000000007,9.375e-05,333.65813573092703
1.8200000000000007,9.375e-05,333.5084921131463
1.8400000000000007,9.375e-05,333.37491720784493
1.8600000000000008,9.375e-05,333.2349075801661
1.8800000000000008,9.375e-05,333.11018784899807
1.9000000000000008,9.375e-05,332.9790850912646
0.7000000000000003,0.00011250000000000001,361.54544340855784
0.7200000000000003,0.00011250000000000001,361.40157931492405
0.7400000000000003,0.00011250000000000001,360.318797834773
0.7600000000000003,0.00011250000000000001,358.7859096720754
0.7800000000000004,0.00011250000000000001,357.45097837903694
0.8000000000000004,0.00011250000000000001,356.146660566947
0.8200000000000004,0.00011250000000000001,354.9294287212689
0.8400000000000003,0.00011250000000000001,353.80337988484735
0.8600000000000003,0.00011250000000000001,352.73751820379744
0.8800000000000003,0.00011250000000000001,351.74502406921084
0.9000000000000004,0.00011250000000000001,350.81125189909386
0.9200000000000004,0.00011250000000000001,349.92620723711826
0.9400000000000004,0.00011250000000000001,349.100759858252
0.9600000000000004,0.00011250000000000001,348.3058706534739
0.9800000000000004,0.00011250000000000001,347.56911079862317
1.0000000000000004,0.00011250000000000001,346.85149603375703
1.0200000000000005,0.00011250000000000001,346.1884339050791
1.0400000000000005,0.00011250000000000001,345.5378371398082
1.0600000000000005,0.00011250000000000001,344.9371609164564
1.0800000000000005,0.00011250000000000001,344.3451453081338
1.1000000000000005,0.00011250000000000001,343.79821659658774
1.1200000000000006,0.00011250000000000001,343.2577323275005
1.1400000000000006,0.00011250000000000001,342.7578130928466
1.1600000000000006,0.00011250000000000001,342.2629181011693
1.1800000000000006,0.00011250000000000001,341.8046224723262
1.2000000000000006,0.00011250000000000001,341.35027703421747
1.2200000000000006,0.00011250000000000001,340.929161160935
1.2400000000000007,0.00011250000000000001,340.51075738458246
1.2600000000000007,0.00011250000000000001,340.1225691399029
1.2800000000000007,0.00011250000000000001,339.73650025210435
1.3000000000000007,0.00011250000000000001,339.37881884353794
1.3200000000000007,0.00011250000000000001,339.02219075301286
1.3400000000000007,0.00011250000000000001,338.69219126961366
1.3600000000000008,0.00011250000000000001,338.3622637801627
1.3800000000000008,0.00011250000000000001,338.05749817361357
1.4000000000000008,0.00011250000000000001,337.7518307204606
1.4200000000000008,0.00011250000000000001,337.4701310760871
1.4400000000000008,0.00011250000000000001,337.1865691117782
1.4600000000000009,0.00011250000000000001,336.9259881132625
1.4800000000000009,0.00011250000000000001,336.6626239992457
1.5000000000000009,0.00011250000000000001,336.4213986936871
1.5200000000000007,0.00011250000000000001,336.17653385981583
1.5400000000000007,0.00011250000000000001,335.95306068477754
1.5600000000000007,0.00011250000000000001,335.72517378699973
1.5800000000000007,0.00011250000000000001,335.5179897138995
1.6000000000000008,0.00011250000000000001,335.3057107368157
1.6200000000000008,0.00011250000000000001,335.1134781974899
1.6400000000000008,0.00011250000000000001,334.91556751213346
1.6600000000000008,0.00011250000000000001,334.7370618969175
1.6800000000000008,0.00011250000000000001,334.5523932548318
1.7000000000000006,0.00011250000000000001,334.3864922709672
1.7200000000000006,0.00011250000000000001,334.2140388820565
1.7400000000000007,0.00011250000000000001,334.0597133175316
1.7600000000000007,0.00011250000000000001,333.8985363401994
1.7800000000000007,0.00011250000000000001,333.75484192574174
1.8000000000000007,0.00011250000000000001,333.6040808510804
1.8200000000000007,0.00011250000000000001,333.4701510053587
1.8400000000000007,0.00011250000000000001,333.32901553781494
1.8600000000000008,0.00011250000000000001,333.20405484160716
1.8800000000000008,0.00011250000000000001,333.0718179711003
1.9000000000000008,0.00011250000000000001,332.9550962572348
0.7000000000000003,0.00013125000000000002,358.5753449547608
0.7200000000000003,0.00013125000000000002,358.64626506439834
0.7400000000000003,0.00013125000000000002,358.0446660559581
0.7600000000000003,0.00013125000000000002,356.9130996338903
0.7800000000000004,0.00013125000000000002,355.777722276256
0.8000000000000004,0.00013125000000000002,354.68459025705806
0.8200000000000004,0.00013125000000000002,353.6076569183542
0.8400000000000003,0.00013125000000000002,352.6063086656434
0.8600000000000003,0.00013125000000000002,351.64370245004716
0.8800000000000003,0.00013125000000000002,350.7386446005822
0.9000000000000004,0.00013125000000000002,349.87982681666944
0.9200000000000004,0.00013125000000000002,349.0643825715345
0.9400000000000004,0.00013125000000000002,348.2931372998676
0.9600000000000004,0.00013125000000000002,347.5574913994631
0.9800000000000004,0.00013125000000000002,346.86036910960576
1.0000000000000004,0.00013125000000000002,346.1946321890511
1.0200000000000005,0.00013125000000000002,345.56122935783895
1.0400000000000005,0.00013125000000000002,344.9565364066407
1.0600000000000005,0.00013125000000000002,344.378721492795
1.0800000000000005,0.00013125000000000002,343.82749242371534
1.1000000000000005,0.00013125000000000002,343.2987380789543
1.1200000000000006,0.00013125000000000002,342.7946086768287
1.1400000000000006,0.00013125000000000002,342.3095363867572
1.1600000000000006,0.00013125000000000002,341.8471830513063
1.1800000000000006,0.00013125000000000002,341.40126436231776
1.2000000000000006,0.00013125000000000002,340.9762152551763
1.2200000000000006,0.00013125000000000002,340.5655546441123
1.2400000000000007,0.00013125000000000002,340.1738353411814
1.2600000000000007,0.00013125000000000002,339.7946564981899
1.2800000000000007,0.00013125000000000002,339.4329123638051
1.3000000000000007,0.00013125000000000002,339.08273004724265
1.3200000000000007,0.00013125000000000002,338.7485123559798
1.3400000000000007,0.00013125000000000002,338.4247332687813
1.3600000000000008,0.00013125000000000002,338.1156022969487
1.3800000000000008,0.00013125000000000002,337.8159200283958
1.4000000000000008,0.00013125000000000002,337.5296908783578
1.4200000000000008,0.00013125000000000002,337.25203478842326
1.4400000000000008,0.00013125000000000002,336.98676178428445
1.4600000000000009,0.00013125000000000002,336.7292659040178
1.4800000000000009,0.00013125000000000002,336.48320534034156
1.5000000000000009,0.00013125000000000002,336.24418402117
1.5200000000000007,0.00013125000000000002,336.01576262018267
1.5400000000000007,0.00013125000000000002,335.7936895304193
1.5600000000000007,0.00013125000000000002,335.5814800175059
1.5800000000000007,0.00013125000000000002,335.3749698478969
1.6000000000000008,0.00013125000000000002,335.17767199326795
1.6200000000000008,0.00013125000000000002,334.9854646185592
1.6400000000000008,0.00013125000000000002,334.80189021188676
1.6600000000000008,0.00013125000000000002,334.6228370331196
1.6800000000000008,0.00013125000000000002,334.45189769026126
1.7000000000000006,0.00013125000000000002,334.28494985624377
1.7200000000000006,0.00013125000000000002,334.1256469004056
1.7400000000000007,0.00013125000000000002,333.96984511830703
1.7600000000000007,0.00013125000000000002,333.8212610133642
1.7800000000000007,0.00013125000000000002,333.67572669147154
1.8000000000000007,0.00013125000000000002,333.5370176627563
1.8200000000000007,0.00013125000000000002,333.4009451679036
1.8400000000000007,0.00013125000000000002,333.271334751899
1.8600000000000008,0.00013125000000000002,333.14398460186834
1.8800000000000008,0.00013125000000000002,333.02275793867454
1.9000000000000008,0.00013125000000000002,332.9034507827826
0.7000000000000003,0.00015000000000000001,355.65469331695516
0.7200000000000003,0.00015000000000000001,355.861561393046
0.7400000000000003,0.00015000000000000001,355.6060086557325
0.7600000000000003,0.00015000000000000001,354.84705030694
0.7800000000000004,0.00015000000000000001,353.94059591283207
0.8000000000000004,0.00015000000000000001,353.0411599211499
0.8200000000000004,0.00015000000000000001,352.1284632666723
0.8400000000000003,0.00015000000000000001,351.25097753352003
0.8600000000000003,0.00015000000000000001,350.4051758841441
0.8800000000000003,0.00015000000000000001,349.5919059763739
0.9000000000000004,0.00015000000000000001,348.8185047516174
0.9200000000000004,0.00015000000000000001,348.07567744385653
0.9400000000000004,0.00015000000000000001,347.3698467148752
0.9600000000000004,0.00015000000000000001,346.69312018376917
0.9800000000000004,0.00015000000000000001,346.04854790132833
1.0000000000000004,0.00015000000000000001,345.4311720567724
1.0200000000000005,0.00015000000000000001,344.84171652917274
1.0400000000000005,0.00015000000000000001,344.27706572870227
1.0600000000000005,0.00015000000000000001,343.7371129930362
1.0800000000000005,0.00015000000000000001,343.2193512012684
1.1000000000000005,0.00015000000000000001,342.7238846389906
1.1200000000000006,0.00015000000000000001,342.24802757771505
1.1400000000000006,0.00015000000000000001,341.7926114160933
1.1600000000000006,0.00015000000000000001,341.3544172657036
1.1800000000000006,0.00015000000000000001,340.9351473638913
1.2000000000000006,0.00015000000000000001,340.53098007735144
1.2200000000000006,0.00015000000000000001,340.1444126606149
1.2400000000000007,0.00015000000000000001,339.7710093026465
1.2600000000000007,0.00015000000000000001,339.4138260466309
1.2800000000000007,0.00015000000000000001,339.068241119396
1.3000000000000007,0.00015000000000000001,338.7380088961392
1.3200000000000007,0.00015000000000000001,338.4181272129435
1.3400000000000007,0.00015000000000000001,338.1125566998802
1.3600000000000008,0.00015000000000000001,337.8162122553095
1.3800000000000008,0.00015000000000000001,337.5332108410358
1.4000000000000008,0.00015000000000000001,337.25843731195425
1.4200000000000008,0.00015000000000000001,336.99610850832744
1.4400000000000008,0.00015000000000000001,336.74112802568237
1.4600000000000009,0.00015000000000000001,336.4977570000196
1.4800000000000009,0.00015000000000000001,336.2609553456312
1.5000000000000009,0.00015000000000000001,336.03498939550764
1.5200000000000007,0.00015000000000000001,335.81489594849904
1.5400000000000007,0.00015000000000000001,335.60492538561095
1.5600000000000007,0.00015000000000000001,335.4001972304683
1.5800000000000007,0.00015000000000000001,335.20493846808705
1.6000000000000008,0.00015000000000000001,335.0143472942144
1.6200000000000008,0.00015000000000000001,334.832628418904
1.6400000000000008,0.00015000000000000001,334.6550493659421
1.6600000000000008,0.00015000000000000001,334.4857979540564
1.6800000000000008,0.00015000000000000001,334.32019991107404
1.7000000000000006,0.00015000000000000001,334.1624327231538
1.7200000000000006,0.00015000000000000001,334.0078697767386
1.7400000000000007,0.00015000000000000001,333.860683976283
1.7600000000000007,0.00015000000000000001,333.71628780234886
1.7800000000000007,0.00015000000000000001,333.5788534002326
1.8000000000000007,0.00015000000000000001,333.44382645165393
1.8200000000000007,0.00015000000000000001,333.3153797369623
1.8400000000000007,0.00015000000000000001,333.18898911472905
1.8600000000000008,0.00015000000000000001,333.06882688499854
1.8800000000000008,0.00015000000000000001,332.9503988043566
1.9000000000000008,0.00015000000000000001,332.8378732504521
0.7000000000000003,0.00016875,352.7883629891905
0.7200000000000003,0.00016875,353.0873596388113
0.7400000000000003,0.00016875,353.0742466730833
0.7600000000000003,0.00016875,352.6333927739607
0.7800000000000004,0.00016875,351.96546664322415
0.8000000000000004,0.00016875,351.2521530557969
0.8200000000000004,0.00016875,350.5070075346426
0.8400000000000003,0.00016875,349.761726381025
0.8600000000000003,0.00016875,349.0338683687136
0.8800000000000003,0.00016875,348.3220832580469
0.9000000000000004,0.00016875,347.6365396433547
0.9200000000000004,0.00016875,346.97396249103997
0.9400000000000004,0.00016875,346.33724830827094
0.9600000000000004,0.00016875,345.7252681173047
0.9800000000000004,0.00016875,345.13724307280495
1.0000000000000004,0.00016875,344.5731646071381
1.0200000000000005,0.00016875,344.03115405598453
1.0400000000000005,0.00016875,343.51128761296064
1.0600000000000005,0.00016875,343.011785592124
1.0800000000000005,0.00016875,342.53239764484624
1.1000000000000005,0.00016875,342.0717960155071
1.1200000000000006,0.00016875,341.6293905473982
1.1400000000000006,0.00016875,341.20427489931353
1.1600000000000006,0.00016875,340.7956592915335
1.1800000000000006,0.00016875,340.40290864276085
1.2000000000000006,0.00016875,340.0251903426502
1.2200000000000006,0.00016875,339.6619849656195
1.2400000000000007,0.00016875,339.3124803900826
1.2600000000000007,0.00016875,338.9760904379485
1.2800000000000007,0.00016875,338.6522391555017
1.3000000000000007,0.00016875,338.34048210226905
1.3200000000000007,0.00016875,338.04039264905146
1.3400000000000007,0.00016875,337.75134557802863
1.3600000000000008,0.00016875,337.47309791731925
1.3800000000000008,0.00016875,337.20493685345457
1.4000000000000008,0.00016875,336.94676553259745
1.4200000000000008,0.00016875,336.6978100625683
1.4400000000000008,0.00016875,336.45809933006495
1.4600000000000009,0.00016875,336.22681196679173
1.4800000000000009,0.00016875,336.00408267769154
1.5000000000000009,0.00016875,335.78905703910823
1.5200000000000007,0.00016875,335.581954552201
1.5400000000000007,0.00016875,335.381902488725
1.5600000000000007,0.00016875,335.18918550974
1.5800000000000007,0.00016875,335.00292546859293
1.6000000000000008,0.00016875,334.82345577872684
1.6200000000000008,0.00016875,334.6499026799795
1.6400000000000008,0.00016875,334.4826357798012
1.6600000000000008,0.00016875,334.3207922192615
1.6800000000000008,0.00016875,334.1647688830502
1.7000000000000006,0.00016875,334.01371742001777
1.7200000000000006,0.00016875,333.8680561092834
1.7400000000000007,0.00016875,333.72695243359885
1.7600000000000007,0.00016875,333.59084249232103
1.7800000000000007,0.00016875,333.458909312759
1.8000000000000007,0.00016875,333.3316048589393
1.8200000000000007,0.00016875,333.20812639454243
1.8400000000000007,0.00016875,333.08894082537205
1.8600000000000008,0.00016875,332.97325781063586
1.8800000000000008,0.00016875,332.8615588462997
1.9000000000000008,0.00016875,332.7530639820447
0.7000000000000003,0.0001875,349.9822784603153
0.7200000000000003,0.0001875,350.34661571894196
0.7400000000000003,0.0001875,350.5027961072565
0.7600000000000003,0.0001875,350.31860796442055
0.7800000000000004,0.0001875,349.88068829499605
0.8000000000000004,0.0001875,349.3478109997085
0.8200000000000004,0.0001875,348.7659292200617
0.8400000000000003,0.0001875,348.15740479490785
0.8600000000000003,0.0001875,347.5483490882776
0.8800000000000003,0.0001875,346.94240145973197
0.9000000000000004,0.0001875,346.34865809111625
0.9200000000000004,0.0001875,345.7696406513947
0.9400000000000004,0.0001875,345.2069670283199
0.9600000000000004,0.0001875,344.66256553173963
0.9800000000000004,0.0001875,344.1358899657497
1.0000000000000004,0.0001875,343.62780585346167
1.0200000000000005,0.0001875,343.137563636924
1.0400000000000005,0.0001875,342.6650937817338
1.0600000000000005,0.0001875,342.209894303184
1.0800000000000005,0.0001875,341.771327344794
1.1000000000000005,0.0001875,341.3490990748555
1.1200000000000006,0.0001875,340.9423289684057
1.1400000000000006,0.0001875,340.5508116979259
1.1600000000000006,0.0001875,340.17362721239584
1.1800000000000006,0.0001875,339.81057995613173
1.2000000000000006,0.0001875,339.4608044238973
1.2200000000000006,0.0001875,339.1240856005503
1.2400000000000007,0.0001875,338.79960234845674
1.2600000000000007,0.0001875,338.48706946317424
1.2800000000000007,0.0001875,338.1857601106919
1.3000000000000007,0.0001875,337.8955441672316
1.3200000000000007,0.0001875,337.6157691937441
1.3400000000000007,0.0001875,337.3462737122656
1.3600000000000008,0.0001875,337.08640283527717
1.3800000000000008,0.0001875,336.83605735679356
1.4000000000000008,0.0001875,336.59456134112673
1.4200000000000008,0.0001875,336.36189171940856
1.4400000000000008,0.0001875,336.13734854872047
1.4600000000000009,0.0001875,335.9209865400401
1.4800000000000009,0.0001875,335.7120798347875
1.5000000000000009,0.0001875,335.51075962257227
1.5200000000000007,0.0001875,335.3162737280005
1.5400000000000007,0.0001875,335.1288258657873
1.5600000000000007,0.0001875,334.9476393913355
1.5800000000000007,0.0001875,334.7729843388417
1.6000000000000008,0.0001875,334.60406328006144
1.6200000000000008,0.0001875,334.4412050371208
1.6400000000000008,0.0001875,334.2835960560167
1.6600000000000008,0.0001875,334.1316160462344
1.6800000000000008,0.0001875,333.98444015078945
1.7000000000000006,0.0001875,333.8424914181454
1.7200000000000006,0.0001875,333.7049381140659
1.7400000000000007,0.0001875,333.57223986284765
1.7600000000000007,0.0001875,333.4435617761571
1.7800000000000007,0.0001875,333.3193942661056
1.8000000000000007,0.0001875,333.19890220659033
1.8200000000000007,0.0001875,333.08260200268313
1.8400000000000007,0.0001875,332.96966043010633
1.8600000000000008,0.0001875,332.8606159978958
1.8800000000000008,0.0001875,332.75463885338417
1.9000000000000008,0.0001875,332.65228648527767
0.7000000000000003,0.00020625000000000003,347.2415746068877
0.7200000000000003,0.00020625000000000003,347.65542512111824
0.7400000000000003,0.00020625000000000003,347.93034185652004
0.7600000000000003,0.00020625000000000003,347.94567486874513
0.7800000000000004,0.00020625000000000003,347.7155635088769
0.8000000000000004,0.00020625000000000003,347.3558461673068
0.8200000000000004,0.00020625000000000003,346.92896358432705
0.8400000000000003,0.00020625000000000003,346.4572971573774
0.8600000000000003,0.00020625000000000003,345.9667993176522
0.8800000000000003,0.00020625000000000003,345.46795980860514
0.9000000000000004,0.00020625000000000003,344.96867002590034
0.9200000000000004,0.00020625000000000003,344.47520795970314
0.9400000000000004,0.00020625000000000003,343.9897810684475
0.9600000000000004,0.00020625000000000003,343.51553350963354
0.9800000000000004,0.00020625000000000003,343.0532277062379
1.0000000000000004,0.00020625000000000003,342.6040158623101
1.0200000000000005,0.00020625000000000003,342.1682664639506
1.0400000000000005,0.00020625000000000003,341.7461138921194
1.0600000000000005,0.00020625000000000003,341.3377034304673
1.0800000000000005,0.00020625000000000003,340.9427540784714
1.1000000000000005,0.00020625000000000003,340.5612099802801
1.1200000000000006,0.00020625000000000003,340.192672187126
1.1400000000000006,0.00020625000000000003,339.83691883831347
1.1600000000000006,0.00020625000000000003,339.4935493559042
1.1800000000000006,0.00020625000000000003,339.1622297217283
1.2000000000000006,0.00020625000000000003,338.8425873316563
1.2200000000000006,0.00020625000000000003,338.53422792964386
1.2400000000000007,0.00020625000000000003,338.23678395162756
1.2600000000000007,0.00020625000000000003,337.9497984614731
1.2800000000000007,0.00020625000000000003,337.6729184410451
1.3000000000000007,0.00020625000000000003,337.4057878773914
1.3200000000000007,0.00020625000000000003,337.1481213143508
1.3400000000000007,0.00020625000000000003,336.89955066123
1.3600000000000008,0.00020625000000000003,336.65977242043414
1.3800000000000008,0.00020625000000000003,336.4284485019638
1.4000000000000008,0.00020625000000000003,336.2052746236693
1.4200000000000008,0.00020625000000000003,335.9899385634634
1.4400000000000008,0.00020625000000000003,335.7821476523198
1.4600000000000009,0.00020625000000000003,335.58161134911387
1.4800000000000009,0.00020625000000000003,335.38805448438467
1.5000000000000009,0.00020625000000000003,335.2012048462324
1.5200000000000007,0.00020625000000000003,335.0208081408558
1.5400000000000007,0.00020625000000000003,334.8466071325785
1.5600000000000007,0.00020625000000000003,334.67837064800426
1.5800000000000007,0.00020625000000000003,334.51585325036064
1.6000000000000008,0.00020625000000000003,334.3588482050986
1.6200000000000008,0.00020625000000000003,334.2071192274752
1.6400000000000008,0.00020625000000000003,334.0604844270392
1.6600000000000008,0.00020625000000000003,333.91871472693055
1.6800000000000008,0.00020625000000000003,333.78165266755667
1.7000000000000006,0.00020625000000000003,333.649075118873
1.7200000000000006,0.00020625000000000003,333.5208479991673
1.7400000000000007,0.00020625000000000003,333.39675341839774
1.7600000000000007,0.00020625000000000003,333.2766791885699
1.7800000000000007,0.00020625000000000003,333.1604123433534
1.8000000000000007,0.00020625000000000003,333.0478608675808
1.8200000000000007,0.00020625000000000003,332.93881663920735
1.8400000000000007,0.00020625000000000003,332.83320601595364
1.8600000000000008,0.00020625000000000003,332.7308257543635
1.8800000000000008,0.00020625000000000003,332.63161882052657
1.9000000000000008,0.00020625000000000003,332.53538691002785
0.7000000000000003,0.00022500000000000002,344.5712388431387
0.7200000000000003,0.00022500000000000002,345.02436257726964
0.7400000000000003,0.00022500000000000002,345.3836687674218
0.7600000000000003,0.00022500000000000002,345.5505450437186
0.7800000000000004,0.00022500000000000002,345.4993934951975
0.8000000000000004,0.00022500000000000002,345.3013579191168
0.8200000000000004,0.00022500000000000002,345.0198414155754
0.8400000000000003,0.00022500000000000002,344.68072890415516
0.8600000000000003,0.00022500000000000002,344.307265570058
0.8800000000000003,0.00022500000000000002,343.9144665940938
0.9000000000000004,0.00022500000000000002,343.5106471574027
0.9200000000000004,0.00022500000000000002,343.10358002666936
0.9400000000000004,0.00022500000000000002,342.6971440194294
0.9600000000000004,0.00022500000000000002,342.29485157677215
0.9800000000000004,0.00022500000000000002,341.89890034082833
1.0000000000000004,0.00022500000000000002,341.5107214288252
1.0200000000000005,0.00022500000000000002,341.13155453373173
1.0400000000000005,0.00022500000000000002,340.7619249415496
1.0600000000000005,0.00022500000000000002,340.40242997376777
1.0800000000000005,0.00022500000000000002,340.05321494884356
1.1000000000000005,0.00022500000000000002,339.71446174881777
1.1200000000000006,0.00022500000000000002,339.3861418340265
1.1400000000000006,0.00022500000000000002,339.06819325712337
1.1600000000000006,0.00022500000000000002,338.76048903654765
1.1800000000000006,0.00022500000000000002,338.46284054039046
1.2000000000000006,0.00022500000000000002,338.1750533748201
1.2200000000000006,0.00022500000000000002,337.89688238077565
1.2400000000000007,0.00022500000000000002,337.62807269548273
1.2600000000000007,0.00022500000000000002,337.36832975501846
1.2800000000000007,0.00022500000000000002,337.1173524565502
1.3000000000000007,0.00022500000000000002,336.87490089674503
1.3200000000000007,0.00022500000000000002,336.6407153864778
1.3400000000000007,0.00022500000000000002,336.4145578139113
1.3600000000000008,0.00022500000000000002,336.1961386438876
1.3800000000000008,0.00022500000000000002,335.98522908847167
1.4000000000000008,0.00022500000000000002,335.78153669085987
1.4200000000000008,0.00022500000000000002,335.5848407895016
1.4400000000000008,0.00022500000000000002,335.394856854998
1.4600000000000009,0.00022500000000000002,335.21137494388375
1.4800000000000009,0.00022500000000000002,335.03412199198976
1.5000000000000009,0.00022500000000000002,334.86290116978654
1.5200000000000007,0.00022500000000000002,334.6974519206232
1.5400000000000007,0.00022500000000000002,334.53759209584973
1.5600000000000007,0.00022500000000000002,334.3830735134435
1.5800000000000007,0.00022500000000000002,334.23372974745445
1.6000000000000008,0.00022500000000000002,334.0893241398143
1.6200000000000008,0.00022500000000000002,333.9497067234998
1.6400000000000008,0.00022500000000000002,333.81465111203573
1.6600000000000008,0.00022500000000000002,333.6840242809162
1.6800000000000008,0.00022500000000000002,333.55760872421666
1.7000000000000006,0.00022500000000000002,333.4352885749079
1.7200000000000006,0.00022500000000000002,333.3168538690937
1.7400000000000007,0.00022500000000000002,333.2022058283922
1.7600000000000007,0.00022500000000000002,333.0911408579774
1.7800000000000007,0.00022500000000000002,332.98357692623784
1.8000000000000007,0.00022500000000000002,332.8793158474463
1.8200000000000007,0.00022500000000000002,332.7782917578773
1.8400000000000007,0.00022500000000000002,332.6803111357127
1.8600000000000008,0.00022500000000000002,332.58532352075383
1.8800000000000008,0.00022500000000000002,332.49313949992563
1.9000000000000008,0.00022500000000000002,332.40372312321887
0.7000000000000003,0.00024375000000000002,341.9759030754819
0.7200000000000003,0.00024375000000000002,342.461402719629
0.7400000000000003,0.00024375000000000002,342.88210677235696
0.7600000000000003,0.00024375000000000002,343.1624455976911
0.7800000000000004,0.00024375000000000002,343.25964118252386
0.8000000000000004,0.00024375000000000002,343.2079294695632
0.8200000000000004,0.00024375000000000002,343.060932532477
0.8400000000000003,0.00024375000000000002,342.84712971451665
0.8600000000000003,0.00024375000000000002,342.5872294957093
0.8800000000000003,0.00024375000000000002,342.29788074484804
0.9000000000000004,0.00024375000000000002,341.9887061701452
0.9200000000000004,0.00024375000000000002,341.6678766188944
0.9400000000000004,0.00024375000000000002,341.3408120088779
0.9600000000000004,0.00024375000000000002,341.01143556615256
0.9800000000000004,0.00024375000000000002,340.6828873796236
1.0000000000000004,0.00024375000000000002,340.3571646147684
1.0200000000000005,0.00024375000000000002,340.03600268434195
1.0400000000000005,0.00024375000000000002,339.7204889643455
1.0600000000000005,0.00024375000000000002,339.411512169563
1.0800000000000005,0.00024375000000000002,339.1096696454026
1.1000000000000005,0.00024375000000000002,338.8153637583106
1.1200000000000006,0.00024375000000000002,338.52888977637355
1.1400000000000006,0.00024375000000000002,338.25037992258984
1.1600000000000006,0.00024375000000000002,337.9799297950427
1.1800000000000006,0.00024375000000000002,337.7175226814366
1.2000000000000006,0.00024375000000000002,337.4631218148333
1.2200000000000006,0.00024375000000000002,337.2166261576541
1.2400000000000007,0.00024375000000000002,336.9779074016971
1.2600000000000007,0.00024375000000000002,336.74679346368
1.2800000000000007,0.00024375000000000002,336.52308841700886
1.3000000000000007,0.00024375000000000002,336.30661838539305
1.3200000000000007,0.00024375000000000002,336.09721042583845
1.3400000000000007,0.00024375000000000002,335.894684166309
1.3600000000000008,0.00024375000000000002,335.6988389955772
1.3800000000000008,0.00024375000000000002,335.50948026909197
1.4000000000000008,0.00024375000000000002,335.32640234624205
1.4200000000000008,0.00024375000000000002,335.1494034060175
1.4400000000000008,0.00024375000000000002,334.9782806845797
1.4600000000000009,0.00024375000000000002,334.812832967291
1.4800000000000009,0.00024375000000000002,334.6528639338829
1.5000000000000009,0.00024375000000000002,334.49817786240504
1.5200000000000007,0.00024375000000000002,334.3485869459173
1.5400000000000007,0.00024375000000000002,334.20390373620427
1.5600000000000007,0.00024375000000000002,334.0639500868115
1.5800000000000007,0.00024375000000000002,333.92854835135205
1.6000000000000008,0.00024375000000000002,333.79753056267117
1.6200000000000008,0.00024375000000000002,333.6707296118808
1.6400000000000008,0.00024375000000000002,333.5479878465337
1.6600000000000008,0.00024375000000000002,333.42914888414276
1.6800000000000008,0.00024375000000000002,333.3140653126258
1.7000000000000006,0.00024375000000000002,333.2025912788781
1.7200000000000006,0.00024375000000000002,333.094589427518
1.7400000000000007,0.00024375000000000002,332.9899239773085
1.7600000000000007,0.00024375000000000002,332.88846738445113
1.7800000000000007,0.00024375000000000002,332.79009332358373
1.8000000000000007,0.00024375000000000002,332.694683774256
1.8200000000000007,0.00024375000000000002,332.6021211723995
1.8400000000000007,0.00024375000000000002,332.51229669510064
1.8600000000000008,0.00024375000000000002,332.42510082482295
1.8800000000000008,0.00024375000000000002,332.34043357510205
1.9000000000000008,0.00024375000000000002,332.2581927792267
0.7000000000000003,0.00026250000000000004,339.4597610527356
0.7200000000000003,0.00026250000000000004,339.9725373174601
0.7400000000000003,0.00026250000000000004,340.4389738873055
0.7600000000000003,0.00026250000000000004,340.80374300799616
0.7800000000000004,0.00026250000000000004,341.02055518123274
0.8000000000000004,0.00026250000000000004,341.09727276712266
0.8200000000000004,0.00026250000000000004,341.07283241510595
0.8400000000000003,0.00026250000000000004,340.97533922364465
0.8600000000000003,0.00026250000000000004,340.82359436821173
0.8800000000000003,0.00026250000000000004,340.63388618770415
0.9000000000000004,0.00026250000000000004,340.41697858646864
0.9200000000000004,0.00026250000000000004,340.18114353320345
0.9400000000000004,0.00026250000000000004,339.932761241514
0.9600000000000004,0.00026250000000000004,339.6762962638865
0.9800000000000004,0.00026250000000000004,339.4154367688059
1.0000000000000004,0.00026250000000000004,339.1527937166261
1.0200000000000005,0.00026250000000000004,338.8904623253476
1.0400000000000005,0.00026250000000000004,338.63002600656245
1.0600000000000005,0.00026250000000000004,338.37267086525003
1.0800000000000005,0.00026250000000000004,338.1193453290311
1.1000000000000005,0.00026250000000000004,337.87071661124116
1.1200000000000006,0.00026250000000000004,337.62732198427926
1.1400000000000006,0.00026250000000000004,337.3895221661074
1.1600000000000006,0.00026250000000000004,337.15758712081805
1.1800000000000006,0.00026250000000000004,336.9316870646346
1.2000000000000006,0.00026250000000000004,336.7119205507186
1.2200000000000006,0.00026250000000000004,336.4983336664413
1.2400000000000007,0.00026250000000000004,336.2909127299195
1.2600000000000007,0.00026250000000000004,336.08960671250264
1.2800000000000007,0.00026250000000000004,335.89431872398995
1.3000000000000007,0.00026250000000000004,335.70495473141233
1.3200000000000007,0.00026250000000000004,335.5214142013074
1.3400000000000007,0.00026250000000000004,335.3435874135635
1.3600000000000008,0.00026250000000000004,335.1713423826082
1.3800000000000008,0.00026250000000000004,335.0045422118795
1.4000000000000008,0.00026250000000000004,334.8430393821394
1.4200000000000008,0.00026250000000000004,334.6866827456491
1.4400000000000008,0.00026250000000000004,334.53531710713935
1.4600000000000009,0.00026250000000000004,334.38878692319895
1.4800000000000009,0.00026250000000000004,334.2469348703085
1.5000000000000009,0.00026250000000000004,334.10960674034044
1.5200000000000007,0.00026250000000000004,333.9766470170716
1.5400000000000007,0.00026250000000000004,333.84790616413443
1.5600000000000007,0.00026250000000000004,333.723233071169
1.5800000000000007,0.00026250000000000004,333.60248483132597
1.6000000000000008,0.00026250000000000004,333.4855163613851
1.6200000000000008,0.00026250000000000004,333.37219247549984
1.6400000000000008,0.00026250000000000004,333.2623750666726
1.6600000000000008,0.00026250000000000004,333.1559371941114
1.6800000000000008,0.00026250000000000004,333.05274821350105
1.7000000000000006,0.00026250000000000004,332.95268958592277
1.7200000000000006,0.00026250000000000004,332.85563829009794
1.7400000000000007,0.00026250000000000004,332.76148411766593
1.7600000000000007,0.00026250000000000004,332.6701115972858
1.7800000000000007,0.00026250000000000004,332.58141864558127
1.8000000000000007,0.00026250000000000004,332.4952971025382
1.8200000000000007,0.00026250000000000004,332.4116527299288
1.8400000000000007,0.00026250000000000004,332.3303843279418
1.8600000000000008,0.00026250000000000004,332.2514051853982
1.8800000000000008,0.00026250000000000004,332.1746206413229
1.9000000000000008,0.00026250000000000004,332.0999511754931
0.7000000000000003,0.00028125000000000003,337.0266114165781
0.7200000000000003,0.00028125000000000003,337.56266716270346
0.7400000000000003,0.00028125000000000003,338.06410640314795
0.7600000000000003,0.00028125000000000003,338.49174180895955
0.7800000000000004,0.00028125000000000003,338.80294878993226
0.8000000000000004,0.00028125000000000003,338.98925244588213
0.8200000000000004,0.00028125000000000003,339.0744546468528
0.8400000000000003,0.00028125000000000003,339.0832151273233
0.8600000000000003,0.00028125000000000003,339.03265157513545
0.8800000000000003,0.00028125000000000003,338.9376507525407
0.9000000000000004,0.00028125000000000003,338.8094087061031
0.9200000000000004,0.00028125000000000003,338.6562467346637
0.9400000000000004,0.00028125000000000003,338.4849409718134
0.9600000000000004,0.00028125000000000003,338.30047089702697
0.9800000000000004,0.00028125000000000003,338.10685089929655
1.0000000000000004,0.00028125000000000003,337.90718712696196
1.0200000000000005,0.00028125000000000003,337.7038956746751
1.0400000000000005,0.00028125000000000003,337.4989290618474
1.0600000000000005,0.00028125000000000003,337.2937774280911
1.0800000000000005,0.00028125000000000003,337.08965616669377
1.1000000000000005,0.00028125000000000003,336.8874948479482
1.1200000000000006,0.00028125000000000003,336.68803439603573
1.1400000000000006,0.00028125000000000003,336.49184640620933
1.1600000000000006,0.00028125000000000003,336.29936582131916
1.1800000000000006,0.00028125000000000003,336.11092640598446
1.2000000000000006,0.00028125000000000003,335.92676471932475
1.2200000000000006,0.00028125000000000003,335.7470533692801
1.2400000000000007,0.00028125000000000003,335.57189661513627
1.2600000000000007,0.00028125000000000003,335.4013482996758
1.2800000000000007,0.00028125000000000003,335.23541347263705
1.3000000000000007,0.00028125000000000003,335.07407527245806
1.3200000000000007,0.00028125000000000003,334.9173070244628
1.3400000000000007,0.00028125000000000003,334.76506453258446
1.3600000000000008,0.00028125000000000003,334.61728340605737
1.3800000000000008,0.00028125000000000003,334.47388320156523
1.4000000000000008,0.00028125000000000003,334.3347734113865
1.4200000000000008,0.00028125000000000003,334.1998525130128
1.4400000000000008,0.00028125000000000003,334.0690138751864
1.4600000000000009,0.00028125000000000003,333.9421451686517
1.4800000000000009,0.00028125000000000003,333.8191315054008
1.5000000000000009,0.00028125000000000003,333.6998560547217
1.5200000000000007,0.00028125000000000003,333.5842011534363
1.5400000000000007,0.00028125000000000003,333.47204953026915
1.5600000000000007,0.00028125000000000003,333.36328436144674
1.5800000000000007,0.00028125000000000003,333.25779059079133
1.6000000000000008,0.00028125000000000003,333.1554545573888
1.6200000000000008,0.00028125000000000003,333.0561651231182
1.6400000000000008,0.00028125000000000003,332.9598132395344
1.6600000000000008,0.00028125000000000003,332.8662927319457
1.6800000000000008,0.00028125000000000003,332.77550001608915
1.7000000000000006,0.00028125000000000003,332.68733447450046
1.7200000000000006,0.00028125000000000003,332.6016984261007
1.7400000000000007,0.00028125000000000003,332.51849709605784
1.7600000000000007,0.00028125000000000003,332.43763886219426
1.7800000000000007,0.00028125000000000003,332.3590348672677
1.8000000000000007,0.00028125000000000003,332.28259951338896
1.8200000000000007,0.00028125000000000003,332.2082497921726
1.8400000000000007,0.00028125000000000003,332.13590597214204
1.8600000000000008,0.00028125000000000003,332.06549072736675
1.8800000000000008,0.00028125000000000003,331.9969299594363
1.9000000000000008,0.00028125000000000003,331.93015179325886
0.7000000000000003,0.00030000000000000003,334.67980908024475
0.7200000000000003,0.00030000000000000003,335.2357584508683
0.7400000000000003,0.00030000000000000003,335.7645442402981
0.7600000000000003,0.00030000000000000003,336.23917063592694
0.7800000000000004,0.00030000000000000003,336.6237648085312
0.8000000000000004,0.00030000000000000003,336.90135395181557
0.8200000000000004,0.00030000000000000003,337.08277167926263
0.8400000000000003,0.00030000000000000003,337.18720385495686
0.8600000000000003,0.00030000000000000003,337.2297873103499
0.8800000000000003,0.00030000000000000003,337.2235961255622
0.9000000000000004,0.00030000000000000003,337.17949276321133
0.9200000000000004,0.00030000000000000003,337.1057258234106
0.9400000000000004,0.00030000000000000003,337.009093163668
0.9600000000000004,0.00030000000000000003,336.8949019630936
0.9800000000000004,0.00030000000000000003,336.767377672317
1.0000000000000004,0.00030000000000000003,336.629948435989
1.0200000000000005,0.00030000000000000003,336.485311082039
1.0400000000000005,0.00030000000000000003,336.3356792537818
1.0600000000000005,0.00030000000000000003,336.18281183419435
1.0800000000000005,0.00030000000000000003,336.02813960828087
1.1000000000000005,0.00030000000000000003,335.8728166546861
1.1200000000000006,0.00030000000000000003,335.71776672216487
1.1400000000000006,0.00030000000000000003,335.5637395910564
1.1600000000000006,0.00030000000000000003,335.4113257445755
1.1800000000000006,0.00030000000000000003,335.26099981500306
1.2000000000000006,0.00030000000000000003,335.11312905602864
1.2200000000000006,0.00030000000000000003,334.9679997207594
1.2400000000000007,0.00030000000000000003,334.8258256022788
1.2600000000000007,0.00030000000000000003,334.68675806786615
1.2800000000000007,0.00030000000000000003,334.5508961393326
1.3000000000000007,0.00030000000000000003,334.41830156134176
1.3200000000000007,0.00030000000000000003,334.2890168643463
1.3400000000000007,0.00030000000000000003,334.1630626832725
1.3600000000000008,0.00030000000000000003,334.04043642804135
1.3800000000000008,0.00030000000000000003,333.9211150878878
1.4000000000000008,0.00030000000000000003,333.8050608739724
1.4200000000000008,0.00030000000000000003,333.6922228952561
1.4400000000000008,0.00030000000000000003,333.5825403650384
1.4600000000000009,0.00030000000000000003,333.4759452203271
1.4800000000000009,0.00030000000000000003,333.37236306213356
1.5000000000000009,0.00030000000000000003,333.2717158819728
1.5200000000000007,0.00030000000000000003,333.1739220611483
1.5400000000000007,0.00030000000000000003,333.0788986468866
1.5600000000000007,0.00030000000000000003,332.98656105799853
1.5800000000000007,0.00030000000000000003,332.8968248379742
1.6000000000000008,0.00030000000000000003,332.8096052693174
1.6200000000000008,0.00030000000000000003,332.7248187177105
1.6400000000000008,0.00030000000000000003,332.64238218574394
1.6600000000000008,0.00030000000000000003,332.5622143969976
1.6800000000000008,0.00030000000000000003,332.48423526175037
1.7000000000000006,0.00030000000000000003,332.4083668401144
1.7200000000000006,0.00030000000000000003,332.3345326733248
1.7400000000000007,0.00030000000000000003,332.26265874454344
1.7600000000000007,0.00030000000000000003,332.1926726278219
1.7800000000000007,0.00030000000000000003,332.1245045403877
1.8000000000000007,0.00030000000000000003,332.0580862703944
1.8200000000000007,0.00030000000000000003,331.9933523879052
1.8400000000000007,0.00030000000000000003,331.9302389268049
1.8600000000000008,0.00030000000000000003,331.8686847966148
1.8800000000000008,0.00030000000000000003,331.8086302084968
1.9000000000000008,0.00030000000000000003,331.7500183095707
0.7000000000000003,0.00031875,332.42232144905483
0.7200000000000003,0.00031875,332.9951714181667
0.7400000000000003,0.00031875,333.5456968731817
0.7600000000000003,0.00031875,334.05573007973373
0.7800000000000004,0.00031875,334.496779215006
0.8000000000000004,0.00031875,334.8488251522219
0.8200000000000004,0.00031875,335.1130330795943
0.8400000000000003,0.00031875,335.30235043595724
0.8600000000000003,0.00031875,335.4294167501529
0.8800000000000003,0.00031875,335.50537467754367
0.9000000000000004,0.00031875,335.5401586043758
0.9200000000000004,0.00031875,335.54172118405097
0.9400000000000004,0.00031875,335.51664858515466
0.9600000000000004,0.00031875,335.4703359309215
0.9800000000000004,0.00031875,335.407122781693
1.0000000000000004,0.00031875,335.3306026299876
1.0200000000000005,0.00031875,335.24368103219877
1.0400000000000005,0.00031875,335.14875279327305
1.0600000000000005,0.00031875,335.04778210086755
1.0800000000000005,0.00031875,334.9423764987954
1.1000000000000005,0.00031875,334.8338655125505
1.1200000000000006,0.00031875,334.7233333022428
1.1400000000000006,0.00031875,334.61167523660185
1.1600000000000006,0.00031875,334.49962030142024
1.1800000000000006,0.00031875,334.3877646864479
1.2000000000000006,0.00031875,334.27659197766434
1.2200000000000006,0.00031875,334.1664912167542
1.2400000000000007,0.00031875,334.05777374776227
1.2600000000000007,0.00031875,333.95068103163464
1.2800000000000007,0.00031875,333.845396994737
1.3000000000000007,0.00031875,333.74205951866776
1.3200000000000007,0.00031875,333.64077682944804
1.3400000000000007,0.00031875,333.54163100231506
1.3600000000000008,0.00031875,333.44467740521765
1.3800000000000008,0.00031875,333.34994784387305
1.4000000000000008,0.00031875,333.2574553347504
1.4200000000000008,0.00031875,333.1671973147967
1.4400000000000008,0.00031875,333.07915817127724
1.4600000000000009,0.00031875,332.9933123755744
1.4800000000000009,0.00031875,332.90962588521944
1.5000000000000009,0.00031875,332.8280583997296
1.5200000000000007,0.00031875,332.7485644385393
1.5400000000000007,0.00031875,332.6710947443193
1.5600000000000007,0.00031875,332.5955971996777
1.5800000000000007,0.00031875,332.5220176493623
1.6000000000000008,0.00031875,332.4503006526793
1.6200000000000008,0.00031875,332.38038995445083
1.6400000000000008,0.00031875,332.31222906700623
1.6600000000000008,0.00031875,332.24576153985635
1.6800000000000008,0.00031875,332.18093138129643
1.7000000000000006,0.00031875,332.1176832185325
1.7200000000000006,0.00031875,332.0559625785344
1.7400000000000007,0.00031875,331.99571599240295
1.7600000000000007,0.00031875,331.9368911600507
1.7800000000000007,0.00031875,331.87943702711107
1.8000000000000007,0.00031875,331.823303860633
1.8200000000000007,0.00031875,331.76844330982004
1.8400000000000007,0.00031875,331.7148084203567
1.8600000000000008,0.00031875,331.6623536799887
1.8800000000000008,0.00031875,331.6110349971534
1.9000000000000008,0.00031875,331.5608097275421
0.7000000000000003,0.0003375,330.2566775109105
0.7200000000000003,0.0003375,330.8436865802318
0.7400000000000003,0.0003375,331.41161529990137
0.7600000000000003,0.0003375,331.94849856180343
0.7800000000000004,0.0003375,332.4326585358161
0.8000000000000004,0.0003375,332.84439473312415
0.8200000000000004,0.0003375,333.17852227345236
0.8400000000000003,0.0003375,333.4420543676291
0.8600000000000003,0.0003375,333.64470834763
0.8800000000000003,0.0003375,333.7956594614302
0.9000000000000004,0.0003375,333.903557685464
0.9200000000000004,0.0003375,333.97579268935374
0.9400000000000004,0.0003375,334.0185775041309
0.9600000000000004,0.0003375,334.0371787256702
0.9800000000000004,0.0003375,334.0359365566149
1.0000000000000004,0.0003375,334.0184876868146
1.0200000000000005,0.0003375,333.9878525706942
1.0400000000000005,0.0003375,333.9465409883443
1.0600000000000005,0.0003375,333.8966529480473
1.0800000000000005,0.0003375,333.8399308932105
1.1000000000000005,0.0003375,333.77783412139337
1.1200000000000006,0.0003375,333.7115762124805
1.1400000000000006,0.0003375,333.64216989888035
1.1600000000000006,0.0003375,333.5704587692837
1.1800000000000006,0.0003375,333.4971429784873
1.2000000000000006,0.0003375,333.42280468497245
1.2200000000000006,0.0003375,333.3479239954251
1.2400000000000007,0.0003375,333.2728971167994
1.2600000000000007,0.0003375,333.19804646761236
1.2800000000000007,0.0003375,333.12363196363594
1.3000000000000007,0.0003375,333.04986219998585
1.3200000000000007,0.0003375,332.97690728131874
1.3400000000000007,0.0003375,332.90490632474825
1.3600000000000008,0.0003375,332.83396868525654
1.3800000000000008,0.0003375,332.76417757436235
1.4000000000000008,0.0003375,332.69559435370275
1.4200000000000008,0.0003375,332.6282623547812
1.4400000000000008,0.0003375,332.5622094956307
1.4600000000000009,0.0003375,332.4974513134343
1.4800000000000009,0.0003375,332.43399292051777
1.5000000000000009,0.0003375,332.3718309701459
1.5200000000000007,0.0003375,332.3109552374635
1.5400000000000007,0.0003375,332.2513498696545
1.5600000000000007,0.0003375,332.1929945889802
1.5800000000000007,0.0003375,332.1358655386096
1.6000000000000008,0.0003375,332.07993613395655
1.6200000000000008,0.0003375,332.02517767585016
1.6400000000000008,0.0003375,331.9715599155918
1.6600000000000008,0.0003375,331.9190515219362
1.6800000000000008,0.0003375,331.8676204306086
1.7000000000000006,0.0003375,331.81723421129976
1.7200000000000006,0.0003375,331.76786026185954
1.7400000000000007,0.0003375,331.71946610254014
1.7600000000000007,0.0003375,331.6720194616311
1.7800000000000007,0.0003375,331.625488514551
1.8000000000000007,0.0003375,331.57984189545516
1.8200000000000007,0.0003375,331.53504889390643
1.8400000000000007,0.0003375,331.491079416536
1.8600000000000008,0.0003375,331.44790415193364
1.8800000000000008,0.0003375,331.4054944977682
1.9000000000000008,0.0003375,331.3638227038856
0.7000000000000003,0.00035625,328.18502966988683
0.7200000000000003,0.00035625,328.7836536998327
0.7400000000000003,0.00035625,329.3655110428147
0.7600000000000003,0.00035625,329.9228858239427
0.7800000000000004,0.00035625,330.43981193451134
0.8000000000000004,0.00035625,330.8986934072605
0.8200000000000004,0.00035625,331.2908238487004
0.8400000000000003,0.00035625,331.6182665478812
0.8600000000000003,0.00035625,331.88765393786366
0.8800000000000003,0.00035625,332.1061886718773
0.9000000000000004,0.00035625,332.28107262451886
0.9200000000000004,0.00035625,332.4188943910277
0.9400000000000004,0.00035625,332.52536325516024
0.9600000000000004,0.00035625,332.6054478896347
0.9800000000000004,0.00035625,332.66336686000506
1.0000000000000004,0.00035625,332.7027013268872
1.0200000000000005,0.00035625,332.72649082557666
1.0400000000000005,0.00035625,332.7372959580538
1.0600000000000005,0.00035625,332.7372876086019
1.0800000000000005,0.00035625,332.7282959124273
1.1000000000000005,0.00035625,332.7118683039112
1.1200000000000006,0.00035625,332.68931220140695
1.1400000000000006,0.00035625,332.661730435727
1.1600000000000006,0.00035625,332.63005528592106
1.1800000000000006,0.00035625,332.59507192179103
1.2000000000000006,0.00035625,332.5574429727292
1.2200000000000006,0.00035625,332.5177257533985
1.2400000000000007,0.00035625,332.47638889622914
1.2600000000000007,0.00035625,332.43382505853344
1.2800000000000007,0.00035625,332.39036129894174
1.3000000000000007,0.00035625,332.34626966616696
1.3200000000000007,0.00035625,332.3017773990025
1.3400000000000007,0.00035625,332.25707566129853
1.3600000000000008,0.00035625,332.21232346299644
1.3800000000000008,0.00035625,332.1676515427114
1.4000000000000008,0.00035625,332.1231666425808
1.4200000000000008,0.00035625,332.07895528999427
1.4400000000000008,0.00035625,332.0350867963917
1.4600000000000009,0.00035625,331.9916160167142
1.4800000000000009,0.00035625,331.94858568850066
1.5000000000000009,0.00035625,331.9060282920534
1.5200000000000007,0.00035625,331.86396782073774
1.5400000000000007,0.00035625,331.8224210905458
1.5600000000000007,0.00035625,331.7813990080743
1.5800000000000007,0.00035625,331.7409075346194
1.6000000000000008,0.00035625,331.70094856694107
1.6200000000000008,0.00035625,331.6615206566444
1.6400000000000008,0.00035625,331.62261961646055
1.6600000000000008,0.00035625,331.58423905332444
1.6800000000000008,0.00035625,331.5463707866409
1.7000000000000006,0.00035625,331.5090052371692
1.7200000000000006,0.00035625,331.47213171762667
1.7400000000000007,0.00035625,331.4357387106814
1.7600000000000007,0.00035625,331.39981407270216
1.7800000000000007,0.00035625,331.3643452276014
1.8000000000000007,0.00035625,331.32931931097806
1.8200000000000007,0.00035625,331.2947233012157
1.8400000000000007,0.00035625,331.26054412200864
1.8600000000000008,0.00035625,331.2267687277686
1.8800000000000008,0.00035625,331.19338417627324
1.9000000000000008,0.00035625,331.160377681804
0.7000000000000003,0.000375,326.20911528310927
0.7200000000000003,0.000375,326.8169778257916
0.7400000000000003,0.000375,327.40985022004253
0.7600000000000003,0.000375,327.9828613147398
0.7800000000000004,0.000375,328.52456475545
0.8000000000000004,0.000375,329.0202079017134
0.8200000000000004,0.000375,329.4596724964934
0.8400000000000003,0.000375,329.84133371596624
0.8600000000000003,0.000375,330.1688833533488
0.8800000000000003,0.000375,330.4475828580682
0.9000000000000004,0.000375,330.6831514429245
0.9200000000000004,0.000375,330.8812128196992
0.9400000000000004,0.000375,331.0468599226228
0.9600000000000004,0.000375,331.18464180601853
0.9800000000000004,0.000375,331.2985405242558
1.0000000000000004,0.000375,331.39199646543835
1.0200000000000005,0.000375,331.4679827673245
1.0400000000000005,0.000375,331.52904612372566
1.0600000000000005,0.000375,331.5773705678029
1.0800000000000005,0.000375,331.6148247041198
1.1000000000000005,0.000375,331.6430047277989
1.1200000000000006,0.000375,331.6632759205237
1.1400000000000006,0.000375,331.6768031327454
1.1600000000000006,0.000375,331.6845819068586
1.1800000000000006,0.000375,331.6874617869188
1.2000000000000006,0.000375,331.68616811311176
1.2200000000000006,0.000375,331.6813201675881
1.2400000000000007,0.000375,331.67344648079575
1.2600000000000007,0.000375,331.66299865166974
1.2800000000000007,0.000375,331.6503616370332
1.3000000000000007,0.000375,331.63586294262836
1.3200000000000007,0.000375,331.6197809252048
1.3400000000000007,0.000375,331.60235350413586
1.3600000000000008,0.000375,331.5837845484096
1.3800000000000008,0.000375,331.5642482566156
1.4000000000000008,0.000375,331.543893293404
1.4200000000000008,0.000375,331.5228465010686
1.4400000000000008,0.000375,331.5012160605659
1.4600000000000009,0.000375,331.4790941348801
1.4800000000000009,0.000375,331.4565592876574
1.5000000000000009,0.000375,331.43367840567134
1.5200000000000007,0.000375,331.41050845085385
1.5400000000000007,0.000375,331.3870979007524
1.5600000000000007,0.000375,331.3634879921615
1.5800000000000007,0.000375,331.3397137998832
1.6000000000000008,0.000375,331.31580512390457
1.6200000000000008,0.000375,331.29178728714686
1.6400000000000008,0.000375,331.2676817759916
1.6600000000000008,0.000375,331.2435068232007
1.6800000000000008,0.000375,331.21927787499664
1.7000000000000006,0.000375,331.1950080135981
1.7200000000000006,0.000375,331.17070829980906
1.7400000000000007,0.000375,331.1463880780339
1.7600000000000007,0.000375,331.1220552279531
1.7800000000000007,0.000375,331.09771638469465
1.8000000000000007,0.000375,331.07337712313284
1.8200000000000007,0.000375,331.0490421176045
1.8400000000000007,0.000375,331.02471527568616
1.8600000000000008,0.000375,331.0003998553322
1.8800000000000008,0.000375,330.9760985604454
1.9000000000000008,0.000375,330.95181362831414
0.7000000000000003,0.00039375000000000006,324.3303240410803
0.7200000000000003,0.00039375000000000006,324.9452108469903
0.7400000000000003,0.00039375000000000006,325.54659599512894
0.7600000000000003,0.00039375000000000006,326.1314736384008
0.7800000000000004,0.00039375000000000006,326.6918160053364
0.8000000000000004,0.00039375000000000006,327.21579305895614
0.8200000000000004,0.00039375000000000006,327.6932891405316
0.8400000000000003,0.00039375000000000006,328.120258486434
0.8600000000000003,0.00039375000000000006,328.4978425708077
0.8800000000000003,0.00039375000000000006,328.8294579092323
0.9000000000000004,0.00039375000000000006,329.1193881008062
0.9200000000000004,0.00039375000000000006,329.3722110110019
0.9400000000000004,0.00039375000000000006,329.5923157441863
0.9600000000000004,0.00039375000000000006,329.78374764269694
0.9800000000000004,0.00039375000000000006,329.95015688639717
1.0000000000000004,0.00039375000000000006,330.0947681152308
1.0200000000000005,0.00039375000000000006,330.2204158712491
1.0400000000000005,0.00039375000000000006,330.329570985608
1.0600000000000005,0.00039375000000000006,330.42437872858375
1.0800000000000005,0.00039375000000000006,330.50669889726487
1.1000000000000005,0.00039375000000000006,330.578138277025
1.1200000000000006,0.00039375000000000006,330.64008566486353
1.1400000000000006,0.00039375000000000006,330.69373939765086
1.1600000000000006,0.00039375000000000006,330.7401337115837
1.1800000000000006,0.00039375000000000006,330.78016127609004
1.2000000000000006,0.00039375000000000006,330.81459246123603
1.2200000000000006,0.00039375000000000006,330.844092913857
1.2400000000000007,0.00039375000000000006,330.86923822105325
1.2600000000000007,0.00039375000000000006,330.8905276290685
1.2800000000000007,0.00039375000000000006,330.9083943856208
1.3000000000000007,0.00039375000000000006,330.9232130362258
1.3200000000000007,0.00039375000000000006,330.9353060532661
1.3400000000000007,0.00039375000000000006,330.9449524396562
1.3600000000000008,0.00039375000000000006,330.9523959056472
1.3800000000000008,0.00039375000000000006,330.9578498169829
1.4000000000000008,0.00039375000000000006,330.961501034851
1.4200000000000008,0.00039375000000000006,330.96351359183865
1.4400000000000008,0.00039375000000000006,330.9640317989501
1.4600000000000009,0.00039375000000000006,330.9631828334625
1.4800000000000009,0.00039375000000000006,330.9610791036394
1.5000000000000009,0.00039375000000000006,330.9578202099393
1.5200000000000007,0.00039375000000000006,330.95349465345873
1.5400000000000007,0.00039375000000000006,330.9481813288703
1.5600000000000007,0.00039375000000000006,330.94195076700726
1.5800000000000007,0.00039375000000000006,330.93486624717684
1.6000000000000008,0.00039375000000000006,330.9269847171814
1.6200000000000008,0.00039375000000000006,330.91835761064107
1.6400000000000008,0.00039375000000000006,330.9090315346969
1.6600000000000008,0.00039375000000000006,330.8990488691952
1.6800000000000008,0.00039375000000000006,330.8884482818774
1.7000000000000006,0.00039375000000000006,330.87726516966865
1.7200000000000006,0.00039375000000000006,330.8655320445782
1.7400000000000007,0.00039375000000000006,330.85327886112975
1.7600000000000007,0.00039375000000000006,330.8405333055493
1.7800000000000007,0.00039375000000000006,330.8273210407791
1.8000000000000007,0.00039375000000000006,330.81366592361445
1.8200000000000007,0.00039375000000000006,330.7995901897258
1.8400000000000007,0.00039375000000000006,330.78511461729755
1.8600000000000008,0.00039375000000000006,330.77025866810214
1.8800000000000008,0.00039375000000000006,330.7550406115179
1.9000000000000008,0.00039375000000000006,330.7394776331686
0.7000000000000003,0.00041250000000000005,322.5496712181827
0.7200000000000003,0.00041250000000000005,323.1695326698425
0.7400000000000003,0.00041250000000000005,323.77723323881037
0.7600000000000003,0.00041250000000000005,324.3709583436028
0.7800000000000004,0.00041250000000000005,324.94518053185044
0.8000000000000004,0.00041250000000000005,325.4907316894193
0.8200000000000004,0.00041250000000000005,325.99833507350934
0.8400000000000003,0.00041250000000000005,326.4626107794601
0.8600000000000003,0.00041250000000000005,326.8826820825231
0.8800000000000003,0.00041250000000000005,327.2602943764073
0.9000000000000004,0.00041250000000000005,327.5983922453061
0.9200000000000004,0.00041250000000000005,327.9004999752468
0.9400000000000004,0.00041250000000000005,328.17024904981656
0.9600000000000004,0.00041250000000000005,328.41112610012397
0.9800000000000004,0.00041250000000000005,328.6263791822972
1.0000000000000004,0.00041250000000000005,328.8189534455792
1.0200000000000005,0.00041250000000000005,328.99148582051305
1.0400000000000005,0.00041250000000000005,329.1463158880914
1.0600000000000005,0.00041250000000000005,329.2855033655109
1.0800000000000005,0.00041250000000000005,329.41085636420286
1.1000000000000005,0.00041250000000000005,329.5239557835871
1.1200000000000006,0.00041250000000000005,329.6261820345484
1.1400000000000006,0.00041250000000000005,329.71873911254477
1.1600000000000006,0.00041250000000000005,329.8026763440405
1.1800000000000006,0.00041250000000000005,329.8789087372524
1.2000000000000006,0.00041250000000000005,329.9482341581318
1.2200000000000006,0.00041250000000000005,330.01134932330206
1.2400000000000007,0.00041250000000000005,330.06886395321345
1.2600000000000007,0.00041250000000000005,330.1213139428642
1.2800000000000007,0.00041250000000000005,330.1691711349497
1.3000000000000007,0.00041250000000000005,330.21284839367166
1.3200000000000007,0.00041250000000000005,330.25270469454773
1.3400000000000007,0.00041250000000000005,330.2890541228111
1.3600000000000008,0.00041250000000000005,330.32217516705333
1.3800000000000008,0.00041250000000000005,330.352315901698
1.4000000000000008,0.00041250000000000005,330.3796975261367
1.4200000000000008,0.00041250000000000005,330.40451795724067
1.4400000000000008,0.00041250000000000005,330.42695474884584
1.4600000000000009,0.00041250000000000005,330.44716759795574
1.4800000000000009,0.00041250000000000005,330.4653006113797
1.5000000000000009,0.00041250000000000005,330.48148422182123
1.5200000000000007,0.00041250000000000005,330.4958368602241
1.5400000000000007,0.00041250000000000005,330.50846642343663
1.5600000000000007,0.00041250000000000005,330.5194715173811
1.5800000000000007,0.00041250000000000005,330.5289425590479
1.6000000000000008,0.00041250000000000005,330.53696271372996
1.6200000000000008,0.00041250000000000005,330.54360871532805
1.6400000000000008,0.00041250000000000005,330.54895157687776
1.6600000000000008,0.00041250000000000005,330.5530572032688
1.6800000000000008,0.00041250000000000005,330.55598693021716
1.7000000000000006,0.00041250000000000005,330.5577979862706
1.7200000000000006,0.00041250000000000005,330.55854390198635
1.7400000000000007,0.00041250000000000005,330.5582748621424
1.7600000000000007,0.00041250000000000005,330.55703801753504
1.7800000000000007,0.00041250000000000005,330.5548777563747
1.8000000000000007,0.00041250000000000005,330.55183594358516
1.8200000000000007,0.00041250000000000005,330.5479521320822
1.8400000000000007,0.00041250000000000005,330.5432637483296
1.8600000000000008,0.00041250000000000005,330.5378062584823
1.8800000000000008,0.00041250000000000005,330.53161331410917
1.9000000000000008,0.00041250000000000005,330.52471688422924
0.7000000000000003,0.00043125000000000005,320.867866158291
0.7200000000000003,0.00043125000000000005,321.4908244968901
0.7400000000000003,0.00043125000000000005,322.10289852569315
0.7600000000000003,0.00043125000000000005,322.7030126702082
0.7800000000000004,0.00043125000000000005,323.28741387181094
0.8000000000000004,0.00043125000000000005,323.8491772784183
0.8200000000000004,0.00043125000000000005,324.38026642807324
0.8400000000000003,0.00043125000000000005,324.8748071253927
0.8600000000000003,0.00043125000000000005,325.33048079037087
0.8800000000000003,0.00043125000000000005,325.74760420589354
0.9000000000000004,0.00043125000000000005,326.1279155593889
0.9200000000000004,0.00043125000000000005,326.4739335424617
0.9400000000000004,0.00043125000000000005,326.78851576507697
0.9600000000000004,0.00043125000000000005,327.0745601442548
0.9800000000000004,0.00043125000000000005,327.3348669382096
1.0000000000000004,0.00043125000000000005,327.57205181984216
1.0200000000000005,0.00043125000000000005,327.7885071181994
1.0400000000000005,0.00043125000000000005,327.98639455205034
1.0600000000000005,0.00043125000000000005,328.1676469743219
1.0800000000000005,0.00043125000000000005,328.3339830929467
1.1000000000000005,0.00043125000000000005,328.4869242914809
1.1200000000000006,0.00043125000000000005,328.6278133216341
1.1400000000000006,0.00043125000000000005,328.7578337394873
1.1600000000000006,0.00043125000000000005,328.8780275485254
1.1800000000000006,0.00043125000000000005,328.9893123707152
1.2000000000000006,0.00043125000000000005,329.0924965500252
1.2200000000000006,0.00043125000000000005,329.1882931684263
1.2400000000000007,0.00043125000000000005,329.27733349800116
1.2600000000000007,0.00043125000000000005,329.3601795199732
1.2800000000000007,0.00043125000000000005,329.43733213525314
1.3000000000000007,0.00043125000000000005,329.50923354030084
1.3200000000000007,0.00043125000000000005,329.57627127658026
1.3400000000000007,0.00043125000000000005,329.6387883736571
1.3600000000000008,0.00043125000000000005,329.69709307394055
1.3800000000000008,0.00043125000000000005,329.75146363228373
1.4000000000000008,0.00043125000000000005,329.80215167525625
1.4200000000000008,0.00043125000000000005,329.8493856012905
1.4400000000000008,0.00043125000000000005,329.8933732099203
1.4600000000000009,0.00043125000000000005,329.9343041009014
1.4800000000000009,0.00043125000000000005,329.9723517934521
1.5000000000000009,0.00043125000000000005,330.0076755353832
1.5200000000000007,0.00043125000000000005,330.04042192641674
1.5400000000000007,0.00043125000000000005,330.07072630828947
1.5600000000000007,0.00043125000000000005,330.0987139908876
1.5800000000000007,0.00043125000000000005,330.1245013175522
1.6000000000000008,0.00043125000000000005,330.1481965936344
1.6200000000000008,0.00043125000000000005,330.169900899878
1.6400000000000008,0.00043125000000000005,330.1897088004776
1.6600000000000008,0.00043125000000000005,330.20770896463756
1.6800000000000008,0.00043125000000000005,330.2239847104775
1.7000000000000006,0.00043125000000000005,330.2386144826955
1.7200000000000006,0.00043125000000000005,330.25167227352375
1.7400000000000007,0.00043125000000000005,330.2632279932067
1.7600000000000007,0.00043125000000000005,330.27334779852896
1.7800000000000007,0.00043125000000000005,330.2820943834521
1.8000000000000007,0.00043125000000000005,330.28952723805656
1.8200000000000007,0.00043125000000000005,330.29570287938645
1.8400000000000007,0.00043125000000000005,330.3006750579545
1.8600000000000008,0.00043125000000000005,330.304494943444
1.8800000000000008,0.00043125000000000005,330.3072112916033
1.9000000000000008,0.00043125000000000005,330.3088705955639
0.7000000000000003,0.00045000000000000004,319.2852974824877
0.7200000000000003,0.00045000000000000004,319.90965586115084
0.7400000000000003,0.00045000000000000004,320.5243833636451
0.7600000000000003,0.00045000000000000004,321.12884109407133
0.7800000000000004,0.00045000000000000004,321.72050002314774
0.8000000000000004,0.00045000000000000004,322.2942313543485
0.8200000000000004,0.00045000000000000004,322.8433530491937
0.8400000000000003,0.00045000000000000004,323.36207941474265
0.8600000000000003,0.00045000000000000004,323.8471873801545
0.8800000000000003,0.00045000000000000004,324.2978508020928
0.9000000000000004,0.00045000000000000004,324.7147595880497
0.9200000000000004,0.00045000000000000004,325.09951206680216
0.9400000000000004,0.00045000000000000004,325.4542111384352
0.9600000000000004,0.00045000000000000004,325.7811584640455
0.9800000000000004,0.00045000000000000004,326.0826826497201
1.0000000000000004,0.00045000000000000004,326.36103523943444
1.0200000000000005,0.00045000000000000004,326.6183282837206
1.0400000000000005,0.00045000000000000004,326.85650874710313
1.0600000000000005,0.00045000000000000004,327.0773476188524
1.0800000000000005,0.00045000000000000004,327.28244199232824
1.1000000000000005,0.00045000000000000004,327.4732240277355
1.1200000000000006,0.00045000000000000004,327.6509725177079
1.1400000000000006,0.00045000000000000004,327.81682696094333
1.1600000000000006,0.00045000000000000004,327.97180128824425
1.1800000000000006,0.00045000000000000004,328.1167975011613
1.2000000000000006,0.00045000000000000004,328.2526184058795
1.2200000000000006,0.00045000000000000004,328.37997961590634
1.2400000000000007,0.00045000000000000004,328.49952215992465
1.2600000000000007,0.00045000000000000004,328.6118241995536
1.2800000000000007,0.00045000000000000004,328.71740643471963
1.3000000000000007,0.00045000000000000004,328.8167312059759
1.3200000000000007,0.00045000000000000004,328.9102066638785
1.3400000000000007,0.00045000000000000004,328.998198808025
1.3600000000000008,0.00045000000000000004,329.0810407077849
1.3800000000000008,0.00045000000000000004,329.1590363115793
1.4000000000000008,0.00045000000000000004,329.2324638051554
1.4200000000000008,0.00045000000000000004,329.3015786431482
1.4400000000000008,0.00045000000000000004,329.36661582547066
1.4600000000000009,0.00045000000000000004,329.4277921818129
1.4800000000000009,0.00045000000000000004,329.4853082609912
1.5000000000000009,0.00045000000000000004,329.539350020519
1.5200000000000007,0.00045000000000000004,329.59009035427056
1.5400000000000007,0.00045000000000000004,329.6376903791505
1.5600000000000007,0.00045000000000000004,329.68230061867115
1.5800000000000007,0.00045000000000000004,329.72406200669553
1.6000000000000008,0.00045000000000000004,329.7631067895043
1.6200000000000008,0.00045000000000000004,329.7995593139448
1.6400000000000008,0.00045000000000000004,329.83353671839575
1.6600000000000008,0.00045000000000000004,329.86514955073477
1.6800000000000008,0.00045000000000000004,329.8945023052579
1.7000000000000006,0.00045000000000000004,329.9216939072378
1.7200000000000006,0.00045000000000000004,329.9468181366124
1.7400000000000007,0.00045000000000000004,329.9699640100066
1.7600000000000007,0.00045000000000000004,329.9912161195602
1.7800000000000007,0.00045000000000000004,330.0106549373646
1.8000000000000007,0.00045000000000000004,330.02835708956803
1.8200000000000007,0.00045000000000000004,330.0443956024472
1.8400000000000007,0.00045000000000000004,330.0588401265856
1.8600000000000008,0.00045000000000000004,330.0717571388787
1.8800000000000008,0.00045000000000000004,330.08321012795466
1.9000000000000008,0.00045000000000000004,330.0932597625416
0.7000000000000003,0.00046875000000000004,317.80209970697916
0.7200000000000003,0.00046875000000000004,318.42634989772887
0.7400000000000003,0.00046875000000000004,319.0422187602798
0.7600000000000003,0.00046875000000000004,319.6493070331248
0.7800000000000004,0.00046875000000000004,320.24590591737325
0.8000000000000004,0.00046875000000000004,320.8282647985318
0.8200000000000004,0.00046875000000000004,321.39099027035473
0.8400000000000003,0.00046875000000000004,321.9287431514249
0.8600000000000003,0.00046875000000000004,322.43784928632226
0.8800000000000003,0.00046875000000000004,322.91663883923434
0.9000000000000004,0.00046875000000000004,323.36492902259533
0.9200000000000004,0.00046875000000000004,323.78350686886085
0.9400000000000004,0.00046875000000000004,324.17376894325093
0.9600000000000004,0.00046875000000000004,324.5374339216954
0.9800000000000004,0.00046875000000000004,324.87635354396895
1.0000000000000004,0.00046875000000000004,325.1923958701963
1.0200000000000005,0.00046875000000000004,325.4873680588088
1.0400000000000005,0.00046875000000000004,325.7629750176365
1.0600000000000005,0.00046875000000000004,326.02079787865296
1.0800000000000005,0.00046875000000000004,326.2622855426524
1.1000000000000005,0.00046875000000000004,326.48875576817176
1.1200000000000006,0.00046875000000000004,326.7014004655237
1.1400000000000006,0.00046875000000000004,326.90129431972895
1.1600000000000006,0.00046875000000000004,327.0894045706045
1.1800000000000006,0.00046875000000000004,327.26660112803296
1.2000000000000006,0.00046875000000000004,327.4336666292957
1.2200000000000006,0.00046875000000000004,327.5913065174283
1.2400000000000007,0.00046875000000000004,327.7401609072753
1.2600000000000007,0.00046875000000000004,327.88081511457546
1.2800000000000007,0.00046875000000000004,328.0138006265971
1.3000000000000007,0.00046875000000000004,328.13959058709
1.3200000000000007,0.00046875000000000004,328.2586060886385
1.3400000000000007,0.00046875000000000004,328.3712305684958
1.3600000000000008,0.00046875000000000004,328.47781712592337
1.3800000000000008,0.00046875000000000004,328.5786910536155
1.4000000000000008,0.00046875000000000004,328.67415335898903
1.4200000000000008,0.00046875000000000004,328.7644831474192
1.4400000000000008,0.00046875000000000004,328.8499395954288
1.4600000000000009,0.00046875000000000004,328.9307640741068
1.4800000000000009,0.00046875000000000004,329.00718172771144
1.5000000000000009,0.00046875000000000004,329.0794030663224
1.5200000000000007,0.00046875000000000004,329.1476253212844
1.5400000000000007,0.00046875000000000004,329.21203363142257
1.5600000000000007,0.00046875000000000004,329.2728021483427
1.5800000000000007,0.00046875000000000004,329.33009495761786
1.6000000000000008,0.00046875000000000004,329.3840669444465
1.6200000000000008,0.00046875000000000004,329.4348645298162
1.6400000000000008,0.00046875000000000004,329.4826263416015
1.6600000000000008,0.00046875000000000004,329.5274838081907
1.6800000000000008,0.00046875000000000004,329.5695616842058
1.7000000000000006,0.00046875000000000004,329.6089785295905
1.7200000000000006,0.00046875000000000004,329.6458471293325
1.7400000000000007,0.00046875000000000004,329.6802748807945
1.7600000000000007,0.00046875000000000004,329.71236413536093
1.7800000000000007,0.00046875000000000004,329.7422125135806
1.8000000000000007,0.00046875000000000004,329.7699131878322
1.8200000000000007,0.00046875000000000004,329.79555514158847
1.8400000000000007,0.00046875000000000004,329.8192234063338
1.8600000000000008,0.00046875000000000004,329.840999277899
1.8800000000000008,0.00046875000000000004,329.86096051717374
1.9000000000000008,0.00046875000000000004,329.8791815333767
0.7000000000000003,0.00048750000000000003,316.4181500196989
0.7200000000000003,0.00048750000000000003,317.04097925453397
0.7400000000000003,0.00048750000000000003,317.65667602820685
0.7600000000000003,0.00048750000000000003,318.2649524268863
0.7800000000000004,0.00048750000000000003,318.86462982352646
0.8000000000000004,0.00048750000000000003,319.4529794433443
0.8200000000000004,0.00048750000000000003,320.02574074452286
0.8400000000000003,0.00048750000000000003,320.5782044593491
0.8600000000000003,0.00048750000000000003,321.1065921276873
0.8800000000000003,0.00048750000000000003,321.6086733343451
0.9000000000000004,0.00048750000000000003,322.0835748903607
0.9200000000000004,0.00048750000000000003,322.53139374057594
0.9400000000000004,0.00048750000000000003,322.95288916208136
0.9600000000000004,0.00048750000000000003,323.34922800460424
0.9800000000000004,0.00048750000000000003,323.72179524280756
1.0000000000000004,0.00048750000000000003,324.0720700866876
1.0200000000000005,0.00048750000000000003,324.401540847805
1.0400000000000005,0.00048750000000000003,324.71165215727075
1.0600000000000005,0.00048750000000000003,325.00377462913036
1.0800000000000005,0.00048750000000000003,325.27918816425466
1.1000000000000005,0.00048750000000000003,325.5390758176115
1.1200000000000006,0.00048750000000000003,325.7845234872765
1.1400000000000006,0.00048750000000000003,326.01652345627576
1.1600000000000006,0.00048750000000000003,326.2359802076619
1.1800000000000006,0.00048750000000000003,326.4437171453264
1.2000000000000006,0.00048750000000000003,326.6404838191299
1.2200000000000006,0.00048750000000000003,326.8269642528092
1.2400000000000007,0.00048750000000000003,327.0037884670591
1.2600000000000007,0.00048750000000000003,327.1715409612206
1.2800000000000007,0.00048750000000000003,327.3307550513128
1.3000000000000007,0.00048750000000000003,327.48190529327155
1.3200000000000007,0.00048750000000000003,327.6254188295544
1.3400000000000007,0.00048750000000000003,327.7616916612148
1.3600000000000008,0.00048750000000000003,327.8910922686446
1.3800000000000008,0.00048750000000000003,328.0139632170525
1.4000000000000008,0.00048750000000000003,328.1306247895547
1.4200000000000008,0.00048750000000000003,328.241376406798
1.4400000000000008,0.00048750000000000003,328.34649850002717
1.4600000000000009,0.00048750000000000003,328.44625430679906
1.4800000000000009,0.00048750000000000003,328.5408911394651
1.5000000000000009,0.00048750000000000003,328.6306418853685
1.5200000000000007,0.00048750000000000003,328.7157261085186
1.5400000000000007,0.00048750000000000003,328.796351167505
1.5600000000000007,0.00048750000000000003,328.8727131822612
1.5800000000000007,0.00048750000000000003,328.9449978772181
1.6000000000000008,0.00048750000000000003,329.0133813879056
1.6200000000000008,0.00048750000000000003,329.0780309272978
1.6400000000000008,0.00048750000000000003,329.13910543503
1.6600000000000008,0.00048750000000000003,329.19675612377426
1.6800000000000008,0.00048750000000000003,329.2511269961564
1.7000000000000006,0.00048750000000000003,329.30235530077545
1.7200000000000006,0.00048750000000000003,329.3505719474467
1.7400000000000007,0.00048750000000000003,329.3959018899354
1.7600000000000007,0.00048750000000000003,329.43846446615765
1.7800000000000007,0.00048750000000000003,329.47837371999725
1.8000000000000007,0.00048750000000000003,329.5157386863042
1.8200000000000007,0.00048750000000000003,329.55066366239464
1.8400000000000007,0.00048750000000000003,329.58324845148735
1.8600000000000008,0.00048750000000000003,329.61358859331784
1.8800000000000008,0.00048750000000000003,329.64177557512755
1.9000000000000008,0.00048750000000000003,329.66789702951854
0.7000000000000003,0.0005062500000000001,315.1331300943562
0.7200000000000003,0.0005062500000000001,315.7534250370516
0.7400000000000003,0.0005062500000000001,316.3678309037232
0.7600000000000003,0.0005062500000000001,316.9760902242885
0.7800000000000004,0.0005062500000000001,317.577351915073
0.8000000000000004,0.0005062500000000001,318.16962034420067
0.8200000000000004,0.0005062500000000001,318.74957446619817
0.8400000000000003,0.0005062500000000001,319.31319162807273
0.8600000000000003,0.0005062500000000001,319.85683012289496
0.8800000000000003,0.0005062500000000001,320.37794637289534
0.9000000000000004,0.0005062500000000001,320.87515553626775
0.9200000000000004,0.0005062500000000001,321.34799009724134
0.9400000000000004,0.0005062500000000001,321.79665407840486
0.9600000000000004,0.0005062500000000001,322.22180802731594
0.9800000000000004,0.0005062500000000001,322.62439288846645
1.0000000000000004,0.0005062500000000001,323.0055057441782
1.0200000000000005,0.0005062500000000001,323.36631212595466
1.0400000000000005,0.0005062500000000001,323.70798662792305
1.0600000000000005,0.0005062500000000001,324.03167591410676
1.0800000000000005,0.0005062500000000001,324.3384759115744
1.1000000000000005,0.0005062500000000001,324.62941962891273
1.1200000000000006,0.0005062500000000001,324.90547187825223
1.1400000000000006,0.0005062500000000001,325.1675283119042
1.1600000000000006,0.0005062500000000001,325.416417399151
1.1800000000000006,0.0005062500000000001,325.6529039121679
1.2000000000000006,0.0005062500000000001,325.8776933160943
1.2200000000000006,0.0005062500000000001,326.09143870235147
1.2400000000000007,0.0005062500000000001,326.29475263339543
1.2600000000000007,0.0005062500000000001,326.48821191526434
1.2800000000000007,0.0005062500000000001,326.6723424609347
1.3000000000000007,0.0005062500000000001,326.84761098470904
1.3200000000000007,0.0005062500000000001,327.01444511141295
1.3400000000000007,0.0005062500000000001,327.1732492427895
1.3600000000000008,0.0005062500000000001,327.3244027506399
1.3800000000000008,0.0005062500000000001,327.46826183871434
1.4000000000000008,0.0005062500000000001,327.6051627074303
1.4200000000000008,0.0005062500000000001,327.73542189146025
1.4400000000000008,0.0005062500000000001,327.85933831602983
1.4600000000000009,0.0005062500000000001,327.9771944364894
1.4800000000000009,0.0005062500000000001,328.0892573733334
1.5000000000000009,0.0005062500000000001,328.19578021165114
1.5200000000000007,0.0005062500000000001,328.2970028310185
1.5400000000000007,0.0005062500000000001,328.393152983187
1.5600000000000007,0.0005062500000000001,328.4844470394426
1.5800000000000007,0.0005062500000000001,328.5710908028286
1.6000000000000008,0.0005062500000000001,328.65328019382
1.6200000000000008,0.0005062500000000001,328.73120186669007
1.6400000000000008,0.0005062500000000001,328.80503381123975
1.6600000000000008,0.0005062500000000001,328.87494584481385
1.6800000000000008,0.0005062500000000001,328.94110011949516
1.7000000000000006,0.0005062500000000001,329.00365153549745
1.7200000000000006,0.0005062500000000001,329.062748160167
1.7400000000000007,0.0005062500000000001,329.11853158646295
1.7600000000000007,0.0005062500000000001,329.17113727902176
1.7800000000000007,0.0005062500000000001,329.2206948889419
1.8000000000000007,0.0005062500000000001,329.26732854362706
1.8200000000000007,0.0005062500000000001,329.31115712370917
1.8400000000000007,0.0005062500000000001,329.35229451089134
1.8600000000000008,0.0005062500000000001,329.3908498312017
1.8800000000000008,0.0005062500000000001,329.4269276713978
1.9000000000000008,0.0005062500000000001,329.4606282925188
0.7000000000000003,0.0005250000000000001,313.9465333002643
0.7200000000000003,0.0005250000000000001,314.5633817564323
0.7400000000000003,0.0005250000000000001,315.1755685816138
0.7600000000000003,0.0005250000000000001,315.78281624008747
0.7800000000000004,0.0005250000000000001,316.3844615424242
0.8000000000000004,0.0005250000000000001,316.9790177771088
0.8200000000000004,0.0005250000000000001,317.5639102775049
0.8400000000000003,0.0005250000000000001,318.13577989670875
0.8600000000000003,0.0005250000000000001,318.6912700391933
0.8800000000000003,0.0005250000000000001,319.22772319043963
0.9000000000000004,0.0005250000000000001,319.74340756432724
0.9200000000000004,0.0005250000000000001,320.23741405081427
0.9400000000000004,0.0005250000000000001,320.70947892026936
0.9600000000000004,0.0005250000000000001,321.15981171938904
0.9800000000000004,0.0005250000000000001,321.5889417479598
1.0000000000000004,0.0005250000000000001,321.99760040301817
1.0200000000000005,0.0005250000000000001,322.3866353834475
1.0400000000000005,0.0005250000000000001,322.7569491468093
1.0600000000000005,0.0005250000000000001,323.1094577911579
1.0800000000000005,0.0005250000000000001,323.4450640436357
1.1000000000000005,0.0005250000000000001,323.7646404478147
1.1200000000000006,0.0005250000000000001,324.0690198491239
1.1400000000000006,0.0005250000000000001,324.35899054889717
1.1600000000000006,0.0005250000000000001,324.63529473505804
1.1800000000000006,0.0005250000000000001,324.89862891280984
1.2000000000000006,0.0005250000000000001,325.1496455631957
1.2200000000000006,0.0005250000000000001,325.38895940119096
1.2400000000000007,0.0005250000000000001,325.61716037748056
1.2600000000000007,0.0005250000000000001,325.8348115492981
1.2800000000000007,0.0005250000000000001,326.04242138469675
1.3000000000000007,0.0005250000000000001,326.24044024124896
1.3200000000000007,0.0005250000000000001,326.4292926252439
1.3400000000000007,0.0005250000000000001,326.60938766295936
1.3600000000000008,0.0005250000000000001,326.7811114236116
1.3800000000000008,0.0005250000000000001,326.9448307057297
1.4000000000000008,0.0005250000000000001,327.1008943822977
1.4200000000000008,0.0005250000000000001,327.2496331753663
1.4400000000000008,0.0005250000000000001,327.39136190354526
1.4600000000000009,0.0005250000000000001,327.52637965898833
1.4800000000000009,0.0005250000000000001,327.65497113452267
1.5000000000000009,0.0005250000000000001,327.77740742969377
1.5200000000000007,0.0005250000000000001,327.893946768105
1.5400000000000007,0.0005250000000000001,328.00483544642685
1.5600000000000007,0.0005250000000000001,328.110308349307
1.5800000000000007,0.0005250000000000001,328.2105897660019
1.6000000000000008,0.0005250000000000001,328.3058938765213
1.6200000000000008,0.0005250000000000001,328.3964253793932
1.6400000000000008,0.0005250000000000001,328.482379975955
1.6600000000000008,0.0005250000000000001,328.56394484694624
1.6800000000000008,0.0005250000000000001,328.64129911359686
1.7000000000000006,0.0005250000000000001,328.7146142167078
1.7200000000000006,0.0005250000000000001,328.7840543324921
1.7400000000000007,0.0005250000000000001,328.84977669454014
1.7600000000000007,0.0005250000000000001,328.9119319548405
1.7800000000000007,0.0005250000000000001,328.9706644717204
1.8000000000000007,0.0005250000000000001,329.02611261756294
1.8200000000000007,0.0005250000000000001,329.0784090431114
1.8400000000000007,0.0005250000000000001,329.1276809395014
1.8600000000000008,0.0005250000000000001,329.17405028226597
1.8800000000000008,0.0005250000000000001,329.2176340571014
1.9000000000000008,0.0005250000000000001,329.25854448400156
0.7000000000000003,0.0005437500000000001,312.8577191631576
0.7200000000000003,0.0005437500000000001,313.47040902818566
0.7400000000000003,0.0005437500000000001,314.07963575199017
0.7600000000000003,0.0005437500000000001,314.68507204105015
0.7800000000000004,0.0005437500000000001,315.28614933482476
0.8000000000000004,0.0005437500000000001,315.8817215604521
0.8200000000000004,0.0005437500000000001,316.4697848384139
0.8400000000000003,0.0005437500000000001,317.04757331050456
0.8600000000000003,0.0005437500000000001,317.6120892733767
0.8800000000000003,0.0005437500000000001,318.1607094139935
0.9000000000000004,0.0005437500000000001,318.6914983998168
0.9200000000000004,0.0005437500000000001,319.2032205642397
0.9400000000000004,0.0005437500000000001,319.69523204923127
0.9600000000000004,0.0005437500000000001,320.16735231236083
0.9800000000000004,0.0005437500000000001,320.61973844727487
1.0000000000000004,0.0005437500000000001,321.05278021965535
1.0200000000000005,0.0005437500000000001,321.4670200335373
1.0400000000000005,0.0005437500000000001,321.86309298149524
1.0600000000000005,0.0005437500000000001,322.2416842497313
1.0800000000000005,0.0005437500000000001,322.60349966132304
1.1000000000000005,0.0005437500000000001,322.94924567384845
1.1200000000000006,0.0005437500000000001,323.27961646691716
1.1400000000000006,0.0005437500000000001,323.59528583774517
1.1600000000000006,0.0005437500000000001,323.89690248899274
1.1800000000000006,0.0005437500000000001,324.1850876261945
1.2000000000000006,0.0005437500000000001,324.4604340498111
1.2200000000000006,0.0005437500000000001,324.7235130418532
1.2400000000000007,0.0005437500000000001,324.97488935761123
1.2600000000000007,0.0005437500000000001,325.2151064653972
1.2800000000000007,0.0005437500000000001,325.4446439540013
1.3000000000000007,0.0005437500000000001,325.6639290593184
1.3200000000000007,0.0005437500000000001,325.8733819945662
1.3400000000000007,0.0005437500000000001,326.0734129382528
1.3600000000000008,0.0005437500000000001,326.26441108033566
1.3800000000000008,0.0005437500000000001,326.4467513884073
1.4000000000000008,0.0005437500000000001,326.6207921826589
1.4200000000000008,0.0005437500000000001,326.7868759116487
1.4400000000000008,0.0005437500000000001,326.94533075212183
1.4600000000000009,0.0005437500000000001,327.09647001792166
1.4800000000000009,0.0005437500000000001,327.24059386932447
1.5000000000000009,0.0005437500000000001,327.37798923879814
1.5200000000000007,0.0005437500000000001,327.50893082740214
1.5400000000000007,0.0005437500000000001,327.63368158212126
1.5600000000000007,0.0005437500000000001,327.75249319991934
1.5800000000000007,0.0005437500000000001,327.8656068166699
1.6000000000000008,0.0005437500000000001,327.97325332069744
1.6200000000000008,0.0005437500000000001,328.07565401589494
1.6400000000000008,0.0005437500000000001,328.173020911129
1.6600000000000008,0.0005437500000000001,328.26555726563225
1.6800000000000008,0.0005437500000000001,328.35345790674563
1.7000000000000006,0.0005437500000000001,328.43690965288954
1.7200000000000006,0.0005437500000000001,328.5160916550064
1.7400000000000007,0.0005437500000000001,328.5911757264533
1.7600000000000007,0.0005437500000000001,328.6623266860604
1.7800000000000007,0.0005437500000000001,328.72970262850316
1.8000000000000007,0.0005437500000000001,328.79345524873133
1.8200000000000007,0.0005437500000000001,328.8537300785786
1.8400000000000007,0.0005437500000000001,328.91066678040033
1.8600000000000008,0.0005437500000000001,328.964399365618
1.8800000000000008,0.0005437500000000001,329.015056453368
1.9000000000000008,0.0005437500000000001,329.06276147845153
0.7000000000000003,0.0005625000000000001,311.8659293405361
0.7200000000000003,0.0005625000000000001,312.47394441292084
0.7400000000000003,0.0005625000000000001,313.07965137344706
0.7600000000000003,0.0005625000000000001,313.6826568083249
0.7800000000000004,0.0005625000000000001,314.2824255628045
0.8000000000000004,0.0005625000000000001,314.8780291878732
0.8200000000000004,0.0005625000000000001,315.4678860143654
0.8400000000000003,0.0005625000000000001,316.04973323826107
0.8600000000000003,0.0005625000000000001,316.62095224348275
0.8800000000000003,0.0005625000000000001,317.1790538616701
0.9000000000000004,0.0005625000000000001,317.72201631371627
0.9200000000000004,0.0005625000000000001,318.2483800537875
0.9400000000000004,0.0005625000000000001,318.75720413216806
0.9600000000000004,0.0005625000000000001,319.2479801840765
0.9800000000000004,0.0005625000000000001,319.7205367015577
1.0000000000000004,0.0005625000000000001,320.17495123250245
1.0200000000000005,0.0005625000000000001,320.61147943167816
1.0400000000000005,0.0005625000000000001,321.0304996748571
1.0600000000000005,0.0005625000000000001,321.4324714506631
1.0800000000000005,0.0005625000000000001,321.81790509520675
1.1000000000000005,0.0005625000000000001,322.18733992314566
1.1200000000000006,0.0005625000000000001,322.5413288088815
1.1400000000000006,0.0005625000000000001,322.88042743506855
1.1600000000000006,0.0005625000000000001,323.20518688871215
1.1800000000000006,0.0005625000000000001,323.5161486962144
1.2000000000000006,0.0005625000000000001,323.8138415474267
1.2200000000000006,0.0005625000000000001,324.0987911397571
1.2400000000000007,0.0005625000000000001,324.37153732098
1.2600000000000007,0.0005625000000000001,324.63259683375986
1.2800000000000007,0.0005625000000000001,324.88240726700764
1.3000000000000007,0.0005625000000000001,325.12136973126655
1.3200000000000007,0.0005625000000000001,325.34990112491215
1.3400000000000007,0.0005625000000000001,325.56840842339835
1.3600000000000008,0.0005625000000000001,325.77728167837597
1.3800000000000008,0.0005625000000000001,325.976901837696
1.4000000000000008,0.0005625000000000001,326.1676336080077
1.4200000000000008,0.0005625000000000001,326.34982927914297
1.4400000000000008,0.0005625000000000001,326.52382776471546
1.4600000000000009,0.0005625000000000001,326.6899545659396
1.4800000000000009,0.0005625000000000001,326.8485232041681
1.5000000000000009,0.0005625000000000001,326.9998343877219
1.5200000000000007,0.0005625000000000001,327.1441775074234
1.5400000000000007,0.0005625000000000001,327.28183023912624
1.5600000000000007,0.0005625000000000001,327.41305947539314
1.5800000000000007,0.0005625000000000001,327.53812148021433
1.6000000000000008,0.0005625000000000001,327.6572623409161
1.6200000000000008,0.0005625000000000001,327.770718449528
1.6400000000000008,0.0005625000000000001,327.87871670698945
1.6600000000000008,0.0005625000000000001,327.98147510408836
1.6800000000000008,0.0005625000000000001,328.0792028572515
1.7000000000000006,0.0005625000000000001,328.1721009509389
1.7200000000000006,0.0005625000000000001,328.26036229778106
1.7400000000000007,0.0005625000000000001,328.34417218659877
1.7600000000000007,0.0005625000000000001,328.42370849448787
1.7800000000000007,0.0005625000000000001,328.49914203638264
1.8000000000000007,0.0005625000000000001,328.570636820801
1.8200000000000007,0.0005625000000000001,328.63835032115065
1.8400000000000007,0.0005625000000000001,328.7024337531415
1.8600000000000008,0.0005625000000000001,328.76303229438184
1.8800000000000008,0.0005625000000000001,328.82028536075995
1.9000000000000008,0.0005625000000000001,328.87432679785593
0.7000000000000003,0.0005812500000000001,310.970332718541
0.7200000000000003,0.0005812500000000001,311.57334644950305
0.7400000000000003,0.0005812500000000001,312.17514883068793
0.7600000000000003,0.0005812500000000001,312.77527316042415
0.7800000000000004,0.0005812500000000001,313.3731795057323
0.8000000000000004,0.0005812500000000001,313.96807006139386
0.8200000000000004,0.0005812500000000001,314.55866530389534
0.8400000000000003,0.0005812500000000001,315.1431107372353
0.8600000000000003,0.0005812500000000001,315.7191505139956
0.8800000000000003,0.0005812500000000001,316.28448794484024
0.9000000000000004,0.0005812500000000001,316.83710415236897
0.9200000000000004,0.0005812500000000001,317.3754032406848
0.9400000000000004,0.0005812500000000001,317.8982226276206
0.9600000000000004,0.0005812500000000001,318.4047866159593
0.9800000000000004,0.0005812500000000001,318.89464048959553
1.0000000000000004,0.0005812500000000001,319.3675825426608
1.0200000000000005,0.0005812500000000001,319.82360483462526
1.0400000000000005,0.0005812500000000001,320.2628446168492
1.0600000000000005,0.0005812500000000001,320.685545783433
1.0800000000000005,0.0005812500000000001,321.0920292715903
1.1000000000000005,0.0005812500000000001,321.4826704801587
1.1200000000000006,0.0005812500000000001,321.8578822113732
1.1400000000000006,0.0005812500000000001,322.21810186603096
1.1600000000000006,0.0005812500000000001,322.56378180470296
1.1800000000000006,0.0005812500000000001,322.89538212862544
1.2000000000000006,0.0005812500000000001,323.21336525835886
1.2200000000000006,0.0005812500000000001,323.51821271070975
1.2400000000000007,0.0005812500000000001,323.81044267936494
1.2600000000000007,0.0005812500000000001,324.0905344969487
1.2800000000000007,0.0005812500000000001,324.35886935637694
1.3000000000000007,0.0005812500000000001,324.61582558763155
1.3200000000000007,0.0005812500000000001,324.8618185431756
1.3400000000000007,0.0005812500000000001,325.09724692357884
1.3600000000000008,0.0005812500000000001,325.3225015519436
1.3800000000000008,0.0005812500000000001,325.5379665682639
1.4000000000000008,0.0005812500000000001,325.7440107378764
1.4200000000000008,0.0005812500000000001,325.94099467910246
1.4400000000000008,0.0005812500000000001,326.1292653015041
1.4600000000000009,0.0005812500000000001,326.30915886334327
1.4800000000000009,0.0005812500000000001,326.4809998835003
1.5000000000000009,0.0005812500000000001,326.64510118916184
1.5200000000000007,0.0005812500000000001,326.80176495559607
1.5400000000000007,0.0005812500000000001,326.95128179257364
1.5600000000000007,0.0005812500000000001,327.0939321986641
1.5800000000000007,0.0005812500000000001,327.22998578809
1.6000000000000008,0.0005812500000000001,327.3597024297939
1.6200000000000008,0.0005812500000000001,327.48333194866854
1.6400000000000008,0.0005812500000000001,327.6011148067269
1.6600000000000008,0.0005812500000000001,327.713282236781
1.6800000000000008,0.0005812500000000001,327.8200565660343
1.7000000000000006,0.0005812500000000001,327.92165162119505
1.7200000000000006,0.0005812500000000001,328.0182728485511
1.7400000000000007,0.0005812500000000001,328.1101178329354
1.7600000000000007,0.0005812500000000001,328.19737634269944
1.7800000000000007,0.0005812500000000001,328.2802308504961
1.8000000000000007,0.0005812500000000001,328.35885658493663
1.8200000000000007,0.0005812500000000001,328.433421990376
1.8400000000000007,0.0005812500000000001,328.50408882471424
1.8600000000000008,0.0005812500000000001,328.5710125338559
1.8800000000000008,0.0005812500000000001,328.63434240500476
1.9000000000000008,0.0005812500000000001,328.694221856413
0.7000000000000003,0.0006000000000000001,310.1700480330325
0.7200000000000003,0.0006000000000000001,310.7679135744481
0.7400000000000003,0.0006000000000000001,311.36559175308156
0.7600000000000003,0.0006000000000000001,311.9625413911041
0.7800000000000004,0.0006000000000000001,312.55819513887104
0.8000000000000004,0.0006000000000000001,313.15182586370236
0.8200000000000004,0.0006000000000000001,313.7423629931422
0.8400000000000003,0.0006000000000000001,314.3282720423845
0.8600000000000003,0.0006000000000000001,314.907622839327
0.8800000000000003,0.0006000000000000001,315.4783368590521
0.9000000000000004,0.0006000000000000001,316.0384606962717
0.9200000000000004,0.0006000000000000001,316.58633272606386
0.9400000000000004,0.0006000000000000001,317.12063427503864
0.9600000000000004,0.0006000000000000001,317.64037830357205
0.9800000000000004,0.0006000000000000001,318.14487173543625
1.0000000000000004,0.0006000000000000001,318.6336683085694
1.0200000000000005,0.0006000000000000001,319.10652278673206
1.0400000000000005,0.0006000000000000001,319.56335077678125
1.0600000000000005,0.0006000000000000001,320.0041947972593
1.0800000000000005,0.0006000000000000001,320.42919658033753
1.1000000000000005,0.0006000000000000001,320.8385747339415
1.1200000000000006,0.0006000000000000001,321.23260681575994
1.1400000000000006,0.0006000000000000001,321.6116150330504
1.1600000000000006,0.0006000000000000001,321.9759548028771
1.1800000000000006,0.0006000000000000001,322.32600560355684
1.2000000000000006,0.0006000000000000001,322.66216364758014
1.2200000000000006,0.0006000000000000001,322.9848725691627
1.2400000000000007,0.0006000000000000001,323.29463427261015
1.2600000000000007,0.0006000000000000001,323.59187241071095
1.2800000000000007,0.0006000000000000001,323.87689935734295
1.3000000000000007,0.0006000000000000001,324.1500830425651
1.3200000000000007,0.0006000000000000001,324.41183621690993
1.3400000000000007,0.0006000000000000001,324.66254506286595
1.3600000000000008,0.0006000000000000001,324.90260317639894
1.3800000000000008,0.0006000000000000001,325.1323936205195
1.4000000000000008,0.0006000000000000001,325.3522887903246
1.4200000000000008,0.0006000000000000001,325.5626554621305
1.4400000000000008,0.0006000000000000001,325.76384640858544
1.4600000000000009,0.0006000000000000001,325.9562074637504
1.4800000000000009,0.0006000000000000001,326.14007159074737
1.5000000000000009,0.0006000000000000001,326.3157626560203
1.5200000000000007,0.0006000000000000001,326.48359330592143
1.5400000000000007,0.0006000000000000001,326.64386578485875
1.5600000000000007,0.0006000000000000001,326.79687228977656
1.5800000000000007,0.0006000000000000001,326.94289427186976
1.6000000000000008,0.0006000000000000001,327.08220381806296
1.6200000000000008,0.0006000000000000001,327.21506257758574
1.6400000000000008,0.0006000000000000001,327.3417232337608
1.6600000000000008,0.0006000000000000001,327.4624286781219
1.6800000000000008,0.0006000000000000001,327.5774131295185
1.7000000000000006,0.0006000000000000001,327.6869017813295
1.7200000000000006,0.0006000000000000001,327.79111144977685
1.7400000000000007,0.0006000000000000001,327.8902506885619
1.7600000000000007,0.0006000000000000001,327.98452001861773
1.7800000000000007,0.0006000000000000001,328.07411240039227
1.8000000000000007,0.0006000000000000001,328.1592131626515
1.8200000000000007,0.0006000000000000001,328.24000069725275
1.8400000000000007,0.0006000000000000001,328.31664620988875
1.8600000000000008,0.0006000000000000001,328.3893145179432
1.8800000000000008,0.0006000000000000001,328.4581637226397
1.9000000000000008,0.0006000000000000001,328.5233460230027
0.7000000000000003,0.00061875,309.4641781967573
0.7200000000000003,0.00061875,310.0569173147405
0.7400000000000003,0.00061875,310.65040650021655
0.7600000000000003,0.00061875,311.2440331213931
0.7800000000000004,0.00061875,311.8371908170878
0.8000000000000004,0.00061875,312.4291836892214
0.8200000000000004,0.00061875,313.01908040758275
0.8400000000000003,0.00061875,313.6055893490552
0.8600000000000003,0.00061875,314.1870584794196
0.8800000000000003,0.00061875,314.7616286947109
0.9000000000000004,0.00061875,315.3274505729348
0.9200000000000004,0.00061875,315.8828501553729
0.9400000000000004,0.00061875,316.4264071324947
0.9600000000000004,0.00061875,316.95697297294714
0.9800000000000004,0.00061875,317.4736588981416
1.0000000000000004,0.00061875,317.97580917236473
1.0200000000000005,0.00061875,318.4629695809041
1.0400000000000005,0.00061875,318.9348565693006
1.0600000000000005,0.00061875,319.39132894773184
1.0800000000000005,0.00061875,319.83236302318653
1.1000000000000005,0.00061875,320.2580312496978
1.1200000000000006,0.00061875,320.66848407070313
1.1400000000000006,0.00061875,321.0639346226326
1.1600000000000006,0.00061875,321.44464589186003
1.1800000000000006,0.00061875,321.8109199588817
1.2000000000000006,0.00061875,322.1630890160754
1.2200000000000006,0.00061875,322.50157188978466
1.2400000000000007,0.00061875,322.8268596464948
1.2600000000000007,0.00061875,323.1392894131014
1.2800000000000007,0.00061875,323.4391008250493
1.3000000000000007,0.00061875,323.72667385118075
1.3200000000000007,0.00061875,324.0024096752032
1.3400000000000007,0.00061875,324.26668265536904
1.3600000000000008,0.00061875,324.5198910943622
1.3800000000000008,0.00061875,324.7624114082356
1.4000000000000008,0.00061875,324.99462216081383
1.4200000000000008,0.00061875,325.2168917894838
1.4400000000000008,0.00061875,325.42957913456075
1.4600000000000009,0.00061875,325.6330372092214
1.4800000000000009,0.00061875,325.82760572625625
1.5000000000000009,0.00061875,326.0136185051352
1.5200000000000007,0.00061875,326.1913961221633
1.5400000000000007,0.00061875,326.3612518137216
1.5600000000000007,0.00061875,326.523486870534
1.5800000000000007,0.00061875,326.6783938577862
1.6000000000000008,0.00061875,326.82625481033597
1.6200000000000008,0.00061875,326.96734219419136
1.6400000000000008,0.00061875,327.10191909572205
1.6600000000000008,0.00061875,327.2302387686616
1.6800000000000008,0.00061875,327.35254591863696
1.7000000000000006,0.00061875,327.46907560983567
1.7200000000000006,0.00061875,327.5800549350493
1.7400000000000007,0.00061875,327.68570183589486
1.7600000000000007,0.00061875,327.78622669376796
1.7800000000000007,0.00061875,327.8818313922333
1.8000000000000007,0.00061875,327.97271057806233
1.8200000000000007,0.00061875,328.05905111495395
1.8400000000000007,0.00061875,328.1410329216521
1.8600000000000008,0.00061875,328.2188288416132
1.8800000000000008,0.00061875,328.2926050688261
1.9000000000000008,0.00061875,328.36252138138695
0.7000000000000003,0.0006375,308.8518371163211
0.7200000000000003,0.0006375,309.439625081082
0.7400000000000003,0.0006375,310.0290013631525
0.7600000000000003,0.0006375,310.6192877206268
0.7800000000000004,0.0006375,311.2098345544214
0.8000000000000004,0.0006375,311.79995246443235
0.8200000000000004,0.0006375,312.38879888332735
0.8400000000000003,0.0006375,312.97526120516886
0.8600000000000003,0.0006375,313.5579157426281
0.8800000000000003,0.0006375,314.1351078757222
0.9000000000000004,0.0006375,314.70511065603904
0.9200000000000004,0.0006375,315.2662747244309
0.9400000000000004,0.0006375,315.8171210174664
0.9600000000000004,0.0006375,316.3563821212731
0.9800000000000004,0.0006375,316.8830126889632
1.0000000000000004,0.0006375,317.39618177055775
1.0200000000000005,0.0006375,317.8952554485038
1.0400000000000005,0.0006375,318.37977559990685
1.0600000000000005,0.0006375,318.8494377261593
1.0800000000000005,0.0006375,319.30406949100086
1.1000000000000005,0.0006375,319.74361087751964
1.1200000000000006,0.0006375,320.1680962765438
1.1400000000000006,0.0006375,320.5776386110897
1.1600000000000006,0.0006375,320.9724154414036
1.1800000000000006,0.0006375,321.3526569058236
1.2000000000000006,0.0006375,321.71863533698036
1.2200000000000006,0.0006375,322.0707686908765
1.2400000000000007,0.0006375,322.40953535917146
1.2600000000000007,0.0006375,322.7351378498812
1.2800000000000007,0.0006375,323.0477626180835
1.3000000000000007,0.0006375,323.3478266460784
1.3200000000000007,0.0006375,323.6356999304175
1.3400000000000007,0.0006375,323.9117572225384
1.3600000000000008,0.0006375,324.17639636963946
1.3800000000000008,0.0006375,324.42998554958046
1.4000000000000008,0.0006375,324.6729119240359
1.4200000000000008,0.0006375,324.9055397327669
1.4400000000000008,0.0006375,325.1282370201578
1.4600000000000009,0.0006375,325.34135875737553
1.4800000000000009,0.0006375,325.5452526489898
1.5000000000000009,0.0006375,325.74025923523334
1.5200000000000007,0.0006375,325.9267061583867
1.5400000000000007,0.0006375,326.1049161811928
1.5600000000000007,0.0006375,326.2751973606234
1.5800000000000007,0.0006375,326.43785301385554
1.6000000000000008,0.0006375,326.5931720785262
1.6200000000000008,0.0006375,326.741437962309
1.6400000000000008,0.0006375,326.8829209635009
1.6600000000000008,0.0006375,327.0178848905596
1.6800000000000008,0.0006375,327.1465819421039
1.7000000000000006,0.0006375,327.26925709648424
1.7200000000000006,0.0006375,327.3861450750492
1.7400000000000007,0.0006375,327.4974730413027
1.7600000000000007,0.0006375,327.60345894544946
1.7800000000000007,0.0006375,327.7043132609558
1.8000000000000007,0.0006375,327.80023794405145
1.8200000000000007,0.0006375,327.8914279281463
1.8400000000000007,0.0006375,327.9780700048351
1.8600000000000008,0.0006375,328.0603446927427
1.8800000000000008,0.0006375,328.1384244801263
1.9000000000000008,0.0006375,328.2124765437288
0.7000000000000003,0.00065625,308.3321725021326
0.7200000000000003,0.00065625,308.91532284687815
0.7400000000000003,0.00065625,309.50078921203016
0.7600000000000003,0.00065625,310.0878356301922
0.7800000000000004,0.00065625,310.67577024657425
0.8000000000000004,0.00065625,311.263896266935
0.8200000000000004,0.00065625,311.8514248970936
0.8400000000000003,0.00065625,312.4373717471904
0.8600000000000003,0.00065625,313.0204937701332
0.8800000000000003,0.00065625,313.5993156218768
0.9000000000000004,0.00065625,314.1722352563754
0.9200000000000004,0.00065625,314.7376498886845
0.9400000000000004,0.00065625,315.2940532739872
0.9600000000000004,0.00065625,315.84009414856047
0.9800000000000004,0.00065625,316.37460552334693
1.0000000000000004,0.00065625,316.8966139195825
1.0200000000000005,0.00065625,317.4053352339418
1.0400000000000005,0.00065625,317.90016281488244
1.0600000000000005,0.00065625,318.3806514138515
1.0800000000000005,0.00065625,318.8464993422505
1.1000000000000005,0.00065625,319.29753042064215
1.1200000000000006,0.00065625,319.7336766279345
1.1400000000000006,0.00065625,320.1549619683281
1.1600000000000006,0.00065625,320.5614878234508
1.1800000000000006,0.00065625,320.95341986783603
1.2000000000000006,0.00065625,321.33097653304617
1.2200000000000006,0.00065625,321.69461555886045
1.2400000000000007,0.00065625,322.04478066246764
1.2600000000000007,0.00065625,322.3814728503372
1.2800000000000007,0.00065625,322.7048902029243
1.3000000000000007,0.00065625,323.0154944628263
1.3200000000000007,0.00065625,323.3136000610882
1.3400000000000007,0.00065625,323.59961005887203
1.3600000000000008,0.00065625,323.8738997976521
1.3800000000000008,0.00065625,324.13684268385015
1.4000000000000008,0.00065625,324.38882692303656
1.4200000000000008,0.00065625,324.6302125270529
1.4400000000000008,0.00065625,324.86137868040896
1.4600000000000009,0.00065625,325.0826754168871
1.4800000000000009,0.00065625,325.2944639464396
1.5000000000000009,0.00065625,325.4970828981966
1.5200000000000007,0.00065625,325.69087233321926
1.5400000000000007,0.00065625,325.8761569803847
1.5600000000000007,0.00065625,326.05325513889653
1.5800000000000007,0.00065625,326.22247547100574
1.6000000000000008,0.00065625,326.3841150226446
1.6200000000000008,0.00065625,326.53846493890757
1.6400000000000008,0.00065625,326.6858019907822
1.6600000000000008,0.00065625,326.82639907081534
1.6800000000000008,0.00065625,326.9605138251301
1.7000000000000006,0.00065625,327.0884007471061
1.7200000000000006,0.00065625,327.21029954351826
1.7400000000000007,0.00065625,327.32644660253015
1.7600000000000007,0.00065625,327.43706485126415
1.7800000000000007,0.00065625,327.5423731745774
1.8000000000000007,0.00065625,327.6425788277325
1.8200000000000007,0.00065625,327.73788399533544
1.8400000000000007,0.00065625,327.8284813071269
1.8600000000000008,0.00065625,327.9145571703416
1.8800000000000008,0.00065625,327.99629057218283
1.9000000000000008,0.00065625,328.07385312558904
0.7000000000000003,0.000675,307.9043942372304
0.7200000000000003,0.000675,308.48333939706913
0.7400000000000003,0.000675,309.0652079905403
0.7600000000000003,0.000675,309.64921561455213
0.7800000000000004,0.000675,310.2346325910078
0.8000000000000004,0.000675,310.8207483357445
0.8200000000000004,0.000675,311.40680454780653
0.8400000000000003,0.000675,311.9919059047187
0.8600000000000003,0.000675,312.57494706735065
0.8800000000000003,0.000675,313.15460151830547
0.9000000000000004,0.000675,313.7293827017232
0.9200000000000004,0.000675,314.29774365511946
0.9400000000000004,0.000675,314.8581721300744
0.9600000000000004,0.000675,315.4092606744462
0.9800000000000004,0.000675,315.94975110473865
1.0000000000000004,0.000675,316.4785580277897
1.0200000000000005,0.000675,316.9947763397397
1.0400000000000005,0.000675,317.49767774910157
1.0600000000000005,0.000675,317.9867004041017
1.0800000000000005,0.000675,318.4614345384848
1.1000000000000005,0.000675,318.92160626901773
1.1200000000000006,0.000675,319.3670609634443
1.1400000000000006,0.000675,319.7977470716557
1.1600000000000006,0.000675,320.21370096853144
1.1800000000000006,0.000675,320.6150330917887
1.2000000000000006,0.000675,321.00191549392906
1.2200000000000006,0.000675,321.3749157997692
1.2400000000000007,0.000675,321.73436393538014
1.2600000000000007,0.000675,322.07999954293325
1.2800000000000007,0.000675,322.4121604044929
1.3000000000000007,0.000675,322.7313025916356
1.3200000000000007,0.000675,323.0376907597461
1.3400000000000007,0.000675,323.331779050847
1.3600000000000008,0.000675,323.61388706425623
1.3800000000000008,0.000675,323.88442824929194
1.4000000000000008,0.000675,324.14375962957047
1.4200000000000008,0.000675,324.3922621577036
1.4400000000000008,0.000675,324.63030562016667
1.4600000000000009,0.000675,324.8582475108617
1.4800000000000009,0.000675,325.07645299629723
1.5000000000000009,0.000675,325.28526161977254
1.5200000000000007,0.000675,325.4850233270252
1.5400000000000007,0.000675,325.6760625228649
1.5600000000000007,0.000675,325.8587080973038
1.5800000000000007,0.000675,326.03327054866685
1.6000000000000008,0.000675,326.20005498471477
1.6200000000000008,0.000675,326.35935841428255
1.6400000000000008,0.000675,326.5114613917941
1.6600000000000008,0.000675,326.6566474922187
1.6800000000000008,0.000675,326.795173135821
1.7000000000000006,0.000675,326.9273084082102
1.7200000000000006,0.000675,327.05328670623686
1.7400000000000007,0.000675,327.1733645882051
1.7600000000000007,0.000675,327.28775390850797
1.7800000000000007,0.000675,327.39669773667845
1.8000000000000007,0.000675,327.5003880312992
1.8200000000000007,0.000675,327.5990545084188
1.8400000000000007,0.000675,327.6928709153735
1.8600000000000008,0.000675,327.7820538464853
1.8800000000000008,0.000675,327.8667604828295
1.9000000000000008,0.000675,327.9471946148825
0.7000000000000003,0.00069375,307.5677855950476
0.7200000000000003,0.00069375,308.14305840648376
0.7400000000000003,0.00069375,308.7217335925713
0.7600000000000003,0.00069375,309.30298862819853
0.7800000000000004,0.00069375,309.8860628577039
0.8000000000000004,0.00069375,310.4702308730153
0.8200000000000004,0.00069375,311.05475046400693
0.8400000000000003,0.00069375,311.63878601437733
0.8600000000000003,0.00069375,312.2213324433719
0.8800000000000003,0.00069375,312.80117931082356
0.9000000000000004,0.00069375,313.3769375556437
0.9200000000000004,0.00069375,313.9471148139047
0.9400000000000004,0.00069375,314.51020488874804
0.9600000000000004,0.00069375,315.0647650764436
0.9800000000000004,0.00069375,315.6094721497267
1.0000000000000004,0.00069375,316.1431572168516
1.0200000000000005,0.00069375,316.66482273642725
1.0400000000000005,0.00069375,317.1736461306303
1.0600000000000005,0.00069375,317.66897425649387
1.0800000000000005,0.00069375,318.15031210568065
1.1000000000000005,0.00069375,318.61730829375097
1.1200000000000006,0.00069375,319.0697391614665
1.1400000000000006,0.00069375,319.5074926975383
1.1600000000000006,0.00069375,319.93055306134903
1.1800000000000006,0.00069375,320.3389861610673
1.2000000000000006,0.00069375,320.73292652115293
1.2200000000000006,0.00069375,321.1131694200784
1.2400000000000007,0.00069375,321.4797348414254
1.2600000000000007,0.00069375,321.8321088938897
1.2800000000000007,0.00069375,322.17096139410336
1.3000000000000007,0.00069375,322.4965748781171
1.3200000000000007,0.00069375,322.80928015941
1.3400000000000007,0.00069375,323.1095225246005
1.3600000000000008,0.00069375,323.3975837349629
1.3800000000000008,0.00069375,323.6739308434448
1.4000000000000008,0.00069375,323.938855444357
1.4200000000000008,0.00069375,324.19280437149547
1.4400000000000008,0.00069375,324.436086902266
1.4600000000000009,0.00069375,324.6691169728331
1.4800000000000009,0.00069375,324.8922166766301
1.5000000000000009,0.00069375,325.1057644458148
1.5200000000000007,0.00069375,325.3100879739689
1.5400000000000007,0.00069375,325.5055312647749
1.5600000000000007,0.00069375,325.6924210525722
1.5800000000000007,0.00069375,325.8710693099191
1.6000000000000008,0.00069375,326.04179664563645
1.6200000000000008,0.00069375,326.20488578364075
1.6400000000000008,0.00069375,326.3606474384613
1.6600000000000008,0.00069375,326.50933786637853
1.6800000000000008,0.00069375,326.6512553047616
1.7000000000000006,0.00069375,326.7866321634008
1.7200000000000006,0.00069375,326.9157525580299
1.7400000000000007,0.00069375,327.0388274546941
1.7600000000000007,0.00069375,327.15612591793115
1.7800000000000007,0.00069375,327.267839640963
1.8000000000000007,0.00069375,327.3742222385479
1.8200000000000007,0.00069375,327.4754480772559
1.8400000000000007,0.00069375,327.5717553095849
1.8600000000000008,0.00069375,327.66330271282584
1.8800000000000008,0.00069375,327.75031323944324
1.9000000000000008,0.00069375,327.83293162524467
0.7000000000000003,0.0007125,307.32173045961196
0.7200000000000003,0.0007125,307.8939416605376
0.7400000000000003,0.0007125,308.4698994134716
0.7600000000000003,0.0007125,309.0487540738931
0.7800000000000004,0.0007125,309.6297224019419
0.8000000000000004,0.0007125,310.2120666450487
0.8200000000000004,0.0007125,310.7950524537915
0.8400000000000003,0.0007125,311.3778820397506
0.8600000000000003,0.0007125,311.95961832231
0.8800000000000003,0.0007125,312.53913390726444
0.9000000000000004,0.0007125,313.1151136591195
0.9200000000000004,0.0007125,313.6861107264782
0.9400000000000004,0.0007125,314.2506297058899
0.9600000000000004,0.0007125,314.80720799299394
0.9800000000000004,0.0007125,315.354479752651
1.0000000000000004,0.0007125,315.8912189662033
1.0200000000000005,0.0007125,316.4163634744122
1.0400000000000005,0.0007125,316.9290239356208
1.0600000000000005,0.0007125,317.42848199628065
1.0800000000000005,0.0007125,317.91418136352996
1.1000000000000005,0.0007125,318.3857146507125
1.1200000000000006,0.0007125,318.84280810652325
1.1400000000000006,0.0007125,319.285305676442
1.1600000000000006,0.0007125,319.7131533462517
1.1800000000000006,0.0007125,320.12638435181617
1.2000000000000006,0.0007125,320.5251055774315
1.2200000000000006,0.0007125,320.9105448501387
1.2400000000000007,0.0007125,321.28194147445
1.2600000000000007,0.0007125,321.63885560913513
1.2800000000000007,0.0007125,321.98232595905847
1.3000000000000007,0.0007125,322.31229616360173
1.3200000000000007,0.0007125,322.6293551334198
1.3400000000000007,0.0007125,322.9337722112696
1.3600000000000008,0.0007125,323.22591606778525
1.3800000000000008,0.0007125,323.5062348988247
1.4000000000000008,0.0007125,323.77497491886413
1.4200000000000008,0.0007125,324.03267809768937
1.4400000000000008,0.0007125,324.2795172471091
1.4600000000000009,0.0007125,324.5160777720157
1.4800000000000009,0.0007125,324.74248626124876
1.5000000000000009,0.0007125,324.9593407693651
1.5200000000000007,0.0007125,325.16673770378003
1.5400000000000007,0.0007125,325.36526864371734
1.5600000000000007,0.0007125,325.55500971258033
1.5800000000000007,0.0007125,325.7365341959556
1.6000000000000008,0.0007125,325.9099042474043
1.6200000000000008,0.0007125,326.07566777058844
1.6400000000000008,0.0007125,326.23387708281757
1.6600000000000008,0.0007125,326.3850507368062
1.6800000000000008,0.0007125,326.52923397461075
1.7000000000000006,0.0007125,326.6669141022453
1.7200000000000006,0.0007125,326.7981311598213
1.7400000000000007,0.0007125,326.923340687458
1.7600000000000007,0.0007125,327.0425788099755
1.7800000000000007,0.0007125,327.15626968723666
1.8000000000000007,0.0007125,327.2644464210021
1.8200000000000007,0.0007125,327.3675027587284
1.8400000000000007,0.0007125,327.46546940258344
1.8600000000000008,0.0007125,327.5587110159151
1.8800000000000008,0.0007125,327.6472563397357
1.9000000000000008,0.0007125,327.731442489434
0.7000000000000003,0.00073125,307.16571352814776
0.7200000000000003,0.00073125,307.7355310406413
0.7400000000000003,0.00073125,308.3092999607061
0.7600000000000003,0.00073125,308.8861549905982
0.7800000000000004,0.00073125,309.4652997102589
0.8000000000000004,0.00073125,310.04598882205937
0.8200000000000004,0.00073125,310.62749182913194
0.8400000000000003,0.00073125,311.20903230317833
0.8600000000000003,0.00073125,311.78971309050155
0.8800000000000003,0.00073125,312.36845728106414
0.9000000000000004,0.00073125,312.9439965421123
0.9200000000000004,0.00073125,313.51491483225993
0.9400000000000004,0.00073125,314.079726804399
0.9600000000000004,0.00073125,314.63696101763645
0.9800000000000004,0.00073125,315.18522854627685
1.0000000000000004,0.00073125,315.7232709424468
1.0200000000000005,0.00073125,316.2499885670537
1.0400000000000005,0.00073125,316.7644528606295
1.0600000000000005,0.00073125,317.26590683141166
1.0800000000000005,0.00073125,317.7537576345275
1.1000000000000005,0.00073125,318.22756430011844
1.1200000000000006,0.00073125,318.6870228918505
1.1400000000000006,0.00073125,319.13195069187645
1.1600000000000006,0.00073125,319.5622704676258
1.1800000000000006,0.00073125,319.97799548324326
1.2000000000000006,0.00073125,320.3792156336678
1.2200000000000006,0.00073125,320.7679396575571
1.2400000000000007,0.00073125,321.1416339659739
1.2600000000000007,0.00073125,321.50103771066455
1.2800000000000007,0.00073125,321.8469427969722
1.3000000000000007,0.00073125,322.1791603388705
1.3200000000000007,0.00073125,322.49862963862057
1.3400000000000007,0.00073125,322.8051336822166
1.3600000000000008,0.00073125,323.09960317860674
1.3800000000000008,0.00073125,323.3818729532708
1.4000000000000008,0.00073125,323.65282667959514
1.4200000000000008,0.00073125,323.9123552408465
1.4400000000000008,0.00073125,324.1612839771428
1.4600000000000009,0.00073125,324.39955093161524
1.4800000000000009,0.00073125,324.6279207681483
1.5000000000000009,0.00073125,324.84636841128923
1.5200000000000007,0.00073125,325.05559902969685
1.5400000000000007,0.00073125,325.25561539164255
1.5600000000000007,0.00073125,325.44706588393143
1.5800000000000007,0.00073125,325.6299737834263
1.6000000000000008,0.00073125,325.80493408976844
1.6200000000000008,0.00073125,325.9719848329359
1.6400000000000008,0.00073125,326.13167128449805
1.6600000000000008,0.00073125,326.28404178791214
1.6800000000000008,0.00073125,326.4295955849287
1.7000000000000006,0.00073125,326.5683879415854
1.7200000000000006,0.00073125,326.70087567933376
1.7400000000000007,0.00073125,326.8271184144574
1.7600000000000007,0.00073125,326.94753399609687
1.7800000000000007,0.00073125,327.06218445075757
1.8000000000000007,0.00073125,327.17145190235647
1.8200000000000007,0.00073125,327.27539933356996
1.8400000000000007,0.00073125,327.37437617094355
1.8600000000000008,0.00073125,327.46844527194145
1.8800000000000008,0.00073125,327.5579261694118
1.9000000000000008,0.00073125,327.6428807997902
0.7000000000000003,0.00075,307.0993437630818
0.7200000000000003,0.00075,307.66746830351536
0.7400000000000003,0.00075,308.2396072588976
0.7600000000000003,0.00075,308.81489138620253
0.7800000000000004,0.00075,309.3925210107302
0.8000000000000004,0.00075,309.97174931001217
0.8200000000000004,0.00075,310.55184793656235
0.8400000000000003,0.00075,311.1320484635362
0.8600000000000003,0.00075,311.7114682172031
0.8800000000000003,0.00075,312.28904883441146
0.9000000000000004,0.00075,312.8635398857227
0.9200000000000004,0.00075,313.4335382660127
0.9400000000000004,0.00075,313.9975647116042
0.9600000000000004,0.00075,314.5541474179735
0.9800000000000004,0.00075,315.1018920820499
1.0000000000000004,0.00075,315.63953144869225
1.0200000000000005,0.00075,316.1659550546952
1.0400000000000005,0.00075,316.68022261390155
1.0600000000000005,0.00075,317.18156530064095
1.0800000000000005,0.00075,317.6693788600439
1.1000000000000005,0.00075,318.1432116621039
1.1200000000000006,0.00075,318.6027500344625
1.1400000000000006,0.00075,319.04780251814356
1.1600000000000006,0.00075,319.47828413594397
1.1800000000000006,0.00075,319.89420136222145
1.2000000000000006,0.00075,320.29563819053584
1.2200000000000006,0.00075,320.68599779156926
1.2400000000000007,0.00075,321.0588403095091
1.2600000000000007,0.00075,321.4194227638857
1.2800000000000007,0.00075,321.7647510828138
1.3000000000000007,0.00075,322.0979541801925
1.3200000000000007,0.00075,322.417014247074
1.3400000000000007,0.00075,322.72437425240156
1.3600000000000008,0.00075,323.0185495814014
1.3800000000000008,0.00075,323.3015760473482
1.4000000000000008,0.00075,323.5723188044074
1.4200000000000008,0.00075,323.83252325760435
1.4400000000000008,0.00075,324.08130288365186
1.4600000000000009,0.00075,324.3201777468079
1.4800000000000009,0.00075,324.548445275414
1.5000000000000009,0.00075,324.7674424620308
1.5200000000000007,0.00075,324.976606614714
1.5400000000000007,0.00075,325.1771217493334
1.5600000000000007,0.00075,325.3685334753907
1.5800000000000007,0.00075,325.5518955816243
1.6000000000000008,0.00075,325.7268386817208
1.6200000000000008,0.00075,325.8943042560062
1.6400000000000008,0.00075,326.05399037818046
1.6600000000000008,0.00075,326.20674075154307
1.6800000000000008,0.00075,326.35230748903115
1.7000000000000006,0.00075,326.49144855460077
1.7200000000000006,0.00075,326.62395970106263
1.7400000000000007,0.00075,326.75052328493257
1.7600000000000007,0.00075,326.87097055115174
1.7800000000000007,0.00075,326.98591688144853
1.8000000000000007,0.00075,327.09522256636467
1.8200000000000007,0.00075,327.19944343899704
1.8400000000000007,0.00075,327.2984636896471
1.8600000000000008,0.00075,327.392786040404
1.8800000000000008,0.00075,327.48231444055256
1.9000000000000008,0.00075,327.5675041170661
1.9000000000000008,0.0,332.8608854219424
1.9200000000000008,0.0,380.0
1.9400000000000008,0.0,380.0
1.9600000000000009,0.0,380.0
1.9800000000000009,0.0,380.0
2.000000000000001,0.0,380.0
2.020000000000001,0.0,380.0
2.040000000000001,0.0,380.0
2.060000000000001,0.0,380.0
2.080000000000001,0.0,380.0
2.100000000000001,0.0,380.0
2.120000000000001,0.0,380.0
2.140000000000001,0.0,380.0
2.160000000000001,0.0,380.0
2.180000000000001,0.0,380.0
2.200000000000001,0.0,380.0
2.220000000000001,0.0,380.0
2.240000000000001,0.0,380.0
2.260000000000001,0.0,380.0
2.280000000000001,0.0,380.0
2.300000000000001,0.0,380.0
2.320000000000001,0.0,380.0
2.340000000000001,0.0,380.0
2.360000000000001,0.0,380.0
2.3800000000000012,0.0,380.0
2.4000000000000012,0.0,380.0
2.420000000000001,0.0,380.0
2.4400000000000013,0.0,380.0
2.460000000000001,0.0,380.0
2.4800000000000013,0.0,380.0
2.500000000000001,0.0,380.0
2.5200000000000014,0.0,380.0
2.540000000000001,0.0,380.0
2.5600000000000014,0.0,380.0
2.580000000000001,0.0,380.0
2.6000000000000014,0.0,380.0
2.620000000000001,0.0,380.0
2.6400000000000015,0.0,380.0
2.660000000000001,0.0,380.0
2.6800000000000015,0.0,380.0
2.700000000000001,0.0,380.0
1.9000000000000008,1.8750000000000002e-05,332.8863413334389
1.9200000000000008,1.8750000000000002e-05,359.7606877225908
1.9400000000000008,1.8750000000000002e-05,374.8494027673343
1.9600000000000009,1.8750000000000002e-05,371.4873684836278
1.9800000000000009,1.8750000000000002e-05,375.6389985723756
2.000000000000001,1.8750000000000002e-05,374.10584951568046
2.020000000000001,1.8750000000000002e-05,376.13702792368434
2.040000000000001,1.8750000000000002e-05,375.2987899681554
2.060000000000001,1.8750000000000002e-05,376.4967538373435
2.080000000000001,1.8750000000000002e-05,375.9902676444998
2.100000000000001,1.8750000000000002e-05,376.77358065899836
2.120000000000001,1.8750000000000002e-05,376.4463551219175
2.140000000000001,1.8750000000000002e-05,376.9949195937307
2.160000000000001,1.8750000000000002e-05,376.77304558373356
2.180000000000001,1.8750000000000002e-05,377.17672972119055
2.200000000000001,1.8750000000000002e-05,377.02087276861425
2.220000000000001,1.8750000000000002e-05,377.3292204190202
2.240000000000001,1.8750000000000002e-05,377.21692969824863
2.260000000000001,1.8750000000000002e-05,377.45931990543727
2.280000000000001,1.8750000000000002e-05,377.3770271880246
2.300000000000001,1.8750000000000002e-05,377.5719229634797
2.320000000000001,1.8750000000000002e-05,377.5110168436872
2.340000000000001,1.8750000000000002e-05,377.67059376911885
2.360000000000001,1.8750000000000002e-05,377.6253715236099
2.3800000000000012,1.8750000000000002e-05,377.75799253799227
2.4000000000000012,1.8750000000000002e-05,377.7245365951535
2.420000000000001,1.8750000000000002e-05,377.83614785351864
2.4400000000000013,1.8750000000000002e-05,377.8116817118041
2.460000000000001,1.8750000000000002e-05,377.90663639522523
2.4800000000000013,1.8750000000000002e-05,377.8891401037801
2.500000000000001,1.8750000000000002e-05,377.9707043822139
2.5200000000000014,1.8750000000000002e-05,377.95867607182424
2.540000000000001,1.8750000000000002e-05,378.02935123696346
2.5600000000000014,1.8750000000000002e-05,378.0216538919825
2.580000000000001,1.8750000000000002e-05,378.0833883417606
2.6000000000000014,1.8750000000000002e-05,378.0791481076665
2.620000000000001,1.8750000000000002e-05,378.1334811223004
2.6400000000000015,1.8750000000000002e-05,378.132017769239
2.660000000000001,1.8750000000000002e-05,378.1801796781142
2.6800000000000015,1.8750000000000002e-05,378.18095776981943
2.700000000000001,1.8750000000000002e-05,378.22394150506346
1.9000000000000008,3.7500000000000003e-05,332.97455475240474
1.9200000000000008,3.7500000000000003e-05,348.2109787719942
1.9400000000000008,3.7500000000000003e-05,365.35927126331154
1.9600000000000009,3.7500000000000003e-05,366.50163508440886
1.9800000000000009,3.7500000000000003e-05,368.87399206207726
2.000000000000001,3.7500000000000003e-05,370.27283253241393
2.020000000000001,3.7500000000000003e-05,370.74042928758314
2.040000000000001,3.7500000000000003e-05,371.95803430536506
2.060000000000001,3.7500000000000003e-05,371.9347350727652
2.080000000000001,3.7500000000000003e-05,372.9432841099278
2.100000000000001,3.7500000000000003e-05,372.7769062953126
2.120000000000001,3.7500000000000003e-05,373.60654840860843
2.140000000000001,3.7500000000000003e-05,373.40822906301474
2.160000000000001,3.7500000000000003e-05,374.09331957898934
2.180000000000001,3.7500000000000003e-05,373.9021130486225
2.200000000000001,3.7500000000000003e-05,374.47173490818216
2.220000000000001,3.7500000000000003e-05,374.300914060895
2.240000000000001,3.7500000000000003e-05,374.7781146417925
2.260000000000001,3.7500000000000003e-05,374.6309479772052
2.280000000000001,3.7500000000000003e-05,375.0337028810612
2.300000000000001,3.7500000000000003e-05,374.90950109179545
2.320000000000001,3.7500000000000003e-05,375.25183235575264
2.340000000000001,3.7500000000000003e-05,375.14843850793056
2.360000000000001,3.7500000000000003e-05,375.4413508673075
2.3800000000000012,3.7500000000000003e-05,375.35620317103144
2.4000000000000012,3.7500000000000003e-05,375.60840465405244
2.420000000000001,3.7500000000000003e-05,375.5389880136832
2.4400000000000013,3.7500000000000003e-05,375.7574297696231
2.460000000000001,3.7500000000000003e-05,375.7014545615894
2.4800000000000013,3.7500000000000003e-05,375.8917326696222
2.500000000000001,3.7500000000000003e-05,375.84718965858957
2.5200000000000014,3.7500000000000003e-05,376.013845002187
2.540000000000001,3.7500000000000003e-05,375.9790048271923
2.5600000000000014,3.7500000000000003e-05,376.12574854528435
2.580000000000001,3.7500000000000003e-05,376.09913811135726
2.6000000000000014,3.7500000000000003e-05,376.22902274960194
2.620000000000001,3.7500000000000003e-05,376.2093938145866
2.6400000000000015,3.7500000000000003e-05,376.32494449933654
2.660000000000001,3.7500000000000003e-05,376.3112414440817
2.6800000000000015,3.7500000000000003e-05,376.4145573919237
2.700000000000001,3.7500000000000003e-05,376.40588740103027
1.9000000000000008,5.6250000000000005e-05,332.9735521733966
1.9200000000000008,5.6250000000000005e-05,341.6454403726459
1.9400000000000008,5.6250000000000005e-05,356.2767926018446
1.9600000000000009,5.6250000000000005e-05,361.346583422697
1.9800000000000009,5.6250000000000005e-05,363.1673625806692
2.000000000000001,5.6250000000000005e-05,365.67168294192777
2.020000000000001,5.6250000000000005e-05,366.40523514357864
2.040000000000001,5.6250000000000005e-05,367.79993379531
2.060000000000001,5.6250000000000005e-05,368.31329503502667
2.080000000000001,5.6250000000000005e-05,369.151848257242
2.100000000000001,5.6250000000000005e-05,369.58481642475044
2.120000000000001,5.6250000000000005e-05,370.11961872139955
2.140000000000001,5.6250000000000005e-05,370.5020220923564
2.160000000000001,5.6250000000000005e-05,370.86072173995416
2.180000000000001,5.6250000000000005e-05,371.2014605056044
2.200000000000001,5.6250000000000005e-05,371.453279694167
2.220000000000001,5.6250000000000005e-05,371.7571349615072
2.240000000000001,5.6250000000000005e-05,371.94161205469027
2.260000000000001,5.6250000000000005e-05,372.21258126514647
2.280000000000001,5.6250000000000005e-05,372.35325189338306
2.300000000000001,5.6250000000000005e-05,372.5950834759545
2.320000000000001,5.6250000000000005e-05,372.7064490386487
2.340000000000001,5.6250000000000005e-05,372.92263631333026
2.360000000000001,5.6250000000000005e-05,373.0139028932229
2.3800000000000012,5.6250000000000005e-05,373.2076248625584
2.4000000000000012,5.6250000000000005e-05,373.2847945465046
2.420000000000001,5.6250000000000005e-05,373.45888904810596
2.4400000000000013,5.6250000000000005e-05,373.5259704446035
2.460000000000001,5.6250000000000005e-05,373.68293865234307
2.4800000000000013,5.6250000000000005e-05,373.74266818721964
2.500000000000001,5.6250000000000005e-05,373.88469716617146
2.5200000000000014,5.6250000000000005e-05,373.93897993983336
2.540000000000001,5.6250000000000005e-05,374.06797298516693
2.5600000000000014,5.6250000000000005e-05,374.11815860235276
2.580000000000001,5.6250000000000005e-05,374.23576743043157
2.6000000000000014,5.6250000000000005e-05,374.2828264610123
2.620000000000001,5.6250000000000005e-05,374.3904821248597
2.6400000000000015,5.6250000000000005e-05,374.43512123444725
2.660000000000001,5.6250000000000005e-05,374.53406221614193
2.6800000000000015,5.6250000000000005e-05,374.57680070397987
2.700000000000001,5.6250000000000005e-05,374.6680979542364
1.9000000000000008,7.500000000000001e-05,333.0019249306341
1.9200000000000008,7.500000000000001e-05,337.87424839916287
1.9400000000000008,7.500000000000001e-05,348.9852262168838
1.9600000000000009,7.500000000000001e-05,355.9358340673302
1.9800000000000009,7.500000000000001e-05,358.3263905359412
2.000000000000001,7.500000000000001e-05,360.96447166335855
2.020000000000001,7.500000000000001e-05,362.4220535098567
2.040000000000001,7.500000000000001e-05,363.72133691947175
2.060000000000001,7.500000000000001e-05,364.77446054991253
2.080000000000001,7.500000000000001e-05,365.54566898437014
2.100000000000001,7.500000000000001e-05,366.33649253217675
2.120000000000001,7.500000000000001e-05,366.8668638602316
2.140000000000001,7.500000000000001e-05,367.4710032561949
2.160000000000001,7.500000000000001e-05,367.8779723364788
2.180000000000001,7.500000000000001e-05,368.345733532038
2.200000000000001,7.500000000000001e-05,368.6820927804367
2.220000000000001,7.500000000000001e-05,369.04902338712753
2.240000000000001,7.500000000000001e-05,369.3403099101986
2.260000000000001,7.500000000000001e-05,369.6320348863903
2.280000000000001,7.500000000000001e-05,369.89144946012675
2.300000000000001,7.500000000000001e-05,370.1266379980706
2.320000000000001,7.500000000000001e-05,370.36149842399925
2.340000000000001,7.500000000000001e-05,370.55386934338145
2.360000000000001,7.500000000000001e-05,370.76857072981346
2.3800000000000012,7.500000000000001e-05,370.9282884155379
2.4000000000000012,7.500000000000001e-05,371.12572084414353
2.420000000000001,7.500000000000001e-05,371.2603774293852
2.4400000000000013,7.500000000000001e-05,371.4426259504316
2.460000000000001,7.500000000000001e-05,371.5579367544184
2.4800000000000013,7.500000000000001e-05,371.72663410557743
2.500000000000001,7.500000000000001e-05,371.8269330432675
2.5200000000000014,7.500000000000001e-05,371.9834396294856
2.540000000000001,7.500000000000001e-05,372.072034678951
2.5600000000000014,7.500000000000001e-05,372.2175313028668
2.580000000000001,7.500000000000001e-05,372.2969617924327
2.6000000000000014,7.500000000000001e-05,372.43249809224903
2.620000000000001,7.500000000000001e-05,372.5047225358552
2.6400000000000015,7.500000000000001e-05,372.63124275376896
2.660000000000001,7.500000000000001e-05,372.6977770034516
2.6800000000000015,7.500000000000001e-05,372.8161343591456
2.700000000000001,7.500000000000001e-05,372.87815434003505
1.9000000000000008,9.375e-05,332.9790850912646
1.9200000000000008,9.375e-05,335.72188101224936
1.9400000000000008,9.375e-05,343.60057494049425
1.9600000000000009,9.375e-05,350.77217430917926
1.9800000000000009,9.375e-05,353.9922483079706
2.000000000000001,9.375e-05,356.5883977023627
2.020000000000001,9.375e-05,358.55294635442453
2.040000000000001,9.375e-05,359.9520141485152
2.060000000000001,9.375e-05,361.2447124472689
2.080000000000001,9.375e-05,362.1844005027892
2.100000000000001,9.375e-05,363.08391566345125
2.120000000000001,9.375e-05,363.79128846181396
2.140000000000001,9.375e-05,364.4499745164154
2.160000000000001,9.375e-05,365.0143948342657
2.180000000000001,9.375e-05,365.5195221724587
2.200000000000001,9.375e-05,365.984419345651
2.220000000000001,9.375e-05,366.38771102580114
2.240000000000001,9.375e-05,366.7782085900506
2.260000000000001,9.375e-05,367.1112933287332
2.280000000000001,9.375e-05,367.4438877153851
2.300000000000001,9.375e-05,367.72670730429223
2.320000000000001,9.375e-05,368.01315849708146
2.340000000000001,9.375e-05,368.2586798386781
2.360000000000001,9.375e-05,368.50780560006416
2.3800000000000012,9.375e-05,368.7247301132486
2.4000000000000012,9.375e-05,368.94335129271786
2.420000000000001,9.375e-05,369.13770842590816
2.4400000000000013,9.375e-05,369.33120807236213
2.460000000000001,9.375e-05,369.5073117243624
2.4800000000000013,9.375e-05,369.67999658005255
2.500000000000001,9.375e-05,369.8410301207875
2.5200000000000014,9.375e-05,369.996379660022
2.540000000000001,9.375e-05,370.1447606118828
2.5600000000000014,9.375e-05,370.28560649192434
2.580000000000001,9.375e-05,370.42321852076844
2.6000000000000014,9.375e-05,370.5518780887008
2.620000000000001,9.375e-05,370.6802216063093
2.6400000000000015,9.375e-05,370.79859921424514
2.660000000000001,9.375e-05,370.9188910845175
2.6800000000000015,9.375e-05,371.0285563388376
2.700000000000001,9.375e-05,371.1417977680735
1.9000000000000008,0.00011250000000000001,332.9550962572348
1.9200000000000008,0.00011250000000000001,334.4645275963976
1.9400000000000008,0.00011250000000000001,339.82976855536236
1.9600000000000009,0.00011250000000000001,346.2262742355432
1.9800000000000009,0.00011250000000000001,350.0493359138351
2.000000000000001,0.00011250000000000001,352.6415456604425
2.020000000000001,0.00011250000000000001,354.86679448796554
2.040000000000001,0.00011250000000000001,356.4437080937528
2.060000000000001,0.00011250000000000001,357.85817153645894
2.080000000000001,0.00011250000000000001,358.9768041806883
2.100000000000001,0.00011250000000000001,359.9607747745582
2.120000000000001,0.00011250000000000001,360.8083614978253
2.140000000000001,0.00011250000000000001,361.5449194416271
2.160000000000001,0.00011250000000000001,362.2112371109003
2.180000000000001,0.00011250000000000001,362.79359268176705
2.200000000000001,0.00011250000000000001,363.33146865805503
2.220000000000001,0.00011250000000000001,363.81023821711983
2.240000000000001,0.00011250000000000001,364.2541231211307
2.260000000000001,0.00011250000000000001,364.6586824303401
2.280000000000001,0.00011250000000000001,365.0322317945432
2.300000000000001,0.00011250000000000001,365.38080187751353
2.320000000000001,0.00011250000000000001,365.7007397864705
2.340000000000001,0.00011250000000000001,366.0053723699177
2.360000000000001,0.00011250000000000001,366.2837607487384
2.3800000000000012,0.00011250000000000001,366.5529112561134
2.4000000000000012,0.00011250000000000001,366.798592369405
2.420000000000001,0.00011250000000000001,367.0385032055537
2.4400000000000013,0.00011250000000000001,367.2580559140333
2.460000000000001,0.00011250000000000001,367.47353020184084
2.4800000000000013,0.00011250000000000001,367.67191893635777
2.500000000000001,0.00011250000000000001,367.86677108420594
2.5200000000000014,0.00011250000000000001,368.0477931114825
2.540000000000001,0.00011250000000000001,368.22512277940166
2.5600000000000014,0.00011250000000000001,368.3917204401283
2.580000000000001,0.00011250000000000001,368.55408726504197
2.6000000000000014,0.00011250000000000001,368.7085684966767
2.620000000000001,0.00011250000000000001,368.8581089462183
2.6400000000000015,0.00011250000000000001,369.0023043694937
2.660000000000001,0.00011250000000000001,369.14081354266864
2.6800000000000015,0.00011250000000000001,369.2761897184719
2.700000000000001,0.00011250000000000001,369.4051817647467
1.9000000000000008,0.00013125000000000002,332.9034507827826
1.9200000000000008,0.00013125000000000002,333.72091286988973
1.9400000000000008,0.00013125000000000002,337.25377880365596
1.9600000000000009,0.00013125000000000002,342.5008245493211
1.9800000000000009,0.00013125000000000002,346.4780662513065
2.000000000000001,0.00013125000000000002,349.14527788265394
2.020000000000001,0.00013125000000000002,351.4266888854907
2.040000000000001,0.00013125000000000002,353.18737975766743
2.060000000000001,0.00013125000000000002,354.6648529401511
2.080000000000001,0.00013125000000000002,355.92807032170765
2.100000000000001,0.00013125000000000002,356.9892354890515
2.120000000000001,0.00013125000000000002,357.94062817033597
2.140000000000001,0.00013125000000000002,358.75688394468597
2.160000000000001,0.00013125000000000002,359.5013431925093
2.180000000000001,0.00013125000000000002,360.1574955689971
2.200000000000001,0.00013125000000000002,360.759062937265
2.220000000000001,0.00013125000000000002,361.3022759552562
2.240000000000001,0.00013125000000000002,361.80164665190887
2.260000000000001,0.00013125000000000002,362.26094823313514
2.280000000000001,0.00013125000000000002,362.68479809314914
2.300000000000001,0.00013125000000000002,363.0795256654646
2.320000000000001,0.00013125000000000002,363.4458687327071
2.340000000000001,0.00013125000000000002,363.78967364176515
2.360000000000001,0.00013125000000000002,364.11104729797006
2.3800000000000012,0.00013125000000000002,364.41397502290795
2.4000000000000012,0.00013125000000000002,364.6993740893425
2.420000000000001,0.00013125000000000002,364.96904057258627
2.4400000000000013,0.00013125000000000002,365.22511180715486
2.460000000000001,0.00013125000000000002,365.46741899849286
2.4800000000000013,0.00013125000000000002,365.6992108967483
2.500000000000001,0.00013125000000000002,365.9188086232905
2.5200000000000014,0.00013125000000000002,366.13025043425995
2.540000000000001,0.00013125000000000002,366.33084903938334
2.5600000000000014,0.00013125000000000002,366.52506317226306
2.580000000000001,0.00013125000000000002,366.7096533936307
2.6000000000000014,0.00013125000000000002,366.8891638198083
2.620000000000001,0.00013125000000000002,367.0601756913649
2.6400000000000015,0.00013125000000000002,367.2270499574901
2.660000000000001,0.00013125000000000002,367.3864701524193
2.6800000000000015,0.00013125000000000002,367.5424190135041
2.700000000000001,0.00013125000000000002,367.69187983719144
1.9000000000000008,0.00015000000000000001,332.8378732504521
1.9200000000000008,0.00015000000000000001,333.2586065536383
1.9400000000000008,0.00015000000000000001,335.52935718730095
1.9600000000000009,0.00015000000000000001,339.57803219264764
1.9800000000000009,0.00015000000000000001,343.3478024268983
2.000000000000001,0.00015000000000000001,346.0483821403371
2.020000000000001,0.00015000000000000001,348.30459056498813
2.040000000000001,0.00015000000000000001,350.16605545240935
2.060000000000001,0.00015000000000000001,351.70266684546795
2.080000000000001,0.00015000000000000001,353.0447806347513
2.100000000000001,0.00015000000000000001,354.18727568381263
2.120000000000001,0.00015000000000000001,355.20230551943996
2.140000000000001,0.00015000000000000001,356.09701962210846
2.160000000000001,0.00015000000000000001,356.89755516979864
2.180000000000001,0.00015000000000000001,357.6222446584834
2.200000000000001,0.00015000000000000001,358.27533240798886
2.220000000000001,0.00015000000000000001,358.87695305867464
2.240000000000001,0.00015000000000000001,359.4239684883109
2.260000000000001,0.00015000000000000001,359.93332463080475
2.280000000000001,0.00015000000000000001,360.40093372203177
2.300000000000001,0.00015000000000000001,360.83931474264136
2.320000000000001,0.00015000000000000001,361.2454993976409
2.340000000000001,0.00015000000000000001,361.62814224860466
2.360000000000001,0.00015000000000000001,361.9855666013409
2.3800000000000012,0.00015000000000000001,362.3236657538385
2.4000000000000012,0.00015000000000000001,362.6416041890315
2.420000000000001,0.00015000000000000001,362.943564183383
2.4400000000000013,0.00015000000000000001,363.2290383208502
2.460000000000001,0.00015000000000000001,363.5012900443669
2.4800000000000013,0.00015000000000000001,363.7597612041009
2.500000000000001,0.00015000000000000001,364.0073096792532
2.5200000000000014,0.00015000000000000001,364.24311572117426
2.540000000000001,0.00015000000000000001,364.46991591947
2.5600000000000014,0.00015000000000000001,364.6865576150419
2.580000000000001,0.00015000000000000001,364.89577722355995
2.6000000000000014,0.00015000000000000001,365.0961131859703
2.620000000000001,0.00015000000000000001,365.29031885149476
2.6400000000000015,0.00015000000000000001,365.4767026296921
2.660000000000001,0.00015000000000000001,365.65799399069215
2.6800000000000015,0.00015000000000000001,365.8323743934739
2.700000000000001,0.00015000000000000001,366.0024829317516
1.9000000000000008,0.00016875,332.7530639820447
1.9200000000000008,0.00016875,332.95137413939204
1.9400000000000008,0.00016875,334.37464641261937
1.9600000000000009,0.00016875,337.3683623355514
1.9800000000000009,0.00016875,340.6886481529427
2.000000000000001,0.00016875,343.3301423405265
2.020000000000001,0.00016875,345.51519266661614
2.040000000000001,0.00016875,347.3976123162165
2.060000000000001,0.00016875,348.97194084747656
2.080000000000001,0.00016875,350.35299688544814
2.100000000000001,0.00016875,351.5534963828194
2.120000000000001,0.00016875,352.61620580644694
2.140000000000001,0.00016875,353.56642569972456
2.160000000000001,0.00016875,354.4174195078453
2.180000000000001,0.00016875,355.19135179209496
2.200000000000001,0.00016875,355.89365422272044
2.220000000000001,0.00016875,356.5389607771065
2.240000000000001,0.00016875,357.13187083871424
2.260000000000001,0.00016875,357.6805686125746
2.280000000000001,0.00016875,358.19004327633604
2.300000000000001,0.00016875,358.66431556475095
2.320000000000001,0.00016875,359.1083925738567
2.340000000000001,0.00016875,359.52403909556733
2.360000000000001,0.00016875,359.9157837111749
2.3800000000000012,0.00016875,360.28435841498253
2.4000000000000012,0.00016875,360.6335494966448
2.420000000000001,0.00016875,360.96371668467424
2.4400000000000013,0.00016875,361.27786337504546
2.460000000000001,0.00016875,361.57627268823524
2.4800000000000013,0.00016875,361.86125789079887
2.500000000000001,0.00016875,362.13311824555575
2.5200000000000014,0.00016875,362.39362388689494
2.540000000000001,0.00016875,362.6430872580102
2.5600000000000014,0.00016875,362.88288641068374
2.580000000000001,0.00016875,363.11331015024393
2.6000000000000014,0.00016875,363.33547385285885
2.620000000000001,0.00016875,363.5496033978596
2.6400000000000015,0.00016875,363.7566504044284
2.660000000000001,0.00016875,363.9567497981946
2.6800000000000015,0.00016875,364.15075840440574
2.700000000000001,0.00016875,364.33870688170026
1.9000000000000008,0.0001875,332.65228648527767
1.9200000000000008,0.0001875,332.72588391663766
1.9400000000000008,0.0001875,333.5967179873579
1.9600000000000009,0.0001875,335.7328902650637
1.9800000000000009,0.0001875,338.4998053716904
2.000000000000001,0.0001875,340.9716919459732
2.020000000000001,0.0001875,343.05457908509464
2.040000000000001,0.0001875,344.89236776264363
2.060000000000001,0.0001875,346.4738845635268
2.080000000000001,0.0001875,347.8634258244041
2.100000000000001,0.0001875,349.095542049152
2.120000000000001,0.0001875,350.18914623772787
2.140000000000001,0.0001875,351.17610503311334
2.160000000000001,0.0001875,352.06522596428846
2.180000000000001,0.0001875,352.8764392798446
2.200000000000001,0.0001875,353.6173733689448
2.220000000000001,0.0001875,354.2990844038881
2.240000000000001,0.0001875,354.9285912183657
2.260000000000001,0.0001875,355.51214858339017
2.280000000000001,0.0001875,356.0555037548509
2.300000000000001,0.0001875,356.5627243618219
2.320000000000001,0.0001875,357.0380120417561
2.340000000000001,0.0001875,357.48453823626454
2.360000000000001,0.0001875,357.90510008310986
2.3800000000000012,0.0001875,358.30248501654734
2.4000000000000012,0.0001875,358.67840915826804
2.420000000000001,0.0001875,359.035421187648
2.4400000000000013,0.0001875,359.37449337267327
2.460000000000001,0.0001875,359.69794519629437
2.4800000000000013,0.0001875,360.0062791724669
2.500000000000001,0.0001875,360.30156698232423
2.5200000000000014,0.0001875,360.5840346002984
2.540000000000001,0.0001875,360.8554987914553
2.5600000000000014,0.0001875,361.11603104277486
2.580000000000001,0.0001875,361.3672049696562
2.6000000000000014,0.0001875,361.609006553704
2.620000000000001,0.0001875,361.84279223661366
2.6400000000000015,0.0001875,362.06849690781445
2.660000000000001,0.0001875,362.2872932972396
2.6800000000000015,0.0001875,362.49907977096336
2.700000000000001,0.0001875,362.7048800055114
1.9000000000000008,0.00020625000000000003,332.53538691002785
1.9200000000000008,0.00020625000000000003,332.5407734732933
1.9400000000000008,0.00020625000000000003,333.0569721442398
1.9600000000000009,0.00020625000000000003,334.5381920293612
1.9800000000000009,0.00020625000000000003,336.7437859683136
2.000000000000001,0.00020625000000000003,338.95843504334
2.020000000000001,0.00020625000000000003,340.9053175252784
2.040000000000001,0.00020625000000000003,342.6549551812074
2.060000000000001,0.00020625000000000003,344.2061350106291
2.080000000000001,0.00020625000000000003,345.58171610512494
2.100000000000001,0.00020625000000000003,346.81789726286377
2.120000000000001,0.00020625000000000003,347.92664226744233
2.140000000000001,0.00020625000000000003,348.9323121862605
2.160000000000001,0.00020625000000000003,349.8468967835399
2.180000000000001,0.00020625000000000003,350.6834597618381
2.200000000000001,0.00020625000000000003,351.45287259154685
2.220000000000001,0.00020625000000000003,352.16246170540876
2.240000000000001,0.00020625000000000003,352.8207071965871
2.260000000000001,0.00020625000000000003,353.43246385009877
2.280000000000001,0.00020625000000000003,354.00378850839417
2.300000000000001,0.00020625000000000003,354.5384120443969
2.320000000000001,0.00020625000000000003,355.0405187511063
2.340000000000001,0.00020625000000000003,355.513161100571
2.360000000000001,0.00020625000000000003,355.9592635210024
2.3800000000000012,0.00020625000000000003,356.38133017049495
2.4000000000000012,0.00020625000000000003,356.78149878958243
2.420000000000001,0.00020625000000000003,357.1617829283041
2.4400000000000013,0.00020625000000000003,357.5238414315737
2.460000000000001,0.00020625000000000003,357.86925653084495
2.4800000000000013,0.00020625000000000003,358.19938737708975
2.500000000000001,0.00020625000000000003,358.51545510545265
2.5200000000000014,0.00020625000000000003,358.8186155251849
2.540000000000001,0.00020625000000000003,359.10980165479856
2.5600000000000014,0.00020625000000000003,359.3900152867725
2.580000000000001,0.00020625000000000003,359.6599678454534
2.6000000000000014,0.00020625000000000003,359.9205322956018
2.620000000000001,0.00020625000000000003,360.17225360563646
2.6400000000000015,0.00020625000000000003,360.4158909680046
2.660000000000001,0.00020625000000000003,360.65186606851813
2.6800000000000015,0.00020625000000000003,360.8808362314119
2.700000000000001,0.00020625000000000003,361.103131872066
1.9000000000000008,0.00022500000000000002,332.40372312321887
1.9200000000000008,0.00022500000000000002,332.3732633978236
1.9400000000000008,0.00022500000000000002,332.6667834938143
1.9600000000000009,0.00022500000000000002,333.6669174016639
1.9800000000000009,0.00022500000000000002,335.3620052935545
2.000000000000001,0.00022500000000000002,337.2682320906896
2.020000000000001,0.00022500000000000002,339.04637715482784
2.040000000000001,0.00022500000000000002,340.6784558971295
2.060000000000001,0.00022500000000000002,342.16595592194597
2.080000000000001,0.00022500000000000002,343.5058758525866
2.100000000000001,0.00022500000000000002,344.72381789295014
2.120000000000001,0.00022500000000000002,345.8299434289332
2.140000000000001,0.00022500000000000002,346.83966526477855
2.160000000000001,0.00022500000000000002,347.7656611371532
2.180000000000001,0.00022500000000000002,348.61713468819454
2.200000000000001,0.00022500000000000002,349.4042834334163
2.220000000000001,0.00022500000000000002,350.13372089398536
2.240000000000001,0.00022500000000000002,350.8125504842212
2.260000000000001,0.00022500000000000002,351.4460682591227
2.280000000000001,0.00022500000000000002,352.039070700848
2.300000000000001,0.00022500000000000002,352.5958659879461
2.320000000000001,0.00022500000000000002,353.1197948906548
2.340000000000001,0.00022500000000000002,353.6143019035053
2.360000000000001,0.00022500000000000002,354.0818525253848
2.3800000000000012,0.00022500000000000002,354.52515494996544
2.4000000000000012,0.00022500000000000002,354.94612993768163
2.420000000000001,0.00022500000000000002,355.34689554218795
2.4400000000000013,0.00022500000000000002,355.72900020583376
2.460000000000001,0.00022500000000000002,356.09411278828986
2.4800000000000013,0.00022500000000000002,356.443498768441
2.500000000000001,0.00022500000000000002,356.7784959610728
2.5200000000000014,0.00022500000000000002,357.1001384402644
2.540000000000001,0.00022500000000000002,357.4095229617572
2.5600000000000014,0.00022500000000000002,357.7074882741062
2.580000000000001,0.00022500000000000002,357.9949535891942
2.6000000000000014,0.00022500000000000002,358.2725917794159
2.620000000000001,0.00022500000000000002,358.5411873841014
2.6400000000000015,0.00022500000000000002,358.80127416689
2.660000000000001,0.00022500000000000002,359.05353094819196
2.6800000000000015,0.00022500000000000002,359.29837692445386
2.700000000000001,0.00022500000000000002,359.5364048127886
1.9000000000000008,0.00024375000000000002,332.2581927792267
1.9200000000000008,0.00024375000000000002,332.2104171299933
1.9400000000000008,0.00024375000000000002,332.3661794447836
1.9600000000000009,0.00024375000000000002,333.02467696348356
1.9800000000000009,0.00024375000000000002,334.28817406237823
2.000000000000001,0.00024375000000000002,335.8714968514819
2.020000000000001,0.00024375000000000002,337.4544983175436
2.040000000000001,0.00024375000000000002,338.9496114371142
2.060000000000001,0.00024375000000000002,340.34699029029287
2.080000000000001,0.00024375000000000002,341.6312648939947
2.100000000000001,0.00024375000000000002,342.81251402498924
2.120000000000001,0.00024375000000000002,343.8992084592807
2.140000000000001,0.00024375000000000002,344.8994662796628
2.160000000000001,0.00024375000000000002,345.8239931797643
2.180000000000001,0.00024375000000000002,346.6797980591041
2.200000000000001,0.00024375000000000002,347.4750178170263
2.220000000000001,0.00024375000000000002,348.21578237041126
2.240000000000001,0.00024375000000000002,348.90781704949103
2.260000000000001,0.00024375000000000002,349.5561891134223
2.280000000000001,0.00024375000000000002,350.1650612471712
2.300000000000001,0.00024375000000000002,350.73842291266646
2.320000000000001,0.00024375000000000002,351.27947191956525
2.340000000000001,0.00024375000000000002,351.7912763501215
2.360000000000001,0.00024375000000000002,352.27639281017383
2.3800000000000012,0.00024375000000000002,352.7371789019295
2.4000000000000012,0.00024375000000000002,353.1757180429423
2.420000000000001,0.00024375000000000002,353.5938475799109
2.4400000000000013,0.00024375000000000002,353.9932752290518
2.460000000000001,0.00024375000000000002,354.3754624403521
2.4800000000000013,0.00024375000000000002,354.7418097713493
2.500000000000001,0.00024375000000000002,355.0935031296735
2.5200000000000014,0.00024375000000000002,355.43169169544734
2.540000000000001,0.00024375000000000002,355.7573530486748
2.5600000000000014,0.00024375000000000002,356.07143220888526
2.580000000000001,0.00024375000000000002,356.3747426252714
2.6000000000000014,0.00024375000000000002,356.66806420516195
2.620000000000001,0.00024375000000000002,356.95207656291063
2.6400000000000015,0.00024375000000000002,357.22742704213897
2.660000000000001,0.00024375000000000002,357.49468414153637
2.6800000000000015,0.00024375000000000002,357.7543890188314
2.700000000000001,0.00024375000000000002,358.0070169102222
1.9000000000000008,0.00026250000000000004,332.0999511754931
1.9200000000000008,0.00026250000000000004,332.0456628009223
1.9400000000000008,0.00026250000000000004,332.1184731576555
1.9600000000000009,0.00026250000000000004,332.5407557546999
1.9800000000000009,0.00026250000000000004,333.45748896374374
2.000000000000001,0.00026250000000000004,334.73175355931835
2.020000000000001,0.00026250000000000004,336.1047518609469
2.040000000000001,0.00026250000000000004,337.4500852106422
2.060000000000001,0.00026250000000000004,338.7391436565839
2.080000000000001,0.00026250000000000004,339.95030413923047
2.100000000000001,0.00026250000000000004,341.079900517053
2.120000000000001,0.00026250000000000004,342.1322951178626
2.140000000000001,0.00026250000000000004,343.11077201912934
2.160000000000001,0.00026250000000000004,344.0222868833351
2.180000000000001,0.00026250000000000004,344.8723429746611
2.200000000000001,0.00026250000000000004,345.6666497348781
2.220000000000001,0.00026250000000000004,346.4105898668155
2.240000000000001,0.00026250000000000004,347.10865913030443
2.260000000000001,0.00026250000000000004,347.76532294082557
2.280000000000001,0.00026250000000000004,348.38421240042203
2.300000000000001,0.00026250000000000004,348.9688325693795
2.320000000000001,0.00026250000000000004,349.5221565126652
2.340000000000001,0.00026250000000000004,350.04692046485405
2.360000000000001,0.00026250000000000004,350.5455577795288
2.3800000000000012,0.00026250000000000004,351.02023875563174
2.4000000000000012,0.00026250000000000004,351.47294603789476
2.420000000000001,0.00026250000000000004,351.905436552302
2.4400000000000013,0.00026250000000000004,352.31932160658846
2.460000000000001,0.00026250000000000004,352.7160472603597
2.4800000000000013,0.00026250000000000004,353.09692471175936
2.500000000000001,0.00026250000000000004,353.4631570370498
2.5200000000000014,0.00026250000000000004,353.8158164259266
2.540000000000001,0.00026250000000000004,354.155909959612
2.5600000000000014,0.00026250000000000004,354.48431993591885
2.580000000000001,0.00026250000000000004,354.80189116483206
2.6000000000000014,0.00026250000000000004,355.1093535927734
2.620000000000001,0.00026250000000000004,355.4074164548856
2.6400000000000015,0.00026250000000000004,355.69668684995514
2.660000000000001,0.00026250000000000004,355.9777611233885
2.6800000000000015,0.00026250000000000004,356.25114632806327
2.700000000000001,0.00026250000000000004,356.51734499480085
1.9000000000000008,0.00028125000000000003,331.93015179325886
1.9200000000000008,0.00028125000000000003,331.8755485147795
1.9400000000000008,0.00028125000000000003,331.8998132114276
1.9600000000000009,0.00028125000000000003,332.1626568529864
1.9800000000000009,0.00028125000000000003,332.8121231390408
2.000000000000001,0.00028125000000000003,333.8097079126703
2.020000000000001,0.00028125000000000003,334.9706136792326
2.040000000000001,0.00028125000000000003,336.15940760125403
2.060000000000001,0.00028125000000000003,337.3290696936664
2.080000000000001,0.00028125000000000003,338.453528889616
2.100000000000001,0.00028125000000000003,339.51936504385617
2.120000000000001,0.00028125000000000003,340.52520682242357
2.140000000000001,0.00028125000000000003,341.4708602914721
2.160000000000001,0.00028125000000000003,342.3593172769328
2.180000000000001,0.00028125000000000003,343.19430196859713
2.200000000000001,0.00028125000000000003,343.9794753613803
2.220000000000001,0.00028125000000000003,344.7189494379539
2.240000000000001,0.00028125000000000003,345.4162656790973
2.260000000000001,0.00028125000000000003,346.074980562334
2.280000000000001,0.00028125000000000003,346.6982501302789
2.300000000000001,0.00028125000000000003,347.2889917849357
2.320000000000001,0.00028125000000000003,347.8498922999974
2.340000000000001,0.00028125000000000003,348.3833406808598
2.360000000000001,0.00028125000000000003,348.8915691670617
2.3800000000000012,0.00028125000000000003,349.37655169919947
2.4000000000000012,0.00028125000000000003,349.84012551448313
2.420000000000001,0.00028125000000000003,350.2839330427735
2.4400000000000013,0.00028125000000000003,350.7094863283963
2.460000000000001,0.00028125000000000003,351.1181563539489
2.4800000000000013,0.00028125000000000003,351.5111933973988
2.500000000000001,0.00028125000000000003,351.88974320898325
2.5200000000000014,0.00028125000000000003,352.2548464350585
2.540000000000001,0.00028125000000000003,352.6074613330937
2.5600000000000014,0.00028125000000000003,352.9484587088339
2.580000000000001,0.00028125000000000003,353.2786395895143
2.6000000000000014,0.00028125000000000003,353.5987347505442
2.620000000000001,0.00028125000000000003,353.90941409578875
2.6400000000000015,0.00028125000000000003,354.21129265758435
2.660000000000001,0.00028125000000000003,354.50493182434735
2.6800000000000015,0.00028125000000000003,354.79085033207826
2.700000000000001,0.00028125000000000003,355.06951977079586
1.9000000000000008,0.00030000000000000003,331.7500183095707
1.9200000000000008,0.00030000000000000003,331.6987692789935
1.9400000000000008,0.00030000000000000003,331.69627254556275
1.9600000000000009,0.00030000000000000003,331.85420376748345
1.9800000000000009,0.00030000000000000003,332.3042897565646
2.000000000000001,0.00030000000000000003,333.0663045098618
2.020000000000001,0.00030000000000000003,334.02453743829574
2.040000000000001,0.00030000000000000003,335.0558400035218
2.060000000000001,0.00030000000000000003,336.1008824762041
2.080000000000001,0.00030000000000000003,337.1294744908678
2.100000000000001,0.00030000000000000003,338.12221456964204
2.120000000000001,0.00030000000000000003,339.0719056167145
2.140000000000001,0.00030000000000000003,339.9753577200685
2.160000000000001,0.00030000000000000003,340.83212344125957
2.180000000000001,0.00030000000000000003,341.6438275474118
2.200000000000001,0.00030000000000000003,342.4124028552578
2.220000000000001,0.00030000000000000003,343.14049598512986
2.240000000000001,0.00030000000000000003,343.83071510362777
2.260000000000001,0.00030000000000000003,344.48568983487104
2.280000000000001,0.00030000000000000003,345.10798933012364
2.300000000000001,0.00030000000000000003,345.6999842953662
2.320000000000001,0.00030000000000000003,346.2639560809576
2.340000000000001,0.00030000000000000003,346.80197602918076
2.360000000000001,0.00030000000000000003,347.31599243113
2.3800000000000012,0.00030000000000000003,347.80778671951407
2.4000000000000012,0.00030000000000000003,348.27900189757946
2.420000000000001,0.00030000000000000003,348.7311542837912
2.4400000000000013,0.00030000000000000003,349.16562642713694
2.460000000000001,0.00030000000000000003,349.5837003775011
2.4800000000000013,0.00030000000000000003,349.98654084777485
2.500000000000001,0.00030000000000000003,350.3752283983195
2.5200000000000014,0.00030000000000000003,350.75074622071605
2.540000000000001,0.00030000000000000003,351.11400447361433
2.5600000000000014,0.00030000000000000003,351.4658331824082
2.580000000000001,0.00030000000000000003,351.80699803695353
2.6000000000000014,0.00030000000000000003,352.138198745532
2.620000000000001,0.00030000000000000003,352.4600800171039
2.6400000000000015,0.00030000000000000003,352.77323188332986
2.660000000000001,0.00030000000000000003,353.07819838610675
2.6800000000000015,0.00030000000000000003,353.3754773036884
2.700000000000001,0.00030000000000000003,353.6655287106128
1.9000000000000008,0.00031875,331.5608097275421
1.9200000000000008,0.00031875,331.5150425594776
1.9400000000000008,0.00031875,331.49923277532224
1.9600000000000009,0.00031875,331.5899036305712
1.9800000000000009,0.00031875,331.8955734926002
2.000000000000001,0.00031875,332.46531698477224
2.020000000000001,0.00031875,333.23893716748205
2.040000000000001,0.00031875,334.1174149716088
2.060000000000001,0.00031875,335.03739878866196
2.080000000000001,0.00031875,335.9652710647608
2.100000000000001,0.00031875,336.8784142607494
2.120000000000001,0.00031875,337.76486774755176
2.140000000000001,0.00031875,338.6186115058083
2.160000000000001,0.00031875,339.4364820714393
2.180000000000001,0.00031875,340.217912257072
2.200000000000001,0.00031875,340.9633024826288
2.220000000000001,0.00031875,341.6738616978674
2.240000000000001,0.00031875,342.35121988374135
2.260000000000001,0.00031875,342.9971355802537
2.280000000000001,0.00031875,343.6135114332389
2.300000000000001,0.00031875,344.202190466395
2.320000000000001,0.00031875,344.76500017054445
2.340000000000001,0.00031875,345.30367553512264
2.360000000000001,0.00031875,345.81986199633303
2.3800000000000012,0.00031875,346.3151125428392
2.4000000000000012,0.00031875,346.79087020689843
2.420000000000001,0.00031875,347.2484887360121
2.4400000000000013,0.00031875,347.68921725006726
2.460000000000001,0.00031875,348.11421935568006
2.4800000000000013,0.00031875,348.52456806737246
2.500000000000001,0.00031875,348.92125707352045
2.5200000000000014,0.00031875,349.305204141465
2.540000000000001,0.00031875,349.6772552367805
2.5600000000000014,0.00031875,350.0381913904146
2.580000000000001,0.00031875,350.38872987376277
2.6000000000000014,0.00031875,350.72953264092894
2.620000000000001,0.00031875,351.0612074364091
2.6400000000000015,0.00031875,351.38431501751313
2.660000000000001,0.00031875,351.69937058806244
2.6800000000000015,0.00031875,352.006849243699
2.700000000000001,0.00031875,352.3071879741639
1.9000000000000008,0.0003375,331.3638227038856
1.9200000000000008,0.0003375,331.32480742448627
1.9400000000000008,0.0003375,331.3040880320617
1.9600000000000009,0.0003375,331.3532370132822
1.9800000000000009,0.0003375,331.5571225305124
2.000000000000001,0.0003375,331.9752219703826
2.020000000000001,0.0003375,332.5873780788387
2.040000000000001,0.0003375,333.3225348893733
2.060000000000001,0.0003375,334.12085764936785
2.080000000000001,0.0003375,334.94696065233364
2.100000000000001,0.0003375,335.77682812042195
2.120000000000001,0.0003375,336.59527258973026
2.140000000000001,0.0003375,337.3937430695499
2.160000000000001,0.0003375,338.16697223690426
2.180000000000001,0.0003375,338.91239463388433
2.200000000000001,0.0003375,339.6289868906055
2.220000000000001,0.0003375,340.3166675880131
2.240000000000001,0.0003375,340.9760683107201
2.260000000000001,0.0003375,341.6081394378702
2.280000000000001,0.0003375,342.2140965728296
2.300000000000001,0.0003375,342.7952570790338
2.320000000000001,0.0003375,343.352986992939
2.340000000000001,0.0003375,343.88866257008476
2.360000000000001,0.0003375,344.4036207683919
2.3800000000000012,0.0003375,344.89916176047024
2.4000000000000012,0.0003375,345.3765185411154
2.420000000000001,0.0003375,345.8368637535367
2.4400000000000013,0.0003375,346.2812986057756
2.460000000000001,0.0003375,346.7108557187188
2.4800000000000013,0.0003375,347.1265001675024
2.500000000000001,0.0003375,347.5291301572448
2.5200000000000014,0.0003375,347.9195824183386
2.540000000000001,0.0003375,348.29863192305675
2.5600000000000014,0.0003375,348.6669967677312
2.580000000000001,0.0003375,349.0253398600313
2.6000000000000014,0.0003375,349.3742736952456
2.620000000000001,0.0003375,349.71436385069336
2.6400000000000015,0.0003375,350.04613204149007
2.660000000000001,0.0003375,350.37006020264846
2.6800000000000015,0.0003375,350.6865924121703
2.700000000000001,0.0003375,350.9961390559126
1.9000000000000008,0.00035625,331.160377681804
1.9200000000000008,0.00035625,331.1288455675459
1.9400000000000008,0.00035625,331.1083288162233
1.9600000000000009,0.00035625,331.13311550432775
1.9800000000000009,0.00035625,331.26720211907144
2.000000000000001,0.00035625,331.5693904585754
2.020000000000001,0.00035625,332.0453827679903
2.040000000000001,0.00035625,332.65045521680173
2.060000000000001,0.00035625,333.33365790640505
2.080000000000001,0.00035625,334.06012218666734
2.100000000000001,0.00035625,334.8057016027955
2.120000000000001,0.00035625,335.5535153951324
2.140000000000001,0.00035625,336.29301842726636
2.160000000000001,0.00035625,337.01733622516355
2.180000000000001,0.00035625,337.7222604271851
2.200000000000001,0.00035625,338.4054673766702
2.220000000000001,0.00035625,339.06576090256783
2.240000000000001,0.00035625,339.7028199766117
2.260000000000001,0.00035625,340.3168409572835
2.280000000000001,0.00035625,340.9083815688252
2.300000000000001,0.00035625,341.47823478735114
2.320000000000001,0.00035625,342.02731970167514
2.340000000000001,0.00035625,342.55664128999723
2.360000000000001,0.00035625,343.06722834667056
2.3800000000000012,0.00035625,343.56011573229557
2.4000000000000012,0.00035625,344.03631755803247
2.420000000000001,0.00035625,344.4968150209478
2.4400000000000013,0.00035625,344.94254898329655
2.460000000000001,0.00035625,345.3744118654858
2.4800000000000013,0.00035625,345.7932485528151
2.500000000000001,0.00035625,346.19985288949937
2.5200000000000014,0.00035625,346.59497003050063
2.540000000000001,0.00035625,346.9792949075904
2.5600000000000014,0.00035625,347.35347387303784
2.580000000000001,0.00035625,347.71810671976635
2.6000000000000014,0.00035625,348.0737494843132
2.620000000000001,0.00035625,348.4209176065191
2.6400000000000015,0.00035625,348.7600880729988
2.660000000000001,0.00035625,349.0917025273943
2.6800000000000015,0.00035625,349.4161693004432
2.700000000000001,0.00035625,349.7338661327843
1.9000000000000008,0.000375,330.95181362831414
1.9200000000000008,0.000375,330.9281803570738
1.9400000000000008,0.000375,330.91100796193984
1.9600000000000009,0.000375,330.9228424656259
1.9800000000000009,0.000375,331.01058484099826
2.000000000000001,0.000375,331.2266464355293
2.020000000000001,0.000375,331.5913751685642
2.040000000000001,0.000375,332.0818942289644
2.060000000000001,0.000375,332.6588880947896
2.080000000000001,0.000375,333.2903170961775
2.100000000000001,0.000375,333.9529360181678
2.120000000000001,0.000375,334.62943973088323
2.140000000000001,0.000375,335.30800206809397
2.160000000000001,0.000375,335.98057791101564
2.180000000000001,0.000375,336.6417195651222
2.200000000000001,0.000375,337.28798695616524
2.220000000000001,0.000375,337.9172402210807
2.240000000000001,0.000375,338.5283081557756
2.260000000000001,0.000375,339.1206920585453
2.280000000000001,0.000375,339.69434623127654
2.300000000000001,0.000375,340.2495574638761
2.320000000000001,0.000375,340.7868192029691
2.340000000000001,0.000375,341.3067700915541
2.360000000000001,0.000375,341.8101329554457
2.3800000000000012,0.000375,342.2976767264824
2.4000000000000012,0.000375,342.770190314713
2.420000000000001,0.000375,343.2284592993232
2.4400000000000013,0.000375,343.67325535421116
2.460000000000001,0.000375,344.1053242187477
2.4800000000000013,0.000375,344.52538191166803
2.500000000000001,0.000375,344.93411045715135
2.5200000000000014,0.000375,345.33215546205196
2.540000000000001,0.000375,345.7201239056327
2.5600000000000014,0.000375,346.09858296494707
2.580000000000001,0.000375,346.46806204033345
2.6000000000000014,0.000375,346.8290541879724
2.620000000000001,0.000375,347.1820184194101
2.6400000000000015,0.000375,347.52738116224504
2.660000000000001,0.000375,347.8655384692192
2.6800000000000015,0.000375,348.19685772703417
2.700000000000001,0.000375,348.5216796173392
1.9000000000000008,0.00039375000000000006,330.7394776331686
1.9200000000000008,0.00039375000000000006,330.72394695404665
1.9400000000000008,0.00039375000000000006,330.7119773037009
1.9600000000000009,0.00039375000000000006,330.71825218771727
1.9800000000000009,0.00039375000000000006,330.77639703551273
2.000000000000001,0.00039375000000000006,330.93024091447523
2.020000000000001,0.00039375000000000006,331.2067095077527
2.040000000000001,0.00039375000000000006,331.59922877225813
2.060000000000001,0.00039375000000000006,332.08061230824984
2.080000000000001,0.00039375000000000006,332.62349518013224
2.100000000000001,0.00039375000000000006,333.2064394404718
2.120000000000001,0.00039375000000000006,333.8126853048974
2.140000000000001,0.00039375000000000006,334.4298830268382
2.160000000000001,0.00039375000000000006,335.0492436456948
2.180000000000001,0.00039375000000000006,335.6644726431094
2.200000000000001,0.00039375000000000006,336.27125094809725
2.220000000000001,0.00039375000000000006,336.8666654843452
2.240000000000001,0.00039375000000000006,337.4488292308083
2.260000000000001,0.00039375000000000006,338.0166241880939
2.280000000000001,0.00039375000000000006,338.56946787675673
2.300000000000001,0.00039375000000000006,339.1071780907492
2.320000000000001,0.00039375000000000006,339.62984997392664
2.340000000000001,0.00039375000000000006,340.13777385791485
2.360000000000001,0.00039375000000000006,340.6313745341436
2.3800000000000012,0.00039375000000000006,341.1111613941857
2.4000000000000012,0.00039375000000000006,341.5776976676119
2.420000000000001,0.00039375000000000006,342.0315725678189
2.4400000000000013,0.00039375000000000006,342.4733847412084
2.460000000000001,0.00039375000000000006,342.90372874699256
2.4800000000000013,0.00039375000000000006,343.3231867837217
2.500000000000001,0.00039375000000000006,343.7323231632463
2.5200000000000014,0.00039375000000000006,344.1316783212785
2.540000000000001,0.00039375000000000006,344.52176463533726
2.5600000000000014,0.00039375000000000006,344.90306419488604
2.580000000000001,0.00039375000000000006,345.27602996242626
2.6000000000000014,0.00039375000000000006,345.64108659379065
2.620000000000001,0.00039375000000000006,345.99863133473275
2.6400000000000015,0.00039375000000000006,346.34903511927985
2.660000000000001,0.00039375000000000006,346.69264376533954
2.6800000000000015,0.00039375000000000006,347.0297793362939
2.700000000000001,0.00039375000000000006,347.36074142511853
1.9000000000000008,0.00041250000000000005,330.52471688422924
1.9200000000000008,0.00041250000000000005,330.5173535900474
1.9400000000000008,0.00041250000000000005,330.5116733760164
1.9600000000000009,0.00041250000000000005,330.5171712654699
1.9800000000000009,0.00041250000000000005,330.5575205896866
2.000000000000001,0.00041250000000000005,330.66775270933425
2.020000000000001,0.00041250000000000005,330.8760930794047
2.040000000000001,0.00041250000000000005,331.1869776428417
2.060000000000001,0.00041250000000000005,331.58427145404823
2.080000000000001,0.00041250000000000005,332.0463749514962
2.100000000000001,0.00041250000000000005,332.5544278578862
2.120000000000001,0.00041250000000000005,333.0929201627014
2.140000000000001,0.00041250000000000005,333.64966556820775
2.160000000000001,0.00041250000000000005,334.21555979709956
2.180000000000001,0.00041250000000000005,334.78381766888737
2.200000000000001,0.00041250000000000005,335.3495050648823
2.220000000000001,0.00041250000000000005,335.9091122091793
2.240000000000001,0.00041250000000000005,336.46018206240785
2.260000000000001,0.00041250000000000005,337.001072084205
2.280000000000001,0.00041250000000000005,337.5307360763399
2.300000000000001,0.00041250000000000005,338.0485749766222
2.320000000000001,0.00041250000000000005,338.55432004586265
2.340000000000001,0.00041250000000000005,339.0479398771688
2.360000000000001,0.00041250000000000005,339.5295764205472
2.3800000000000012,0.00041250000000000005,339.9994906422887
2.4000000000000012,0.00041250000000000005,340.4580255694752
2.420000000000001,0.00041250000000000005,340.9055764944794
2.4400000000000013,0.00041250000000000005,341.342569352782
2.460000000000001,0.00041250000000000005,341.7694457309494
2.4800000000000013,0.00041250000000000005,342.18665179098605
2.500000000000001,0.00041250000000000005,342.5946305886369
2.5200000000000014,0.00041250000000000005,342.9938133249955
2.540000000000001,0.00041250000000000005,343.38461291728817
2.5600000000000014,0.00041250000000000005,343.76742163949694
2.580000000000001,0.00041250000000000005,344.14261153520505
2.6000000000000014,0.00041250000000000005,344.5105343898848
2.620000000000001,0.00041250000000000005,344.87152150099627
2.6400000000000015,0.00041250000000000005,345.2258841862469
2.660000000000001,0.00041250000000000005,345.57391424017845
2.6800000000000015,0.00041250000000000005,345.91588470930657
2.700000000000001,0.00041250000000000005,346.25205072730756
1.9000000000000008,0.00043125000000000005,330.3088705955639
1.9200000000000008,0.00043125000000000005,330.3096347223147
1.9400000000000008,0.00043125000000000005,330.31082089633935
1.9600000000000009,0.00043125000000000005,330.31853138881064
1.9800000000000009,0.00043125000000000005,330.34918905056924
2.000000000000001,0.00043125000000000005,330.4298816061995
2.020000000000001,0.00043125000000000005,330.587049734243
2.040000000000001,0.00043125000000000005,330.8316742397169
2.060000000000001,0.00043125000000000005,331.15669299225783
2.080000000000001,0.00043125000000000005,331.5465827082862
2.100000000000001,0.00043125000000000005,331.98562343361715
2.120000000000001,0.00043125000000000005,332.4600471580617
2.140000000000001,0.00043125000000000005,332.9583904335149
2.160000000000001,0.00043125000000000005,333.47164389445703
2.180000000000001,0.00043125000000000005,333.99285074385267
2.200000000000001,0.00043125000000000005,334.5167257052426
2.220000000000001,0.00043125000000000005,335.0393455166738
2.240000000000001,0.00043125000000000005,335.55783085043697
2.260000000000001,0.00043125000000000005,336.0701226123862
2.280000000000001,0.00043125000000000005,336.5747898779535
2.300000000000001,0.00043125000000000005,337.0708780648822
2.320000000000001,0.00043125000000000005,337.55779658715267
2.340000000000001,0.00043125000000000005,338.0352245967609
2.360000000000001,0.00043125000000000005,338.50304307870675
2.3800000000000012,0.00043125000000000005,338.96127982995483
2.4000000000000012,0.00043125000000000005,339.41006800110097
2.420000000000001,0.00043125000000000005,339.84961483322843
2.4400000000000013,0.00043125000000000005,340.28017715919634
2.460000000000001,0.00043125000000000005,340.70204474060347
2.4800000000000013,0.00043125000000000005,341.1155278811607
2.500000000000001,0.00043125000000000005,341.52094711710464
2.5200000000000014,0.00043125000000000005,341.9186218480293
2.540000000000001,0.00043125000000000005,342.3088622683766
2.5600000000000014,0.00043125000000000005,342.69196754549444
2.580000000000001,0.00043125000000000005,343.06822569085676
2.6000000000000014,0.00043125000000000005,343.43791231381203
2.620000000000001,0.00043125000000000005,343.8012895932173
2.6400000000000015,0.00043125000000000005,344.1586060917469
2.660000000000001,0.00043125000000000005,344.51009656238944
2.6800000000000015,0.00043125000000000005,344.85598215098156
2.700000000000001,0.00043125000000000005,345.19647077988253
1.9000000000000008,0.00045000000000000004,330.0932597625416
1.9200000000000008,0.00045000000000000004,330.1020311117014
1.9400000000000008,0.00045000000000000004,330.11034468825966
1.9600000000000009,0.00045000000000000004,330.12211118903554
1.9800000000000009,0.00045000000000000004,330.14858623290417
2.000000000000001,0.00045000000000000004,330.2101698111121
2.020000000000001,0.00045000000000000004,330.32996937581396
2.040000000000001,0.00045000000000000004,330.52212306359576
2.060000000000001,0.00045000000000000004,330.78637162668036
2.080000000000001,0.00045000000000000004,331.11292993933046
2.100000000000001,0.00045000000000000004,331.48951538979975
2.120000000000001,0.00045000000000000004,331.90442236990924
2.140000000000001,0.00045000000000000004,332.34732036613974
2.160000000000001,0.00045000000000000004,332.8096578728431
2.180000000000001,0.00045000000000000004,333.28458853557277
2.200000000000001,0.00045000000000000004,333.7667197888073
2.220000000000001,0.00045000000000000004,334.2518984667003
2.240000000000001,0.00045000000000000004,334.7369670521839
2.260000000000001,0.00045000000000000004,335.2195631502314
2.280000000000001,0.00045000000000000004,335.6979546549314
2.300000000000001,0.00045000000000000004,336.1708972174406
2.320000000000001,0.00045000000000000004,336.6375265479965
2.340000000000001,0.00045000000000000004,337.0972685948828
2.360000000000001,0.00045000000000000004,337.5497702201805
2.3800000000000012,0.00045000000000000004,337.9948450201253
2.4000000000000012,0.00045000000000000004,338.43243015850726
2.420000000000001,0.00045000000000000004,338.8625539768904
2.4400000000000013,0.00045000000000000004,339.28531045580166
2.460000000000001,0.00045000000000000004,339.700841473434
2.4800000000000013,0.00045000000000000004,340.1093238661348
2.500000000000001,0.00045000000000000004,340.5109563564411
2.5200000000000014,0.00045000000000000004,340.90594535712165
2.540000000000001,0.00045000000000000004,341.2944965540731
2.5600000000000014,0.00045000000000000004,341.6768142787312
2.580000000000001,0.00045000000000000004,342.0531006871474
2.6000000000000014,0.00045000000000000004,342.42355309041164
2.620000000000001,0.00045000000000000004,342.78836241733006
2.6400000000000015,0.00045000000000000004,343.14771230194253
2.660000000000001,0.00045000000000000004,343.50177827256033
2.6800000000000015,0.00045000000000000004,343.85072747503796
2.700000000000001,0.00045000000000000004,344.19471856289493
1.9000000000000008,0.00046875000000000004,329.8791815333767
1.9200000000000008,0.00046875000000000004,329.8957716783865
1.9400000000000008,0.00046875000000000004,329.91125614080005
1.9600000000000009,0.00046875000000000004,329.9281385880289
1.9800000000000009,0.00046875000000000004,329.95405718468083
2.000000000000001,0.00046875000000000004,330.00406029085804
2.020000000000001,0.00046875000000000004,330.0974052376878
2.040000000000001,0.00046875000000000004,330.24903148674775
2.060000000000001,0.00046875000000000004,330.46329331515886
2.080000000000001,0.00046875000000000004,330.7353579717678
2.100000000000001,0.00046875000000000004,331.05639876315365
2.120000000000001,0.00046875000000000004,331.41694015095277
2.140000000000001,0.00046875000000000004,331.80805334860696
2.160000000000001,0.00046875000000000004,332.2219384352782
2.180000000000001,0.00046875000000000004,332.65210253464164
2.200000000000001,0.00046875000000000004,333.0932606028587
2.220000000000001,0.00046875000000000004,333.5412046520626
2.240000000000001,0.00046875000000000004,333.9926367200298
2.260000000000001,0.00046875000000000004,334.44500325761396
2.280000000000001,0.00046875000000000004,334.8963566523193
2.300000000000001,0.00046875000000000004,335.3452301721352
2.320000000000001,0.00046875000000000004,335.79053763566
2.340000000000001,0.00046875000000000004,336.2314909093666
2.360000000000001,0.00046875000000000004,336.66753281782184
2.3800000000000012,0.00046875000000000004,337.0982848354498
2.4000000000000012,0.00046875000000000004,337.5235047041677
2.420000000000001,0.00046875000000000004,337.94305378172743
2.4400000000000013,0.00046875000000000004,338.3568717588539
2.460000000000001,0.00046875000000000004,338.76495900725376
2.4800000000000013,0.00046875000000000004,339.1673634061929
2.500000000000001,0.00046875000000000004,339.5641641363169
2.5200000000000014,0.00046875000000000004,339.95545466371215
2.540000000000001,0.00046875000000000004,340.3413358334888
2.5600000000000014,0.00046875000000000004,340.72191701392586
2.580000000000001,0.00046875000000000004,341.09731390604503
2.6000000000000014,0.00046875000000000004,341.46764456037494
2.620000000000001,0.00046875000000000004,341.8330275851206
2.6400000000000015,0.00046875000000000004,342.1935804425177
2.660000000000001,0.00046875000000000004,342.5494181192283
2.6800000000000015,0.00046875000000000004,342.90065244108314
2.700000000000001,0.00046875000000000004,343.24739144558725
1.9000000000000008,0.00048750000000000003,329.66789702951854
1.9200000000000008,0.00048750000000000003,329.6920585207894
1.9400000000000008,0.00048750000000000003,329.71461269032267
1.9600000000000009,0.00048750000000000003,329.73717003212926
1.9800000000000009,0.00048750000000000003,329.76487686771134
2.000000000000001,0.00048750000000000003,329.80864543128456
2.020000000000001,0.00048750000000000003,329.8839597456353
2.040000000000001,0.00048750000000000003,330.0050722461558
2.060000000000001,0.00048750000000000003,330.17908777079606
2.080000000000001,0.00048750000000000003,330.40511780163973
2.100000000000001,0.00048750000000000003,330.6775650050294
2.120000000000001,0.00048750000000000003,330.98921460908304
2.140000000000001,0.00048750000000000003,331.33268549451503
2.160000000000001,0.00048750000000000003,331.7011418573235
2.180000000000001,0.00048750000000000003,332.088643681967
2.200000000000001,0.00048750000000000003,332.49019431164174
2.220000000000001,0.00048750000000000003,332.90168879127106
2.240000000000001,0.00048750000000000003,333.3198165921728
2.260000000000001,0.00048750000000000003,333.74193884025476
2.280000000000001,0.00048750000000000003,334.1659766252804
2.300000000000001,0.00048750000000000003,334.5903073553206
2.320000000000001,0.00048750000000000003,335.01367567098066
2.340000000000001,0.00048750000000000003,335.43511994560214
2.360000000000001,0.00048750000000000003,335.85391065815514
2.3800000000000012,0.00048750000000000003,336.2695013322252
2.4000000000000012,0.00048750000000000003,336.6814887032349
2.420000000000001,0.00048750000000000003,337.08958109102593
2.4400000000000013,0.00048750000000000003,337.4935743997354
2.460000000000001,0.00048750000000000003,337.89333594373187
2.4800000000000013,0.00048750000000000003,338.28879101670185
2.500000000000001,0.00048750000000000003,338.6799025842342
2.5200000000000014,0.00048750000000000003,339.0666522095095
2.540000000000001,0.00048750000000000003,339.4490371360689
2.5600000000000014,0.00048750000000000003,339.8270731837145
2.580000000000001,0.00048750000000000003,340.20079012116037
2.6000000000000014,0.00048750000000000003,340.57022692070694
2.620000000000001,0.00048750000000000003,340.9354298387103
2.6400000000000015,0.00048750000000000003,341.29644981538587
2.660000000000001,0.00048750000000000003,341.6533408609098
2.6800000000000015,0.00048750000000000003,342.0061589210629
2.700000000000001,0.00048750000000000003,342.3549607925487
1.9000000000000008,0.0005062500000000001,329.4606282925188
1.9200000000000008,0.0005062500000000001,329.4920598252977
1.9400000000000008,0.0005062500000000001,329.5214750715581
1.9600000000000009,0.0005062500000000001,329.54992019222135
1.9800000000000009,0.0005062500000000001,329.5808460214285
2.000000000000001,0.0005062500000000001,329.62205839041593
2.020000000000001,0.0005062500000000001,329.6856707567036
2.040000000000001,0.0005062500000000001,329.78443189649767
2.060000000000001,0.0005062500000000001,329.9267422768199
2.080000000000001,0.0005062500000000001,330.11459736344375
2.100000000000001,0.0005062500000000001,330.3452190469847
2.120000000000001,0.0005062500000000001,330.6135614164913
2.140000000000001,0.0005062500000000001,330.9138337891641
2.160000000000001,0.0005062500000000001,331.2402960291646
2.180000000000001,0.0005062500000000001,331.5877125666289
2.200000000000001,0.0005062500000000001,331.95152078598545
2.220000000000001,0.0005062500000000001,332.3278539034075
2.240000000000001,0.0005062500000000001,332.7135034601575
2.260000000000001,0.0005062500000000001,333.10584167237647
2.280000000000001,0.0005062500000000001,333.50273778228086
2.300000000000001,0.0005062500000000001,333.90247708212144
2.320000000000001,0.0005062500000000001,334.30368649982336
2.340000000000001,0.0005062500000000001,334.7052715386937
2.360000000000001,0.0005062500000000001,335.1063624454135
2.3800000000000012,0.0005062500000000001,335.50627001813933
2.4000000000000012,0.0005062500000000001,335.90444959434467
2.420000000000001,0.0005062500000000001,336.3004717704644
2.4400000000000013,0.0005062500000000001,336.6940007523865
2.460000000000001,0.0005062500000000001,337.08478106857046
2.4800000000000013,0.0005062500000000001,337.4726233010621
2.500000000000001,0.0005062500000000001,337.85737804644253
2.5200000000000014,0.0005062500000000001,338.23891686585284
2.540000000000001,0.0005062500000000001,338.6171364161549
2.5600000000000014,0.0005062500000000001,338.9919617778905
2.580000000000001,0.0005062500000000001,339.3633383137555
2.6000000000000014,0.0005062500000000001,339.7312272641396
2.620000000000001,0.0005062500000000001,340.0956034596377
2.6400000000000015,0.0005062500000000001,340.45645184824525
2.660000000000001,0.0005062500000000001,340.8137658995272
2.6800000000000015,0.0005062500000000001,341.16754585341147
2.700000000000001,0.0005062500000000001,341.51779736985225
1.9000000000000008,0.0005250000000000001,329.25854448400156
1.9200000000000008,0.0005250000000000001,329.29689553123313
1.9400000000000008,0.0005250000000000001,329.3328838085488
1.9600000000000009,0.0005250000000000001,329.3672031448956
1.9800000000000009,0.0005250000000000001,329.4021665813123
2.000000000000001,0.0005250000000000001,329.4432985237881
2.020000000000001,0.0005250000000000001,329.49986680961825
2.040000000000001,0.0005250000000000001,329.5827647516178
2.060000000000001,0.0005250000000000001,329.70064699949944
2.080000000000001,0.0005250000000000001,329.85741625016624
2.100000000000001,0.0005250000000000001,330.0525995879243
2.120000000000001,0.0005250000000000001,330.28312936230105
2.140000000000001,0.0005250000000000001,330.5447661776786
2.160000000000001,0.0005250000000000001,330.8329239149678
2.180000000000001,0.0005250000000000001,331.1431736072376
2.200000000000001,0.0005250000000000001,331.4714968413237
2.220000000000001,0.0005250000000000001,331.8143739685527
2.240000000000001,0.0005250000000000001,332.1687965530492
2.260000000000001,0.0005250000000000001,332.5322322615674
2.280000000000001,0.0005250000000000001,332.9025700827677
2.300000000000001,0.0005250000000000001,333.27806203112283
2.320000000000001,0.0005250000000000001,333.6572655418604
2.340000000000001,0.0005250000000000001,334.03899227743034
2.360000000000001,0.0005250000000000001,334.42226357815474
2.3800000000000012,0.0005250000000000001,334.80627269436826
2.4000000000000012,0.0005250000000000001,335.19035360072996
2.420000000000001,0.0005250000000000001,335.5739551810773
2.4400000000000013,0.0005250000000000001,335.9566232208297
2.460000000000001,0.0005250000000000001,336.33799135298995
2.4800000000000013,0.0005250000000000001,336.71776419413777
2.500000000000001,0.0005250000000000001,337.0956836053598
2.5200000000000014,0.0005250000000000001,337.4715140351328
2.540000000000001,0.0005250000000000001,337.8450565953196
2.5600000000000014,0.0005250000000000001,338.21614947229097
2.580000000000001,0.0005250000000000001,338.58465609883996
2.6000000000000014,0.0005250000000000001,338.9504624901656
2.620000000000001,0.0005250000000000001,339.3134737877129
2.6400000000000015,0.0005250000000000001,339.673610381352
2.660000000000001,0.0005250000000000001,340.0308064453579
2.6800000000000015,0.0005250000000000001,340.38500739774486
2.700000000000001,0.0005250000000000001,340.7361685971831
1.9000000000000008,0.0005437500000000001,329.06276147845153
1.9200000000000008,0.0005437500000000001,329.1076355688837
1.9400000000000008,0.0005437500000000001,329.1498442822252
1.9600000000000009,0.0005437500000000001,329.1898627955359
1.9800000000000009,0.0005437500000000001,329.22924845262366
2.000000000000001,0.0005437500000000001,329.27188128112033
2.020000000000001,0.0005437500000000001,329.32472736900803
2.040000000000001,0.0005437500000000001,329.39678269562074
2.060000000000001,0.0005437500000000001,329.49627783986807
2.080000000000001,0.0005437500000000001,329.6281975421547
2.100000000000001,0.0005437500000000001,329.79382480719266
2.120000000000001,0.0005437500000000001,329.9918080024989
2.140000000000001,0.0005437500000000001,330.21935556337803
2.160000000000001,0.0005437500000000001,330.47303179973
2.180000000000001,0.0005437500000000001,330.74926879909304
2.200000000000001,0.0005437500000000001,331.04466766198595
2.220000000000001,0.0005437500000000001,331.3561377065032
2.240000000000001,0.0005437500000000001,331.68094950410375
2.260000000000001,0.0005437500000000001,332.01673675837793
2.280000000000001,0.0005437500000000001,332.3614699062137
2.300000000000001,0.0005437500000000001,332.71341988663914
2.320000000000001,0.0005437500000000001,333.0711182204587
2.340000000000001,0.0005437500000000001,333.4333188488981
2.360000000000001,0.0005437500000000001,333.7989637895115
2.3800000000000012,0.0005437500000000001,334.1671530165554
2.4000000000000012,0.0005437500000000001,334.5371189452347
2.420000000000001,0.0005437500000000001,334.90820492532816
2.4400000000000013,0.0005437500000000001,335.2798525084538
2.460000000000001,0.0005437500000000001,335.65159781366594
2.4800000000000013,0.0005437500000000001,336.0230483276157
2.500000000000001,0.0005437500000000001,336.3938398609981
2.5200000000000014,0.0005437500000000001,336.76363412979094
2.540000000000001,0.0005437500000000001,337.13214391540305
2.5600000000000014,0.0005437500000000001,337.49912489393313
2.580000000000001,0.0005437500000000001,337.8643620787744
2.6000000000000014,0.0005437500000000001,338.2276698613192
2.620000000000001,0.0005437500000000001,338.58888607206836
2.6400000000000015,0.0005437500000000001,338.94786896562016
2.660000000000001,0.0005437500000000001,339.3044953332181
2.6800000000000015,0.0005437500000000001,339.65865740158574
2.700000000000001,0.0005437500000000001,340.01026174321044
1.9000000000000008,0.0005625000000000001,328.87432679785593
1.9200000000000008,0.0005625000000000001,328.9252849923351
1.9400000000000008,0.0005625000000000001,328.97330881507247
1.9600000000000009,0.0005625000000000001,329.01874036850205
1.9800000000000009,0.0005625000000000001,329.0626427510409
2.000000000000001,0.0005625000000000001,329.1077299610576
2.020000000000001,0.0005625000000000001,329.1591624877183
2.040000000000001,0.0005625000000000001,329.22417223607175
2.060000000000001,0.0005625000000000001,329.31017499742484
2.080000000000001,0.0005625000000000001,329.4225969964014
2.100000000000001,0.0005625000000000001,329.5639542482701
2.120000000000001,0.0005625000000000001,329.73431046474354
2.140000000000001,0.0005625000000000001,329.9321735075303
2.160000000000001,0.0005625000000000001,330.15520650170964
2.180000000000001,0.0005625000000000001,330.4007144006433
2.200000000000001,0.0005625000000000001,330.66596002517105
2.220000000000001,0.0005625000000000001,330.9483367211499
2.240000000000001,0.0005625000000000001,331.2454526500546
2.260000000000001,0.0005625000000000001,331.5551629738773
2.280000000000001,0.0005625000000000001,331.8755697736739
2.300000000000001,0.0005625000000000001,332.20500689840793
2.320000000000001,0.0005625000000000001,332.54201758756597
2.340000000000001,0.0005625000000000001,332.88533007127893
2.360000000000001,0.0005625000000000001,333.23383389962174
2.3800000000000012,0.0005625000000000001,333.5865583476332
2.4000000000000012,0.0005625000000000001,333.94265313312985
2.420000000000001,0.0005625000000000001,334.3013719213881
2.4400000000000013,0.0005625000000000001,334.66206697425787
2.460000000000001,0.0005625000000000001,335.0241916526858
2.4800000000000013,0.0005625000000000001,335.38726373802683
2.500000000000001,0.0005625000000000001,335.7508142198995
2.5200000000000014,0.0005625000000000001,336.1144091371201
2.540000000000001,0.0005625000000000001,336.47768200261834
2.5600000000000014,0.0005625000000000001,336.84031025759197
2.580000000000001,0.0005625000000000001,337.2020054618538
2.6000000000000014,0.0005625000000000001,337.56251463419864
2.620000000000001,0.0005625000000000001,337.92161137942327
2.6400000000000015,0.0005625000000000001,338.2790951703329
2.660000000000001,0.0005625000000000001,338.63478787693526
2.6800000000000015,0.0005625000000000001,338.98853094403995
2.700000000000001,0.0005625000000000001,339.340184274833
1.9000000000000008,0.0005812500000000001,328.694221856413
1.9200000000000008,0.0005812500000000001,328.7507856453028
1.9400000000000008,0.0005812500000000001,328.80417342737866
1.9600000000000009,0.0005812500000000001,328.85464855470883
1.9800000000000009,0.0005812500000000001,328.9029553801488
2.000000000000001,0.0005812500000000001,328.950990979642
2.020000000000001,0.0005812500000000001,329.00253544605766
2.040000000000001,0.0005812500000000001,329.06328207417044
2.060000000000001,0.0005812500000000001,329.1396567074458
2.080000000000001,0.0005812500000000001,329.23706847410494
2.100000000000001,0.0005812500000000001,329.35880683506247
2.120000000000001,0.0005812500000000001,329.50604042800927
2.140000000000001,0.0005812500000000001,329.67839945547706
2.160000000000001,0.0005812500000000001,329.87455853218245
2.180000000000001,0.0005812500000000001,330.09267109722543
2.200000000000001,0.0005812500000000001,330.3306733414565
2.220000000000001,0.0005812500000000001,330.5864721787698
2.240000000000001,0.0005812500000000001,330.8580513602469
2.260000000000001,0.0005812500000000001,331.1435270022533
2.280000000000001,0.0005812500000000001,331.4411707613198
2.300000000000001,0.0005812500000000001,331.7494140792698
2.320000000000001,0.0005812500000000001,332.0668428315709
2.340000000000001,0.0005812500000000001,332.39218653556827
2.360000000000001,0.0005812500000000001,332.7243058003982
2.3800000000000012,0.0005812500000000001,333.062179405323
2.4000000000000012,0.0005812500000000001,333.4048918938616
2.420000000000001,0.0005812500000000001,333.7516222568549
2.4400000000000013,0.0005812500000000001,334.10164942062045
2.460000000000001,0.0005812500000000001,334.454359806404
2.4800000000000013,0.0005812500000000001,334.8091857029975
2.500000000000001,0.0005812500000000001,335.1655529454031
2.5200000000000014,0.0005812500000000001,335.52294348661536
2.540000000000001,0.0005812500000000001,335.8809212210702
2.5600000000000014,0.0005812500000000001,336.2390893622544
2.580000000000001,0.0005812500000000001,336.5970927898566
2.6000000000000014,0.0005812500000000001,336.9546155181263
2.620000000000001,0.0005812500000000001,337.3113708638786
2.6400000000000015,0.0005812500000000001,337.6671037873731
2.660000000000001,0.0005812500000000001,338.02158394657
2.6800000000000015,0.0005812500000000001,338.3746055329204
2.700000000000001,0.0005812500000000001,338.72598402064386
1.9000000000000008,0.0006000000000000001,328.5233460230027
1.9200000000000008,0.0006000000000000001,328.58500056268247
1.9400000000000008,0.0006000000000000001,328.6432614867171
1.9600000000000009,0.0006000000000000001,328.6983497517314
1.9800000000000009,0.0006000000000000001,328.75080897194357
2.000000000000001,0.0006000000000000001,328.80196924064126
2.020000000000001,0.0006000000000000001,328.8545777189138
2.040000000000001,0.0006000000000000001,328.913042707592
2.060000000000001,0.0006000000000000001,328.98276925480053
2.080000000000001,0.0006000000000000001,329.0688518131812
2.100000000000001,0.0006000000000000001,329.1749805196587
2.120000000000001,0.0006000000000000001,329.30313574731133
2.140000000000001,0.0006000000000000001,329.45388156695583
2.160000000000001,0.0006000000000000001,329.626793667642
2.180000000000001,0.0006000000000000001,329.8208216929313
2.200000000000001,0.0006000000000000001,330.03455983251274
2.220000000000001,0.0006000000000000001,330.266435002217
2.240000000000001,0.0006000000000000001,330.5148242584162
2.260000000000001,0.0006000000000000001,330.7781284402517
2.280000000000001,0.0006000000000000001,331.0548136596759
2.300000000000001,0.0006000000000000001,331.34343405775536
2.320000000000001,0.0006000000000000001,331.64264130589504
2.340000000000001,0.0006000000000000001,331.95118796939187
2.360000000000001,0.0006000000000000001,332.2679249234905
2.3800000000000012,0.0006000000000000001,332.59179821240184
2.4000000000000012,0.0006000000000000001,332.9218425054903
2.420000000000001,0.0006000000000000001,333.2571763902896
2.4400000000000013,0.0006000000000000001,333.59702264763985
2.460000000000001,0.0006000000000000001,333.94071733611
2.4800000000000013,0.0006000000000000001,334.28760442832333
2.500000000000001,0.0006000000000000001,334.6370054136786
2.5200000000000014,0.0006000000000000001,334.98833550074266
2.540000000000001,0.0006000000000000001,335.3410971291638
2.5600000000000014,0.0006000000000000001,335.69482335050276
2.580000000000001,0.0006000000000000001,336.049101568527
2.6000000000000014,0.0006000000000000001,336.40355570687046
2.620000000000001,0.0006000000000000001,336.7578452126345
2.6400000000000015,0.0006000000000000001,337.1116639903938
2.660000000000001,0.0006000000000000001,337.4647338432256
2.6800000000000015,0.0006000000000000001,337.8168050621264
2.700000000000001,0.0006000000000000001,338.1676520626658
1.9000000000000008,0.00061875,328.36252138138695
1.9200000000000008,0.00061875,328.4287184083044
1.9400000000000008,0.00061875,328.4913260926574
1.9600000000000009,0.00061875,328.55054960253347
1.9800000000000009,0.00061875,328.60680793992765
2.000000000000001,0.00061875,328.6610382384903
2.020000000000001,0.00061875,328.7152302641326
2.040000000000001,0.00061875,328.7727563194483
2.060000000000001,0.00061875,328.8380630909755
2.080000000000001,0.00061875,328.91576590163857
2.100000000000001,0.00061875,329.00967474403103
2.120000000000001,0.00061875,329.1223241273608
2.140000000000001,0.00061875,329.25502452963906
2.160000000000001,0.00061875,329.4081299887104
2.180000000000001,0.00061875,329.58131240390605
2.200000000000001,0.00061875,329.7737864143968
2.220000000000001,0.00061875,329.9844836873881
2.240000000000001,0.00061875,330.2121741234824
2.260000000000001,0.00061875,330.45555080529016
2.280000000000001,0.00061875,330.71328720090474
2.300000000000001,0.00061875,330.98407444174876
2.320000000000001,0.00061875,331.2666463177501
2.340000000000001,0.00061875,331.55979336362776
2.360000000000001,0.00061875,331.86237274494454
2.3800000000000012,0.00061875,332.17331122316483
2.4000000000000012,0.00061875,332.4916081300144
2.420000000000001,0.00061875,332.8163330861595
2.4400000000000013,0.00061875,333.1466744199127
2.460000000000001,0.00061875,333.48193145419435
2.4800000000000013,0.00061875,333.8213483155681
2.500000000000001,0.00061875,334.16414631617164
2.5200000000000014,0.00061875,334.5097002400925
2.540000000000001,0.00061875,334.8574513385551
2.5600000000000014,0.00061875,335.2068722171911
2.580000000000001,0.00061875,335.557500017006
2.6000000000000014,0.00061875,335.90890293659083
2.620000000000001,0.00061875,336.2606932233236
2.6400000000000015,0.00061875,336.6125181130394
2.660000000000001,0.00061875,336.9640556617623
2.6800000000000015,0.00061875,337.31501749032634
2.700000000000001,0.00061875,337.665138930611
1.9000000000000008,0.0006375,328.2124765437288
1.9200000000000008,0.0006375,328.28263694558956
1.9400000000000008,0.0006375,328.3490343875229
1.9600000000000009,0.0006375,328.41187960312504
1.9800000000000009,0.0006375,328.4715139170748
2.000000000000001,0.0006375,328.52860038071486
2.020000000000001,0.0006375,328.5845878728429
2.040000000000001,0.0006375,328.6420329003169
2.060000000000001,0.0006375,328.70453990907646
2.080000000000001,0.0006375,328.77617718137463
2.100000000000001,0.0006375,328.8606854001047
2.120000000000001,0.0006375,328.9609398792051
2.140000000000001,0.0006375,329.07882640613053
2.160000000000001,0.0006375,329.2153481677947
2.180000000000001,0.0006375,329.3708146036883
2.200000000000001,0.0006375,329.54500178202466
2.220000000000001,0.0006375,329.7373163944947
2.240000000000001,0.0006375,329.946899681795
2.260000000000001,0.0006375,330.17273436274587
2.280000000000001,0.0006375,330.413697171581
2.300000000000001,0.0006375,330.6686258920632
2.320000000000001,0.0006375,330.9363396282081
2.340000000000001,0.0006375,331.21568160012936
2.360000000000001,0.0006375,331.5055209739151
2.3800000000000012,0.0006375,331.80478154026173
2.4000000000000012,0.0006375,332.11243332205976
2.420000000000001,0.0006375,332.4275132487062
2.4400000000000013,0.0006375,332.7491963697954
2.460000000000001,0.0006375,333.0767587517074
2.4800000000000013,0.0006375,333.40931221996544
2.500000000000001,0.0006375,333.74600493985054
2.5200000000000014,0.0006375,334.0861923987415
2.540000000000001,0.0006375,334.4292537493666
2.5600000000000014,0.0006375,334.77461228590687
2.580000000000001,0.0006375,335.1217640118153
2.6000000000000014,0.0006375,335.47022176598455
2.620000000000001,0.0006375,335.8195645321187
2.6400000000000015,0.0006375,336.16938941500473
2.660000000000001,0.0006375,336.51934444397386
2.6800000000000015,0.0006375,336.86909889031034
2.700000000000001,0.0006375,337.21836065265893
1.9000000000000008,0.00065625,328.07385312558904
1.9200000000000008,0.00065625,328.14737054980793
1.9400000000000008,0.00065625,328.2169725647536
1.9600000000000009,0.00065625,328.2829010382412
1.9800000000000009,0.00065625,328.34543356473444
2.000000000000001,0.00065625,328.40504949269723
2.020000000000001,0.00065625,328.46281471553215
2.040000000000001,0.00065625,328.52066425708904
2.060000000000001,0.00065625,328.58149474161553
2.080000000000001,0.00065625,328.64883937604435
2.100000000000001,0.00065625,328.7262503123587
2.120000000000001,0.00065625,328.8167915713338
2.140000000000001,0.00065625,328.9227623151596
2.160000000000001,0.00065625,329.04570152192923
2.180000000000001,0.00065625,329.1864486371667
2.200000000000001,0.00065625,329.34528323352174
2.220000000000001,0.00065625,329.5220259136329
2.240000000000001,0.00065625,329.71616908983344
2.260000000000001,0.00065625,329.92695250084375
2.280000000000001,0.00065625,330.1534576262928
2.300000000000001,0.00065625,330.3946522913529
2.320000000000001,0.00065625,330.649453886157
2.340000000000001,0.00065625,330.9167501369589
2.360000000000001,0.00065625,331.19544084327015
2.3800000000000012,0.00065625,331.4844426709561
2.4000000000000012,0.00065625,331.78271737790897
2.420000000000001,0.00065625,332.08926657696037
2.4400000000000013,0.00065625,332.40330101303374
2.460000000000001,0.00065625,332.7240534164581
2.4800000000000013,0.00065625,333.0504724891623
2.500000000000001,0.00065625,333.3816750510201
2.5200000000000014,0.00065625,333.71702315794784
2.540000000000001,0.00065625,334.05581155361307
2.5600000000000014,0.00065625,334.3974543187668
2.580000000000001,0.00065625,334.74138559674765
2.6000000000000014,0.00065625,335.08709183732094
2.620000000000001,0.00065625,335.43410812466016
2.6400000000000015,0.00065625,335.7819998938821
2.660000000000001,0.00065625,336.13038084265315
2.6800000000000015,0.00065625,336.4788906472747
2.700000000000001,0.00065625,336.8272075007893
1.9000000000000008,0.000675,327.9471946148825
1.9200000000000008,0.000675,328.0234271122551
1.9400000000000008,0.000675,328.0956374203142
1.9600000000000009,0.000675,328.16408319654875
1.9800000000000009,0.000675,328.22900629693135
2.000000000000001,0.000675,328.29073833875015
2.020000000000001,0.000675,328.3501151830568
2.040000000000001,0.000675,328.4085709877102
2.060000000000001,0.000675,328.46848000124055
2.080000000000001,0.000675,328.53285106665845
2.100000000000001,0.000675,328.60504345919145
2.120000000000001,0.000675,328.6881562469014
2.140000000000001,0.000675,328.7848169161784
2.160000000000001,0.000675,328.89694332698855
2.180000000000001,0.000675,329.0258440649115
2.200000000000001,0.000675,329.1721843524076
2.220000000000001,0.000675,329.33617430415694
2.240000000000001,0.000675,329.5175761048219
2.260000000000001,0.000675,329.71589041095285
2.280000000000001,0.000675,329.9303472595313
2.300000000000001,0.000675,330.1600668899866
2.320000000000001,0.000675,330.40402430668104
2.340000000000001,0.000675,330.6611850332148
2.360000000000001,0.000675,330.9304476534374
2.3800000000000012,0.000675,331.2107608485845
2.4000000000000012,0.000675,331.5010508728361
2.420000000000001,0.000675,331.80032581816965
2.4400000000000013,0.000675,332.1078555862004
2.460000000000001,0.000675,332.4228116211316
2.4800000000000013,0.000675,332.74390594999767
2.500000000000001,0.000675,333.0703570478419
2.5200000000000014,0.000675,333.40147169625214
2.540000000000001,0.000675,333.73650411028166
2.5600000000000014,0.000675,334.074851247923
2.580000000000001,0.000675,334.415900312787
2.6000000000000014,0.000675,334.7591124798944
2.620000000000001,0.000675,335.10399356573504
2.6400000000000015,0.000675,335.4500716199257
2.660000000000001,0.000675,335.79694781122333
2.6800000000000015,0.000675,336.14421745944753
2.700000000000001,0.000675,336.4915573295283
1.9000000000000008,0.00069375,327.83293162524467
1.9200000000000008,0.00069375,327.91124116045535
1.9400000000000008,0.00069375,327.9854204678746
1.9600000000000009,0.00069375,328.05583685369476
1.9800000000000009,0.00069375,328.1225774428709
2.000000000000001,0.00069375,328.18599448521434
2.020000000000001,0.00069375,328.24666636159867
2.040000000000001,0.00069375,328.3057620200755
2.060000000000001,0.00069375,328.365178094971
2.080000000000001,0.00069375,328.4275707329184
2.100000000000001,0.00069375,328.49602855706837
2.120000000000001,0.00069375,328.57369597679696
2.140000000000001,0.00069375,328.663354167677
2.160000000000001,0.00069375,328.767265625368
2.180000000000001,0.00069375,328.8870351525814
2.200000000000001,0.00069375,329.0236984508444
2.220000000000001,0.00069375,329.17771180943043
2.240000000000001,0.00069375,329.3491238991819
2.260000000000001,0.00069375,329.53758211288647
2.280000000000001,0.00069375,329.7425083681374
2.300000000000001,0.00069375,329.9630824723678
2.320000000000001,0.00069375,330.19839841094694
2.340000000000001,0.00069375,330.44742046292504
2.360000000000001,0.00069375,330.70911804102184
2.3800000000000012,0.00069375,330.9824012249209
2.4000000000000012,0.00069375,331.2662381452776
2.420000000000001,0.00069375,331.5595778272069
2.4400000000000013,0.00069375,331.86191228130684
2.460000000000001,0.00069375,332.1721415941339
2.4800000000000013,0.00069375,332.48881755005897
2.500000000000001,0.00069375,332.81133901826365
2.5200000000000014,0.00069375,333.13890981134006
2.540000000000001,0.00069375,333.47076835580185
2.5600000000000014,0.00069375,333.80632411007207
2.580000000000001,0.00069375,334.14487297023004
2.6000000000000014,0.00069375,334.485931438351
2.620000000000001,0.00069375,334.82889607527176
2.6400000000000015,0.00069375,335.17335781291104
2.660000000000001,0.00069375,335.51881541372137
2.6800000000000015,0.00069375,335.8649195452058
2.700000000000001,0.00069375,336.2112610643673
1.9000000000000008,0.0007125,327.731442489434
1.9200000000000008,0.0007125,327.8110773342728
1.9400000000000008,0.0007125,327.88667633200816
1.9600000000000009,0.0007125,327.95841824607163
1.9800000000000009,0.0007125,328.0264618102066
2.000000000000001,0.0007125,328.0910252545737
2.020000000000001,0.0007125,328.15266804530364
2.040000000000001,0.0007125,328.21223258202656
2.060000000000001,0.0007125,328.2714409252083
2.080000000000001,0.0007125,328.3325220287401
2.100000000000001,0.0007125,328.3985150129906
2.120000000000001,0.0007125,328.4723929980979
2.140000000000001,0.0007125,328.55720373027805
2.160000000000001,0.0007125,328.65526528903314
2.180000000000001,0.0007125,328.7685722155166
2.200000000000001,0.0007125,328.89824538340207
2.220000000000001,0.0007125,329.0451019823666
2.240000000000001,0.0007125,329.209221703622
2.260000000000001,0.0007125,329.3905395688539
2.280000000000001,0.0007125,329.58844536963977
2.300000000000001,0.0007125,329.8023377585357
2.320000000000001,0.0007125,330.03123167785293
2.340000000000001,0.0007125,330.2742584659795
2.360000000000001,0.0007125,330.5302804460139
2.3800000000000012,0.0007125,330.79833899860665
2.4000000000000012,0.0007125,331.0772818325822
2.420000000000001,0.0007125,331.36616535291455
2.4400000000000013,0.0007125,331.664703168862
2.460000000000001,0.0007125,331.97133156708213
2.4800000000000013,0.0007125,332.2845334131314
2.500000000000001,0.0007125,332.60406657983464
2.5200000000000014,0.0007125,332.9287780458907
2.540000000000001,0.0007125,333.25817206883283
2.5600000000000014,0.0007125,333.59142631489055
2.580000000000001,0.0007125,333.9279685395863
2.6000000000000014,0.0007125,334.26720470632785
2.620000000000001,0.0007125,334.6085596864648
2.6400000000000015,0.0007125,334.95160407417
2.660000000000001,0.0007125,335.29579282632153
2.6800000000000015,0.0007125,335.640819029446
2.700000000000001,0.0007125,335.9861819199069
1.9000000000000008,0.00073125,327.6428807997902
1.9200000000000008,0.00073125,327.7232176106259
1.9400000000000008,0.00073125,327.7995662799252
1.9600000000000009,0.00073125,327.8721012613969
1.9800000000000009,0.00073125,327.94079049122183
2.000000000000001,0.00073125,328.0060773137605
2.020000000000001,0.00073125,328.06817031236534
2.040000000000001,0.00073125,328.1280909074861
2.060000000000001,0.00073125,328.18707607283426
2.080000000000001,0.00073125,328.24748231272883
2.100000000000001,0.00073125,328.31191743123225
2.120000000000001,0.00073125,328.38362479266743
2.140000000000001,0.00073125,328.46542050425006
2.160000000000001,0.00073125,328.5600231380441
2.180000000000001,0.00073125,328.66929437174076
2.200000000000001,0.00073125,328.7947599452738
2.220000000000001,0.00073125,328.9371116849344
2.240000000000001,0.00073125,329.096781877651
2.260000000000001,0.00073125,329.2735600723185
2.280000000000001,0.00073125,329.46712812022383
2.300000000000001,0.00073125,329.6767210684962
2.320000000000001,0.00073125,329.90159452085976
2.340000000000001,0.00073125,330.1407075276242
2.360000000000001,0.00073125,330.3931235274108
2.3800000000000012,0.00073125,330.6577116200566
2.4000000000000012,0.00073125,330.9334909738127
2.420000000000001,0.00073125,331.21935171736754
2.4400000000000013,0.00073125,331.5157594590595
2.460000000000001,0.00073125,331.8196973569723
2.4800000000000013,0.00073125,332.13063293713833
2.500000000000001,0.00073125,332.448009064464
2.5200000000000014,0.00073125,332.77069325659073
2.540000000000001,0.00073125,333.09831910688837
2.5600000000000014,0.00073125,333.4298144679792
2.580000000000001,0.00073125,333.7649004500465
2.6000000000000014,0.00073125,334.1026298591351
2.620000000000001,0.00073125,334.44278550361116
2.6400000000000015,0.00073125,334.7845481431212
2.660000000000001,0.00073125,335.12775083360765
2.6800000000000015,0.00073125,335.4716915962256
2.700000000000001,0.00073125,335.81624583179195
1.9000000000000008,0.00075,327.5675041170661
1.9200000000000008,0.00075,327.64760205985124
1.9400000000000008,0.00075,327.72439884628153
1.9600000000000009,0.00075,327.79680139562873
1.9800000000000009,0.00075,327.8658651152865
2.000000000000001,0.00075,327.9310518473026
2.020000000000001,0.00075,327.9934282028226
2.040000000000001,0.00075,328.0531721257182
2.060000000000001,0.00075,328.11219546668747
2.080000000000001,0.00075,328.1721123183787
2.100000000000001,0.00075,328.23610858380385
2.120000000000001,0.00075,328.30683050973937
2.140000000000001,0.00075,328.387647719506
2.160000000000001,0.00075,328.48081136305126
2.180000000000001,0.00075,328.58869545620536
2.200000000000001,0.00075,328.71243364042186
2.220000000000001,0.00075,328.8531691839043
2.240000000000001,0.00075,329.0109875637467
2.260000000000001,0.00075,329.1860679470784
2.280000000000001,0.00075,329.3777787302093
2.300000000000001,0.00075,329.5856903093596
2.320000000000001,0.00075,329.8087737768063
2.340000000000001,0.00075,330.04627830536543
2.360000000000001,0.00075,330.29700960032096
2.3800000000000012,0.00075,330.5600896336922
2.4000000000000012,0.00075,330.83430483400485
2.420000000000001,0.00075,331.1187673463626
2.4400000000000013,0.00075,331.41479445152913
2.460000000000001,0.00075,331.7166751402535
2.4800000000000013,0.00075,332.0269927479341
2.500000000000001,0.00075,332.34259702661336
2.5200000000000014,0.00075,332.664615049327
2.540000000000001,0.00075,332.9906743732304
2.5600000000000014,0.00075,333.32149756179086
2.580000000000001,0.00075,333.65517974520577
2.6000000000000014,0.00075,333.9922471946157
2.620000000000001,0.00075,334.3311328253397
2.6400000000000015,0.00075,334.67225050068583
2.660000000000001,0.00075,335.0142952008748
2.6800000000000015,0.00075,335.3576105269263
2.700000000000001,0.00075,335.70110164667767
2.700000000000001,0.0,380.0
2.720000000000001,0.0,373.065274216922
2.740000000000001,0.0,373.10354375122716
2.760000000000001,0.0,369.7943150495011
2.780000000000001,0.0,369.8116748867738
2.800000000000001,0.0,367.46302692379726
2.820000000000001,0.0,367.4514067356675
2.840000000000001,0.0,365.6089472103567
2.860000000000001,0.0,365.56987252717244
2.8800000000000012,0.0,364.056383326633
2.9000000000000012,0.0,363.9940186079103
2.9200000000000013,0.0,362.7167431638994
2.9400000000000013,0.0,362.63502066104644
2.9600000000000013,0.0,361.5380840070244
2.9800000000000013,0.0,361.44151082311373
3.0000000000000013,0.0,360.47887159153765
3.0200000000000014,0.0,360.3792694932489
3.0400000000000014,0.0,359.5290467154852
3.0600000000000014,0.0,359.42443645237154
3.0800000000000014,0.0,358.6681679038173
3.1000000000000014,0.0,358.5596663684731
3.1200000000000014,0.0,357.8828916001606
3.1400000000000015,0.0,357.7718149872724
3.1600000000000015,0.0,357.1630759796545
3.1800000000000015,0.0,357.0506189256869
3.200000000000001,0.0,356.5006884717456
3.2200000000000015,0.0,356.3878644853065
3.240000000000001,0.0,355.88919739078403
3.2600000000000016,0.0,355.7768396367326
3.280000000000001,0.0,355.32318079224626
3.3000000000000016,0.0,355.21195965365894
3.320000000000001,0.0,354.79805968017973
3.3400000000000016,0.0,354.68850414568647
3.360000000000001,0.0,354.30990959389493
3.3800000000000017,0.0,354.2024281316484
3.4000000000000012,0.0,353.8553242445484
3.4200000000000017,0.0,353.75022374453465
3.4400000000000013,0.0,353.4313149151828
3.4600000000000017,0.0,353.3288173553711
3.4800000000000013,0.0,353.035235033808
3.5000000000000018,0.0,352.93549192370267
3.5200000000000014,0.0,352.66472278353865
3.5400000000000014,0.0,352.56782757562934
3.5600000000000014,0.0,352.3176568150781
3.5800000000000014,0.0,352.2236555096937
3.6000000000000014,0.0,351.9921215839349
3.6200000000000014,0.0,351.90102174933475
3.6400000000000015,0.0,351.6863798275686
3.6600000000000015,0.0,351.5981582400146
3.6800000000000015,0.0,351.3988503888238
3.7000000000000015,0.0,351.3134594767604
3.7200000000000015,0.0,351.1280900807548
3.7400000000000015,0.0,351.04546333670436
3.7600000000000016,0.0,350.8727786374286
3.7800000000000016,0.0,350.792835142021
3.8000000000000016,0.0,350.6317060471851
3.8200000000000016,0.0,350.554354232217
3.8400000000000016,0.0,350.4037617474213
3.8600000000000017,0.0,350.32890250898106
3.8800000000000017,0.0,350.1879252929214
3.9000000000000017,0.0,350.11545455134967
3.9200000000000017,0.0,349.9832582068661
3.9400000000000017,0.0,349.91306899755597
3.9600000000000017,0.0,349.7888967948461
3.9800000000000018,0.0,349.72088096250735
4.000000000000002,0.0,349.60404575451895
2.700000000000001,1.8750000000000002e-05,378.22394150506346
2.720000000000001,1.8750000000000002e-05,374.2740923692624
2.740000000000001,1.8750000000000002e-05,372.10692035907863
2.760000000000001,1.8750000000000002e-05,370.7336833404785
2.780000000000001,1.8750000000000002e-05,369.09658208176927
2.800000000000001,1.8750000000000002e-05,368.2362768615155
2.820000000000001,1.8750000000000002e-05,366.9075565564082
2.840000000000001,1.8750000000000002e-05,366.2643363614305
2.860000000000001,1.8750000000000002e-05,365.1461951954602
2.8800000000000012,1.8750000000000002e-05,364.6226943138219
2.9000000000000012,1.8750000000000002e-05,363.66042344094484
2.9200000000000013,1.8750000000000002e-05,363.2132715914554
2.9400000000000013,1.8750000000000002e-05,362.37185946198525
2.9600000000000013,1.8750000000000002e-05,361.9784228493957
2.9800000000000013,1.8750000000000002e-05,361.23459792275776
3.0000000000000013,1.8750000000000002e-05,360.87678566215425
3.0200000000000014,1.8750000000000002e-05,360.21552460666203
3.0400000000000014,1.8750000000000002e-05,359.89087130596414
3.0600000000000014,1.8750000000000002e-05,359.29678568319616
3.0800000000000014,1.8750000000000002e-05,358.99940407629055
3.1000000000000014,1.8750000000000002e-05,358.46242623098743
3.1200000000000014,1.8750000000000002e-05,358.1880500131875
3.1400000000000015,1.8750000000000002e-05,357.70039972779136
3.1600000000000015,1.8750000000000002e-05,357.4458625094512
3.1800000000000015,1.8750000000000002e-05,357.0012907765243
3.200000000000001,1.8750000000000002e-05,356.76417067254357
3.2200000000000015,1.8750000000000002e-05,356.35754513422495
3.240000000000001,1.8750000000000002e-05,356.13593508108437
3.2600000000000016,1.8750000000000002e-05,355.7629694323476
3.280000000000001,1.8750000000000002e-05,355.5553265749688
3.3000000000000016,1.8750000000000002e-05,355.2123916697912
3.320000000000001,1.8750000000000002e-05,355.01743649203513
3.3400000000000016,1.8750000000000002e-05,354.70142355733793
3.360000000000001,1.8750000000000002e-05,354.51807101110154
3.3800000000000017,1.8750000000000002e-05,354.22629011528977
3.4000000000000012,1.8750000000000002e-05,354.0536018321725
3.4200000000000017,1.8750000000000002e-05,353.78370508863816
3.4400000000000013,1.8750000000000002e-05,353.62085577397136
3.4600000000000017,1.8750000000000002e-05,353.37077833806075
3.4800000000000013,1.8750000000000002e-05,353.217031863298
3.5000000000000018,1.8750000000000002e-05,352.9849459673316
3.5200000000000014,1.8750000000000002e-05,352.83963817575176
3.5400000000000014,1.8750000000000002e-05,352.6239168564845
3.5600000000000014,1.8750000000000002e-05,352.4864430564348
3.5800000000000014,1.8750000000000002e-05,352.2856311751908
3.6000000000000014,1.8750000000000002e-05,352.15543692622714
3.6200000000000014,1.8750000000000002e-05,351.96822773527504
3.6400000000000015,1.8750000000000002e-05,351.8448019574392
3.6600000000000015,1.8750000000000002e-05,351.67001792726944
3.6800000000000015,1.8750000000000002e-05,351.5528876547817
3.7000000000000015,1.8750000000000002e-05,351.3894646075903
3.7200000000000015,1.8750000000000002e-05,351.27819091017636
3.7400000000000015,1.8750000000000002e-05,351.12516474471204
3.7600000000000016,1.8750000000000002e-05,351.01933948111076
3.7800000000000016,1.8750000000000002e-05,350.8758349496327
3.8000000000000016,1.8750000000000002e-05,350.7750781172588
3.8200000000000016,1.8750000000000002e-05,350.64029924480485
3.8400000000000016,1.8750000000000002e-05,350.54425675969134
3.8600000000000017,1.8750000000000002e-05,350.4174785918692
3.8800000000000017,1.8750000000000002e-05,350.32582038255714
3.9000000000000017,1.8750000000000002e-05,350.2063818196772
3.9200000000000017,1.8750000000000002e-05,350.1188001536639
3.9400000000000017,1.8750000000000002e-05,350.00609768272375
3.9600000000000017,1.8750000000000002e-05,349.92230566868403
3.9800000000000018,1.8750000000000002e-05,349.8157878451822
4.000000000000002,1.8750000000000002e-05,349.7355180714494
2.700000000000001,3.7500000000000003e-05,376.40588740103027
2.720000000000001,3.7500000000000003e-05,374.2408293633739
2.740000000000001,3.7500000000000003e-05,371.7274713395574
2.760000000000001,3.7500000000000003e-05,370.5685796949535
2.780000000000001,3.7500000000000003e-05,369.02495928673403
2.800000000000001,3.7500000000000003e-05,368.04432256097346
2.820000000000001,3.7500000000000003e-05,366.95945429665835
2.840000000000001,3.7500000000000003e-05,366.07622374193187
2.860000000000001,3.7500000000000003e-05,365.25737927446994
2.8800000000000012,3.7500000000000003e-05,364.4494947758562
2.9000000000000012,3.7500000000000003e-05,363.80183000132007
2.9200000000000013,3.7500000000000003e-05,363.0590373173243
2.9400000000000013,3.7500000000000003e-05,362.5286455172535
2.9600000000000013,3.7500000000000003e-05,361.84422570766327
2.9800000000000013,3.7500000000000003e-05,361.3983017731485
3.0000000000000013,3.7500000000000003e-05,360.76436778994605
3.0200000000000014,3.7500000000000003e-05,360.38094674070913
3.0400000000000014,3.7500000000000003e-05,359.7973416230179
3.0600000000000014,3.7500000000000003e-05,359.4616394597459
3.0800000000000014,3.7500000000000003e-05,358.92322262390985
3.1000000000000014,3.7500000000000003e-05,358.6252269910608
3.1200000000000014,3.7500000000000003e-05,358.12784702478376
3.1400000000000015,3.7500000000000003e-05,357.86027508739875
3.1600000000000015,3.7500000000000003e-05,357.40034400787385
3.1800000000000015,3.7500000000000003e-05,357.157781949423
3.200000000000001,3.7500000000000003e-05,356.73211381551397
3.2200000000000015,3.7500000000000003e-05,356.5104646417437
3.240000000000001,3.7500000000000003e-05,356.1161937252261
3.2600000000000016,3.7500000000000003e-05,355.9123044292161
3.280000000000001,3.7500000000000003e-05,355.5468349138313
3.3000000000000016,3.7500000000000003e-05,355.35823892093674
3.320000000000001,3.7500000000000003e-05,355.0192095027209
3.3400000000000016,3.7500000000000003e-05,354.84394578999314
3.360000000000001,3.7500000000000003e-05,354.5292024229715
3.3800000000000017,3.7500000000000003e-05,354.3656867907825
3.4000000000000012,3.7500000000000003e-05,354.07326050479105
3.4200000000000017,3.7500000000000003e-05,353.92019294903344
3.4400000000000013,3.7500000000000003e-05,353.64828118448963
3.4600000000000017,3.7500000000000003e-05,353.5045786121657
3.4800000000000013,3.7500000000000003e-05,353.25152918946145
3.5000000000000018,3.7500000000000003e-05,353.1162761277665
3.5200000000000014,3.7500000000000003e-05,352.88057329081425
3.5400000000000014,3.7500000000000003e-05,352.75298548847366
3.5600000000000014,3.7500000000000003e-05,352.5332376315367
3.5800000000000014,3.7500000000000003e-05,352.41263496724844
3.6000000000000014,3.7500000000000003e-05,352.20756375431336
3.6200000000000014,3.7500000000000003e-05,352.0933499075264
3.6400000000000015,3.7500000000000003e-05,351.9017805595021
3.6600000000000015,3.7500000000000003e-05,351.7934276228828
3.6800000000000015,3.7500000000000003e-05,351.6142801952574
3.7000000000000015,3.7500000000000003e-05,351.51131691792375
3.7200000000000015,3.7500000000000003e-05,351.34359842720187
3.7400000000000015,3.7500000000000003e-05,351.2456011397871
3.7600000000000016,3.7500000000000003e-05,351.08839842467256
3.7800000000000016,3.7500000000000003e-05,350.99498395615734
3.8000000000000016,3.7500000000000003e-05,350.8474571809947
3.8200000000000016,3.7500000000000003e-05,350.7582772634566
3.8400000000000016,3.7500000000000003e-05,350.6196539883107
3.8600000000000017,3.7500000000000003e-05,350.5343907802689
3.8800000000000017,3.7500000000000003e-05,350.4039605352092
3.9000000000000017,3.7500000000000003e-05,350.32232299184307
3.9200000000000017,3.7500000000000003e-05,350.1994323032634
3.9400000000000017,3.7500000000000003e-05,350.1211531928418
3.9600000000000017,3.7500000000000003e-05,350.00520101769575
3.9800000000000018,3.7500000000000003e-05,349.93003443541755
4.000000000000002,3.7500000000000003e-05,349.82046796555545
2.700000000000001,5.6250000000000005e-05,374.6680979542364
2.720000000000001,5.6250000000000005e-05,373.4224351937131
2.740000000000001,5.6250000000000005e-05,371.3517417969303
2.760000000000001,5.6250000000000005e-05,370.03916218409296
2.780000000000001,5.6250000000000005e-05,368.818291536111
2.800000000000001,5.6250000000000005e-05,367.6994005883905
2.820000000000001,5.6250000000000005e-05,366.7973592539361
2.840000000000001,5.6250000000000005e-05,365.85359611472325
2.860000000000001,5.6250000000000005e-05,365.11377250284147
2.8800000000000012,5.6250000000000005e-05,364.3107414178717
2.9000000000000012,5.6250000000000005e-05,363.67068687315566
2.9200000000000013,5.6250000000000005e-05,362.97930459413465
2.9400000000000013,5.6250000000000005e-05,362.4090857489922
2.9600000000000013,5.6250000000000005e-05,361.8068838943791
2.9800000000000013,5.6250000000000005e-05,361.29045932879995
3.0000000000000013,5.6250000000000005e-05,360.75905641131266
3.0200000000000014,5.6250000000000005e-05,360.2855514145511
3.0400000000000014,5.6250000000000005e-05,359.8146108028087
3.0600000000000014,5.6250000000000005e-05,359.3786662919565
3.0800000000000014,5.6250000000000005e-05,358.95734090026315
3.1000000000000014,5.6250000000000005e-05,358.5544195312176
3.1200000000000014,5.6250000000000005e-05,358.17474373759734
3.1400000000000015,5.6250000000000005e-05,357.80124702554343
3.1600000000000015,5.6250000000000005e-05,357.4570442581529
3.1800000000000015,5.6250000000000005e-05,357.1100555363307
3.200000000000001,5.6250000000000005e-05,356.7964132566962
3.2200000000000015,5.6250000000000005e-05,356.4735008064326
3.240000000000001,5.6250000000000005e-05,356.1864428558724
3.2600000000000016,5.6250000000000005e-05,355.88552764347605
3.280000000000001,5.6250000000000005e-05,355.6217891232561
3.3000000000000016,5.6250000000000005e-05,355.3410567900632
3.320000000000001,5.6250000000000005e-05,355.09792243153044
3.3400000000000016,5.6250000000000005e-05,354.83576383533295
3.360000000000001,5.6250000000000005e-05,354.61094905343623
3.3800000000000017,5.6250000000000005e-05,354.3659192207973
3.4000000000000012,5.6250000000000005e-05,354.15748113555725
3.4200000000000017,5.6250000000000005e-05,353.92827025693464
3.4400000000000013,5.6250000000000005e-05,353.73454030203436
3.4600000000000017,5.6250000000000005e-05,353.5199527400442
3.4800000000000013,5.6250000000000005e-05,353.3394850834141
3.5000000000000018,5.6250000000000005e-05,353.13842379927416
3.5200000000000014,5.6250000000000005e-05,352.96995548394466
3.5400000000000014,5.6250000000000005e-05,352.7814101798892
3.5600000000000014,5.6250000000000005e-05,352.62383003265137
3.5800000000000014,5.6250000000000005e-05,352.446867875665
3.6000000000000014,5.6250000000000005e-05,352.29919202614917
3.6200000000000014,5.6250000000000005e-05,352.13295018716184
3.6400000000000015,5.6250000000000005e-05,351.9943026063966
3.6600000000000015,5.6250000000000005e-05,351.83798209329973
3.6800000000000015,5.6250000000000005e-05,351.7075789702241
3.7000000000000015,5.6250000000000005e-05,351.5604393972239
3.7200000000000015,5.6250000000000005e-05,351.4375764704208
3.7400000000000015,5.6250000000000005e-05,351.2989315177591
3.7600000000000016,5.6250000000000005e-05,351.182973699443
3.7800000000000016,5.6250000000000005e-05,351.0521870937783
3.8000000000000016,5.6250000000000005e-05,350.94255988555085
3.8200000000000016,5.6250000000000005e-05,350.81904178363186
3.8400000000000016,5.6250000000000005e-05,350.71522410423773
3.8600000000000017,5.6250000000000005e-05,350.59842779842126
3.8800000000000017,5.6250000000000005e-05,350.49994593379483
3.9000000000000017,5.6250000000000005e-05,350.3893648226058
3.9200000000000017,5.6250000000000005e-05,350.2957872759325
3.9400000000000017,5.6250000000000005e-05,350.1909520596619
3.9600000000000017,5.6250000000000005e-05,350.10188512986974
3.9800000000000018,5.6250000000000005e-05,350.0023612026608
4.000000000000002,5.6250000000000005e-05,349.91744515801724
2.700000000000001,7.500000000000001e-05,372.87815434003505
2.720000000000001,7.500000000000001e-05,372.2539679460833
2.740000000000001,7.500000000000001e-05,370.6745298741829
2.760000000000001,7.500000000000001e-05,369.4035987290246
2.780000000000001,7.500000000000001e-05,368.3273628429036
2.800000000000001,7.500000000000001e-05,367.293236709639
2.820000000000001,7.500000000000001e-05,366.40719226465876
2.840000000000001,7.500000000000001e-05,365.5670701761264
2.860000000000001,7.500000000000001e-05,364.7979084754473
2.8800000000000012,7.500000000000001e-05,364.0946176904772
2.9000000000000012,7.500000000000001e-05,363.4142622143678
2.9200000000000013,7.500000000000001e-05,362.8086506781849
2.9400000000000013,7.500000000000001e-05,362.20152767621937
2.9600000000000013,7.500000000000001e-05,361.6680458198848
2.9800000000000013,7.500000000000001e-05,361.12347531206024
3.0000000000000013,7.500000000000001e-05,360.6446293131732
3.0200000000000014,7.500000000000001e-05,360.1531497009896
3.0400000000000014,7.500000000000001e-05,359.71890806548674
3.0600000000000014,7.500000000000001e-05,359.2750412513541
3.0800000000000014,7.500000000000001e-05,358.87723083861704
3.1000000000000014,7.500000000000001e-05,358.47504665308605
3.1200000000000014,7.500000000000001e-05,358.108088765183
3.1400000000000015,7.500000000000001e-05,357.74249340475774
3.1600000000000015,7.500000000000001e-05,357.4023024995525
3.1800000000000015,7.500000000000001e-05,357.06895624005915
3.200000000000001,7.500000000000001e-05,356.7524204974016
3.2200000000000015,7.500000000000001e-05,356.44760976287273
3.240000000000001,7.500000000000001e-05,356.1522800601877
3.2600000000000016,7.500000000000001e-05,355.8728098879794
3.280000000000001,7.500000000000001e-05,355.5966995829266
3.3000000000000016,7.500000000000001e-05,355.3398071724389
3.320000000000001,7.500000000000001e-05,355.0812592662539
3.3400000000000016,7.500000000000001e-05,354.8445441822241
3.360000000000001,7.500000000000001e-05,354.60214171529543
3.3800000000000017,7.500000000000001e-05,354.3835090457524
3.4000000000000012,7.500000000000001e-05,354.15601398219917
3.4200000000000017,7.500000000000001e-05,353.95362772187735
3.4400000000000013,7.500000000000001e-05,353.739938899152
3.4600000000000017,7.500000000000001e-05,353.5521835155057
3.4800000000000013,7.500000000000001e-05,353.35130747357795
3.5000000000000018,7.500000000000001e-05,353.1767560788927
3.5200000000000014,7.500000000000001e-05,352.98778664034944
3.5400000000000014,7.500000000000001e-05,352.8251745253252
3.5600000000000014,7.500000000000001e-05,352.6472783400142
3.5800000000000014,7.500000000000001e-05,352.4954808733299
3.6000000000000014,7.500000000000001e-05,352.32788703385125
3.6200000000000014,7.500000000000001e-05,352.18590112642687
3.6400000000000015,7.500000000000001e-05,352.02789356235667
3.6600000000000015,7.500000000000001e-05,351.894822049706
3.6800000000000015,7.500000000000001e-05,351.7457338176029
3.7000000000000015,7.500000000000001e-05,351.62077223794165
3.7200000000000015,7.500000000000001e-05,351.479981104139
3.7400000000000015,7.500000000000001e-05,351.36240645008263
3.7600000000000016,7.500000000000001e-05,351.22933135552114
3.7800000000000016,7.500000000000001e-05,351.1184924578555
3.8000000000000016,7.500000000000001e-05,350.9925905863669
3.8200000000000016,7.500000000000001e-05,350.88789985325377
3.8400000000000016,7.500000000000001e-05,350.7686641155263
3.8600000000000017,7.500000000000001e-05,350.6695904025683
3.8800000000000017,7.500000000000001e-05,350.55654721026974
3.9000000000000017,7.500000000000001e-05,350.4626096386411
3.9200000000000017,7.500000000000001e-05,350.35531688567056
3.9400000000000017,7.500000000000001e-05,350.26607945902674
3.9600000000000017,7.500000000000001e-05,350.16412465566094
3.9800000000000018,7.500000000000001e-05,350.07919155342995
4.000000000000002,7.500000000000001e-05,349.9821900785144
2.700000000000001,9.375e-05,371.1417977680735
2.720000000000001,9.375e-05,370.8250474185313
2.740000000000001,9.375e-05,369.76242662729067
2.760000000000001,9.375e-05,368.60105041979165
2.780000000000001,9.375e-05,367.6677021119757
2.800000000000001,9.375e-05,366.7262414098389
2.820000000000001,9.375e-05,365.90415001828103
2.840000000000001,9.375e-05,365.12374713889494
2.860000000000001,9.375e-05,364.4027076180314
2.8800000000000012,9.375e-05,363.73131222152136
2.9000000000000012,9.375e-05,363.09660358537724
2.9200000000000013,9.375e-05,362.504288007028
2.9400000000000013,9.375e-05,361.9415123186704
2.9600000000000013,9.375e-05,361.41059265170026
2.9800000000000013,9.375e-05,360.90757486705377
3.0000000000000013,9.375e-05,360.42648756339406
3.0200000000000014,9.375e-05,359.9725226368644
3.0400000000000014,9.375e-05,359.5340408056223
3.0600000000000014,9.375e-05,359.1225459987449
3.0800000000000014,9.375e-05,358.72113501546625
3.1000000000000014,9.375e-05,358.34577358076757
3.1200000000000014,9.375e-05,357.9770936594488
3.1400000000000015,9.375e-05,357.6328715627818
3.1600000000000015,9.375e-05,357.29335510441206
3.1800000000000015,9.375e-05,356.9763013754575
3.200000000000001,9.375e-05,356.66294382768035
3.2200000000000015,9.375e-05,356.3698489595233
3.240000000000001,9.375e-05,356.0800741368109
3.2600000000000016,9.375e-05,355.80830157622574
3.280000000000001,9.375e-05,355.5398695559779
3.3000000000000016,9.375e-05,355.28721949379536
3.320000000000001,9.375e-05,355.0381613651683
3.3400000000000016,9.375e-05,354.8027712291815
3.360000000000001,9.375e-05,354.57134141123305
3.3800000000000017,9.375e-05,354.3516124801887
3.4000000000000012,9.375e-05,354.1362528819064
3.4200000000000017,9.375e-05,353.9307957249831
3.4400000000000013,9.375e-05,353.7301081135709
3.4600000000000017,9.375e-05,353.5377017159133
3.4800000000000013,9.375e-05,353.3504259243224
3.5000000000000018,9.375e-05,353.16998682262323
3.5200000000000014,9.375e-05,352.9949832100773
3.5400000000000014,9.375e-05,352.82554198328336
3.5600000000000014,9.375e-05,352.66177706017487
3.5800000000000014,9.375e-05,352.50246024612335
3.6000000000000014,9.375e-05,352.34899469969963
3.6200000000000014,9.375e-05,352.19901073030326
3.6400000000000015,9.375e-05,352.05498930527233
3.6600000000000015,9.375e-05,351.913617430753
3.6800000000000015,9.375e-05,351.77826026804854
3.7000000000000015,9.375e-05,351.6448417155735
3.7200000000000015,9.375e-05,351.51743685650115
3.7400000000000015,9.375e-05,351.39136766905506
3.7600000000000016,9.375e-05,351.2712645057365
3.7800000000000016,9.375e-05,351.15198965351624
3.8000000000000016,9.375e-05,351.03859315940275
3.8200000000000016,9.375e-05,350.92560162317415
3.8400000000000016,9.375e-05,350.818367235763
3.8600000000000017,9.375e-05,350.7111878400514
3.8800000000000017,9.375e-05,350.6096168960361
3.9000000000000017,9.375e-05,350.50781472748014
3.9200000000000017,9.375e-05,350.41145037139137
3.9400000000000017,9.375e-05,350.3146236597408
3.9600000000000017,9.375e-05,350.2230471626452
3.9800000000000018,9.375e-05,350.1308245327941
4.000000000000002,9.375e-05,350.04365196938545
2.700000000000001,0.00011250000000000001,369.4051817647467
2.720000000000001,0.00011250000000000001,369.2935642770161
2.740000000000001,0.00011250000000000001,368.61374738154746
2.760000000000001,0.00011250000000000001,367.6725553757792
2.780000000000001,0.00011250000000000001,366.8386151118949
2.800000000000001,0.00011250000000000001,366.0335504550433
2.820000000000001,0.00011250000000000001,365.26778729749975
2.840000000000001,0.00011250000000000001,364.5688697587278
2.860000000000001,0.00011250000000000001,363.89217049093907
2.8800000000000012,0.00011250000000000001,363.27293212011955
2.9000000000000012,0.00011250000000000001,362.67429572636195
2.9200000000000013,0.00011250000000000001,362.1193356578059
2.9400000000000013,0.00011250000000000001,361.5849462312104
2.9600000000000013,0.00011250000000000001,361.0840035466938
2.9800000000000013,0.00011250000000000001,360.60245485629355
3.0000000000000013,0.00011250000000000001,360.14768329494234
3.0200000000000014,0.00011250000000000001,359.7096644288353
3.0400000000000014,0.00011250000000000001,359.29496718776545
3.0600000000000014,0.00011250000000000001,358.89478656295057
3.0800000000000014,0.00011250000000000001,358.5154858082125
3.1000000000000014,0.00011250000000000001,358.1480393453436
3.1200000000000014,0.00011250000000000001,357.799941519982
3.1400000000000015,0.00011250000000000001,357.4612882485881
3.1600000000000015,0.00011250000000000001,357.1407954323137
3.1800000000000015,0.00011250000000000001,356.8277878518889
3.200000000000001,0.00011250000000000001,356.5318352178771
3.2200000000000015,0.00011250000000000001,356.2418812615185
3.240000000000001,0.00011250000000000001,355.9678526311973
3.2600000000000016,0.00011250000000000001,355.6987630175902
3.280000000000001,0.00011250000000000001,355.4444138974618
3.3000000000000016,0.00011250000000000001,355.194300897483
3.320000000000001,0.00011250000000000001,354.95769375330684
3.3400000000000016,0.00011250000000000001,354.72490231504617
3.360000000000001,0.00011250000000000001,354.5043534933564
3.3800000000000017,0.00011250000000000001,354.2874134036071
3.4000000000000012,0.00011250000000000001,354.0814500240253
3.4200000000000017,0.00011250000000000001,353.8790420194967
3.4400000000000013,0.00011250000000000001,353.6863671009641
3.4600000000000017,0.00011250000000000001,353.4972983507591
3.4800000000000013,0.00011250000000000001,353.31676262743576
3.5000000000000018,0.00011250000000000001,353.1399485739009
3.5200000000000014,0.00011250000000000001,352.9705276971329
3.5400000000000014,0.00011250000000000001,352.80497825067135
3.5600000000000014,0.00011250000000000001,352.64575430327176
3.5800000000000014,0.00011250000000000001,352.4905630486498
3.6000000000000014,0.00011250000000000001,352.3407094999158
3.6200000000000014,0.00011250000000000001,352.195045011017
3.6400000000000015,0.00011250000000000001,352.05381441203434
3.6600000000000015,0.00011250000000000001,351.91691306575933
3.6800000000000015,0.00011250000000000001,351.7836269261433
3.7000000000000015,0.00011250000000000001,351.654786803257
3.7200000000000015,0.00011250000000000001,351.5288272057999
3.7400000000000015,0.00011250000000000001,351.4074027990494
3.7600000000000016,0.00011250000000000001,351.28820540159484
3.7800000000000016,0.00011250000000000001,351.17360294053884
3.8000000000000016,0.00011250000000000001,351.06065108851004
3.8200000000000016,0.00011250000000000001,350.9523243503732
3.8400000000000016,0.00011250000000000001,350.8451440821346
3.8600000000000017,0.00011250000000000001,350.74259059817524
3.8800000000000017,0.00011250000000000001,350.6407463717205
3.9000000000000017,0.00011250000000000001,350.5435039654716
3.9200000000000017,0.00011250000000000001,350.4465949713703
3.9400000000000017,0.00011250000000000001,350.35423858306524
3.9600000000000017,0.00011250000000000001,350.2618955370838
3.9800000000000018,0.00011250000000000001,350.17403430054355
4.000000000000002,0.00011250000000000001,350.085916631704
2.700000000000001,0.00013125000000000002,367.69187983719144
2.720000000000001,0.00013125000000000002,367.70190647158296
2.740000000000001,0.00013125000000000002,367.30958055035427
2.760000000000001,0.00013125000000000002,366.60226161505415
2.780000000000001,0.00013125000000000002,365.8903831420047
2.800000000000001,0.00013125000000000002,365.20511343838814
2.820000000000001,0.00013125000000000002,364.52786085089207
2.840000000000001,0.00013125000000000002,363.89658513666075
2.860000000000001,0.00013125000000000002,363.28753722627835
2.8800000000000012,0.00013125000000000002,362.7132343712384
2.9000000000000012,0.00013125000000000002,362.16626983747113
2.9200000000000013,0.00013125000000000002,361.6452003820868
2.9400000000000013,0.00013125000000000002,361.15077979889816
2.9600000000000013,0.00013125000000000002,360.6772418336657
2.9800000000000013,0.00013125000000000002,360.227445373293
3.0000000000000013,0.00013125000000000002,359.7955642338179
3.0200000000000014,0.00013125000000000002,359.38384618119994
3.0400000000000014,0.00013125000000000002,358.9882662143255
3.0600000000000014,0.00013125000000000002,358.61034527618443
3.0800000000000014,0.00013125000000000002,358.2470645795768
3.1000000000000014,0.00013125000000000002,357.89908261233603
3.1200000000000014,0.00013125000000000002,357.5643816042414
3.1400000000000015,0.00013125000000000002,357.2431467125697
3.1600000000000015,0.00013125000000000002,356.9338712357396
3.1800000000000015,0.00013125000000000002,356.6366716302603
3.200000000000001,0.00013125000000000002,356.35016562998493
3.2200000000000015,0.00013125000000000002,356.0746603461941
3.240000000000001,0.00013125000000000002,355.8086694815862
3.2600000000000016,0.00013125000000000002,355.5528151798017
3.280000000000001,0.00013125000000000002,355.3054042221972
3.3000000000000016,0.00013125000000000002,355.06740203238746
3.320000000000001,0.00013125000000000002,354.8368900469194
3.3400000000000016,0.00013125000000000002,354.615145266204
3.360000000000001,0.00013125000000000002,354.40005600562876
3.3800000000000017,0.00013125000000000002,354.1931467043589
3.4000000000000012,0.00013125000000000002,353.9921708992948
3.4200000000000017,0.00013125000000000002,353.7988229787006
3.4400000000000013,0.00013125000000000002,353.61078963563676
3.4600000000000017,0.00013125000000000002,353.4298566928482
3.4800000000000013,0.00013125000000000002,353.2537111152689
3.5000000000000018,0.00013125000000000002,353.0841579666717
3.5200000000000014,0.00013125000000000002,352.9189447607931
3.5400000000000014,0.00013125000000000002,352.75983379652905
3.5600000000000014,0.00013125000000000002,352.6046835643192
3.5800000000000014,0.00013125000000000002,352.4551633249955
3.6000000000000014,0.00013125000000000002,352.30928208731666
3.6200000000000014,0.00013125000000000002,352.1685776066662
3.6400000000000015,0.00013125000000000002,352.03123825527393
3.6600000000000015,0.00013125000000000002,351.89864282194117
3.6800000000000015,0.00013125000000000002,351.76917808876163
3.7000000000000015,0.00013125000000000002,351.6440461603363
3.7200000000000015,0.00013125000000000002,351.521842731688
3.7400000000000015,0.00013125000000000002,351.4035837934381
3.7600000000000016,0.00013125000000000002,351.28807729838496
3.7800000000000016,0.00013125000000000002,351.1761505037354
3.8000000000000016,0.00013125000000000002,351.06682117941983
3.8200000000000016,0.00013125000000000002,350.9607306430916
3.8400000000000016,0.00013125000000000002,350.857099533126
3.8600000000000017,0.00013125000000000002,350.7563901738095
3.8800000000000017,0.00013125000000000002,350.6580157541989
3.9000000000000017,0.00013125000000000002,350.56226960369247
3.9200000000000017,0.00013125000000000002,350.4687447583827
3.9400000000000017,0.00013125000000000002,350.37757766974323
3.9600000000000017,0.00013125000000000002,350.2885269577346
3.9800000000000018,0.00013125000000000002,350.2015856572242
4.000000000000002,0.00013125000000000002,350.11666282747746
2.700000000000001,0.00015000000000000001,366.0024829317516
2.720000000000001,0.00015000000000000001,366.0885464670115
2.740000000000001,0.00015000000000000001,365.9012192521412
2.760000000000001,0.00015000000000000001,365.41304920274666
2.780000000000001,0.00015000000000000001,364.8374803041152
2.800000000000001,0.00015000000000000001,364.26555145873476
2.820000000000001,0.00015000000000000001,363.68635065256785
2.840000000000001,0.00015000000000000001,363.12758962888887
2.860000000000001,0.00015000000000000001,362.5883000748562
2.8800000000000012,0.00015000000000000001,362.0680625107051
2.9000000000000012,0.00015000000000000001,361.57200220588095
2.9200000000000013,0.00015000000000000001,361.09412265694897
2.9400000000000013,0.00015000000000000001,360.6384864460861
2.9600000000000013,0.00015000000000000001,360.2004498045363
2.9800000000000013,0.00015000000000000001,359.7815405248114
3.0000000000000013,0.00015000000000000001,359.3793249627555
3.0200000000000014,0.00015000000000000001,358.9932704988076
3.0400000000000014,0.00015000000000000001,358.6227484195268
3.0600000000000014,0.00015000000000000001,358.2665113959668
3.0800000000000014,0.00015000000000000001,357.92462761662017
3.1000000000000014,0.00015000000000000001,357.5953569001843
3.1200000000000014,0.00015000000000000001,357.27916809616283
3.1400000000000015,0.00015000000000000001,356.9742733240183
3.1600000000000015,0.00015000000000000001,356.68124086679126
3.1800000000000015,0.00015000000000000001,356.3984092303677
3.200000000000001,0.00015000000000000001,356.1263449866475
3.2200000000000015,0.00015000000000000001,355.8635279282555
3.240000000000001,0.00015000000000000001,355.6105250556715
3.2600000000000016,0.00015000000000000001,355.3659104397939
3.280000000000001,0.00015000000000000001,355.13028844453663
3.3000000000000016,0.00015000000000000001,354.9022696797498
3.320000000000001,0.00015000000000000001,354.68253326176165
3.3400000000000016,0.00015000000000000001,354.4696803263714
3.360000000000001,0.00015000000000000001,354.2644886499154
3.3800000000000017,0.00015000000000000001,354.0655227306816
3.4000000000000012,0.00015000000000000001,353.87366620136885
3.4200000000000017,0.00015000000000000001,353.6874382267055
3.4400000000000013,0.00015000000000000001,353.5078206081689
3.4600000000000017,0.00015000000000000001,353.33329337645114
3.4800000000000013,0.00015000000000000001,353.1649177074097
3.5000000000000018,0.00015000000000000001,353.0011511144354
3.5200000000000014,0.00015000000000000001,352.8431083522739
3.5400000000000014,0.00015000000000000001,352.68924719555935
3.5600000000000014,0.00015000000000000001,352.5407068433838
3.5800000000000014,0.00015000000000000001,352.3959707253444
3.6000000000000014,0.00015000000000000001,352.25617292967434
3.6200000000000014,0.00015000000000000001,352.1198478504057
3.6400000000000015,0.00015000000000000001,351.9880966146937
3.6600000000000015,0.00015000000000000001,351.85952791667114
3.6800000000000015,0.00015000000000000001,351.73518518347475
3.7000000000000015,0.00015000000000000001,351.6137715758937
3.7200000000000015,0.00015000000000000001,351.49625200346446
3.7400000000000015,0.00015000000000000001,351.3814404499756
3.7600000000000016,0.00015000000000000001,351.27020675834694
3.7800000000000016,0.00015000000000000001,351.1614880581003
3.8000000000000016,0.00015000000000000001,351.0560468532046
3.8200000000000016,0.00015000000000000001,350.95295178227553
3.8400000000000016,0.00015000000000000001,350.85284978933953
3.8600000000000017,0.00015000000000000001,350.75494569900815
3.8800000000000017,0.00015000000000000001,350.65976635209796
3.9000000000000017,0.00015000000000000001,350.56665414343286
3.9200000000000017,0.00015000000000000001,350.4760144888827
3.9400000000000017,0.00015000000000000001,350.3873259009047
3.9600000000000017,0.00015000000000000001,350.3008737800485
3.9800000000000018,0.00015000000000000001,350.21626894245884
4.000000000000002,0.00015000000000000001,350.13368042467226
2.700000000000001,0.00016875,364.33870688170026
2.720000000000001,0.00016875,364.4769822454431
2.740000000000001,0.00016875,364.43114695735795
2.760000000000001,0.00016875,364.13129864186106
2.780000000000001,0.00016875,363.6961952645288
2.800000000000001,0.00016875,363.2345882299067
2.820000000000001,0.00016875,362.75412341173586
2.840000000000001,0.00016875,362.2739867860553
2.860000000000001,0.00016875,361.80427050851
2.8800000000000012,0.00016875,361.34456658145035
2.9000000000000012,0.00016875,360.90047774138344
2.9200000000000013,0.00016875,360.4705535215462
2.9400000000000013,0.00016875,360.0559985615571
2.9600000000000013,0.00016875,359.6566790568171
2.9800000000000013,0.00016875,359.27159883877164
3.0000000000000013,0.00016875,358.90125501235957
3.0200000000000014,0.00016875,358.54390883025303
3.0400000000000014,0.00016875,358.20014502107887
3.0600000000000014,0.00016875,357.8685556709901
3.0800000000000014,0.00016875,357.54945896165975
3.1000000000000014,0.00016875,357.24164273006767
3.1200000000000014,0.00016875,356.94516559190134
3.1400000000000015,0.00016875,356.6591261622953
3.1600000000000015,0.00016875,356.38337018571724
3.1800000000000015,0.00016875,356.1172451502883
3.200000000000001,0.00016875,355.8604763619141
3.2200000000000015,0.00016875,355.612572109213
3.240000000000001,0.00016875,355.3732121077208
3.2600000000000016,0.00016875,355.1419994534082
3.280000000000001,0.00016875,354.9186125806774
3.3000000000000016,0.00016875,354.7027109380017
3.320000000000001,0.00016875,354.4939908726049
3.3400000000000016,0.00016875,354.29215067387935
3.360000000000001,0.00016875,354.0969076144734
3.3800000000000017,0.00016875,353.90799419532914
3.4000000000000012,0.00016875,353.7251431053005
3.4200000000000017,0.00016875,353.54812286774154
3.4400000000000013,0.00016875,353.3766729190861
3.4600000000000017,0.00016875,353.21060172400394
3.4800000000000013,0.00016875,353.04964691674417
3.5000000000000018,0.00016875,352.89366038569557
3.5200000000000014,0.00016875,352.7423712489116
3.5400000000000014,0.00016875,352.59567661362223
3.5600000000000014,0.00016875,352.4532928705679
3.5800000000000014,0.00016875,352.31516204857735
3.6000000000000014,0.00016875,352.1809861271144
3.6200000000000014,0.00016875,352.0507497629943
3.6400000000000015,0.00016875,351.9241410411378
3.6600000000000015,0.00016875,351.8011833115509
3.6800000000000015,0.00016875,351.681553000045
3.7000000000000015,0.00016875,351.56530703010014
3.7200000000000015,0.00016875,351.4521136066997
3.7400000000000015,0.00016875,351.34205738343087
3.7600000000000016,0.00016875,351.2348025055894
3.7800000000000016,0.00016875,351.13045520322714
3.8000000000000016,0.00016875,351.0286800366838
3.8200000000000016,0.00016875,350.92959868958366
3.8400000000000016,0.00016875,350.8328805997263
3.8600000000000017,0.00016875,350.7386570741591
3.8800000000000017,0.00016875,350.6466066350849
3.9000000000000017,0.00016875,350.5568648621558
3.9200000000000017,0.00016875,350.46912314515083
3.9400000000000017,0.00016875,350.3835165850364
3.9600000000000017,0.00016875,350.29975269392196
3.9800000000000018,0.00016875,350.2179620073255
4.000000000000002,0.00016875,350.1378708328984
2.700000000000001,0.0001875,362.7048800055114
2.720000000000001,0.0001875,362.87918573506164
2.740000000000001,0.0001875,362.93211047510624
2.760000000000001,0.0001875,362.7833656484789
2.780000000000001,0.0001875,362.48434012755047
2.800000000000001,0.0001875,362.12913657273884
2.820000000000001,0.0001875,361.74548373309
2.840000000000001,0.0001875,361.34617647370175
2.860000000000001,0.0001875,360.9471290619258
2.8800000000000012,0.0001875,360.55010176337703
2.9000000000000012,0.0001875,360.16083406431284
2.9200000000000013,0.0001875,359.7804846637967
2.9400000000000013,0.0001875,359.4103272710675
2.9600000000000013,0.0001875,359.0511834991348
2.9800000000000013,0.0001875,358.70303821644774
3.0000000000000013,0.0001875,358.3660725624059
3.0200000000000014,0.0001875,358.0400718515927
3.0400000000000014,0.0001875,357.72468375187077
3.0600000000000014,0.0001875,357.41998177466144
3.0800000000000014,0.0001875,357.1253481429848
3.1000000000000014,0.0001875,356.8408639607399
3.1200000000000014,0.0001875,356.5657771556772
3.1400000000000015,0.0001875,356.3001871527471
3.1600000000000015,0.0001875,356.0433393356923
3.1800000000000015,0.0001875,355.7952981387595
3.200000000000001,0.0001875,355.55538216771146
3.2200000000000015,0.0001875,355.32359495638076
3.240000000000001,0.0001875,355.0993530882636
3.2600000000000016,0.0001875,354.88259914818457
3.280000000000001,0.0001875,354.67284487474865
3.3000000000000016,0.0001875,354.46998384276856
3.320000000000001,0.0001875,354.2736096095441
3.3400000000000016,0.0001875,354.08358105593965
3.360000000000001,0.0001875,353.8995588351655
3.3800000000000017,0.0001875,353.72137919696803
3.4000000000000012,0.0001875,353.5487576238478
3.4200000000000017,0.0001875,353.3815161122231
3.4400000000000013,0.0001875,353.2194161159445
3.4600000000000017,0.0001875,353.0622702826668
3.4800000000000013,0.0001875,352.9098801979031
3.5000000000000018,0.0001875,352.7620514607789
3.5200000000000014,0.0001875,352.61862210802974
3.5400000000000014,0.0001875,352.4793913727704
3.5600000000000014,0.0001875,352.34423133653326
3.5800000000000014,0.0001875,352.2129347821775
3.6000000000000014,0.0001875,352.08540598239716
3.6200000000000014,0.0001875,351.9614310451871
3.6400000000000015,0.0001875,351.8409446302309
3.6600000000000015,0.0001875,351.72372620446055
3.6800000000000015,0.0001875,351.60973876156925
3.7000000000000015,0.0001875,351.4987556263087
3.7200000000000015,0.0001875,351.3907656912661
3.7400000000000015,0.0001875,351.2855371653436
3.7600000000000016,0.0001875,351.1830820081287
3.7800000000000016,0.0001875,351.0831648309954
3.8000000000000016,0.0001875,350.9858174935971
3.8200000000000016,0.0001875,350.89080292616813
3.8400000000000016,0.0001875,350.79816949021404
3.8600000000000017,0.0001875,350.7076806271747
3.8800000000000017,0.0001875,350.61939769115475
3.9000000000000017,0.0001875,350.53308697445755
3.9200000000000017,0.0001875,350.4488193226017
3.9400000000000017,0.0001875,350.3663662447636
3.9600000000000017,0.0001875,350.28580469168963
3.9800000000000018,0.0001875,350.20691367695497
4.000000000000002,0.0001875,350.12977307403713
2.700000000000001,0.00020625000000000003,361.103131872066
2.720000000000001,0.00020625000000000003,361.3048574419508
2.740000000000001,0.00020625000000000003,361.4263765142634
2.760000000000001,0.00020625000000000003,361.3951617575666
2.780000000000001,0.00020625000000000003,361.21875438183264
2.800000000000001,0.00020625000000000003,360.9660649133517
2.820000000000001,0.00020625000000000003,360.6740563323243
2.840000000000001,0.00020625000000000003,360.3560373209844
2.860000000000001,0.00020625000000000003,360.0272674100533
2.8800000000000012,0.00020625000000000003,359.6940542980755
2.9000000000000012,0.00020625000000000003,359.3609331258957
2.9200000000000013,0.00020625000000000003,359.03172210760727
2.9400000000000013,0.00020625000000000003,358.7076093774714
2.9600000000000013,0.00020625000000000003,358.39054042124855
2.9800000000000013,0.00020625000000000003,358.08086767914915
3.0000000000000013,0.00020625000000000003,357.77933684989387
3.0200000000000014,0.00020625000000000003,357.48603141010335
3.0400000000000014,0.00020625000000000003,357.20107387916715
3.0600000000000014,0.00020625000000000003,356.92451559828044
3.0800000000000014,0.00020625000000000003,356.6563061922776
3.1000000000000014,0.00020625000000000003,356.3963341414763
3.1200000000000014,0.00020625000000000003,356.1444475758435
3.1400000000000015,0.00020625000000000003,355.90043623704827
3.1600000000000015,0.00020625000000000003,355.66413625616224
3.1800000000000015,0.00020625000000000003,355.4352662546588
3.200000000000001,0.00020625000000000003,355.2136782441232
3.2200000000000015,0.00020625000000000003,354.99905203186415
3.240000000000001,0.00020625000000000003,354.79125486821346
3.2600000000000016,0.00020625000000000003,354.58995562863555
3.280000000000001,0.00020625000000000003,354.3950296413037
3.3000000000000016,0.00020625000000000003,354.20615372793344
3.320000000000001,0.00020625000000000003,354.02320571842137
3.3400000000000016,0.00020625000000000003,353.8458808406544
3.360000000000001,0.00020625000000000003,353.67405695981665
3.3800000000000017,0.00020625000000000003,353.50745212103567
3.4000000000000012,0.00020625000000000003,353.34594413631
3.4200000000000017,0.00020625000000000003,353.1892746097492
3.4400000000000013,0.00020625000000000003,353.03732245583785
3.4600000000000017,0.00020625000000000003,352.8898517096065
3.4800000000000013,0.00020625000000000003,352.7467438865465
3.5000000000000018,0.00020625000000000003,352.6077836173881
3.5200000000000014,0.00020625000000000003,352.47285631510357
3.5400000000000014,0.00020625000000000003,352.3417653165541
3.5600000000000014,0.00020625000000000003,352.21440078141325
3.5800000000000014,0.00020625000000000003,352.0905831109159
3.6000000000000014,0.00020625000000000003,351.97020756953196
3.6200000000000014,0.00020625000000000003,351.8531103163377
3.6400000000000015,0.00020625000000000003,351.7391916566812
3.6600000000000015,0.00020625000000000003,351.62830250806365
3.6800000000000015,0.00020625000000000003,351.52034784855545
3.7000000000000015,0.00020625000000000003,351.4151925835508
3.7200000000000015,0.00020625000000000003,351.31274581701626
3.7400000000000015,0.00020625000000000003,351.2128858114359
3.7600000000000016,0.00020625000000000003,351.1155251819875
3.7800000000000016,0.00020625000000000003,351.0205549779358
3.8000000000000016,0.00020625000000000003,350.92789072923495
3.8200000000000016,0.00020625000000000003,350.8374357017984
3.8400000000000016,0.00020625000000000003,350.7491078214643
3.8600000000000017,0.00020625000000000003,350.66282196133653
3.8800000000000017,0.00020625000000000003,350.57849803659
3.9000000000000017,0.00020625000000000003,350.49606185809415
3.9200000000000017,0.00020625000000000003,350.41543505083
3.9400000000000017,0.00020625000000000003,350.3365536286037
3.9600000000000017,0.00020625000000000003,350.2593407731661
3.9800000000000018,0.00020625000000000003,350.1837419067157
4.000000000000002,0.00020625000000000003,350.1096817302045
2.700000000000001,0.00022500000000000002,359.5364048127886
2.720000000000001,0.00022500000000000002,359.7596790858782
2.740000000000001,0.00022500000000000002,359.9299324902033
2.760000000000001,0.00022500000000000002,359.98766141407447
2.780000000000001,0.00022500000000000002,359.9170444044494
2.800000000000001,0.00022500000000000002,359.7599748018197
2.820000000000001,0.00022500000000000002,359.5541825778866
2.840000000000001,0.00022500000000000002,359.3148006988445
2.860000000000001,0.00022500000000000002,359.05567224332515
2.8800000000000012,0.00022500000000000002,358.785545118188
2.9000000000000012,0.00022500000000000002,358.5094152624801
2.9200000000000013,0.00022500000000000002,358.2317514970443
2.9400000000000013,0.00022500000000000002,357.95493805743547
2.9600000000000013,0.00022500000000000002,357.6809251981041
2.9800000000000013,0.00022500000000000002,357.41110568800104
3.0000000000000013,0.00022500000000000002,357.1462014625154
3.0200000000000014,0.00022500000000000002,356.88700543094427
3.0400000000000014,0.00022500000000000002,356.63369014711856
3.0600000000000014,0.00022500000000000002,356.3867146956393
3.0800000000000014,0.00022500000000000002,356.1461056610387
3.1000000000000014,0.00022500000000000002,355.9120619975638
3.1200000000000014,0.00022500000000000002,355.68448359281695
3.1400000000000015,0.00022500000000000002,355.46341620341695
3.1600000000000015,0.00022500000000000002,355.2486997461827
3.1800000000000015,0.00022500000000000002,355.04029438549884
3.200000000000001,0.00022500000000000002,354.8380037490024
3.2200000000000015,0.00022500000000000002,354.64174784112885
3.240000000000001,0.00022500000000000002,354.4513052651677
3.2600000000000016,0.00022500000000000002,354.26658125316845
3.280000000000001,0.00022500000000000002,354.08733889250135
3.3000000000000016,0.00022500000000000002,353.91348058527075
3.320000000000001,0.00022500000000000002,353.7447629151988
3.3400000000000016,0.00022500000000000002,353.5810900261746
3.360000000000001,0.00022500000000000002,353.42221975554247
3.3800000000000017,0.00022500000000000002,353.2680591675263
3.4000000000000012,0.00022500000000000002,353.11837328125506
3.4200000000000017,0.00022500000000000002,352.9730720309735
3.4400000000000013,0.00022500000000000002,352.8319316409142
3.4600000000000017,0.00022500000000000002,352.6948646302025
3.4800000000000013,0.00022500000000000002,352.5616608040656
3.5000000000000018,0.00022500000000000002,352.4322350974954
3.5200000000000014,0.00022500000000000002,352.3063920159711
3.5400000000000014,0.00022500000000000002,352.1840489050801
3.5600000000000014,0.00022500000000000002,352.0650252248551
3.5800000000000014,0.00022500000000000002,351.9492408253807
3.6000000000000014,0.00022500000000000002,351.8365298377347
3.6200000000000014,0.00022500000000000002,351.72681472735434
3.6400000000000015,0.00022500000000000002,351.619943717476
3.6600000000000015,0.00022500000000000002,351.5158419553861
3.6800000000000015,0.00022500000000000002,351.414371044414
3.7000000000000015,0.00022500000000000002,351.3154588048569
3.7200000000000015,0.00022500000000000002,351.21897947210596
3.7400000000000015,0.00022500000000000002,351.12486345074666
3.7600000000000016,0.00022500000000000002,351.0329968742606
3.7800000000000016,0.00022500000000000002,350.94331257644694
3.8000000000000016,0.00022500000000000002,350.8557078879424
3.8200000000000016,0.00022500000000000002,350.77011787345697
3.8400000000000016,0.00022500000000000002,350.68645039367834
3.8600000000000017,0.00022500000000000002,350.6046425285945
3.8800000000000017,0.00022500000000000002,350.5246120276101
3.9000000000000017,0.00022500000000000002,350.44629777702573
3.9200000000000017,0.00022500000000000002,350.36962678866394
3.9400000000000017,0.00022500000000000002,350.29453957222114
3.9600000000000017,0.00022500000000000002,350.22097178093844
3.9800000000000018,0.00022500000000000002,350.14886540466426
4.000000000000002,0.00022500000000000002,350.07816411546935
2.700000000000001,0.00024375000000000002,358.0070169102222
2.720000000000001,0.00024375000000000002,358.2483147114365
2.740000000000001,0.00024375000000000002,358.4539181444012
2.760000000000001,0.00024375000000000002,358.57828782545215
2.780000000000001,0.00024375000000000002,358.5953233088948
2.800000000000001,0.00024375000000000002,358.5249940292727
2.820000000000001,0.00024375000000000002,358.3990094426139
2.840000000000001,0.00024375000000000002,358.2341637994181
2.860000000000001,0.00024375000000000002,358.0426269714766
2.8800000000000012,0.00024375000000000002,357.8342274621
2.9000000000000012,0.00024375000000000002,357.6145946636514
2.9200000000000013,0.00024375000000000002,357.38854682760393
2.9400000000000013,0.00024375000000000002,357.15924604472
2.9600000000000013,0.00024375000000000002,356.9290051161576
2.9800000000000013,0.00024375000000000002,356.6996437408967
3.0000000000000013,0.00024375000000000002,356.4723402798674
3.0200000000000014,0.00024375000000000002,356.24806754456694
3.0400000000000014,0.00024375000000000002,356.02744869430995
3.0600000000000014,0.00024375000000000002,355.81098140908205
3.0800000000000014,0.00024375000000000002,355.5990574668937
3.1000000000000014,0.00024375000000000002,355.39190128446415
3.1200000000000014,0.00024375000000000002,355.18970558649454
3.1400000000000015,0.00024375000000000002,354.9925291033266
3.1600000000000015,0.00024375000000000002,354.8004420399187
3.1800000000000015,0.00024375000000000002,354.61341030766494
3.200000000000001,0.00024375000000000002,354.4314235478914
3.2200000000000015,0.00024375000000000002,354.2543970678159
3.240000000000001,0.00024375000000000002,354.0822687192187
3.2600000000000016,0.00024375000000000002,353.91492548614315
3.280000000000001,0.00024375000000000002,353.7522743821827
3.3000000000000016,0.00024375000000000002,353.5941860960195
3.320000000000001,0.00024375000000000002,353.44055144477375
3.3400000000000016,0.00024375000000000002,353.2912320435075
3.360000000000001,0.00024375000000000002,353.1461121368033
3.3800000000000017,0.00024375000000000002,353.00504919347793
3.4000000000000012,0.00024375000000000002,352.86792683243027
3.4200000000000017,0.00024375000000000002,352.7346020306895
3.4400000000000013,0.00024375000000000002,352.6049612317757
3.4600000000000017,0.00024375000000000002,352.4788636899205
3.4800000000000013,0.00024375000000000002,352.3562005342574
3.5000000000000018,0.00024375000000000002,352.23683534282935
3.5200000000000014,0.00024375000000000002,352.1206648344904
3.5400000000000014,0.00024375000000000002,352.00755834031384
3.5600000000000014,0.00024375000000000002,351.8974185247377
3.5800000000000014,0.00024375000000000002,351.7901213837243
3.6000000000000014,0.00024375000000000002,351.68557558213814
3.6200000000000014,0.00024375000000000002,351.58366427831106
3.6400000000000015,0.00024375000000000002,351.48430203186285
3.6600000000000015,0.00024375000000000002,351.38737934647986
3.6800000000000015,0.00024375000000000002,351.2928164854012
3.7000000000000015,0.00024375000000000002,351.2005112557111
3.7200000000000015,0.00024375000000000002,351.1103893854364
3.7400000000000015,0.00024375000000000002,351.0223557928193
3.7600000000000016,0.00024375000000000002,350.93634140251925
3.7800000000000016,0.00024375000000000002,350.85225795971206
3.8000000000000016,0.00024375000000000002,350.7700412976416
3.8200000000000016,0.00024375000000000002,350.68960965499053
3.8400000000000016,0.00024375000000000002,350.61090347169903
3.8600000000000017,0.00024375000000000002,350.5338471267641
3.8800000000000017,0.00024375000000000002,350.4583853563712
3.9000000000000017,0.00024375000000000002,350.3844483256414
3.9200000000000017,0.00024375000000000002,350.31198475337794
3.9400000000000017,0.00024375000000000002,350.2409302464493
3.9600000000000017,0.00024375000000000002,350.17123719502194
3.9800000000000018,0.00024375000000000002,350.1028463183646
4.000000000000002,0.00024375000000000002,350.03571337454855
2.700000000000001,0.00026250000000000004,356.51734499480085
2.720000000000001,0.00026250000000000004,356.7740917383276
2.740000000000001,0.00026250000000000004,357.00617832173504
2.760000000000001,0.00026250000000000004,357.1801880995651
2.780000000000001,0.00026250000000000004,357.26803871430513
2.800000000000001,0.00026250000000000004,357.27394933134923
2.820000000000001,0.00026250000000000004,357.22085738343696
2.840000000000001,0.00026250000000000004,357.12528824068875
2.860000000000001,0.00026250000000000004,356.9982863645572
2.8800000000000012,0.00026250000000000004,356.84941273237587
2.9000000000000012,0.00026250000000000004,356.6849961453642
2.9200000000000013,0.00026250000000000004,356.5098681382076
2.9400000000000013,0.00026250000000000004,356.32778592632576
2.9600000000000013,0.00026250000000000004,356.1413421293156
2.9800000000000013,0.00026250000000000004,355.9527106289516
3.0000000000000013,0.00026250000000000004,355.76339487580907
3.0200000000000014,0.00026250000000000004,355.57462088030763
3.0400000000000014,0.00026250000000000004,355.38727092583804
3.0600000000000014,0.00026250000000000004,355.2020449526192
3.0800000000000014,0.00026250000000000004,355.01949170592644
3.1000000000000014,0.00026250000000000004,354.8400289270877
3.1200000000000014,0.00026250000000000004,354.6639536148181
3.1400000000000015,0.00026250000000000004,354.49149518361156
3.1600000000000015,0.00026250000000000004,354.3227903448412
3.1800000000000015,0.00026250000000000004,354.1579516446019
3.200000000000001,0.00026250000000000004,353.9970127647111
3.2200000000000015,0.00026250000000000004,353.84001163557406
3.240000000000001,0.00026250000000000004,353.6869173572877
3.2600000000000016,0.00026250000000000004,353.53771866477217
3.280000000000001,0.00026250000000000004,353.3923454015561
3.3000000000000016,0.00026250000000000004,353.25075385971564
3.320000000000001,0.00026250000000000004,353.1128508238638
3.3400000000000016,0.00026250000000000004,352.9785719518625
3.360000000000001,0.00026250000000000004,352.8478111938688
3.3800000000000017,0.00026250000000000004,352.72049208095547
3.4000000000000012,0.00026250000000000004,352.5965022177676
3.4200000000000017,0.00026250000000000004,352.4757590735032
3.4400000000000013,0.00026250000000000004,352.35814810560714
3.4600000000000017,0.00026250000000000004,352.2435849231649
3.4800000000000013,0.00026250000000000004,352.13195562041744
3.5000000000000018,0.00026250000000000004,352.02317674326525
3.5200000000000014,0.00026250000000000004,351.917136905269
3.5400000000000014,0.00026250000000000004,351.8137553569359
3.5600000000000014,0.00026250000000000004,351.7129245098954
3.5800000000000014,0.00026250000000000004,351.6145673585876
3.6000000000000014,0.00026250000000000004,351.5185809648799
3.6200000000000014,0.00026250000000000004,351.4248926089208
3.6400000000000015,0.00026250000000000004,351.3334045404737
3.6600000000000015,0.00026250000000000004,351.24404853941695
3.6800000000000015,0.00026250000000000004,351.1567323437654
3.7000000000000015,0.00026250000000000004,351.0713922392432
3.7200000000000015,0.00026250000000000004,350.987941572889
3.7400000000000015,0.00026250000000000004,350.9063210159202
3.7600000000000016,0.00026250000000000004,350.82644951122836
3.7800000000000016,0.00026250000000000004,350.7482719221045
3.8000000000000016,0.00026250000000000004,350.6717126771174
3.8200000000000016,0.00026250000000000004,350.596720599057
3.8400000000000016,0.00026250000000000004,350.52322542478515
3.8600000000000017,0.00026250000000000004,350.4511796858133
3.8800000000000017,0.00026250000000000004,350.3805182062802
3.9000000000000017,0.00026250000000000004,350.311196970138
3.9200000000000017,0.00026250000000000004,350.24315564224815
3.9400000000000017,0.00026250000000000004,350.17635340487004
3.9600000000000017,0.00026250000000000004,350.1107345048581
3.9800000000000018,0.00026250000000000004,350.0462610754945
4.000000000000002,0.00026250000000000004,349.9828816841483
2.700000000000001,0.00028125000000000003,355.06951977079586
2.720000000000001,0.00028125000000000003,355.33984517169984
2.740000000000001,0.00028125000000000003,355.59244955652235
2.760000000000001,0.00028125000000000003,355.8036256113531
2.780000000000001,0.00028125000000000003,355.947528975302
2.800000000000001,0.00028125000000000003,356.01868814104927
2.820000000000001,0.00028125000000000003,356.03097413255557
2.840000000000001,0.00028125000000000003,355.99886296795296
2.860000000000001,0.00028125000000000003,355.93236568683636
2.8800000000000012,0.00028125000000000003,355.84021125971736
2.9000000000000012,0.00028125000000000003,355.7289559036432
2.9200000000000013,0.00028125000000000003,355.6034696669635
2.9400000000000013,0.00028125000000000003,355.46771703161255
2.9600000000000013,0.00028125000000000003,355.32461014736185
2.9800000000000013,0.00028125000000000003,355.17649159633044
3.0000000000000013,0.00028125000000000003,355.0251752389553
3.0200000000000014,0.00028125000000000003,354.8720590453411
3.0400000000000014,0.00028125000000000003,354.7182666245294
3.0600000000000014,0.00028125000000000003,354.5646522869496
3.0800000000000014,0.00028125000000000003,354.41193241154104
3.1000000000000014,0.00028125000000000003,354.2606560066713
3.1200000000000014,0.00028125000000000003,354.1112602527681
3.1400000000000015,0.00028125000000000003,353.9640768491891
3.1600000000000015,0.00028125000000000003,353.8193605979382
3.1800000000000015,0.00028125000000000003,353.6772999196798
3.200000000000001,0.00028125000000000003,353.5380306773506
3.2200000000000015,0.00028125000000000003,353.40164526324776
3.240000000000001,0.00028125000000000003,353.26820216634553
3.2600000000000016,0.00028125000000000003,353.1377290351743
3.280000000000001,0.00028125000000000003,353.01023383278806
3.3000000000000016,0.00028125000000000003,352.88570111256433
3.320000000000001,0.00028125000000000003,352.76410580760074
3.3400000000000016,0.00028125000000000003,352.64540454920143
3.360000000000001,0.00028125000000000003,352.52955093007637
3.3800000000000017,0.00028125000000000003,352.41648423220397
3.4000000000000012,0.00028125000000000003,352.3061447328242
3.4200000000000017,0.00028125000000000003,352.19846164305653
3.4400000000000013,0.00028125000000000003,352.093367540836
3.4600000000000017,0.00028125000000000003,351.99078651319604
3.4800000000000013,0.00028125000000000003,351.89064739684636
3.5000000000000018,0.00028125000000000003,351.79287247609403
3.5200000000000014,0.00028125000000000003,351.6973896199004
3.5400000000000014,0.00028125000000000003,351.60412151208766
3.5600000000000014,0.00028125000000000003,351.51299696234
3.5800000000000014,0.00028125000000000003,351.42394049140466
3.6000000000000014,0.00028125000000000003,351.3368831221179
3.6200000000000014,0.00028125000000000003,351.2517521280181
3.6400000000000015,0.00028125000000000003,351.1684815519599
3.6600000000000015,0.00028125000000000003,351.08700197970353
3.6800000000000015,0.00028125000000000003,351.0072509445158
3.7000000000000015,0.00028125000000000003,350.92916265899595
3.7200000000000015,0.00028125000000000003,350.8526783785041
3.7400000000000015,0.00028125000000000003,350.77773608806393
3.7600000000000016,0.00028125000000000003,350.7042808314208
3.7800000000000016,0.00028125000000000003,350.6322543945799
3.8000000000000016,0.00028125000000000003,350.56160556470843
3.8200000000000016,0.00028125000000000003,350.49227987662204
3.8400000000000016,0.00028125000000000003,350.42422974390155
3.8600000000000017,0.00028125000000000003,350.35740434307405
3.8800000000000017,0.00028125000000000003,350.2917595529163
3.9000000000000017,0.00028125000000000003,350.2272480482957
3.9200000000000017,0.00028125000000000003,350.163828987083
3.9400000000000017,0.00028125000000000003,350.1014583765093
3.9600000000000017,0.00028125000000000003,350.04009845566435
3.9800000000000018,0.00028125000000000003,349.97970838561315
4.000000000000002,0.00028125000000000003,349.92025328570213
2.700000000000001,0.00030000000000000003,353.6655287106128
2.720000000000001,0.00030000000000000003,353.9478969930008
2.740000000000001,0.00030000000000000003,354.216903880984
2.760000000000001,0.00030000000000000003,354.45615451901074
2.780000000000001,0.00030000000000000003,354.64390056578645
2.800000000000001,0.00030000000000000003,354.76963971661036
2.820000000000001,0.00030000000000000003,354.8395153835034
2.840000000000001,0.00030000000000000003,354.8647245416447
2.860000000000001,0.00030000000000000003,354.85409858143964
2.8800000000000012,0.00030000000000000003,354.81527088878994
2.9000000000000012,0.00030000000000000003,354.754596173029
2.9200000000000013,0.00030000000000000003,354.6768889483022
2.9400000000000013,0.00030000000000000003,354.5861249907653
2.9600000000000013,0.00030000000000000003,354.48540124555217
2.9800000000000013,0.00030000000000000003,354.37718676212603
3.0000000000000013,0.00030000000000000003,354.26347868213963
3.0200000000000014,0.00030000000000000003,354.145847221111
3.0400000000000014,0.00030000000000000003,354.025568129471
3.0600000000000014,0.00030000000000000003,353.90365791905714
3.0800000000000014,0.00030000000000000003,353.7809479161515
3.1000000000000014,0.00030000000000000003,353.65812056372516
3.1200000000000014,0.00030000000000000003,353.53571502588545
3.1400000000000015,0.00030000000000000003,353.4141721071292
3.1600000000000015,0.00030000000000000003,353.29383283114737
3.1800000000000015,0.00030000000000000003,353.17497420936166
3.200000000000001,0.00030000000000000003,353.05780396557674
3.2200000000000015,0.00030000000000000003,352.94248738856504
3.240000000000001,0.00030000000000000003,352.8291419331145
3.2600000000000016,0.00030000000000000003,352.7178567390669
3.280000000000001,0.00030000000000000003,352.6086876122737
3.3000000000000016,0.00030000000000000003,352.50167214564823
3.320000000000001,0.00030000000000000003,352.39682402281215
3.3400000000000016,0.00030000000000000003,352.29414630547893
3.360000000000001,0.00030000000000000003,352.19362420958527
3.3800000000000017,0.00030000000000000003,352.09523801991793
3.4000000000000012,0.00030000000000000003,351.9989541680001
3.4200000000000017,0.00030000000000000003,351.90473828999257
3.4400000000000013,0.00030000000000000003,351.812544921454
3.4600000000000017,0.00030000000000000003,351.72233068616987
3.4800000000000013,0.00030000000000000003,351.6340430994411
3.5000000000000018,0.00030000000000000003,351.54763368982185
3.5200000000000014,0.00030000000000000003,351.46304636714484
3.5400000000000014,0.00030000000000000003,351.3802302854089
3.5600000000000014,0.00030000000000000003,351.2991281055923
3.5800000000000014,0.00030000000000000003,351.21968848564336
3.6000000000000014,0.00030000000000000003,351.1418544334399
3.6200000000000014,0.00030000000000000003,351.0655753901657
3.6400000000000015,0.00030000000000000003,350.99079576444643
3.6600000000000015,0.00030000000000000003,350.9174666302216
3.6800000000000015,0.00030000000000000003,350.84553446859155
3.7000000000000015,0.00030000000000000003,350.7749525264511
3.7200000000000015,0.00030000000000000003,350.70566976226075
3.7400000000000015,0.00030000000000000003,350.6376419138227
3.7600000000000016,0.00030000000000000003,350.57082063723874
3.7800000000000016,0.00030000000000000003,350.5051643206632
3.8000000000000016,0.00030000000000000003,350.4406274116499
3.8200000000000016,0.00030000000000000003,350.37717099663814
3.8400000000000016,0.00030000000000000003,350.3147523227462
3.8600000000000017,0.00030000000000000003,350.25333514581456
3.8800000000000017,0.00030000000000000003,350.19287946342035
3.9000000000000017,0.00030000000000000003,350.13335162062094
3.9200000000000017,0.00030000000000000003,350.07471427899185
3.9400000000000017,0.00030000000000000003,350.0169362599022
3.9600000000000017,0.00030000000000000003,349.9599827789646
3.9800000000000018,0.00030000000000000003,349.9038250016358
4.000000000000002,0.00030000000000000003,349.84843057376236
2.700000000000001,0.00031875,352.3071879741639
2.720000000000001,0.00031875,352.60029037614925
2.740000000000001,0.00031875,352.8827874329194
2.760000000000001,0.00031875,353.1435876073692
2.780000000000001,0.00031875,353.36539741266074
2.800000000000001,0.00031875,353.5359458537638
2.820000000000001,0.00031875,353.6556242683775
2.840000000000001,0.00031875,353.7319111064303
2.860000000000001,0.00031875,353.7721465207232
2.8800000000000012,0.00031875,353.7828121033431
2.9000000000000012,0.00031875,353.76970177586736
2.9200000000000013,0.00031875,353.73745286142275
2.9400000000000013,0.00031875,353.6899077094949
2.9600000000000013,0.00031875,353.6302152170176
2.9800000000000013,0.00031875,353.56090653836657
3.0000000000000013,0.00031875,353.48407823052247
3.0200000000000014,0.00031875,353.4014216244601
3.0400000000000014,0.00031875,353.3143252166394
3.0600000000000014,0.00031875,353.22392400714216
3.0800000000000014,0.00031875,353.13115260562654
3.1000000000000014,0.00031875,353.0367898715077
3.1200000000000014,0.00031875,352.9414715861778
3.1400000000000015,0.00031875,352.84572045428393
3.1600000000000015,0.00031875,352.7499619008654
3.1800000000000015,0.00031875,352.6545416996122
3.200000000000001,0.00031875,352.5597395845122
3.2200000000000015,0.00031875,352.4657787442874
3.240000000000001,0.00031875,352.3728375403494
3.2600000000000016,0.00031875,352.2810541834032
3.280000000000001,0.00031875,352.1905362169358
3.3000000000000016,0.00031875,352.1013629653913
3.320000000000001,0.00031875,352.0135926188887
3.3400000000000016,0.00031875,351.92726378734864
3.360000000000001,0.00031875,351.8424005558415
3.3800000000000017,0.00031875,351.7590135632482
3.4000000000000012,0.00031875,351.67710365430395
3.4200000000000017,0.00031875,351.5966624999544
3.4400000000000013,0.00031875,351.51767543191295
3.4600000000000017,0.00031875,351.44012154748987
3.4800000000000013,0.00031875,351.3639761390775
3.5000000000000018,0.00031875,351.28921027949343
3.5200000000000014,0.00031875,351.21579307924515
3.5400000000000014,0.00031875,351.1436908151046
3.5600000000000014,0.00031875,351.0728691173419
3.5800000000000014,0.00031875,351.0032917422928
3.6000000000000014,0.00031875,350.934922717193
3.6200000000000014,0.00031875,350.86772486367926
3.6400000000000015,0.00031875,350.8016618959765
3.6600000000000015,0.00031875,350.73669678747905
3.6800000000000015,0.00031875,350.6727938115591
3.7000000000000015,0.00031875,350.6099168197852
3.7200000000000015,0.00031875,350.5480312196469
3.7400000000000015,0.00031875,350.4871022092805
3.7600000000000016,0.00031875,350.4270966941399
3.7800000000000016,0.00031875,350.3679815039508
3.8000000000000016,0.00031875,350.30972525642034
3.8200000000000016,0.00031875,350.25229656892583
3.8400000000000016,0.00031875,350.1956658803244
3.8600000000000017,0.00031875,350.13980366217805
3.8800000000000017,0.00031875,350.08468220980734
3.9000000000000017,0.00031875,350.0302738543537
3.9200000000000017,0.00031875,349.97655273229265
3.9400000000000017,0.00031875,349.92349299889315
3.9600000000000017,0.00031875,349.8710705824422
3.9800000000000018,0.00031875,349.8192614004397
4.000000000000002,0.00031875,349.76804310158093
2.700000000000001,0.0003375,350.9961390559126
2.720000000000001,0.0003375,351.29879292923846
2.740000000000001,0.0003375,351.5926091764956
2.760000000000001,0.0003375,351.8702265271337
2.780000000000001,0.0003375,352.118461878115
2.800000000000001,0.0003375,352.3252797164079
2.820000000000001,0.0003375,352.4873105891678
2.840000000000001,0.0003375,352.6085021543035
2.860000000000001,0.0003375,352.69445728157814
2.8800000000000012,0.0003375,352.7504866645921
2.9000000000000012,0.0003375,352.7816181274925
2.9200000000000013,0.0003375,352.7921522222615
2.9400000000000013,0.0003375,352.7857078230961
2.9600000000000013,0.0003375,352.76535521556593
2.9800000000000013,0.0003375,352.7336253306638
3.0000000000000013,0.0003375,352.69263911474604
3.0200000000000014,0.0003375,352.6441572922422
3.0400000000000014,0.0003375,352.58963804662966
3.0600000000000014,0.0003375,352.5302987135368
3.0800000000000014,0.0003375,352.4671509926033
3.1000000000000014,0.0003375,352.4010478847098
3.1200000000000014,0.0003375,352.3326994321578
3.1400000000000015,0.0003375,352.2626976987932
3.1600000000000015,0.0003375,352.19153461125524
3.1800000000000015,0.0003375,352.1196182061492
3.200000000000001,0.0003375,352.04728597052593
3.2200000000000015,0.0003375,351.9748160465931
3.240000000000001,0.0003375,351.9024364840264
3.2600000000000016,0.0003375,351.83033364283835
3.280000000000001,0.0003375,351.7586579711306
3.3000000000000016,0.0003375,351.6875308869819
3.320000000000001,0.0003375,351.6170479373843
3.3400000000000016,0.0003375,351.54728461607726
3.360000000000001,0.0003375,351.4782978025797
3.3800000000000017,0.0003375,351.41013064327285
3.4000000000000012,0.0003375,351.34281296101614
3.4200000000000017,0.0003375,351.27636529953423
3.4400000000000013,0.0003375,351.2107987258491
3.4600000000000017,0.0003375,351.1461181890453
3.4800000000000013,0.0003375,351.0823219321598
3.5000000000000018,0.0003375,351.01940434399813
3.5200000000000014,0.0003375,350.9573550794134
3.5400000000000014,0.0003375,350.89616157076
3.5600000000000014,0.0003375,350.8358079042522
3.5800000000000014,0.0003375,350.7762771215916
3.6000000000000014,0.0003375,350.7175498856322
3.6200000000000014,0.0003375,350.6596066610633
3.6400000000000015,0.0003375,350.6024262027502
3.6600000000000015,0.0003375,350.54598766853456
3.6800000000000015,0.0003375,350.4902689660825
3.7000000000000015,0.0003375,350.4352488252337
3.7200000000000015,0.0003375,350.38090503909723
3.7400000000000015,0.0003375,350.3272165076351
3.7600000000000016,0.0003375,350.2741614054751
3.7800000000000016,0.0003375,350.2217192002476
3.8000000000000016,0.0003375,350.1698687741847
3.8200000000000016,0.0003375,350.11859041742804
3.8400000000000016,0.0003375,350.0678639243946
3.8600000000000017,0.0003375,350.01767056156933
3.8800000000000017,0.0003375,349.96799115396163
3.9000000000000017,0.0003375,349.9188080272049
3.9200000000000017,0.0003375,349.8701030948222
3.9400000000000017,0.0003375,349.8218597749071
3.9600000000000017,0.0003375,349.774061085578
3.9800000000000018,0.0003375,349.7266915366553
4.000000000000002,0.0003375,349.6797352385408
2.700000000000001,0.00035625,349.7338661327843
2.720000000000001,0.00035625,350.0449796397407
2.740000000000001,0.00035625,350.34843329870966
2.760000000000001,0.00035625,350.63942950813345
2.780000000000001,0.00035625,350.90823065591877
2.800000000000001,0.00035625,351.1441000058977
2.820000000000001,0.00035625,351.34159915236535
2.840000000000001,0.00035625,351.5017404822816
2.860000000000001,0.00035625,351.6282966374694
2.8800000000000012,0.00035625,351.72540934144615
2.9000000000000012,0.00035625,351.7972461470224
2.9200000000000013,0.00035625,351.84763239683804
2.9400000000000013,0.00035625,351.8798876049253
2.9600000000000013,0.00035625,351.896905314478
2.9800000000000013,0.00035625,351.90114431193325
3.0000000000000013,0.00035625,351.89469343206696
3.0200000000000014,0.00035625,351.8793256189072
3.0400000000000014,0.00035625,351.8565317079349
3.0600000000000014,0.00035625,351.8275726907315
3.0800000000000014,0.00035625,351.7935121951794
3.1000000000000014,0.00035625,351.75525287140044
3.1200000000000014,0.00035625,351.71355915774967
3.1400000000000015,0.00035625,351.66907549561535
3.1600000000000015,0.00035625,351.622346349031
3.1800000000000015,0.00035625,351.5738297324117
3.200000000000001,0.00035625,351.5239114940125
3.2200000000000015,0.00035625,351.47291546272817
3.240000000000001,0.00035625,351.42111336627545
3.2600000000000016,0.00035625,351.36873251592925
3.280000000000001,0.00035625,351.31596260626264
3.3000000000000016,0.00035625,351.2629615121009
3.320000000000001,0.00035625,351.20986003334497
3.3400000000000016,0.00035625,351.1567661375756
3.360000000000001,0.00035625,351.10376841106614
3.3800000000000017,0.00035625,351.05093904189226
3.4000000000000012,0.00035625,350.9983364327795
3.4200000000000017,0.00035625,350.9460072253522
3.4400000000000013,0.00035625,350.89398832260235
3.4600000000000017,0.00035625,350.84230822834013
3.4800000000000013,0.00035625,350.7909886193809
3.5000000000000018,0.00035625,350.7400452175216
3.5200000000000014,0.00035625,350.6894890064022
3.5400000000000014,0.00035625,350.6393267897597
3.5600000000000014,0.00035625,350.58956213053773
3.5800000000000014,0.00035625,350.54019569546693
3.6000000000000014,0.00035625,350.4912259843517
3.6200000000000014,0.00035625,350.44264952295777
3.6400000000000015,0.00035625,350.39446144063953
3.6600000000000015,0.00035625,350.3466555498163
3.6800000000000015,0.00035625,350.2992248189008
3.7000000000000015,0.00035625,350.25216136333614
3.7200000000000015,0.00035625,350.20545684931255
3.7400000000000015,0.00035625,350.1591024143487
3.7600000000000016,0.00035625,350.1130890269238
3.7800000000000016,0.00035625,350.0674073509182
3.8000000000000016,0.00035625,350.022048077882
3.8200000000000016,0.00035625,349.9770017473873
3.8400000000000016,0.00035625,349.9322590624725
3.8600000000000017,0.00035625,349.8878106761598
3.8800000000000017,0.00035625,349.8436474964031
3.9000000000000017,0.00035625,349.799760447326
3.9200000000000017,0.00035625,349.75614076738236
3.9400000000000017,0.00035625,349.7127797521871
3.9600000000000017,0.00035625,349.6696690480919
3.9800000000000018,0.00035625,349.6268003819241
4.000000000000002,0.00035625,349.5841658513522
2.700000000000001,0.000375,348.5216796173392
2.720000000000001,0.000375,348.84022702840576
2.740000000000001,0.000375,349.1519415640265
2.760000000000001,0.000375,349.4537500707618
2.780000000000001,0.000375,349.7386451324144
2.800000000000001,0.000375,349.99762566725235
2.820000000000001,0.000375,350.22444563228396
2.840000000000001,0.000375,350.4179402771563
2.860000000000001,0.000375,350.58014302465574
2.8800000000000012,0.000375,350.7140486586682
2.9000000000000012,0.000375,350.82294795025024
2.9200000000000013,0.000375,350.9100958158463
2.9400000000000013,0.000375,350.9784481070738
2.9600000000000013,0.000375,351.0306508632901
2.9800000000000013,0.000375,351.0690243744081
3.0000000000000013,0.000375,351.0955757241843
3.0200000000000014,0.000375,351.1120404454403
3.0400000000000014,0.000375,351.1199035059348
3.0600000000000014,0.000375,351.12043627811124
3.0800000000000014,0.000375,351.1147260462682
3.1000000000000014,0.000375,351.10370334225087
3.1200000000000014,0.000375,351.0881656834204
3.1400000000000015,0.000375,351.0687939785746
3.1600000000000015,0.000375,351.0461700309618
3.1800000000000015,0.000375,351.0207902322206
3.200000000000001,0.000375,350.9930779636156
3.2200000000000015,0.000375,350.96339434989744
3.240000000000001,0.000375,350.9320469995623
3.2600000000000016,0.000375,350.8992982120373
3.280000000000001,0.000375,350.86537119394336
3.3000000000000016,0.000375,350.83045615853615
3.320000000000001,0.000375,350.794714839553
3.3400000000000016,0.000375,350.7582849336204
3.360000000000001,0.000375,350.721283417684
3.3800000000000017,0.000375,350.6838097697762
3.4000000000000012,0.000375,350.64594839203176
3.4200000000000017,0.000375,350.60777097410175
3.4400000000000013,0.000375,350.56933822383934
3.4600000000000017,0.000375,350.53070164195486
3.4800000000000013,0.000375,350.491904717208
3.5000000000000018,0.000375,350.4529842941949
3.5200000000000014,0.000375,350.4139713631756
3.5400000000000014,0.000375,350.3748921394644
3.5600000000000014,0.000375,350.3357685545238
3.5800000000000014,0.000375,350.29661912479264
3.6000000000000014,0.000375,350.25745922746995
3.6200000000000014,0.000375,350.2183018124441
3.6400000000000015,0.000375,350.1791575247421
3.6600000000000015,0.000375,350.1400352989605
3.6800000000000015,0.000375,350.100942372414
3.7000000000000015,0.000375,350.0618847924325
3.7200000000000015,0.000375,350.02286735050336
3.7400000000000015,0.000375,349.98389402632034
3.7600000000000016,0.000375,349.9449678634887
3.7800000000000016,0.000375,349.9060913689348
3.8000000000000016,0.000375,349.86726634428817
3.8200000000000016,0.000375,349.8284942548031
3.8400000000000016,0.000375,349.78977602637855
3.8600000000000017,0.000375,349.75111239439735
3.8800000000000017,0.000375,349.7125036737471
3.9000000000000017,0.000375,349.67395009489763
3.9200000000000017,0.000375,349.6354515526532
3.9400000000000017,0.000375,349.59700793438503
3.9600000000000017,0.000375,349.5586188521164
3.9800000000000018,0.000375,349.5202839660713
4.000000000000002,0.000375,349.48200270385
2.700000000000001,0.00039375000000000006,347.36074142511853
2.720000000000001,0.00039375000000000006,347.6857556315035
2.740000000000001,0.00039375000000000006,348.0045655872245
2.760000000000001,0.00039375000000000006,348.3152378266444
2.780000000000001,0.00039375000000000006,348.6128351281639
2.800000000000001,0.00039375000000000006,348.89013600955724
2.820000000000001,0.00039375000000000006,349.1409311685076
2.840000000000001,0.00039375000000000006,349.3626386548824
2.860000000000001,0.00039375000000000006,349.5557893983861
2.8800000000000012,0.00039375000000000006,349.7222918969153
2.9000000000000012,0.00039375000000000006,349.8645913142687
2.9200000000000013,0.00039375000000000006,349.9853266403842
2.9400000000000013,0.00039375000000000006,350.0870400717634
2.9600000000000013,0.00039375000000000006,350.17208218805007
2.9800000000000013,0.00039375000000000006,350.2425796057239
3.0000000000000013,0.00039375000000000006,350.30041455791417
3.0200000000000014,0.00039375000000000006,350.34724301171843
3.0400000000000014,0.00039375000000000006,350.3845077878805
3.0600000000000014,0.00039375000000000006,350.4134602356419
3.0800000000000014,0.00039375000000000006,350.4351842476066
3.1000000000000014,0.00039375000000000006,350.4506164860046
3.1200000000000014,0.00039375000000000006,350.46056790159093
3.1400000000000015,0.00039375000000000006,350.4657392231664
3.1600000000000015,0.00039375000000000006,350.466735467632
3.1800000000000015,0.00039375000000000006,350.4640789455942
3.200000000000001,0.00039375000000000006,350.4582203872295
3.2200000000000015,0.00039375000000000006,350.44954901494265
3.240000000000001,0.00039375000000000006,350.43840092648134
3.2600000000000016,0.00039375000000000006,350.42506668620075
3.280000000000001,0.00039375000000000006,350.4097976163154
3.3000000000000016,0.00039375000000000006,350.392811374224
3.320000000000001,0.00039375000000000006,350.3742966903821
3.3400000000000016,0.00039375000000000006,350.3544174137359
3.360000000000001,0.00039375000000000006,350.33331606313703
3.3800000000000017,0.00039375000000000006,350.3111167658108
3.4000000000000012,0.00039375000000000006,350.28792789027574
3.4200000000000017,0.00039375000000000006,350.2638441983242
3.4400000000000013,0.00039375000000000006,350.2389487767076
3.4600000000000017,0.00039375000000000006,350.21331462429475
3.4800000000000013,0.00039375000000000006,350.1870060620094
3.5000000000000018,0.00039375000000000006,350.16007990555426
3.5200000000000014,0.00039375000000000006,350.13258649620906
3.5400000000000014,0.00039375000000000006,350.1045705641778
3.5600000000000014,0.00039375000000000006,350.0760719878394
3.5800000000000014,0.00039375000000000006,350.0471264246293
3.6000000000000014,0.00039375000000000006,350.01776587650073
3.6200000000000014,0.00039375000000000006,349.9880191467171
3.6400000000000015,0.00039375000000000006,349.957912266217
3.6600000000000015,0.00039375000000000006,349.9274688212193
3.6800000000000015,0.00039375000000000006,349.8967102786476
3.7000000000000015,0.00039375000000000006,349.86565621884296
3.7200000000000015,0.00039375000000000006,349.8343245868856
3.7400000000000015,0.00039375000000000006,349.80273185617233
3.7600000000000016,0.00039375000000000006,349.770893224891
3.7800000000000016,0.00039375000000000006,349.73882272938306
3.8000000000000016,0.00039375000000000006,349.7065333999191
3.8200000000000016,0.00039375000000000006,349.6740373374862
3.8400000000000016,0.00039375000000000006,349.64134583946037
3.8600000000000017,0.00039375000000000006,349.6084694495058
3.8800000000000017,0.00039375000000000006,349.57541806116365
3.9000000000000017,0.00039375000000000006,349.5422009477076
3.9200000000000017,0.00039375000000000006,349.50882684971424
3.9400000000000017,0.00039375000000000006,349.475303989716
3.9600000000000017,0.00039375000000000006,349.4416401483284
3.9800000000000018,0.00039375000000000006,349.4078426671541
4.000000000000002,0.00039375000000000006,349.3739185168565
2.700000000000001,0.00041250000000000005,346.25205072730756
2.720000000000001,0.00041250000000000005,346.5826201084404
2.740000000000001,0.00041250000000000005,346.9075033434052
2.760000000000001,0.00041250000000000005,347.22550427523106
2.780000000000001,0.00041250000000000005,347.5332059623241
2.800000000000001,0.00041250000000000005,347.8250082764285
2.820000000000001,0.00041250000000000005,348.09523720182415
2.840000000000001,0.00041250000000000005,348.34054427492424
2.860000000000001,0.00041250000000000005,348.5602784008492
2.8800000000000012,0.00041250000000000005,348.7553681257691
2.9000000000000012,0.00041250000000000005,348.92747325955645
2.9200000000000013,0.00041250000000000005,349.07861464393875
2.9400000000000013,0.00041250000000000005,349.2108908257451
2.9600000000000013,0.00041250000000000005,349.3263260495933
2.9800000000000013,0.00041250000000000005,349.42681315809847
3.0000000000000013,0.00041250000000000005,349.5140728859389
3.0200000000000014,0.00041250000000000005,349.5896473963609
3.0400000000000014,0.00041250000000000005,349.65490493668625
3.0600000000000014,0.00041250000000000005,349.71104958228955
3.0800000000000014,0.00041250000000000005,349.75913689641635
3.1000000000000014,0.00041250000000000005,349.8000888347083
3.1200000000000014,0.00041250000000000005,349.8347115459154
3.1400000000000015,0.00041250000000000005,349.86370956904636
3.1600000000000015,0.00041250000000000005,349.8876974288459
3.1800000000000015,0.00041250000000000005,349.9072113798649
3.200000000000001,0.00041250000000000005,349.9227192576388
3.2200000000000015,0.00041250000000000005,349.93462953001386
3.240000000000001,0.00041250000000000005,349.94329913926026
3.2600000000000016,0.00041250000000000005,349.94904041974183
3.280000000000001,0.00041250000000000005,349.95212710640254
3.3000000000000016,0.00041250000000000005,349.95279954256614
3.320000000000001,0.00041250000000000005,349.95126920959353
3.3400000000000016,0.00041250000000000005,349.9477226135741
3.360000000000001,0.00041250000000000005,349.94232465907675
3.3800000000000017,0.00041250000000000005,349.9352215467886
3.4000000000000012,0.00041250000000000005,349.9265432619523
3.4200000000000017,0.00041250000000000005,349.9164057377688
3.4400000000000013,0.00041250000000000005,349.90491268071384
3.4600000000000017,0.00041250000000000005,349.8921571869062
3.4800000000000013,0.00041250000000000005,349.8782230795396
3.5000000000000018,0.00041250000000000005,349.8631861163861
3.5200000000000014,0.00041250000000000005,349.84711497147555
3.5400000000000014,0.00041250000000000005,349.83007213767246
3.5600000000000014,0.00041250000000000005,349.81211464897405
3.5800000000000014,0.00041250000000000005,349.7932947572207
3.6000000000000014,0.00041250000000000005,349.7736604641642
3.6200000000000014,0.00041250000000000005,349.7532560322779
3.6400000000000015,0.00041250000000000005,349.7321223761895
3.6600000000000015,0.00041250000000000005,349.71029745252184
3.6800000000000015,0.00041250000000000005,349.68781654663854
3.7000000000000015,0.00041250000000000005,349.66471257460114
3.7200000000000015,0.00041250000000000005,349.64101629168607
3.7400000000000015,0.00041250000000000005,349.61675653049525
3.7600000000000016,0.00041250000000000005,349.5919603508936
3.7800000000000016,0.00041250000000000005,349.56665323159706
3.8000000000000016,0.00041250000000000005,349.540859176229
3.8200000000000016,0.00041250000000000005,349.51460087079596
3.8400000000000016,0.00041250000000000005,349.487899756867
3.8600000000000017,0.00041250000000000005,349.46077616388345
3.8800000000000017,0.00041250000000000005,349.43324935762405
3.9000000000000017,0.00041250000000000005,349.40533765386135
3.9200000000000017,0.00041250000000000005,349.37705844813735
3.9400000000000017,0.00041250000000000005,349.34842831554704
3.9600000000000017,0.00041250000000000005,349.3194630262402
3.9800000000000018,0.00041250000000000005,349.29017763487553
4.000000000000002,0.00041250000000000005,349.26058648508797
2.700000000000001,0.00043125000000000005,345.19647077988253
2.720000000000001,0.00043125000000000005,345.5317401743282
2.740000000000001,0.00043125000000000005,345.861784997783
2.760000000000001,0.00043125000000000005,346.1858763541104
2.780000000000001,0.00043125000000000005,346.50168301518016
2.800000000000001,0.00043125000000000005,346.80497453234585
2.820000000000001,0.00043125000000000005,347.0908507874092
2.840000000000001,0.00043125000000000005,347.35569885624494
2.860000000000001,0.00043125000000000005,347.59803145731223
2.8800000000000012,0.00043125000000000005,347.8179439862473
2.9000000000000012,0.00043125000000000005,348.01639206621513
2.9200000000000013,0.00043125000000000005,348.19480904552665
2.9400000000000013,0.00043125000000000005,348.3548419616684
2.9600000000000013,0.00043125000000000005,348.49817262200725
2.9800000000000013,0.00043125000000000005,348.62643454811337
3.0000000000000013,0.00043125000000000005,348.7411583891186
3.0200000000000014,0.00043125000000000005,348.8437452403726
3.0400000000000014,0.00043125000000000005,348.9354616964996
3.0600000000000014,0.00043125000000000005,349.0174404836539
3.0800000000000014,0.00043125000000000005,349.0906866779387
3.1000000000000014,0.00043125000000000005,349.1560881314665
3.1200000000000014,0.00043125000000000005,349.2144296317191
3.1400000000000015,0.00043125000000000005,349.26640451679947
3.1600000000000015,0.00043125000000000005,349.31262388700515
3.1800000000000015,0.00043125000000000005,349.3536265685172
3.200000000000001,0.00043125000000000005,349.3898876307423
3.2200000000000015,0.00043125000000000005,349.4218262194779
3.240000000000001,0.00043125000000000005,349.44981268221864
3.2600000000000016,0.00043125000000000005,349.4741746970665
3.280000000000001,0.00043125000000000005,349.49520283629164
3.3000000000000016,0.00043125000000000005,349.5131553118916
3.320000000000001,0.00043125000000000005,349.5282621884172
3.3400000000000016,0.00043125000000000005,349.54072900950115
3.360000000000001,0.00043125000000000005,349.55073994951584
3.3800000000000017,0.00043125000000000005,349.55846055300293
3.4000000000000012,0.00043125000000000005,349.56404008506877
3.4200000000000017,0.00043125000000000005,349.5676135828773
3.4400000000000013,0.00043125000000000005,349.5693036101362
3.4600000000000017,0.00043125000000000005,349.5692217855968
3.4800000000000013,0.00043125000000000005,349.5674700957908
3.5000000000000018,0.00043125000000000005,349.5641420323235
3.5200000000000014,0.00043125000000000005,349.559323576631
3.5400000000000014,0.00043125000000000005,349.55309404797407
3.5600000000000014,0.00043125000000000005,349.5455268441949
3.5800000000000014,0.00043125000000000005,349.53669007707134
3.6000000000000014,0.00043125000000000005,349.5266471314788
3.6200000000000014,0.00043125000000000005,349.51545714463083
3.6400000000000015,0.00043125000000000005,349.50317543024414
3.6600000000000015,0.00043125000000000005,349.4898538428706
3.6800000000000015,0.00043125000000000005,349.4755411018978
3.7000000000000015,0.00043125000000000005,349.4602830708645
3.7200000000000015,0.00043125000000000005,349.4441230072692
3.7400000000000015,0.00043125000000000005,349.42710177858754
3.7600000000000016,0.00043125000000000005,349.40925805713664
3.7800000000000016,0.00043125000000000005,349.3906284886725
3.8000000000000016,0.00043125000000000005,349.3712478464732
3.8200000000000016,0.00043125000000000005,349.351149164213
3.8400000000000016,0.00043125000000000005,349.33036385963123
3.8600000000000017,0.00043125000000000005,349.30892184034354
3.8800000000000017,0.00043125000000000005,349.2868516046769
3.9000000000000017,0.00043125000000000005,349.2641803268546
3.9200000000000017,0.00043125000000000005,349.2409339405291
3.9400000000000017,0.00043125000000000005,349.2171372081575
3.9600000000000017,0.00043125000000000005,349.1928137912742
3.9800000000000018,0.00043125000000000005,349.1679863076485
4.000000000000002,0.00043125000000000005,349.1426763912927
2.700000000000001,0.00045000000000000004,344.19471856289493
2.720000000000001,0.00045000000000000004,344.53389154460103
2.740000000000001,0.00045000000000000004,344.86827376145925
2.760000000000001,0.00045000000000000004,345.1974227204489
2.780000000000001,0.00045000000000000004,345.51976355679346
2.800000000000001,0.00045000000000000004,345.8321676203812
2.820000000000001,0.00045000000000000004,346.13057588385306
2.840000000000001,0.00045000000000000004,346.4114585689735
2.860000000000001,0.00045000000000000004,346.6728138713565
2.8800000000000012,0.00045000000000000004,346.91407600386844
2.9000000000000012,0.00045000000000000004,347.1355922573109
2.9200000000000013,0.00045000000000000004,347.33826092966063
2.9400000000000013,0.00045000000000000004,347.52329056474724
2.9600000000000013,0.00045000000000000004,347.6920176680484
2.9800000000000013,0.00045000000000000004,347.8458037930449
3.0000000000000013,0.00045000000000000004,347.98596975945566
3.0200000000000014,0.00045000000000000004,348.1137548917743
3.0400000000000014,0.00045000000000000004,348.23030293502745
3.0600000000000014,0.00045000000000000004,348.3366548386597
3.0800000000000014,0.00045000000000000004,348.4337459673847
3.1000000000000014,0.00045000000000000004,348.5224129315359
3.1200000000000014,0.00045000000000000004,348.6034043658519
3.1400000000000015,0.00045000000000000004,348.6773888484666
3.1600000000000015,0.00045000000000000004,348.7449621299117
3.1800000000000015,0.00045000000000000004,348.80665513493295
3.200000000000001,0.00045000000000000004,348.8629408709918
3.2200000000000015,0.00045000000000000004,348.91424111730356
3.240000000000001,0.00045000000000000004,348.9609325284049
3.2600000000000016,0.00045000000000000004,349.00335197910056
3.280000000000001,0.00045000000000000004,349.0418014983097
3.3000000000000016,0.00045000000000000004,349.07655248692066
3.320000000000001,0.00045000000000000004,349.10784951381885
3.3400000000000016,0.00045000000000000004,349.1359136012049
3.360000000000001,0.00045000000000000004,349.16094508886
3.3800000000000017,0.00045000000000000004,349.18312615336765
3.4000000000000012,0.00045000000000000004,349.20262296213355
3.4200000000000017,0.00045000000000000004,349.21958757980946
3.4400000000000013,0.00045000000000000004,349.23415959229203
3.4600000000000017,0.00045000000000000004,349.24646753884406
3.4800000000000013,0.00045000000000000004,349.25663014021285
3.5000000000000018,0.00045000000000000004,349.26475737355275
3.5200000000000014,0.00045000000000000004,349.2709514031686
3.5400000000000014,0.00045000000000000004,349.2753073910232
3.5600000000000014,0.00045000000000000004,349.2779142035037
3.5800000000000014,0.00045000000000000004,349.2788550275623
3.6000000000000014,0.00045000000000000004,349.27820790904525
3.6200000000000014,0.00045000000000000004,349.2760462258326
3.6400000000000015,0.00045000000000000004,349.2724390999966
3.6600000000000015,0.00045000000000000004,349.26745176510616
3.6800000000000015,0.00045000000000000004,349.26114588424986
3.7000000000000015,0.00045000000000000004,349.2535798384087
3.7200000000000015,0.00045000000000000004,349.24480897436024
3.7400000000000015,0.00045000000000000004,349.2348858337435
3.7600000000000016,0.00045000000000000004,349.2238603486416
3.7800000000000016,0.00045000000000000004,349.2117800258183
3.8000000000000016,0.00045000000000000004,349.1986901030368
3.8200000000000016,0.00045000000000000004,349.18463369924086
3.8400000000000016,0.00045000000000000004,349.16965194113624
3.8600000000000017,0.00045000000000000004,349.153784087394
3.8800000000000017,0.00045000000000000004,349.13706763244113
3.9000000000000017,0.00045000000000000004,349.11953841073614
3.9200000000000017,0.00045000000000000004,349.1012306828638
3.9400000000000017,0.00045000000000000004,349.08217722443794
3.9600000000000017,0.00045000000000000004,349.06240939824113
3.9800000000000018,0.00045000000000000004,349.04195723116135
4.000000000000002,0.00045000000000000004,349.020849475207
2.700000000000001,0.00046875000000000004,343.24739144558725
2.720000000000001,0.00046875000000000004,343.58973285730957
2.740000000000001,0.00046875000000000004,343.9277052821244
2.760000000000001,0.00046875000000000004,344.2610342069398
2.780000000000001,0.00046875000000000004,344.5886596709829
2.800000000000001,0.00046875000000000004,344.9083052826188
2.820000000000001,0.00046875000000000004,345.2167129251251
2.840000000000001,0.00046875000000000004,345.5106485808325
2.860000000000001,0.00046875000000000004,345.7878667099868
2.8800000000000012,0.00046875000000000004,346.0473198013249
2.9000000000000012,0.00046875000000000004,346.28885255534465
2.9200000000000013,0.00046875000000000004,346.51289447843925
2.9400000000000013,0.00046875000000000004,346.72024577246214
2.9600000000000013,0.00046875000000000004,346.91190708258966
2.9800000000000013,0.00046875000000000004,347.08896628220367
3.0000000000000013,0.00046875000000000004,347.2525233162526
3.0200000000000014,0.00046875000000000004,347.4036414631053
3.0400000000000014,0.00046875000000000004,347.5433262824852
3.0600000000000014,0.00046875000000000004,347.6725104189207
3.0800000000000014,0.00046875000000000004,347.79204333558937
3.1000000000000014,0.00046875000000000004,347.9026960312412
3.1200000000000014,0.00046875000000000004,348.0051681561009
3.1400000000000015,0.00046875000000000004,348.1000915850085
3.1600000000000015,0.00046875000000000004,348.18803612502853
3.1800000000000015,0.00046875000000000004,348.26951532561714
3.200000000000001,0.00046875000000000004,348.3449916627422
3.2200000000000015,0.00046875000000000004,348.41488214397384
3.240000000000001,0.00046875000000000004,348.47956313913
3.2600000000000016,0.00046875000000000004,348.5393749648999
3.280000000000001,0.00046875000000000004,348.5946260372769
3.3000000000000016,0.00046875000000000004,348.6455964908548
3.320000000000001,0.00046875000000000004,348.6925415031359
3.3400000000000016,0.00046875000000000004,348.735694131495
3.360000000000001,0.00046875000000000004,348.77526787213935
3.3800000000000017,0.00046875000000000004,348.81145886692315
3.4000000000000012,0.00046875000000000004,348.84444784369066
3.4200000000000017,0.00046875000000000004,348.8744018165334
3.4400000000000013,0.00046875000000000004,348.9014755549336
3.4600000000000017,0.00046875000000000004,348.92581288360367
3.4800000000000013,0.00046875000000000004,348.94754780004035
3.5000000000000018,0.00046875000000000004,348.9668054647619
3.5200000000000014,0.00046875000000000004,348.98370305711217
3.5400000000000014,0.00046875000000000004,348.99835053069336
3.5600000000000014,0.00046875000000000004,349.01085127342816
3.5800000000000014,0.00046875000000000004,349.02130268727433
3.6000000000000014,0.00046875000000000004,349.02979670111625
3.6200000000000014,0.00046875000000000004,349.0364202198675
3.6400000000000015,0.00046875000000000004,349.0412555262736
3.6600000000000015,0.00046875000000000004,349.04438063300023
3.6800000000000015,0.00046875000000000004,349.0458696003746
3.7000000000000015,0.00046875000000000004,349.04579281612087
3.7200000000000015,0.00046875000000000004,349.0442172493757
3.7400000000000015,0.00046875000000000004,349.0412066760438
3.7600000000000016,0.00046875000000000004,349.03682188440155
3.7800000000000016,0.00046875000000000004,349.03112085916064
3.8000000000000016,0.00046875000000000004,349.02415895017856
3.8200000000000016,0.00046875000000000004,349.01598902479066
3.8400000000000016,0.00046875000000000004,349.0066616082605
3.8600000000000017,0.00046875000000000004,348.9962250114361
3.8800000000000017,0.00046875000000000004,348.98472544936897
3.9000000000000017,0.00046875000000000004,348.9722071495538
3.9200000000000017,0.00046875000000000004,348.9587124535111
3.9400000000000017,0.00046875000000000004,348.94428190955676
3.9600000000000017,0.00046875000000000004,348.9289543609146
3.9800000000000018,0.00046875000000000004,348.9127670260219
4.000000000000002,0.00046875000000000004,348.8957555758325
2.700000000000001,0.00048750000000000003,342.3549607925487
2.720000000000001,0.00048750000000000003,342.6997992390758
2.740000000000001,0.00048750000000000003,343.04068448379184
2.760000000000001,0.00048750000000000003,343.37743218604203
2.780000000000001,0.00048750000000000003,343.7093242874172
2.800000000000001,0.00048750000000000003,344.0347246184608
2.820000000000001,0.00048750000000000003,344.3510818995704
2.840000000000001,0.00048750000000000003,344.65556562912786
2.860000000000001,0.00048750000000000003,344.9458931408713
2.8800000000000012,0.00048750000000000003,345.2207044223436
2.9000000000000012,0.00048750000000000003,345.47945083643447
2.9200000000000013,0.00048750000000000003,345.7221662167953
2.9400000000000013,0.00048750000000000003,345.9492846260594
2.9600000000000013,0.00048750000000000003,346.1614909221666
2.9800000000000013,0.00048750000000000003,346.3596064114912
3.0000000000000013,0.00048750000000000003,346.5445068562986
3.0200000000000014,0.00048750000000000003,346.71707157015817
3.0400000000000014,0.00048750000000000003,346.8781581521641
3.0600000000000014,0.00048750000000000003,347.0285782260078
3.0800000000000014,0.00048750000000000003,347.16908241793453
3.1000000000000014,0.00048750000000000003,347.3003649180551
3.1200000000000014,0.00048750000000000003,347.42306561458764
3.1400000000000015,0.00048750000000000003,347.5377695642181
3.1600000000000015,0.00048750000000000003,347.6450116127866
3.1800000000000015,0.00048750000000000003,347.7452795856896
3.200000000000001,0.00048750000000000003,347.83901800286475
3.2200000000000015,0.00048750000000000003,347.9266324695163
3.240000000000001,0.00048750000000000003,348.0084931251805
3.2600000000000016,0.00048750000000000003,348.0849385084336
3.280000000000001,0.00048750000000000003,348.15627874872195
3.3000000000000016,0.00048750000000000003,348.2227986086063
3.320000000000001,0.00048750000000000003,348.28476022131787
3.3400000000000016,0.00048750000000000003,348.34240544668535
3.360000000000001,0.00048750000000000003,348.395958072192
3.3800000000000017,0.00048750000000000003,348.4456256514741
3.4000000000000012,0.00048750000000000003,348.49160120615664
3.4200000000000017,0.00048750000000000003,348.5340646702854
3.4400000000000013,0.00048750000000000003,348.5731841840399
3.4600000000000017,0.00048750000000000003,348.6091172296253
3.4800000000000013,0.00048750000000000003,348.642011613942
3.5000000000000018,0.00048750000000000003,348.67200635973114
3.5200000000000014,0.00048750000000000003,348.69923245895365
3.5400000000000014,0.00048750000000000003,348.7238135705745
3.5600000000000014,0.00048750000000000003,348.74586660628904
3.5800000000000014,0.00048750000000000003,348.76550227767535
3.6000000000000014,0.00048750000000000003,348.7828255582595
3.6200000000000014,0.00048750000000000003,348.79793611527447
3.6400000000000015,0.00048750000000000003,348.81092867892386
3.6600000000000015,0.00048750000000000003,348.82189338698055
3.6800000000000015,0.00048750000000000003,348.8309160830769
3.7000000000000015,0.00048750000000000003,348.8380785960443
3.7200000000000015,0.00048750000000000003,348.8434589830556
3.7400000000000015,0.00048750000000000003,348.8471317601568
3.7600000000000016,0.00048750000000000003,348.8491681021105
3.7800000000000016,0.00048750000000000003,348.8496360361707
3.8000000000000016,0.00048750000000000003,348.84860060771894
3.8200000000000016,0.00048750000000000003,348.8461240459528
3.8400000000000016,0.00048750000000000003,348.84226590243094
3.8600000000000017,0.00048750000000000003,348.83708319485555
3.8800000000000017,0.00048750000000000003,348.83063052409824
3.9000000000000017,0.00048750000000000003,348.82296020052945
3.9200000000000017,0.00048750000000000003,348.8141223438784
3.9400000000000017,0.00048750000000000003,348.8041649953437
3.9600000000000017,0.00048750000000000003,348.79313420366947
3.9800000000000018,0.00048750000000000003,348.78107412545796
4.000000000000002,0.00048750000000000003,348.76802710005285
2.700000000000001,0.0005062500000000001,341.51779736985225
2.720000000000001,0.0005062500000000001,341.86452686857126
2.740000000000001,0.0005062500000000001,342.2077139849852
2.760000000000001,0.0005062500000000001,342.54721469653566
2.780000000000001,0.0005062500000000001,342.8825329076171
2.800000000000001,0.0005062500000000001,343.21250165252803
2.820000000000001,0.0005062500000000001,343.5351594057128
2.840000000000001,0.0005062500000000001,343.848110863349
2.860000000000001,0.0005062500000000001,344.1491794054929
2.8800000000000012,0.0005062500000000001,344.4368397955817
2.9000000000000012,0.0005062500000000001,344.710256782909
2.9200000000000013,0.0005062500000000001,344.96914391073653
2.9400000000000013,0.0005062500000000001,345.2136188142026
2.9600000000000013,0.0005062500000000001,345.4440792629908
2.9800000000000013,0.0005062500000000001,345.6610941243265
3.0000000000000013,0.0005062500000000001,345.86531812717976
3.0200000000000014,0.0005062500000000001,346.0574449691311
3.0400000000000014,0.0005062500000000001,346.23817962512464
3.0600000000000014,0.0005062500000000001,346.4082033676054
3.0800000000000014,0.0005062500000000001,346.56815865971924
3.1000000000000014,0.0005062500000000001,346.71865502337323
3.1200000000000014,0.0005062500000000001,346.8602638192568
3.1400000000000015,0.0005062500000000001,346.99351523476776
3.1600000000000015,0.0005062500000000001,347.11890180534084
3.1800000000000015,0.0005062500000000001,347.236878509577
3.200000000000001,0.0005062500000000001,347.3478657066741
3.2200000000000015,0.0005062500000000001,347.4522518009919
3.240000000000001,0.0005062500000000001,347.55039554766387
3.2600000000000016,0.0005062500000000001,347.64262909074205
3.280000000000001,0.0005062500000000001,347.7292600881966
3.3000000000000016,0.0005062500000000001,347.8105742490182
3.320000000000001,0.0005062500000000001,347.88683731163377
3.3400000000000016,0.0005062500000000001,347.95829697999903
3.360000000000001,0.0005062500000000001,348.0251846575965
3.3800000000000017,0.0005062500000000001,348.0877169142003
3.4000000000000012,0.0005062500000000001,348.14609691557956
3.4200000000000017,0.0005062500000000001,348.2005155612509
3.4400000000000013,0.0005062500000000001,348.25115261434377
3.4600000000000017,0.0005062500000000001,348.29817760697284
3.4800000000000013,0.0005062500000000001,348.3417507143351
3.5000000000000018,0.0005062500000000001,348.38202348642704
3.5200000000000014,0.0005062500000000001,348.4191395226727
3.5400000000000014,0.0005062500000000001,348.4532350664468
3.5600000000000014,0.0005062500000000001,348.48443953221874
3.5800000000000014,0.0005062500000000001,348.5128759884278
3.6000000000000014,0.0005062500000000001,348.5386615782788
3.6200000000000014,0.0005062500000000001,348.56190791141614
3.6400000000000015,0.0005062500000000001,348.58272140809646
3.6600000000000015,0.0005062500000000001,348.60120361721556
3.6800000000000015,0.0005062500000000001,348.61745150420495
3.7000000000000015,0.0005062500000000001,348.63155771059905
3.7200000000000015,0.0005062500000000001,348.64361079922236
3.7400000000000015,0.0005062500000000001,348.65369546811337
3.7600000000000016,0.0005062500000000001,348.66189276209354
3.7800000000000016,0.0005062500000000001,348.6682802514529
3.8000000000000016,0.0005062500000000001,348.6729322161992
3.8200000000000016,0.0005062500000000001,348.6759197976422
3.8400000000000016,0.0005062500000000001,348.6773111599436
3.8600000000000017,0.0005062500000000001,348.6771716207389
3.8800000000000017,0.0005062500000000001,348.6755637935794
3.9000000000000017,0.0005062500000000001,348.67254770209394
3.9200000000000017,0.0005062500000000001,348.66818090628203
3.9400000000000017,0.0005062500000000001,348.66251860341777
3.9600000000000017,0.0005062500000000001,348.65561374069813
3.9800000000000018,0.0005062500000000001,348.6475171051576
4.000000000000002,0.0005062500000000001,348.6382774248036
2.700000000000001,0.0005250000000000001,340.7361685971831
2.720000000000001,0.0005250000000000001,341.0842494929012
2.740000000000001,0.0005250000000000001,341.42919109184515
2.760000000000001,0.0005250000000000001,341.7708579838419
2.780000000000001,0.0005250000000000001,342.1088951104588
2.800000000000001,0.0005250000000000001,342.44247230862055
2.820000000000001,0.0005250000000000001,342.77009982451244
2.840000000000001,0.0005250000000000001,343.0898015206845
2.860000000000001,0.0005250000000000001,343.39959443104544
2.8800000000000012,0.0005250000000000001,343.6979059637005
2.9000000000000012,0.0005250000000000001,343.9837123419617
2.9200000000000013,0.0005250000000000001,344.25648012929554
2.9400000000000013,0.0005250000000000001,344.51606344556694
2.9600000000000013,0.0005250000000000001,344.76260763249263
2.9800000000000013,0.0005250000000000001,344.996448045981
3.0000000000000013,0.0005250000000000001,345.21802655482304
3.0200000000000014,0.0005250000000000001,345.42785575718096
3.0400000000000014,0.0005250000000000001,345.6264874820277
3.0600000000000014,0.0005250000000000001,345.814466129455
3.0800000000000014,0.0005250000000000001,345.99232093794916
3.1000000000000014,0.0005250000000000001,346.1605720226035
3.1200000000000014,0.0005250000000000001,346.3197153836665
3.1400000000000015,0.0005250000000000001,346.4702206990388
3.1600000000000015,0.0005250000000000001,346.6125323718987
3.1800000000000015,0.0005250000000000001,346.74706687954136
3.200000000000001,0.0005250000000000001,346.874215491063
3.2200000000000015,0.0005250000000000001,346.9943445271969
3.240000000000001,0.0005250000000000001,347.1077971332446
3.2600000000000016,0.0005250000000000001,347.2148950837777
3.280000000000001,0.0005250000000000001,347.3159399814863
3.3000000000000016,0.0005250000000000001,347.41121527805984
3.320000000000001,0.0005250000000000001,347.5009873273302
3.3400000000000016,0.0005250000000000001,347.58550706837985
3.360000000000001,0.0005250000000000001,347.66501105216645
3.3800000000000017,0.0005250000000000001,347.7397227083345
3.4000000000000012,0.0005250000000000001,347.8098533102225
3.4200000000000017,0.0005250000000000001,347.8756029181068
3.4400000000000013,0.0005250000000000001,347.93716122502457
3.4600000000000017,0.0005250000000000001,347.9947082881327
3.4800000000000013,0.0005250000000000001,348.0484152252161
3.5000000000000018,0.0005250000000000001,348.0984448152814
3.5200000000000014,0.0005250000000000001,348.1449520466845
3.5400000000000014,0.0005250000000000001,348.1880846339993
3.5600000000000014,0.0005250000000000001,348.22798343807005
3.5800000000000014,0.0005250000000000001,348.2647829224665
3.6000000000000014,0.0005250000000000001,348.29861147295827
3.6200000000000014,0.0005250000000000001,348.3295918040211
3.6400000000000015,0.0005250000000000001,348.35784120429406
3.6600000000000015,0.0005250000000000001,348.383471898245
3.6800000000000015,0.0005250000000000001,348.40659123930544
3.7000000000000015,0.0005250000000000001,348.4273020305183
3.7200000000000015,0.0005250000000000001,348.445702681122
3.7400000000000015,0.0005250000000000001,348.4618874903772
3.7600000000000016,0.0005250000000000001,348.4759467780485
3.7800000000000016,0.0005250000000000001,348.4879671362432
3.8000000000000016,0.0005250000000000001,348.4980315401579
3.8200000000000016,0.0005250000000000001,348.506219573089
3.8400000000000016,0.0005250000000000001,348.5126075210446
3.8600000000000017,0.0005250000000000001,348.51726857595276
3.8800000000000017,0.0005250000000000001,348.5202729160657
3.9000000000000017,0.0005250000000000001,348.5216878919035
3.9200000000000017,0.0005250000000000001,348.52157809351576
3.9400000000000017,0.0005250000000000001,348.52000552294345
3.9600000000000017,0.0005250000000000001,348.51702964910623
3.9800000000000018,0.0005250000000000001,348.51270756973764
4.000000000000002,0.0005250000000000001,348.50709405461885
2.700000000000001,0.0005437500000000001,340.01026174321044
2.720000000000001,0.0005437500000000001,340.3592205972917
2.740000000000001,0.0005437500000000001,340.7054306778517
2.760000000000001,0.0005437500000000001,341.04874651084486
2.780000000000001,0.0005437500000000001,341.38890284616514
2.800000000000001,0.0005437500000000001,341.7253065911416
2.820000000000001,0.0005437500000000001,342.0568308063102
2.840000000000001,0.0005437500000000001,342.3818748295333
2.860000000000001,0.0005437500000000001,342.6986920564478
2.8800000000000012,0.0005437500000000001,343.0057493877838
2.9000000000000012,0.0005437500000000001,343.30191975600144
2.9200000000000013,0.0005437500000000001,343.5864908935847
2.9400000000000013,0.0005437500000000001,343.8591065876087
2.9600000000000013,0.0005437500000000001,344.1196979222455
2.9800000000000013,0.0005437500000000001,344.3683882771169
3.0000000000000013,0.0005437500000000001,344.6054188590775
3.0200000000000014,0.0005437500000000001,344.83113176479594
3.0400000000000014,0.0005437500000000001,345.0459279289826
3.0600000000000014,0.0005437500000000001,345.25021072123
3.0800000000000014,0.0005437500000000001,345.4443962512288
3.1000000000000014,0.0005437500000000001,345.62891281945065
3.1200000000000014,0.0005437500000000001,345.8041763226184
3.1400000000000015,0.0005437500000000001,345.97059290410886
3.1600000000000015,0.0005437500000000001,346.1285542814478
3.1800000000000015,0.0005437500000000001,346.2784345454356
3.200000000000001,0.0005437500000000001,346.4205921467135
3.2200000000000015,0.0005437500000000001,346.5553674279737
3.240000000000001,0.0005437500000000001,346.6830847654546
3.2600000000000016,0.0005437500000000001,346.8040521520566
3.280000000000001,0.0005437500000000001,346.91856236037535
3.3000000000000016,0.0005437500000000001,347.0268937513753
3.320000000000001,0.0005437500000000001,347.1293108463846
3.3400000000000016,0.0005437500000000001,347.2260654819755
3.360000000000001,0.0005437500000000001,347.3173972229634
3.3800000000000017,0.0005437500000000001,347.40353439761907
3.4000000000000012,0.0005437500000000001,347.4846945516476
3.4200000000000017,0.0005437500000000001,347.561085222378
3.4400000000000013,0.0005437500000000001,347.6329044656983
3.4600000000000017,0.0005437500000000001,347.70034138994265
3.4800000000000013,0.0005437500000000001,347.7635767169224
3.5000000000000018,0.0005437500000000001,347.8227831477573
3.5200000000000014,0.0005437500000000001,347.8781259085315
3.5400000000000014,0.0005437500000000001,347.9297630178089
3.5600000000000014,0.0005437500000000001,347.97784578198684
3.5800000000000014,0.0005437500000000001,348.02251901341225
3.6000000000000014,0.0005437500000000001,348.06392145979225
3.6200000000000014,0.0005437500000000001,348.10218600020966
3.6400000000000015,0.0005437500000000001,348.13744000820105
3.6600000000000015,0.0005437500000000001,348.16980553695
3.6800000000000015,0.0005437500000000001,348.1993996247245
3.7000000000000015,0.0005437500000000001,348.2263344709804
3.7200000000000015,0.0005437500000000001,348.2507176965308
3.7400000000000015,0.0005437500000000001,348.27265250793874
3.7600000000000016,0.0005437500000000001,348.2922379248151
3.7800000000000016,0.0005437500000000001,348.3095689288857
3.8000000000000016,0.0005437500000000001,348.32473666883095
3.8200000000000016,0.0005437500000000001,348.33782859124193
3.8400000000000016,0.0005437500000000001,348.34892863066864
3.8600000000000017,0.0005437500000000001,348.3581173212172
3.8800000000000017,0.0005437500000000001,348.3654719767294
3.9000000000000017,0.0005437500000000001,348.3710667833578
3.9200000000000017,0.0005437500000000001,348.3749729725089
3.9400000000000017,0.0005437500000000001,348.37725889597766
3.9600000000000017,0.0005437500000000001,348.37799019259484
3.9800000000000018,0.0005437500000000001,348.3772298483234
4.000000000000002,0.0005437500000000001,348.37503835645856
2.700000000000001,0.0005625000000000001,339.340184274833
2.720000000000001,0.0005625000000000001,339.6896125038534
2.740000000000001,0.0005625000000000001,340.03666343010013
2.760000000000001,0.0005625000000000001,340.3811727084877
2.780000000000001,0.0005625000000000001,340.7229352592097
2.800000000000001,0.0005625000000000001,341.06151977480187
2.820000000000001,0.0005625000000000001,341.3960682196838
2.840000000000001,0.0005625000000000001,341.7253006759493
2.860000000000001,0.0005625000000000001,342.0477168919575
2.8800000000000012,0.0005625000000000001,342.36188111992595
2.9000000000000012,0.0005625000000000001,342.66663249539005
2.9200000000000013,0.0005625000000000001,342.9611400420438
2.9400000000000013,0.0005625000000000001,343.244888536669
2.9600000000000013,0.0005625000000000001,343.51763350663606
2.9800000000000013,0.0005625000000000001,343.77930789909504
3.0000000000000013,0.0005625000000000001,344.0299680738839
3.0200000000000014,0.0005625000000000001,344.26980219204836
3.0400000000000014,0.0005625000000000001,344.4990624482711
3.0600000000000014,0.0005625000000000001,344.7180103408015
3.0800000000000014,0.0005625000000000001,344.9269545488136
3.1000000000000014,0.0005625000000000001,345.12623007657993
3.1200000000000014,0.0005625000000000001,345.3161708188888
3.1400000000000015,0.0005625000000000001,345.4971187355643
3.1600000000000015,0.0005625000000000001,345.6694092961072
3.1800000000000015,0.0005625000000000001,345.83337264407857
3.200000000000001,0.0005625000000000001,345.98933131106094
3.2200000000000015,0.0005625000000000001,346.13759734678047
3.240000000000001,0.0005625000000000001,346.278473859028
3.2600000000000016,0.0005625000000000001,346.41225258010485
3.280000000000001,0.0005625000000000001,346.53921529551997
3.3000000000000016,0.0005625000000000001,346.6596330085014
3.320000000000001,0.0005625000000000001,346.7737664180488
3.3400000000000016,0.0005625000000000001,346.88186632684955
3.360000000000001,0.0005625000000000001,346.98417343528126
3.3800000000000017,0.0005625000000000001,347.0809193564185
3.4000000000000012,0.0005625000000000001,347.17232614700697
3.4200000000000017,0.0005625000000000001,347.25860745796837
3.4400000000000013,0.0005625000000000001,347.33996808290226
3.4600000000000017,0.0005625000000000001,347.4166050009357
3.4800000000000013,0.0005625000000000001,347.48870706005425
3.5000000000000018,0.0005625000000000001,347.5564558363599
3.5200000000000014,0.0005625000000000001,347.6200254612243
3.5400000000000014,0.0005625000000000001,347.6795833123769
3.5600000000000014,0.0005625000000000001,347.7352899427547
3.5800000000000014,0.0005625000000000001,347.78729965417693
3.6000000000000014,0.0005625000000000001,347.83576047347225
3.6200000000000014,0.0005625000000000001,347.8808146622862
3.6400000000000015,0.0005625000000000001,347.9225986941499
3.6600000000000015,0.0005625000000000001,347.9612437419741
3.6800000000000015,0.0005625000000000001,347.99687562524696
3.7000000000000015,0.0005625000000000001,348.02961530086145
3.7200000000000015,0.0005625000000000001,348.0595787652273
3.7400000000000015,0.0005625000000000001,348.0868775598899
3.7600000000000016,0.0005625000000000001,348.1116186255602
3.7800000000000016,0.0005625000000000001,348.13390482372694
3.8000000000000016,0.0005625000000000001,348.15383474754213
3.8200000000000016,0.0005625000000000001,348.1715032545439
3.8400000000000016,0.0005625000000000001,348.1870012433072
3.8600000000000017,0.0005625000000000001,348.2004161898832
3.8800000000000017,0.0005625000000000001,348.21183190001176
3.9000000000000017,0.0005625000000000001,348.22132904192773
3.9200000000000017,0.0005625000000000001,348.22898488280674
3.9400000000000017,0.0005625000000000001,348.2348738122057
3.9600000000000017,0.0005625000000000001,348.2390670691015
3.9800000000000018,0.0005625000000000001,348.2416332527162
4.000000000000002,0.0005625000000000001,348.2426380437143
2.700000000000001,0.0005812500000000001,338.72598402064386
2.720000000000001,0.0005812500000000001,339.0755356925726
2.740000000000001,0.0005812500000000001,339.4230547461098
2.760000000000001,0.0005812500000000001,339.7683589570304
2.780000000000001,0.0005812500000000001,340.1112893707004
2.800000000000001,0.0005812500000000001,340.4515181942417
2.820000000000001,0.0005812500000000001,340.7883791643356
2.840000000000001,0.0005812500000000001,341.12085713548583
2.860000000000001,0.0005812500000000001,341.4476847005987
2.8800000000000012,0.0005812500000000001,341.76755737566185
2.9000000000000012,0.0005812500000000001,342.0793326343438
2.9200000000000013,0.0005812500000000001,342.38211179106617
2.9400000000000013,0.0005812500000000001,342.67526852251393
2.9600000000000013,0.0005812500000000001,342.95841994539177
2.9800000000000013,0.0005812500000000001,343.23132708359344
3.0000000000000013,0.0005812500000000001,343.4938822280643
3.0200000000000014,0.0005812500000000001,343.7461410383198
3.0400000000000014,0.0005812500000000001,343.9882059179669
3.0600000000000014,0.0005812500000000001,344.22020104341544
3.0800000000000014,0.0005812500000000001,344.4423390026096
3.1000000000000014,0.0005812500000000001,344.6548586428939
3.1200000000000014,0.0005812500000000001,344.8580150828374
3.1400000000000015,0.0005812500000000001,345.05208585537883
3.1600000000000015,0.0005812500000000001,345.2373487592768
3.1800000000000015,0.0005812500000000001,345.41409016402565
3.200000000000001,0.0005812500000000001,345.5825943827148
3.2200000000000015,0.0005812500000000001,345.74314444734534
3.240000000000001,0.0005812500000000001,345.89602035267717
3.2600000000000016,0.0005812500000000001,346.04149596448934
3.280000000000001,0.0005812500000000001,346.1798407778922
3.3000000000000016,0.0005812500000000001,346.31131638274184
3.320000000000001,0.0005812500000000001,346.43617865112816
3.3400000000000016,0.0005812500000000001,346.554675225619
3.360000000000001,0.0005812500000000001,346.66704702652595
3.3800000000000017,0.0005812500000000001,346.77352696769026
3.4000000000000012,0.0005812500000000001,346.8743406892305
3.4200000000000017,0.0005812500000000001,346.9697061875914
3.4400000000000013,0.0005812500000000001,347.05983403814975
3.4600000000000017,0.0005812500000000001,347.1449275309676
3.4800000000000013,0.0005812500000000001,347.2251826830997
3.5000000000000018,0.0005812500000000001,347.30078855215663
3.5200000000000014,0.0005812500000000001,347.3719272552681
3.5400000000000014,0.0005812500000000001,347.43877425549283
3.5600000000000014,0.0005812500000000001,347.50149850312397
3.5800000000000014,0.0005812500000000001,347.5602625975638
3.6000000000000014,0.0005812500000000001,347.6152230859042
3.6200000000000014,0.0005812500000000001,347.6665304779588
3.6400000000000015,0.0005812500000000001,347.7143296856174
3.6600000000000015,0.0005812500000000001,347.7587599123236
3.6800000000000015,0.0005812500000000001,347.79995519099464
3.7000000000000015,0.0005812500000000001,347.8380441886286
3.7200000000000015,0.0005812500000000001,347.87315079336526
3.7400000000000015,0.0005812500000000001,347.9053938782432
3.7600000000000016,0.0005812500000000001,347.93488789217736
3.7800000000000016,0.0005812500000000001,347.9617426209787
3.8000000000000016,0.0005812500000000001,347.9860637470574
3.8200000000000016,0.0005812500000000001,348.00795263564146
3.8400000000000016,0.0005812500000000001,348.0275068400445
3.8600000000000017,0.0005812500000000001,348.04481992980635
3.8800000000000017,0.0005812500000000001,348.05998192999743
3.9000000000000017,0.0005812500000000001,348.0730791976782
3.9200000000000017,0.0005812500000000001,348.0841947936614
3.9400000000000017,0.0005812500000000001,348.0934084052039
3.9600000000000017,0.0005812500000000001,348.1007966563427
3.9800000000000018,0.0005812500000000001,348.10643306845805
4.000000000000002,0.0005812500000000001,348.11038832067845
2.700000000000001,0.0006000000000000001,338.1676520626658
2.720000000000001,0.0006000000000000001,338.5170394609943
2.740000000000001,0.0006000000000000001,338.8647042001904
2.760000000000001,0.0006000000000000001,339.2104577620104
2.780000000000001,0.0006000000000000001,339.5541825634519
2.800000000000001,0.0006000000000000001,339.89560433487094
2.820000000000001,0.0006000000000000001,340.23419137221
2.840000000000001,0.0006000000000000001,340.5691401332786
2.860000000000001,0.0006000000000000001,340.89938971841497
2.8800000000000012,0.0006000000000000001,341.22378180195034
2.9000000000000012,0.0006000000000000001,341.5412279241883
2.9200000000000013,0.0006000000000000001,341.8508020760762
2.9400000000000013,0.0006000000000000001,342.1518119113793
2.9600000000000013,0.0006000000000000001,342.44376720054197
2.9800000000000013,0.0006000000000000001,342.7262709578778
3.0000000000000013,0.0006000000000000001,342.9990797308768
3.0200000000000014,0.0006000000000000001,343.2621402815142
3.0400000000000014,0.0006000000000000001,343.5153959488578
3.0600000000000014,0.0006000000000000001,343.7588512316344
3.0800000000000014,0.0006000000000000001,343.9926333031582
3.1000000000000014,0.0006000000000000001,344.21688266496943
3.1200000000000014,0.0006000000000000001,344.4317838682228
3.1400000000000015,0.0006000000000000001,344.6375490948801
3.1600000000000015,0.0006000000000000001,344.8343999989628
3.1800000000000015,0.0006000000000000001,345.02258073822463
3.200000000000001,0.0006000000000000001,345.20233541196455
3.2200000000000015,0.0006000000000000001,345.3739200296291
3.240000000000001,0.0006000000000000001,345.5375885990071
3.2600000000000016,0.0006000000000000001,345.69359838333105
3.280000000000001,0.0006000000000000001,345.8422039806037
3.3000000000000016,0.0006000000000000001,345.9836579005782
3.320000000000001,0.0006000000000000001,346.1182090759497
3.3400000000000016,0.0006000000000000001,346.2461016403555
3.360000000000001,0.0006000000000000001,346.36757497813744
3.3800000000000017,0.0006000000000000001,346.4828626117714
3.4000000000000012,0.0006000000000000001,346.59219216432814
3.4200000000000017,0.0006000000000000001,346.69578521263105
3.4400000000000013,0.0006000000000000001,346.7938565218101
3.4600000000000017,0.0006000000000000001,346.88661501782184
3.4800000000000013,0.0006000000000000001,346.9742622324386
3.5000000000000018,0.0006000000000000001,347.05699419037427
3.5200000000000014,0.0006000000000000001,347.13499926773943
3.5400000000000014,0.0006000000000000001,347.2084606674039
3.5600000000000014,0.0006000000000000001,347.27755396358026
3.5800000000000014,0.0006000000000000001,347.3424498514492
3.6000000000000014,0.0006000000000000001,347.4033116182506
3.6200000000000014,0.0006000000000000001,347.46029792679167
3.6400000000000015,0.0006000000000000001,347.5135603798098
3.6600000000000015,0.0006000000000000001,347.56324618731196
3.6800000000000015,0.0006000000000000001,347.6094959108878
3.7000000000000015,0.0006000000000000001,347.65244594822093
3.7200000000000015,0.0006000000000000001,347.69222647474464
3.7400000000000015,0.0006000000000000001,347.7289637447834
3.7600000000000016,0.0006000000000000001,347.762778196177
3.7800000000000016,0.0006000000000000001,347.7937866137203
3.8000000000000016,0.0006000000000000001,347.8221003288471
3.8200000000000016,0.0006000000000000001,347.8478273188015
3.8400000000000016,0.0006000000000000001,347.8710704160075
3.8600000000000017,0.0006000000000000001,347.8919294289323
3.8800000000000017,0.0006000000000000001,347.91049927103296
3.9000000000000017,0.0006000000000000001,347.92687219027584
3.9200000000000017,0.0006000000000000001,347.9411357320853
3.9400000000000017,0.0006000000000000001,347.9533751574612
3.9600000000000017,0.0006000000000000001,347.96367116497805
3.9800000000000018,0.0006000000000000001,347.97210256541973
4.000000000000002,0.0006000000000000001,347.97874370203294
2.700000000000001,0.00061875,337.665138930611
2.720000000000001,0.00061875,338.0141281436226
2.740000000000001,0.00061875,338.36166038441974
2.760000000000001,0.00061875,338.7075698971808
2.780000000000001,0.00061875,339.0517729920315
2.800000000000001,0.00061875,339.3940062166582
2.820000000000001,0.00061875,339.7338335327112
2.840000000000001,0.00061875,340.0706158881551
2.860000000000001,0.00061875,340.4034637511838
2.8800000000000012,0.00061875,340.73136959061503
2.9000000000000012,0.00061875,341.05331517126075
2.9200000000000013,0.00061875,341.3683820383324
2.9400000000000013,0.00061875,341.67584979267536
2.9600000000000013,0.00061875,341.9751466217397
2.9800000000000013,0.00061875,342.26572036767686
3.0000000000000013,0.00061875,342.5472388641275
3.0200000000000014,0.00061875,342.8195530807986
3.0400000000000014,0.00061875,343.0824327735627
3.0600000000000014,0.00061875,343.33579827278453
3.0800000000000014,0.00061875,343.5796949971915
3.1000000000000014,0.00061875,343.8141654823141
3.1200000000000014,0.00061875,344.0393388063338
3.1400000000000015,0.00061875,344.2553548765529
3.1600000000000015,0.00061875,344.4623903814911
3.1800000000000015,0.00061875,344.66064293850974
3.200000000000001,0.00061875,344.8503214825737
3.2200000000000015,0.00061875,345.03165370610543
3.240000000000001,0.00061875,345.2048686987738
3.2600000000000016,0.00061875,345.3702071342051
3.280000000000001,0.00061875,345.5279081379558
3.3000000000000016,0.00061875,345.67821503999977
3.320000000000001,0.00061875,345.8213690758099
3.3400000000000016,0.00061875,345.9576099809714
3.360000000000001,0.00061875,346.087175301844
3.3800000000000017,0.00061875,346.21029738136156
3.4000000000000012,0.00061875,346.327206094727
3.4200000000000017,0.00061875,346.4381241068235
3.4400000000000013,0.00061875,346.54327107340714
3.4600000000000017,0.00061875,346.6428586599635
3.4800000000000013,0.00061875,346.7370948278905
3.5000000000000018,0.00061875,346.82617955589427
3.5200000000000014,0.00061875,346.91030840865244
3.5400000000000014,0.00061875,346.98966941817633
3.5600000000000014,0.00061875,347.06444558729623
3.5800000000000014,0.00061875,347.1348130341556
3.6000000000000014,0.00061875,347.2009423951375
3.6200000000000014,0.00061875,347.2629981086958
3.6400000000000015,0.00061875,347.32113887178923
3.6600000000000015,0.00061875,347.37551781466226
3.6800000000000015,0.00061875,347.4262822615902
3.7000000000000015,0.00061875,347.47357449741145
3.7200000000000015,0.00061875,347.5175311160127
3.7400000000000015,0.00061875,347.5582840773817
3.7600000000000016,0.00061875,347.595959919047
3.7800000000000016,0.00061875,347.63068082973257
3.8000000000000016,0.00061875,347.66256396719064
3.8200000000000016,0.00061875,347.6917223172527
3.8400000000000016,0.00061875,347.7182643182281
3.8600000000000017,0.00061875,347.74229432279463
3.8800000000000017,0.00061875,347.76391268238064
3.9000000000000017,0.00061875,347.78321567783627
3.9200000000000017,0.00061875,347.800296171977
3.9400000000000017,0.00061875,347.8152429197492
3.9600000000000017,0.00061875,347.82814185619713
3.9800000000000018,0.00061875,347.8390747360103
4.000000000000002,0.00061875,347.8481210889917
2.700000000000001,0.0006375,337.21836065265893
2.720000000000001,0.0006375,337.5667601823303
2.740000000000001,0.0006375,337.9139229708399
2.760000000000001,0.0006375,338.25974513737924
2.780000000000001,0.0006375,338.6041619725815
2.800000000000001,0.0006375,338.94687810918174
2.820000000000001,0.0006375,339.28754226845035
2.840000000000001,0.0006375,339.62562491106485
2.860000000000001,0.0006375,339.96038403065256
2.8800000000000012,0.0006375,340.29094875194676
2.9000000000000012,0.0006375,340.6163814544328
2.9200000000000013,0.0006375,340.93579166910314
2.9400000000000013,0.0006375,341.2484730586945
2.9600000000000013,0.0006375,341.55377553506736
2.9800000000000013,0.0006375,341.85099475736126
3.0000000000000013,0.0006375,342.1397787130507
3.0200000000000014,0.0006375,342.41986944156974
3.0400000000000014,0.0006375,342.69085129278255
3.0600000000000014,0.0006375,342.9526227641834
3.0800000000000014,0.0006375,343.205122552212
3.1000000000000014,0.0006375,343.44832151837704
3.1200000000000014,0.0006375,343.68229404530933
3.1400000000000015,0.0006375,343.907110990883
3.1600000000000015,0.0006375,344.1229130897546
3.1800000000000015,0.0006375,344.3298490410429
3.200000000000001,0.0006375,344.5280991802857
3.2200000000000015,0.0006375,344.71786229377926
3.240000000000001,0.0006375,344.899343880426
3.2600000000000016,0.0006375,345.07277058741533
3.280000000000001,0.0006375,345.2383629991524
3.3000000000000016,0.0006375,345.3963600384172
3.320000000000001,0.0006375,345.54698958394766
3.3400000000000016,0.0006375,345.69049259592947
3.360000000000001,0.0006375,345.82709814345134
3.3800000000000017,0.0006375,345.95704281263943
3.4000000000000012,0.0006375,346.0805521827065
3.4200000000000017,0.0006375,346.1978546523237
3.4400000000000013,0.0006375,346.3091688493249
3.4600000000000017,0.0006375,346.4147128817856
3.4800000000000013,0.0006375,346.514695985096
3.5000000000000018,0.0006375,346.60932497282266
3.5200000000000014,0.0006375,346.6987980773057
3.5400000000000014,0.0006375,346.783310503329
3.5600000000000014,0.0006375,346.8630485271233
3.5800000000000014,0.0006375,346.93819585029274
3.6000000000000014,0.0006375,347.0089263471663
3.6200000000000014,0.0006375,347.07541256660244
3.6400000000000015,0.0006375,347.1378159165326
3.6600000000000015,0.0006375,347.1962982765026
3.6800000000000015,0.0006375,347.25100880210897
3.7000000000000015,0.0006375,347.30209924990373
3.7200000000000015,0.0006375,347.3497069338432
3.7400000000000015,0.0006375,347.3939740537983
3.7600000000000016,0.0006375,347.4350266253021
3.7800000000000016,0.0006375,347.4729978525408
3.8000000000000016,0.0006375,347.50800307903376
3.8200000000000016,0.0006375,347.5401670548396
3.8400000000000016,0.0006375,347.5695951237505
3.8600000000000017,0.0006375,347.5964040966716
3.8800000000000017,0.0006375,347.6206900081148
3.9000000000000017,0.0006375,347.64256221534293
3.9200000000000017,0.0006375,347.66210813199655
3.9400000000000017,0.0006375,347.6794301173637
3.9600000000000017,0.0006375,347.6946076362901
3.9800000000000018,0.0006375,347.7077364768905
4.000000000000002,0.0006375,347.7188888011561
2.700000000000001,0.00065625,336.8272075007893
2.720000000000001,0.00065625,337.17486319515587
2.740000000000001,0.00065625,337.5214515192535
2.760000000000001,0.00065625,337.86700128294706
2.780000000000001,0.00065625,338.21140388488874
2.800000000000001,0.00065625,338.5543240081955
2.820000000000001,0.00065625,338.8954847411091
2.840000000000001,0.00065625,339.23441982288705
2.860000000000001,0.00065625,339.5705124393972
2.8800000000000012,0.00065625,339.9030106201547
2.9000000000000012,0.00065625,340.2310513630165
2.9200000000000013,0.00065625,340.5537946065371
2.9400000000000013,0.00065625,340.8705812514927
2.9600000000000013,0.00065625,341.1806689748159
2.9800000000000013,0.00065625,341.48319497682024
3.0000000000000013,0.00065625,341.7779110812829
3.0200000000000014,0.00065625,342.06435066230796
3.0400000000000014,0.00065625,342.3419661254514
3.0600000000000014,0.00065625,342.6106816548564
3.0800000000000014,0.00065625,342.87029221862076
3.1000000000000014,0.00065625,343.1207468240447
3.1200000000000014,0.00065625,343.3620477865728
3.1400000000000015,0.00065625,343.59421311040154
3.1600000000000015,0.00065625,343.8173553969083
3.1800000000000015,0.00065625,344.031567314647
3.200000000000001,0.00065625,344.2370204976439
3.2200000000000015,0.00065625,344.43386847655256
3.240000000000001,0.00065625,344.62231427376713
3.2600000000000016,0.00065625,344.8025540634343
3.280000000000001,0.00065625,344.974806482207
3.3000000000000016,0.00065625,345.1392937473262
3.320000000000001,0.00065625,345.29624063157524
3.3400000000000016,0.00065625,345.4458821626759
3.360000000000001,0.00065625,345.58844332688915
3.3800000000000017,0.00065625,345.7241621531094
3.4000000000000012,0.00065625,345.8532600487701
3.4200000000000017,0.00065625,345.9759711465094
3.4400000000000013,0.00065625,346.0925108254062
3.4600000000000017,0.00065625,346.20310471248877
3.4800000000000013,0.00065625,346.307960590272
3.5000000000000018,0.00065625,346.4072926894842
3.5200000000000014,0.00065625,346.50130022429823
3.5400000000000014,0.00065625,346.59018439005945
3.5600000000000014,0.00065625,346.6741352734528
3.5800000000000014,0.00065625,346.75334028377824
3.6000000000000014,0.00065625,346.82798011081996
3.6200000000000014,0.00065625,346.8982282419136
3.6400000000000015,0.00065625,346.9642559057256
3.6600000000000015,0.00065625,347.02622294454915
3.6800000000000015,0.00065625,347.08429120744233
3.7000000000000015,0.00065625,347.13860743485475
3.7200000000000015,0.00065625,347.18932428091995
3.7400000000000015,0.00065625,347.2365760888402
3.7600000000000016,0.00065625,347.2805065748041
3.7800000000000016,0.00065625,347.32123847680583
3.8000000000000016,0.00065625,347.35890687970425
3.8200000000000016,0.00065625,347.3936237444838
3.8400000000000016,0.00065625,347.42551586415607
3.8600000000000017,0.00065625,347.45468525222816
3.8800000000000017,0.00065625,347.48125076973264
3.9000000000000017,0.00065625,347.5053052905914
3.9200000000000017,0.00065625,347.5269601147575
3.9400000000000017,0.00065625,347.54629974831494
3.9600000000000017,0.00065625,347.56342830505474
3.9800000000000018,0.00065625,347.5784226502863
4.000000000000002,0.00065625,347.59138008530704
2.700000000000001,0.000675,336.4915573295283
2.720000000000001,0.000675,336.8383227335899
2.740000000000001,0.000675,337.1841788480957
2.760000000000001,0.000675,337.5293191280744
2.780000000000001,0.000675,337.8735122907198
2.800000000000001,0.000675,338.2163930709044
2.820000000000001,0.000675,338.5577671056718
2.840000000000001,0.000675,338.89716055304086
2.860000000000001,0.000675,339.23410741966444
2.8800000000000012,0.000675,339.5679022134355
2.9000000000000012,0.000675,339.8977963331086
2.9200000000000013,0.000675,340.22296420646654
2.9400000000000013,0.000675,340.54289053124177
2.9600000000000013,0.000675,340.8566105249408
2.9800000000000013,0.000675,341.1632024828906
3.0000000000000013,0.000675,341.46261664963424
3.0200000000000014,0.000675,341.75400635608804
3.0400000000000014,0.000675,342.0368488769047
3.0600000000000014,0.000675,342.3110814548817
3.0800000000000014,0.000675,342.57632735692135
3.1000000000000014,0.000675,342.83259436517216
3.1200000000000014,0.000675,343.0797448052253
3.1400000000000015,0.000675,343.3178218196418
3.1600000000000015,0.000675,343.546858093017
3.1800000000000015,0.000675,343.7669393338628
3.200000000000001,0.000675,343.9782022845853
3.2200000000000015,0.000675,344.1807775142059
3.240000000000001,0.000675,344.3748581952398
3.2600000000000016,0.000675,344.5606158564533
3.280000000000001,0.000675,344.73826846599417
3.3000000000000016,0.000675,344.9080214750112
3.320000000000001,0.000675,345.07009755499354
3.3400000000000016,0.000675,345.22472815605886
3.360000000000001,0.000675,345.3721284649577
3.3800000000000017,0.000675,345.512548338499
3.4000000000000012,0.000675,345.64618856668125
3.4200000000000017,0.000675,345.77331069962077
3.4400000000000013,0.000675,345.89409767074767
3.4600000000000017,0.000675,346.00881706645276
3.4800000000000013,0.000675,346.1176327125856
3.5000000000000018,0.000675,346.22081362131155
3.5200000000000014,0.000675,346.3185046304366
3.5400000000000014,0.000675,346.4109725189263
3.5600000000000014,0.000675,346.49834406721135
3.5800000000000014,0.000675,346.5808809874889
3.6000000000000014,0.000675,346.6586933757262
3.6200000000000014,0.000675,346.73203573925434
3.6400000000000015,0.000675,346.80100306540277
3.6600000000000015,0.000675,346.8658410930615
3.6800000000000015,0.000675,346.9266313278969
3.7000000000000015,0.000675,346.98360964451336
3.7200000000000015,0.000675,347.03684565212143
3.7400000000000015,0.000675,347.0865646414561
3.7600000000000016,0.000675,347.13282581498254
3.7800000000000016,0.000675,347.1758434594586
3.8000000000000016,0.000675,347.21566773682554
3.8200000000000016,0.000675,347.2525017456089
3.8400000000000016,0.000675,347.2863878386163
3.8600000000000017,0.000675,347.31751792550983
3.8800000000000017,0.000675,347.345927645632
3.9000000000000017,0.000675,347.3717978602244
3.9200000000000017,0.000675,347.39515846052024
3.9400000000000017,0.000675,347.4161795063803
3.9600000000000017,0.000675,347.4348859849521
3.9800000000000018,0.000675,347.45143748054335
4.000000000000002,0.000675,347.4658548096287
2.700000000000001,0.00069375,336.2112610643673
2.720000000000001,0.00069375,336.55700944972097
2.740000000000001,0.00069375,336.9020036975311
2.760000000000001,0.00069375,337.24667437153664
2.780000000000001,0.00069375,337.59044637813855
2.800000000000001,0.00069375,337.93311763054663
2.820000000000001,0.00069375,338.2744276471913
2.840000000000001,0.00069375,338.6139587463523
2.860000000000001,0.00069375,338.95133386691367
2.8800000000000012,0.00069375,339.2858760544082
2.9000000000000012,0.00069375,339.61695963312894
2.9200000000000013,0.00069375,339.9437337026271
2.9400000000000013,0.00069375,340.2659720791334
2.9600000000000013,0.00069375,340.5821894125171
2.9800000000000013,0.00069375,340.8917254323194
3.0000000000000013,0.00069375,341.1946869537741
3.0200000000000014,0.00069375,341.4896212505132
3.0400000000000014,0.00069375,341.776381979168
3.0600000000000014,0.00069375,342.054696260834
3.0800000000000014,0.00069375,342.32414875394437
3.1000000000000014,0.00069375,342.5847937197815
3.1200000000000014,0.00069375,342.83631711815576
3.1400000000000015,0.00069375,343.07888634923165
3.1600000000000015,0.00069375,343.3123471849916
3.1800000000000015,0.00069375,343.5369057210616
3.200000000000001,0.00069375,343.7525525006249
3.2200000000000015,0.00069375,343.95950153286935
3.240000000000001,0.00069375,344.1578569960171
3.2600000000000016,0.00069375,344.3478267196152
3.280000000000001,0.00069375,344.52959773704845
3.3000000000000016,0.00069375,344.70336504950336
3.320000000000001,0.00069375,344.86937263689805
3.3400000000000016,0.00069375,345.02779976535027
3.360000000000001,0.00069375,345.1789269593063
3.3800000000000017,0.00069375,345.3229168712371
3.4000000000000012,0.00069375,345.4600710760343
3.4200000000000017,0.00069375,345.59053586632734
3.4400000000000013,0.00069375,345.7146223844402
3.4600000000000017,0.00069375,345.83246143902414
3.4800000000000013,0.00069375,345.944365401572
3.5000000000000018,0.00069375,346.0504507889724
3.5200000000000014,0.00069375,346.15102527308136
3.5400000000000014,0.00069375,346.24619240075685
3.5600000000000014,0.00069375,346.3362510352898
3.5800000000000014,0.00069375,346.4212930911491
3.6000000000000014,0.00069375,346.50160587490825
3.6200000000000014,0.00069375,346.5772709551316
3.6400000000000015,0.00069375,346.6485623426314
3.6600000000000015,0.00069375,346.7155524582968
3.6800000000000015,0.00069375,346.7785010204572
3.7000000000000015,0.00069375,346.837472394441
3.7200000000000015,0.00069375,346.89271155053575
3.7400000000000015,0.00069375,346.94427577881964
3.7600000000000016,0.00069375,346.9923952360699
3.7800000000000016,0.00069375,347.03712100739386
3.8000000000000016,0.00069375,347.0786686475832
3.8200000000000016,0.00069375,347.11708380315173
3.8400000000000016,0.00069375,347.15256783097703
3.8600000000000017,0.00069375,347.18516160987883
3.8800000000000017,0.00069375,347.21505283259
3.9000000000000017,0.00069375,347.24227819506035
3.9200000000000017,0.00069375,347.26701234271974
3.9400000000000017,0.00069375,347.2892882969427
3.9600000000000017,0.00069375,347.3092683213753
3.9800000000000018,0.00069375,347.32698220375454
4.000000000000002,0.00069375,347.3425805149115
2.700000000000001,0.0007125,335.9861819199069
2.720000000000001,0.0007125,336.33073391267936
2.740000000000001,0.0007125,336.6748457489288
2.760000000000001,0.0007125,337.0189966565675
2.780000000000001,0.0007125,337.3621408027168
2.800000000000001,0.0007125,337.70449594602974
2.820000000000001,0.0007125,338.04544287682376
2.840000000000001,0.0007125,338.3848800774872
2.860000000000001,0.0007125,338.7222549154605
2.8800000000000012,0.0007125,339.0571019106211
2.9000000000000012,0.0007125,339.3887389758796
2.9200000000000013,0.0007125,339.7164065001037
2.9400000000000013,0.0007125,340.0402460816751
2.9600000000000013,0.0007125,340.3577574763727
2.9800000000000013,0.0007125,340.6693373027915
3.0000000000000013,0.0007125,340.9746519526159
3.0200000000000014,0.0007125,341.2717709499008
3.0400000000000014,0.0007125,341.561213969887
3.0600000000000014,0.0007125,341.84214895943074
3.0800000000000014,0.0007125,342.1144480300727
3.1000000000000014,0.0007125,342.3780182681907
3.1200000000000014,0.0007125,342.6324561342871
3.1400000000000015,0.0007125,342.87811815985015
3.1600000000000015,0.0007125,343.1144897804518
3.1800000000000015,0.0007125,343.34220001699254
3.200000000000001,0.0007125,343.5607010796879
3.2200000000000015,0.0007125,343.77078121426257
3.240000000000001,0.0007125,343.971897289404
3.2600000000000016,0.0007125,344.1649221123735
3.280000000000001,0.0007125,344.34933553014196
3.3000000000000016,0.0007125,344.52604514604076
3.320000000000001,0.0007125,344.6945621452041
3.3400000000000016,0.0007125,344.85579585284313
3.360000000000001,0.0007125,345.00929196924676
3.3800000000000017,0.0007125,345.15593988769996
3.4000000000000012,0.0007125,345.2953202784176
3.4200000000000017,0.0007125,345.4282888364805
3.4400000000000013,0.0007125,345.5544602362167
3.4600000000000017,0.0007125,345.6746481698259
3.4800000000000013,0.0007125,345.78849963254964
3.5000000000000018,0.0007125,345.896781782141
3.5200000000000014,0.0007125,345.9991719201665
3.5400000000000014,0.0007125,346.09638872737423
3.5600000000000014,0.0007125,346.1881376796474
3.5800000000000014,0.0007125,346.27508879355935
3.6000000000000014,0.0007125,346.3569735886328
3.6200000000000014,0.0007125,346.4344143977567
3.6400000000000015,0.0007125,346.50716671987027
3.6600000000000015,0.0007125,346.5758069382345
3.6800000000000015,0.0007125,346.6401125678707
3.7000000000000015,0.0007125,346.700616239029
3.7200000000000015,0.0007125,346.7571156371011
3.7400000000000015,0.0007125,346.81010209502057
3.7600000000000016,0.0007125,346.8593917468329
3.7800000000000016,0.0007125,346.9054372017961
3.8000000000000016,0.0007125,346.9480714452362
3.8200000000000016,0.0007125,346.9877109576075
3.8400000000000016,0.0007125,347.024204099346
3.8600000000000017,0.0007125,347.05793377314063
3.8800000000000017,0.0007125,347.0887623544417
3.9000000000000017,0.0007125,347.11704163282957
3.9200000000000017,0.0007125,347.142646748561
3.9400000000000017,0.0007125,347.16590072977556
3.9600000000000017,0.0007125,347.1866903345372
3.9800000000000018,0.0007125,347.205312052877
4.000000000000002,0.0007125,347.2216632100239
2.700000000000001,0.00073125,335.81624583179195
2.720000000000001,0.00073125,336.1591809287232
2.740000000000001,0.00073125,336.50275150255493
2.760000000000001,0.00073125,336.84606849052017
2.780000000000001,0.00073125,337.18861894918604
2.800000000000001,0.00073125,337.53040476011876
2.820000000000001,0.00073125,337.87082139948797
2.840000000000001,0.00073125,338.2098918969141
2.860000000000001,0.00073125,338.54690159140915
2.8800000000000012,0.00073125,338.8816558158169
2.9000000000000012,0.00073125,339.21323215766523
2.9200000000000013,0.00073125,339.54118227630454
2.9400000000000013,0.00073125,339.86601807581576
2.9600000000000013,0.00073125,340.1834389430433
2.9800000000000013,0.00073125,340.49655447292986
3.0000000000000013,0.00073125,340.802772623125
3.0200000000000014,0.00073125,341.10086597131067
3.0400000000000014,0.00073125,341.39183261334256
3.0600000000000014,0.00073125,341.6737483192014
3.0800000000000014,0.00073125,341.94787792745626
3.1000000000000014,0.00073125,342.21249988725725
3.1200000000000014,0.00073125,342.468919278823
3.1400000000000015,0.00073125,342.71569279043774
3.1600000000000015,0.00073125,342.9541012197151
3.1800000000000015,0.00073125,343.1829563696601
3.200000000000001,0.00073125,343.40348716450717
3.2200000000000015,0.00073125,343.6147200104691
3.240000000000001,0.00073125,343.817817924037
3.2600000000000016,0.00073125,344.0119825207686
3.280000000000001,0.00073125,344.19830384094126
3.3000000000000016,0.00073125,344.3761249627402
3.320000000000001,0.00073125,344.546460210085
3.3400000000000016,0.00073125,344.70876656495597
3.360000000000001,0.00073125,344.8639827744078
3.3800000000000017,0.00073125,345.01165768291054
3.4000000000000012,0.00073125,345.15265651291065
3.4200000000000017,0.00073125,345.28660249326134
3.4400000000000013,0.00073125,345.41429059508005
3.4600000000000017,0.00073125,345.5354046003328
3.4800000000000013,0.00073125,345.6506732243459
3.5000000000000018,0.00073125,345.7598298379506
3.5200000000000014,0.00073125,345.86354126415875
3.5400000000000014,0.00073125,345.9615817362156
3.5600000000000014,0.00073125,346.05456067037176
3.5800000000000014,0.00073125,346.14228617921606
3.6000000000000014,0.00073125,346.22531471427544
3.6200000000000014,0.00073125,346.3034826445143
3.6400000000000015,0.00073125,346.3772977480162
3.6600000000000015,0.00073125,346.44662009198936
3.6800000000000015,0.00073125,346.5119128560208
3.7000000000000015,0.00073125,346.573056085249
3.7200000000000015,0.00073125,346.6304721830198
3.7400000000000015,0.00073125,346.68405811519887
3.7600000000000016,0.00073125,346.7341990622024
3.7800000000000016,0.00073125,346.78080638170064
3.8000000000000016,0.00073125,346.82423131280274
3.8200000000000016,0.00073125,346.8643974998561
3.8400000000000016,0.00073125,346.9016252566549
3.8600000000000017,0.00073125,346.9358487514928
3.8800000000000017,0.00073125,346.96736013476493
3.9000000000000017,0.00073125,346.9961026145947
3.9200000000000017,0.00073125,347.0223427005434
3.9400000000000017,0.00073125,347.0460313847599
3.9600000000000017,0.00073125,347.0674118355158
3.9800000000000018,0.00073125,347.08644176154394
4.000000000000002,0.00073125,347.1033430832133
2.700000000000001,0.00075,335.70110164667767
2.720000000000001,0.00075,336.0421981370961
2.740000000000001,0.00075,336.38570469281547
2.760000000000001,0.00075,336.7276301560256
2.780000000000001,0.00075,337.0699637663146
2.800000000000001,0.00075,337.4105615947206
2.820000000000001,0.00075,337.75069172114377
2.840000000000001,0.00075,338.08872675759494
2.860000000000001,0.00075,338.42543949675843
2.8800000000000012,0.00075,338.75931745481284
2.9000000000000012,0.00075,339.09065174403577
2.9200000000000013,0.00075,339.41791014633685
2.9400000000000013,0.00075,339.7437731420137
2.9600000000000013,0.00075,340.0586559633603
2.9800000000000013,0.00075,340.3745064970281
3.0000000000000013,0.00075,340.67809242096985
3.0200000000000014,0.00075,340.97826259893685
3.0400000000000014,0.00075,341.2672352866694
3.0600000000000014,0.00075,341.5509041701281
3.0800000000000014,0.00075,341.8234758563124
3.1000000000000014,0.00075,342.089629427316
3.1200000000000014,0.00075,342.3448128346888
3.1400000000000015,0.00075,342.5929467334695
3.1600000000000015,0.00075,342.8303647009039
3.1800000000000015,0.00075,343.0604392346181
3.200000000000001,0.00075,343.2801703559632
3.2200000000000015,0.00075,343.4925022667817
3.240000000000001,0.00075,343.6949507950504
3.2600000000000016,0.00075,343.89010968376436
3.280000000000001,0.00075,344.0759013623504
3.3000000000000016,0.00075,344.2546244653287
3.320000000000001,0.00075,344.42452646549253
3.3400000000000016,0.00075,344.58765290782065
3.360000000000001,0.00075,344.742514214678
3.3800000000000017,0.00075,344.8909362535057
3.4000000000000012,0.00075,345.0316444294311
3.4200000000000017,0.00075,345.16627237025864
3.4400000000000013,0.00075,345.2937229505938
3.4600000000000017,0.00075,345.41546059571994
3.4800000000000013,0.00075,345.5305359819121
3.5000000000000018,0.00075,345.64026397262086
3.5200000000000014,0.00075,345.74381933548307
3.5400000000000014,0.00075,345.84238429801576
3.5600000000000014,0.00075,345.9352385808829
3.5800000000000014,0.00075,346.0234464751575
3.6000000000000014,0.00075,346.1063770602137
3.6200000000000014,0.00075,346.1849895300344
3.6400000000000015,0.00075,346.258729502412
3.6600000000000015,0.00075,346.3284623383644
3.6800000000000015,0.00075,346.3936995658999
3.7000000000000015,0.00075,346.45522262998105
3.7200000000000015,0.00075,346.5126000890411
3.7400000000000015,0.00075,346.5665382281448
3.7600000000000016,0.00075,346.6166551635664
3.7800000000000016,0.00075,346.66358977083206
3.8000000000000016,0.00075,346.7070033940251
3.8200000000000016,0.00075,346.747474374043
3.8400000000000016,0.00075,346.7847018882138
3.8600000000000017,0.00075,346.8192098529344
3.8800000000000017,0.00075,346.85073065626113
3.9000000000000017,0.00075,346.8797392300478
3.9200000000000017,0.00075,346.9059971925395
3.9400000000000017,0.00075,346.9299353421816
3.9600000000000017,0.00075,346.9513410844486
3.9800000000000018,0.00075,346.97060541692036
4.000000000000002,0.00075,346.98753854245194
4.000000000000002,0.0,349.60404575451895
4.020000000000001,0.0,349.53864506441937
4.040000000000002,0.0,349.4288927380157
4.060000000000001,0.0,349.364790168979
4.080000000000002,0.0,349.26135384347083
4.100000000000001,0.0,349.19900052730094
4.120000000000002,0.0,349.1017007084955
4.1400000000000015,0.0,349.0422208408802
4.160000000000002,0.0,348.9530631621254
4.1800000000000015,0.0,348.9010192641075
4.200000000000002,0.0,348.82660638352377
4.2200000000000015,0.0,348.7910875466366
4.240000000000002,0.0,348.7412472542025
4.260000000000002,0.0,348.73221966354436
4.280000000000002,0.0,348.7153392923186
4.300000000000002,0.0,348.73956716478676
4.320000000000002,0.0,348.76001392784156
4.340000000000002,0.0,348.8200701413218
4.360000000000002,0.0,348.8783707483629
4.380000000000002,0.0,348.9743117708252
4.400000000000002,0.0,349.06832268780397
4.420000000000002,0.0,349.1964183594594
4.440000000000002,0.0,349.3225381080896
4.460000000000002,0.0,349.4790765672842
4.480000000000002,0.0,349.63306588928555
4.500000000000002,0.0,349.81387051856575
4.520000000000002,0.0,349.99140739129075
4.540000000000002,0.0,350.19237376433773
4.560000000000002,0.0,350.3893622848306
4.580000000000002,0.0,350.60668979370246
4.600000000000002,0.0,350.81941262146876
4.620000000000002,0.0,351.0497055660573
4.640000000000002,0.0,351.27488099284403
4.660000000000002,0.0,351.515175662035
4.680000000000002,0.0,351.74996016332375
4.700000000000002,0.0,351.99771148382104
4.720000000000002,0.0,352.23967348592186
4.740000000000002,0.0,352.49272150065894
4.7600000000000025,0.0,352.73980183259425
4.780000000000002,0.0,352.9963298753924
4.8000000000000025,0.0,353.24679782901813
4.000000000000002,1.8750000000000002e-05,349.7355180714494
4.020000000000001,1.8750000000000002e-05,349.63499394831183
4.040000000000002,1.8750000000000002e-05,349.5583851643606
4.060000000000001,1.8750000000000002e-05,349.46278512315706
4.080000000000002,1.8750000000000002e-05,349.38913775884885
4.100000000000001,1.8750000000000002e-05,349.2984471907309
4.120000000000002,1.8750000000000002e-05,349.2280098487133
4.1400000000000015,1.8750000000000002e-05,349.1430813742582
4.160000000000002,1.8750000000000002e-05,349.0783343638761
4.1800000000000015,1.8750000000000002e-05,349.0036357196072
4.200000000000002,1.8750000000000002e-05,348.9516777180247
4.2200000000000015,1.8750000000000002e-05,348.89619628809373
4.240000000000002,1.8750000000000002e-05,348.86715954933277
4.260000000000002,1.8750000000000002e-05,348.84058719338265
4.280000000000002,1.8750000000000002e-05,348.84295763973154
4.300000000000002,1.8750000000000002e-05,348.85170085348966
4.320000000000002,1.8750000000000002e-05,348.8898758145938
4.340000000000002,1.8750000000000002e-05,348.93617523734514
4.360000000000002,1.8750000000000002e-05,349.0107200823251
4.380000000000002,1.8750000000000002e-05,349.0940179655226
4.400000000000002,1.8750000000000002e-05,349.20311716969826
4.420000000000002,1.8750000000000002e-05,349.31980918192784
4.440000000000002,1.8750000000000002e-05,349.4597185633043
4.460000000000002,1.8750000000000002e-05,349.60591829363545
4.480000000000002,1.8750000000000002e-05,349.7724909851937
4.500000000000002,1.8750000000000002e-05,349.9439009881363
4.520000000000002,1.8750000000000002e-05,350.1329094524264
4.540000000000002,1.8750000000000002e-05,350.3253284179976
4.560000000000002,1.8750000000000002e-05,350.5327704691292
4.580000000000002,1.8750000000000002e-05,350.7423166385041
4.600000000000002,1.8750000000000002e-05,350.9645648769451
4.620000000000002,1.8750000000000002e-05,351.1877725649395
4.640000000000002,1.8750000000000002e-05,351.4216296597094
4.660000000000002,1.8750000000000002e-05,351.6554735068482
4.680000000000002,1.8750000000000002e-05,351.89817392405365
4.700000000000002,1.8750000000000002e-05,352.14005373284454
4.720000000000002,1.8750000000000002e-05,352.3892372995296
4.740000000000002,1.8750000000000002e-05,352.6369433190971
4.7600000000000025,1.8750000000000002e-05,352.8906158351121
4.780000000000002,1.8750000000000002e-05,353.1422861218145
4.8000000000000025,1.8750000000000002e-05,353.39877577535106
4.000000000000002,3.7500000000000003e-05,349.82046796555545
4.020000000000001,3.7500000000000003e-05,349.74836622176343
4.040000000000002,3.7500000000000003e-05,349.6449979383625
4.060000000000001,3.7500000000000003e-05,349.5755110193544
4.080000000000002,3.7500000000000003e-05,349.4774327186639
4.100000000000001,3.7500000000000003e-05,349.4105974819521
4.120000000000002,3.7500000000000003e-05,349.3180211642829
4.1400000000000015,3.7500000000000003e-05,349.255111632494
4.160000000000002,3.7500000000000003e-05,349.1707869307397
4.1800000000000015,3.7500000000000003e-05,349.11704630889534
4.200000000000002,3.7500000000000003e-05,349.048503370881
4.2200000000000015,3.7500000000000003e-05,349.0135069636481
4.240000000000002,3.7500000000000003e-05,348.9708256022316
4.260000000000002,3.7500000000000003e-05,348.9642305756433
4.280000000000002,3.7500000000000003e-05,348.95534817663935
4.300000000000002,3.7500000000000003e-05,348.9832144289474
4.320000000000002,3.7500000000000003e-05,349.0118900522111
4.340000000000002,3.7500000000000003e-05,349.0761325094017
4.360000000000002,3.7500000000000003e-05,349.142414245203
4.380000000000002,3.7500000000000003e-05,349.24208403565734
4.400000000000002,3.7500000000000003e-05,349.343833935439
4.420000000000002,3.7500000000000003e-05,349.47555935895633
4.440000000000002,3.7500000000000003e-05,349.6087281094652
4.460000000000002,3.7500000000000003e-05,349.7685723697777
4.480000000000002,3.7500000000000003e-05,349.92888628293304
4.500000000000002,3.7500000000000003e-05,350.11261369042086
4.520000000000002,3.7500000000000003e-05,350.2957664318153
4.540000000000002,3.7500000000000003e-05,350.4992705775544
4.560000000000002,3.7500000000000003e-05,350.70121316153177
4.580000000000002,3.7500000000000003e-05,350.9207191292284
4.600000000000002,3.7500000000000003e-05,351.1377959870965
4.620000000000002,3.7500000000000003e-05,351.36994601692265
4.640000000000002,3.7500000000000003e-05,351.59894167779606
4.660000000000002,3.7500000000000003e-05,351.8408136607122
4.680000000000002,3.7500000000000003e-05,352.0789493633892
4.700000000000002,3.7500000000000003e-05,352.3280388630512
4.720000000000002,3.7500000000000003e-05,352.57294324499867
4.740000000000002,3.7500000000000003e-05,352.8271276778915
4.7600000000000025,3.7500000000000003e-05,353.0767958782292
4.780000000000002,3.7500000000000003e-05,353.3342917346823
4.8000000000000025,3.7500000000000003e-05,353.5870411018347
4.000000000000002,5.6250000000000005e-05,349.91744515801724
4.020000000000001,5.6250000000000005e-05,349.82293220947474
4.040000000000002,5.6250000000000005e-05,349.742078891623
4.060000000000001,5.6250000000000005e-05,349.6521629089738
4.080000000000002,5.6250000000000005e-05,349.57476668346465
4.100000000000001,5.6250000000000005e-05,349.4892613910647
4.120000000000002,5.6250000000000005e-05,349.41588492100357
4.1400000000000015,5.6250000000000005e-05,349.3363821150859
4.160000000000002,5.6250000000000005e-05,349.2706724444137
4.1800000000000015,5.6250000000000005e-05,349.2033029969254
4.200000000000002,5.6250000000000005e-05,349.1538866478647
4.2200000000000015,5.6250000000000005e-05,349.1087473921711
4.240000000000002,5.6250000000000005e-05,349.0859246012955
4.260000000000002,5.6250000000000005e-05,349.07218497008375
4.280000000000002,5.6250000000000005e-05,349.0832971403163
4.300000000000002,5.6250000000000005e-05,349.1060817769662
4.320000000000002,5.6250000000000005e-05,349.1541508847636
4.340000000000002,5.6250000000000005e-05,349.2145253859652
4.360000000000002,5.6250000000000005e-05,349.29905176622225
4.380000000000002,5.6250000000000005e-05,349.39535588750834
4.400000000000002,5.6250000000000005e-05,349.5138547380178
4.420000000000002,5.6250000000000005e-05,349.642546518281
4.440000000000002,5.6250000000000005e-05,349.7908877961821
4.460000000000002,5.6250000000000005e-05,349.94775691282325
4.480000000000002,5.6250000000000005e-05,350.1216833195077
4.500000000000002,5.6250000000000005e-05,350.30239673275327
4.520000000000002,5.6250000000000005e-05,350.49768401042627
4.540000000000002,5.6250000000000005e-05,350.69810717580077
4.560000000000002,5.6250000000000005e-05,350.9108228076578
4.580000000000002,5.6250000000000005e-05,351.1271880714514
4.600000000000002,5.6250000000000005e-05,351.35380587829053
4.620000000000002,5.6250000000000005e-05,351.5827792567743
4.640000000000002,5.6250000000000005e-05,351.82021335065207
4.660000000000002,5.6250000000000005e-05,352.0589022704486
4.680000000000002,5.6250000000000005e-05,352.30449676710316
4.700000000000002,5.6250000000000005e-05,352.5504262326765
4.720000000000002,5.6250000000000005e-05,352.8019226383403
4.740000000000002,5.6250000000000005e-05,353.05299648353616
4.7600000000000025,5.6250000000000005e-05,353.3084916122741
4.780000000000002,5.6250000000000005e-05,353.56294849246245
4.8000000000000025,5.6250000000000005e-05,353.8208501748204
4.000000000000002,7.500000000000001e-05,349.9821900785144
4.020000000000001,7.500000000000001e-05,349.9012598576714
4.040000000000002,7.500000000000001e-05,349.8090241309612
4.060000000000001,7.500000000000001e-05,349.73182430214894
4.080000000000002,7.500000000000001e-05,349.64387638660025
4.100000000000001,7.500000000000001e-05,349.5703205335435
4.120000000000002,7.500000000000001e-05,349.48747418176305
4.1400000000000015,7.500000000000001e-05,349.4199144498064
4.160000000000002,7.500000000000001e-05,349.34691480084894
4.1800000000000015,7.500000000000001e-05,349.29296923923016
4.200000000000002,7.500000000000001e-05,349.2397189617323
4.2200000000000015,7.500000000000001e-05,349.2102990107914
4.240000000000002,7.500000000000001e-05,349.18707750925523
4.260000000000002,7.500000000000001e-05,349.1907563686215
4.280000000000002,7.500000000000001e-05,349.2038300622265
4.300000000000002,7.500000000000001e-05,349.2445844119488
4.320000000000002,7.500000000000001e-05,349.295777750998
4.340000000000002,7.500000000000001e-05,349.37367414315787
4.360000000000002,7.500000000000001e-05,349.4615860201509
4.380000000000002,7.500000000000001e-05,349.57424817868065
4.400000000000002,7.500000000000001e-05,349.6957801361859
4.420000000000002,7.500000000000001e-05,349.8394325770158
4.440000000000002,7.500000000000001e-05,349.9902466883815
4.460000000000002,7.500000000000001e-05,350.160512245704
4.480000000000002,7.500000000000001e-05,350.33623649214013
4.500000000000002,7.500000000000001e-05,350.52879789386066
4.520000000000002,7.500000000000001e-05,350.7252034581461
4.540000000000002,7.500000000000001e-05,350.93601819724006
4.560000000000002,7.500000000000001e-05,351.1492257338178
4.580000000000002,7.500000000000001e-05,351.3746536373801
4.600000000000002,7.500000000000001e-05,351.60121623829605
4.620000000000002,7.500000000000001e-05,351.83806251787405
4.640000000000002,7.500000000000001e-05,352.07498132419454
4.660000000000002,7.500000000000001e-05,352.320490925403
4.680000000000002,7.500000000000001e-05,352.5651947992759
4.700000000000002,7.500000000000001e-05,352.81702157496306
4.720000000000002,7.500000000000001e-05,353.0673294708786
4.740000000000002,7.500000000000001e-05,353.3234942707526
4.7600000000000025,7.500000000000001e-05,353.57757107780725
4.780000000000002,7.500000000000001e-05,353.8364167877822
4.8000000000000025,7.500000000000001e-05,354.0927286157916
4.000000000000002,9.375e-05,350.04365196938545
4.020000000000001,9.375e-05,349.95572332550694
4.040000000000002,9.375e-05,349.87272028621913
4.060000000000001,9.375e-05,349.7888644063858
4.080000000000002,9.375e-05,349.7097160589931
4.100000000000001,9.375e-05,349.63002766757535
4.120000000000002,9.375e-05,349.5560133157305
4.1400000000000015,9.375e-05,349.4838689376214
4.160000000000002,9.375e-05,349.4213396513879
4.1800000000000015,9.375e-05,349.36623613933926
4.200000000000002,9.375e-05,349.326713256222
4.2200000000000015,9.375e-05,349.3003412063893
4.240000000000002,9.375e-05,349.2939296428624
4.260000000000002,9.375e-05,349.3038703526994
4.280000000000002,9.375e-05,349.3354400085152
4.300000000000002,9.375e-05,349.3841104169116
4.320000000000002,9.375e-05,349.45403025630014
4.340000000000002,9.375e-05,349.54018950649436
4.360000000000002,9.375e-05,349.64601036141215
4.380000000000002,9.375e-05,349.76639356052175
4.400000000000002,9.375e-05,349.9043555677891
4.420000000000002,9.375e-05,350.0547745848561
4.440000000000002,9.375e-05,350.22034158237875
4.460000000000002,9.375e-05,350.3962205861814
4.480000000000002,9.375e-05,350.58494528345267
4.500000000000002,9.375e-05,350.78195056580194
4.520000000000002,9.375e-05,350.98966690108733
4.540000000000002,9.375e-05,351.20382987083855
4.560000000000002,9.375e-05,351.42678854024297
4.580000000000002,9.375e-05,351.6545862041671
4.600000000000002,9.375e-05,351.8894980105823
4.620000000000002,9.375e-05,352.1278676933207
4.640000000000002,9.375e-05,352.3718966858231
4.660000000000002,9.375e-05,352.6182143664414
4.680000000000002,9.375e-05,352.86894540571797
4.700000000000002,9.375e-05,353.1209865885399
4.720000000000002,9.375e-05,353.37638181790936
4.740000000000002,9.375e-05,353.6322759331028
4.7600000000000025,9.375e-05,353.89062833237546
4.780000000000002,9.375e-05,354.14881272954
4.8000000000000025,9.375e-05,354.4087011324255
4.000000000000002,0.00011250000000000001,350.085916631704
4.020000000000001,0.00011250000000000001,350.00221036719734
4.040000000000002,0.00011250000000000001,349.91808428418705
4.060000000000001,0.00011250000000000001,349.8383167582583
4.080000000000002,0.00011250000000000001,349.7580493069127
4.100000000000001,0.00011250000000000001,349.68260992085044
4.120000000000002,0.00011250000000000001,349.60821142351426
4.1400000000000015,0.00011250000000000001,349.54190283694413
4.160000000000002,0.00011250000000000001,349.48187399029655
4.1800000000000015,0.00011250000000000001,349.4365216904355
4.200000000000002,0.00011250000000000001,349.4041881939485
4.2200000000000015,0.00011250000000000001,349.3921247956423
4.240000000000002,0.00011250000000000001,349.39705115150707
4.260000000000002,0.00011250000000000001,349.4244365359427
4.280000000000002,0.00011250000000000001,349.4696712344126
4.300000000000002,0.00011250000000000001,349.5370152895844
4.320000000000002,0.00011250000000000001,349.62117255012384
4.340000000000002,0.00011250000000000001,349.7257185132722
4.360000000000002,0.00011250000000000001,349.84512632266456
4.380000000000002,0.00011250000000000001,349.9826377802827
4.400000000000002,0.00011250000000000001,350.1327987163842
4.420000000000002,0.00011250000000000001,350.29861347618504
4.440000000000002,0.00011250000000000001,350.4747423470871
4.460000000000002,0.00011250000000000001,350.66412452168083
4.480000000000002,0.00011250000000000001,350.86169730545777
4.500000000000002,0.00011250000000000001,351.0703334369162
4.520000000000002,0.00011250000000000001,351.28526077673547
4.540000000000002,0.00011250000000000001,351.50930432699124
4.560000000000002,0.00011250000000000001,351.7379860151795
4.580000000000002,0.00011250000000000001,351.97408369068904
4.600000000000002,0.00011250000000000001,352.2134077322376
4.620000000000002,0.00011250000000000001,352.45868143119634
4.640000000000002,0.00011250000000000001,352.7059923310388
4.660000000000002,0.00011250000000000001,352.95799910046264
4.680000000000002,0.00011250000000000001,353.21105225632954
4.700000000000002,0.00011250000000000001,353.46773574106527
4.720000000000002,0.00011250000000000001,353.72464770560526
4.740000000000002,0.00011250000000000001,353.98428845408284
4.7600000000000025,0.00011250000000000001,354.243488304756
4.780000000000002,0.00011250000000000001,354.5046567046712
4.8000000000000025,0.00011250000000000001,354.7648411018725
4.000000000000002,0.00013125000000000002,350.11666282747746
4.020000000000001,0.00013125000000000002,350.0336334642964
4.040000000000002,0.00013125000000000002,349.9525759677928
4.060000000000001,0.00013125000000000002,349.8732880868797
4.080000000000002,0.00013125000000000002,349.7961247510754
4.100000000000001,0.00013125000000000002,349.72145523444135
4.120000000000002,0.00013125000000000002,349.6512458667818
4.1400000000000015,0.00013125000000000002,349.5879956175393
4.160000000000002,0.00013125000000000002,349.5359861114891
4.1800000000000015,0.00013125000000000002,349.4987670242293
4.200000000000002,0.00013125000000000002,349.48009670930674
4.2200000000000015,0.00013125000000000002,349.4815606920731
4.240000000000002,0.00013125000000000002,349.50470024098433
4.260000000000002,0.00013125000000000002,349.54906966492103
4.280000000000002,0.00013125000000000002,349.6147811996098
4.300000000000002,0.00013125000000000002,349.7003260541941
4.320000000000002,0.00013125000000000002,349.80520239903154
4.340000000000002,0.00013125000000000002,349.927484307828
4.360000000000002,0.00013125000000000002,350.06650473316444
4.380000000000002,0.00013125000000000002,350.2202622860338
4.400000000000002,0.00013125000000000002,350.3881600760004
4.420000000000002,0.00013125000000000002,350.5682343400546
4.440000000000002,0.00013125000000000002,350.759956213205
4.460000000000002,0.00013125000000000002,350.96148456973833
4.480000000000002,0.00013125000000000002,351.17246134131057
4.500000000000002,0.00013125000000000002,351.3911833799091
4.520000000000002,0.00013125000000000002,351.6174391471375
4.540000000000002,0.00013125000000000002,351.84966865735237
4.560000000000002,0.00013125000000000002,352.08779106110035
4.580000000000002,0.00013125000000000002,352.3303822819052
4.600000000000002,0.00013125000000000002,352.5774745897868
4.620000000000002,0.00013125000000000002,352.82776859162055
4.640000000000002,0.00013125000000000002,353.08139155422555
4.660000000000002,0.00013125000000000002,353.337156713567
4.680000000000002,0.00013125000000000002,353.59526904962905
4.700000000000002,0.00013125000000000002,353.85464283659576
4.720000000000002,0.00013125000000000002,354.11554507051443
4.740000000000002,0.00013125000000000002,354.3769804546788
4.7600000000000025,0.00013125000000000002,354.6392641761168
4.780000000000002,0.00013125000000000002,354.9014819023159
4.8000000000000025,0.00013125000000000002,355.1639850844712
4.000000000000002,0.00015000000000000001,350.13368042467226
4.020000000000001,0.00015000000000000001,350.0528524963798
4.040000000000002,0.00015000000000000001,349.97387352221915
4.060000000000001,0.00015000000000000001,349.8966881199492
4.080000000000002,0.00015000000000000001,349.8215845545008
4.100000000000001,0.00015000000000000001,349.74960229228105
4.120000000000002,0.00015000000000000001,349.68298607250904
4.1400000000000015,0.00015000000000000001,349.6256908273256
4.160000000000002,0.00015000000000000001,349.5822744230994
4.1800000000000015,0.00015000000000000001,349.5573968091444
4.200000000000002,0.00015000000000000001,349.5539562686723
4.2200000000000015,0.00015000000000000001,349.57385097125393
4.240000000000002,0.00015000000000000001,349.61706213653804
4.260000000000002,0.00015000000000000001,349.6833794724541
4.280000000000002,0.00015000000000000001,349.77126760407623
4.300000000000002,0.00015000000000000001,349.87970485819795
4.320000000000002,0.00015000000000000001,350.0066474878205
4.340000000000002,0.00015000000000000001,350.15095246289667
4.360000000000002,0.00015000000000000001,350.31052803823263
4.380000000000002,0.00015000000000000001,350.4843880915075
4.400000000000002,0.00015000000000000001,350.6705835879561
4.420000000000002,0.00015000000000000001,350.8683506636372
4.440000000000002,0.00015000000000000001,351.0758682454841
4.460000000000002,0.00015000000000000001,351.2925875275077
4.480000000000002,0.00015000000000000001,351.5168694550627
4.500000000000002,0.00015000000000000001,351.74837199948564
4.520000000000002,0.00015000000000000001,351.98560600148295
4.540000000000002,0.00015000000000000001,352.2284055211336
4.560000000000002,0.00015000000000000001,352.4754130192167
4.580000000000002,0.00015000000000000001,352.72660830631537
4.600000000000002,0.00015000000000000001,352.98074879900065
4.620000000000002,0.00015000000000000001,353.23793336191954
4.640000000000002,0.00015000000000000001,353.49701955055474
4.660000000000002,0.00015000000000000001,353.75820239418175
4.680000000000002,0.00015000000000000001,354.02042691035666
4.700000000000002,0.00015000000000000001,354.2839648516932
4.720000000000002,0.00015000000000000001,354.54783806761367
4.740000000000002,0.00015000000000000001,354.8123785944854
4.7600000000000025,0.00015000000000000001,355.07667627406664
4.780000000000002,0.00015000000000000001,355.3411095651213
4.8000000000000025,0.00015000000000000001,355.60482896632215
4.000000000000002,0.00016875,350.1378708328984
4.020000000000001,0.00016875,350.05960645848876
4.040000000000002,0.00016875,349.9829474743397
4.060000000000001,0.00016875,349.9081455479555
4.080000000000002,0.00016875,349.8355132338441
4.100000000000001,0.00016875,349.76674069750834
4.120000000000002,0.00016875,349.7049452872522
4.1400000000000015,0.00016875,349.65526846441884
4.160000000000002,0.00016875,349.6232387645067
4.1800000000000015,0.00016875,349.6137038792755
4.200000000000002,0.00016875,349.6293432394117
4.2200000000000015,0.00016875,349.67111923987903
4.240000000000002,0.00016875,349.7384076123976
4.260000000000002,0.00016875,349.82989647011357
4.280000000000002,0.00016875,349.94365932951376
4.300000000000002,0.00016875,350.07771852113683
4.320000000000002,0.00016875,350.2299686004434
4.340000000000002,0.00016875,350.3984833267108
4.360000000000002,0.00016875,350.5813906069194
4.380000000000002,0.00016875,350.77703762169654
4.400000000000002,0.00016875,350.9838930250724
4.420000000000002,0.00016875,351.2005981865581
4.440000000000002,0.00016875,351.4259029856478
4.460000000000002,0.00016875,351.6586824414249
4.480000000000002,0.00016875,351.8979497141814
4.500000000000002,0.00016875,352.1427881049557
4.520000000000002,0.00016875,352.3924172285087
4.540000000000002,0.00016875,352.64608239051284
4.560000000000002,0.00016875,352.9031696164386
4.580000000000002,0.00016875,353.1630510396806
4.600000000000002,0.00016875,353.4252468489439
4.620000000000002,0.00016875,353.68922948689607
4.640000000000002,0.00016875,353.9546277055825
4.660000000000002,0.00016875,354.22099406153836
4.680000000000002,0.00016875,354.48804561779224
4.700000000000002,0.00016875,354.75539949942316
4.720000000000002,0.00016875,355.0228449537056
4.740000000000002,0.00016875,355.2900515773335
4.7600000000000025,0.00016875,355.55686782670136
4.780000000000002,0.00016875,355.82300626012375
4.8000000000000025,0.00016875,356.08836399205256
4.000000000000002,0.0001875,350.12977307403713
4.020000000000001,0.0001875,350.0541756407622
4.040000000000002,0.0001875,349.9802408743667
4.060000000000001,0.0001875,349.9079885426204
4.080000000000002,0.0001875,349.8383494090387
4.100000000000001,0.0001875,349.7734806560836
4.120000000000002,0.0001875,349.71803316024364
4.1400000000000015,0.0001875,349.6782910107522
4.160000000000002,0.0001875,349.660927296899
4.1800000000000015,0.0001875,349.67057176495956
4.200000000000002,0.0001875,349.709412103889
4.2200000000000015,0.0001875,349.7772073762056
4.240000000000002,0.0001875,349.87249660169385
4.260000000000002,0.0001875,349.99288878996344
4.280000000000002,0.0001875,350.1358419446378
4.300000000000002,0.0001875,350.29864423549776
4.320000000000002,0.0001875,350.4788498812101
4.340000000000002,0.0001875,350.67410379905056
4.360000000000002,0.0001875,350.8823928834957
4.380000000000002,0.0001875,351.10185240802366
4.400000000000002,0.0001875,351.3309231042237
4.420000000000002,0.0001875,351.5681818083056
4.440000000000002,0.0001875,351.8124192991811
4.460000000000002,0.0001875,352.0625392390124
4.480000000000002,0.0001875,352.31760731174734
4.500000000000002,0.0001875,352.57679337547654
4.520000000000002,0.0001875,352.8393655835209
4.540000000000002,0.0001875,353.1046918410759
4.560000000000002,0.0001875,353.3721896525736
4.580000000000002,0.0001875,353.6413772556215
4.600000000000002,0.0001875,353.9117828087178
4.620000000000002,0.0001875,354.18304065905903
4.640000000000002,0.0001875,354.45476191099357
4.660000000000002,0.0001875,354.72667202033324
4.680000000000002,0.0001875,354.99844515968834
4.700000000000002,0.0001875,355.2698792918686
4.720000000000002,0.0001875,355.54069723504244
4.740000000000002,0.0001875,355.81075533490156
4.7600000000000025,0.0001875,356.079814432284
4.780000000000002,0.0001875,356.3477783064318
4.8000000000000025,0.0001875,356.6144378754628
4.000000000000002,0.00020625000000000003,350.1096817302045
4.020000000000001,0.00020625000000000003,350.0371190641705
4.040000000000002,0.00020625000000000003,349.9660380366124
4.060000000000001,0.00020625000000000003,349.89674716668156
4.080000000000002,0.00020625000000000003,349.8304929734611
4.100000000000001,0.00020625000000000003,349.77065979588855
4.120000000000002,0.00020625000000000003,349.7233980606137
4.1400000000000015,0.00020625000000000003,349.6967399033026
4.160000000000002,0.00020625000000000003,349.69795947853606
4.1800000000000015,0.00020625000000000003,349.73141228944394
4.200000000000002,0.00020625000000000003,349.79803547280267
4.2200000000000015,0.00020625000000000003,349.89642203708377
4.240000000000002,0.00020625000000000003,350.02381922084015
4.260000000000002,0.00020625000000000003,350.176952295349
4.280000000000002,0.00020625000000000003,350.3523945824953
4.300000000000002,0.00020625000000000003,350.5469387127325
4.320000000000002,0.00020625000000000003,350.7576251540916
4.340000000000002,0.00020625000000000003,350.98188550759426
4.360000000000002,0.00020625000000000003,351.2174473660519
4.380000000000002,0.00020625000000000003,351.46240415749537
4.400000000000002,0.00020625000000000003,351.71509248046107
4.420000000000002,0.00020625000000000003,351.9741408414349
4.440000000000002,0.00020625000000000003,352.23833744546306
4.460000000000002,0.00020625000000000003,352.5066835689545
4.480000000000002,0.00020625000000000003,352.77829218656575
4.500000000000002,0.00020625000000000003,353.05244082048785
4.520000000000002,0.00020625000000000003,353.3284755078857
4.540000000000002,0.00020625000000000003,353.6058656667471
4.560000000000002,0.00020625000000000003,353.88412263560423
4.580000000000002,0.00020625000000000003,354.16285128957907
4.600000000000002,0.00020625000000000003,354.441681569613
4.620000000000002,0.00020625000000000003,354.72031538343145
4.640000000000002,0.00020625000000000003,354.998469421427
4.660000000000002,0.00020625000000000003,355.2759162543115
4.680000000000002,0.00020625000000000003,355.55243740883634
4.700000000000002,0.00020625000000000003,355.82785782036103
4.720000000000002,0.00020625000000000003,356.1020085163161
4.740000000000002,0.00020625000000000003,356.3747538943976
4.7600000000000025,0.00020625000000000003,356.6459635146118
4.780000000000002,0.00020625000000000003,356.9155319634558
4.8000000000000025,0.00020625000000000003,357.18335930094224
4.000000000000002,0.00022500000000000002,350.07816411546935
4.020000000000001,0.00022500000000000002,350.0088184088184
4.040000000000002,0.00022500000000000002,349.9408710290675
4.060000000000001,0.00022500000000000002,349.87481830684015
4.080000000000002,0.00022500000000000002,349.81263566842637
4.100000000000001,0.00022500000000000002,349.7591911656729
4.120000000000002,0.00022500000000000002,349.72276300842344
4.1400000000000015,0.00022500000000000002,349.71307588343575
4.160000000000002,0.00022500000000000002,349.73781814850287
4.1800000000000015,0.00022500000000000002,349.80032049333073
4.200000000000002,0.00022500000000000002,349.8999566567967
4.2200000000000015,0.00022500000000000002,350.03372427611794
4.240000000000002,0.00022500000000000002,350.1975983749608
4.260000000000002,0.00022500000000000002,350.3872298151078
4.280000000000002,0.00022500000000000002,350.5984606236436
4.300000000000002,0.00022500000000000002,350.8274954460903
4.320000000000002,0.00022500000000000002,351.07103950174906
4.340000000000002,0.00022500000000000002,351.32624756173675
4.360000000000002,0.00022500000000000002,351.5907511633948
4.380000000000002,0.00022500000000000002,351.86254637930654
4.400000000000002,0.00022500000000000002,352.14000326615286
4.420000000000002,0.00022500000000000002,352.42174986172375
4.440000000000002,0.00022500000000000002,352.7066787520611
4.460000000000002,0.00022500000000000002,352.9938437864837
4.480000000000002,0.00022500000000000002,353.28248913514255
4.500000000000002,0.00022500000000000002,353.57196383200244
4.520000000000002,0.00022500000000000002,353.8617523002171
4.540000000000002,0.00022500000000000002,354.15140095280236
4.560000000000002,0.00022500000000000002,354.44055451362163
4.580000000000002,0.00022500000000000002,354.7288926657171
4.600000000000002,0.00022500000000000002,355.01616776278394
4.620000000000002,0.00022500000000000002,355.3021506448889
4.640000000000002,0.00022500000000000002,355.58666687135866
4.660000000000002,0.00022500000000000002,355.869550790477
4.680000000000002,0.00022500000000000002,356.1506785554765
4.700000000000002,0.00022500000000000002,356.429929763775
4.720000000000002,0.00022500000000000002,356.70721614499615
4.740000000000002,0.00022500000000000002,356.9824503336341
4.7600000000000025,0.00022500000000000002,357.2555695079183
4.780000000000002,0.00022500000000000002,357.5265110220352
4.8000000000000025,0.00022500000000000002,357.7952305465514
4.000000000000002,0.00024375000000000002,350.03571337454855
4.020000000000001,0.00024375000000000002,349.96979557599633
4.040000000000002,0.00024375000000000002,349.90520204659407
4.060000000000001,0.00024375000000000002,349.84276130679643
4.080000000000002,0.00024375000000000002,349.78549651685637
4.100000000000001,0.00024375000000000002,349.74036702295047
4.120000000000002,0.00024375000000000002,349.7182383598438
4.1400000000000015,0.00024375000000000002,349.7305241012508
4.160000000000002,0.00024375000000000002,349.78466634417185
4.1800000000000015,0.00024375000000000002,349.8822631552977
4.200000000000002,0.00024375000000000002,350.02058044741625
4.2200000000000015,0.00024375000000000002,350.19483238961215
4.240000000000002,0.00024375000000000002,350.39958098196655
4.260000000000002,0.00024375000000000002,350.62945367046666
4.280000000000002,0.00024375000000000002,350.87956130988283
4.300000000000002,0.00024375000000000002,351.14564498288297
4.320000000000002,0.00024375000000000002,351.4240975421493
4.340000000000002,0.00024375000000000002,351.71192501127115
4.360000000000002,0.00024375000000000002,352.0066744843446
4.380000000000002,0.00024375000000000002,352.3063566589738
4.400000000000002,0.00024375000000000002,352.60937088977096
4.420000000000002,0.00024375000000000002,352.914438431133
4.440000000000002,0.00024375000000000002,353.2205366212929
4.460000000000002,0.00024375000000000002,353.52685004906147
4.480000000000002,0.00024375000000000002,353.8327275276142
4.500000000000002,0.00024375000000000002,354.1376562749421
4.520000000000002,0.00024375000000000002,354.44122767062146
4.540000000000002,0.00024375000000000002,354.74312244255196
4.560000000000002,0.00024375000000000002,355.0430859443198
4.580000000000002,0.00024375000000000002,355.34092196875116
4.600000000000002,0.00024375000000000002,355.6364735075787
4.620000000000002,0.00024375000000000002,355.9296225702691
4.640000000000002,0.00024375000000000002,356.2202742701767
4.660000000000002,0.00024375000000000002,356.5083605158537
4.680000000000002,0.00024375000000000002,356.79382620296474
4.700000000000002,0.00024375000000000002,357.0766352927684
4.720000000000002,0.00024375000000000002,357.35675839789707
4.740000000000002,0.00024375000000000002,357.63418025136144
4.7600000000000025,0.00024375000000000002,357.90888828992934
4.780000000000002,0.00024375000000000002,358.18088083973197
4.8000000000000025,0.00024375000000000002,358.45015649923033
4.000000000000002,0.00026250000000000004,349.9828816841483
4.020000000000001,0.00026250000000000004,349.9205812534632
4.040000000000002,0.00026250000000000004,349.85956240945575
4.060000000000001,0.00026250000000000004,349.80119136030333
4.080000000000002,0.00026250000000000004,349.7500351859879
4.100000000000001,0.00026250000000000004,349.71589858204766
4.120000000000002,0.00026250000000000004,349.712704181035
4.1400000000000015,0.00026250000000000004,349.753233174798
4.160000000000002,0.00026250000000000004,349.84373058396045
4.1800000000000015,0.00026250000000000004,349.98317185883667
4.200000000000002,0.00026250000000000004,350.1662530209795
4.2200000000000015,0.00026250000000000004,350.38622966721493
4.240000000000002,0.00026250000000000004,350.6362255517203
4.260000000000002,0.00026250000000000004,350.90989312837246
4.280000000000002,0.00026250000000000004,351.2017177989756
4.300000000000002,0.00026250000000000004,351.5070692922567
4.320000000000002,0.00026250000000000004,351.82214151482316
4.340000000000002,0.00026250000000000004,352.1438698942277
4.360000000000002,0.00026250000000000004,352.46980928324353
4.380000000000002,0.00026250000000000004,352.79803702508383
4.400000000000002,0.00026250000000000004,353.12705223049505
4.420000000000002,0.00026250000000000004,353.45569851342316
4.440000000000002,0.00026250000000000004,353.78308975085787
4.460000000000002,0.00026250000000000004,354.10855310555746
4.480000000000002,0.00026250000000000004,354.4315824790097
4.500000000000002,0.00026250000000000004,354.7518049005756
4.520000000000002,0.00026250000000000004,355.0689505870622
4.540000000000002,0.00026250000000000004,355.382829466561
4.560000000000002,0.00026250000000000004,355.6933138090433
4.580000000000002,0.00026250000000000004,356.00032238579854
4.600000000000002,0.00026250000000000004,356.30381119256526
4.620000000000002,0.00026250000000000004,356.6037622002067
4.640000000000002,0.00026250000000000004,356.9001794741265
4.660000000000002,0.00026250000000000004,357.1930805076512
4.680000000000002,0.00026250000000000004,357.4824959020536
4.700000000000002,0.00026250000000000004,357.76846211755543
4.720000000000002,0.00026250000000000004,358.0510234593492
4.740000000000002,0.00026250000000000004,358.3302255994484
4.7600000000000025,0.00026250000000000004,358.6061190229903
4.780000000000002,0.00026250000000000004,358.8787529809989
4.8000000000000025,0.00026250000000000004,359.1481798231175
4.000000000000002,0.00028125000000000003,349.92025328570213
4.020000000000001,0.00028125000000000003,349.8617301788798
4.040000000000002,0.00028125000000000003,349.80452369690425
4.060000000000001,0.00028125000000000003,349.75081762075587
4.080000000000002,0.00028125000000000003,349.7074644255018
4.100000000000001,0.00028125000000000003,349.6880288615657
4.120000000000002,0.00028125000000000003,349.7098685354945
4.1400000000000015,0.00028125000000000003,349.7863693091806
4.160000000000002,0.00028125000000000003,349.9212672937206
4.1800000000000015,0.00028125000000000003,350.10993862596587
4.200000000000002,0.00028125000000000003,350.3441520776457
4.2200000000000015,0.00028125000000000003,350.61511423724966
4.240000000000002,0.00028125000000000003,350.91456399483536
4.260000000000002,0.00028125000000000003,351.23529333371454
4.280000000000002,0.00028125000000000003,351.57131167960887
4.300000000000002,0.00028125000000000003,351.91774560645456
4.320000000000002,0.00028125000000000003,352.2707216267245
4.340000000000002,0.00028125000000000003,352.62720538644675
4.360000000000002,0.00028125000000000003,352.98485322852906
4.380000000000002,0.00028125000000000003,353.3418790091084
4.400000000000002,0.00028125000000000003,353.69694379110456
4.420000000000002,0.00028125000000000003,354.04905923368676
4.440000000000002,0.00028125000000000003,354.39751434228623
4.460000000000002,0.00028125000000000003,354.74180716050574
4.480000000000002,0.00028125000000000003,355.081600046753
4.500000000000002,0.00028125000000000003,355.41667845790187
4.520000000000002,0.00028125000000000003,355.7469244600246
4.540000000000002,0.00028125000000000003,356.0722895958979
4.560000000000002,0.00028125000000000003,356.392779387789
4.580000000000002,0.00028125000000000003,356.70843642664073
4.600000000000002,0.00028125000000000003,357.01933170204353
4.620000000000002,0.00028125000000000003,357.3255540295025
4.640000000000002,0.00028125000000000003,357.627205605243
4.660000000000002,0.00028125000000000003,357.9243953602289
4.680000000000002,0.00028125000000000003,358.2172369822798
4.700000000000002,0.00028125000000000003,358.5058447629945
4.720000000000002,0.00028125000000000003,358.7903329553342
4.740000000000002,0.00028125000000000003,359.07081324217177
4.7600000000000025,0.00028125000000000003,359.3473947411891
4.780000000000002,0.00028125000000000003,359.62018255008724
4.8000000000000025,0.00028125000000000003,359.8892780004726
4.000000000000002,0.00030000000000000003,349.84843057376236
4.020000000000001,0.00030000000000000003,349.7938339391685
4.040000000000002,0.00030000000000000003,349.7407010439269
4.060000000000001,0.00030000000000000003,349.6925136572628
4.080000000000002,0.00030000000000000003,349.659419102368
4.100000000000001,0.00030000000000000003,349.6598540255114
4.120000000000002,0.00030000000000000003,349.714662726234
4.1400000000000015,0.00030000000000000003,349.83648708588186
4.160000000000002,0.00030000000000000003,350.0248476973857
4.1800000000000015,0.00030000000000000003,350.27061669170894
4.200000000000002,0.00030000000000000003,350.5624253489363
4.2200000000000015,0.00030000000000000003,350.8894732482045
4.240000000000002,0.00030000000000000003,351.2422438635739
4.260000000000002,0.00030000000000000003,351.61287416911784
4.280000000000002,0.00030000000000000003,351.99507521645677
4.300000000000002,0.00030000000000000003,352.38390470766916
4.320000000000002,0.00030000000000000003,352.77556119551355
4.340000000000002,0.00030000000000000003,353.1671646096482
4.360000000000002,0.00030000000000000003,353.5565648335703
4.380000000000002,0.00030000000000000003,353.942195021311
4.400000000000002,0.00030000000000000003,354.3229349603739
4.420000000000002,0.00030000000000000003,354.69801743267607
4.440000000000002,0.00030000000000000003,355.06693980037284
4.460000000000002,0.00030000000000000003,355.42940318265755
4.480000000000002,0.00030000000000000003,355.78525719335386
4.500000000000002,0.00030000000000000003,356.1344654238915
4.520000000000002,0.00030000000000000003,356.4770719600163
4.540000000000002,0.00030000000000000003,356.8131815024944
4.560000000000002,0.00030000000000000003,357.14293790712475
4.580000000000002,0.00030000000000000003,357.4665140838511
4.600000000000002,0.00030000000000000003,357.7840982199117
4.620000000000002,0.00030000000000000003,358.09588934422277
4.640000000000002,0.00030000000000000003,358.4020884921183
4.660000000000002,0.00030000000000000003,358.7028974324894
4.680000000000002,0.00030000000000000003,358.9985129775344
4.700000000000002,0.00030000000000000003,359.28912740138804
4.720000000000002,0.00030000000000000003,359.57492473802273
4.740000000000002,0.00030000000000000003,359.85608203775513
4.7600000000000025,0.00030000000000000003,360.1327669241087
4.780000000000002,0.00030000000000000003,360.40513919605974
4.8000000000000025,0.00030000000000000003,360.6733491938551
4.000000000000002,0.00031875,349.76804310158093
4.020000000000001,0.00031875,349.71750012132225
4.040000000000002,0.00031875,349.6687704446207
4.060000000000001,0.00031875,349.62734020559407
4.080000000000002,0.00031875,349.6080647988191
4.100000000000001,0.00031875,349.6354543083603
4.120000000000002,0.00031875,349.7333671390064
4.1400000000000015,0.00031875,349.9115458703131
4.160000000000002,0.00031875,350.1633100327276
4.1800000000000015,0.00031875,350.4743118875385
4.200000000000002,0.00031875,350.83007465360686
4.2200000000000015,0.00031875,351.217944098312
4.240000000000002,0.00031875,351.62740374832805
4.260000000000002,0.00031875,352.05020203900114
4.280000000000002,0.00031875,352.4799814254041
4.300000000000002,0.00031875,352.91192396592044
4.320000000000002,0.00031875,353.3424663918201
4.340000000000002,0.00031875,353.7690051388438
4.360000000000002,0.00031875,354.1896911889043
4.380000000000002,0.00031875,354.6032514529873
4.400000000000002,0.00031875,355.0088504891307
4.420000000000002,0.00031875,355.40598594975785
4.440000000000002,0.00031875,355.7944030521766
4.460000000000002,0.00031875,356.1740295350202
4.480000000000002,0.00031875,356.54492553255795
4.500000000000002,0.00031875,356.9072444949208
4.520000000000002,0.00031875,357.26120629050587
4.540000000000002,0.00031875,357.60707337193327
4.560000000000002,0.00031875,357.94513586192954
4.580000000000002,0.00031875,358.2756976304721
4.600000000000002,0.00031875,358.59906846035267
4.620000000000002,0.00031875,358.91555616980435
4.640000000000002,0.00031875,359.225462926917
4.660000000000002,0.00031875,359.52908094323016
4.680000000000002,0.00031875,359.82669122021565
4.700000000000002,0.00031875,360.1185612722345
4.720000000000002,0.00031875,360.40494527398397
4.740000000000002,0.00031875,360.6860829026983
4.7600000000000025,0.00031875,360.9622002474507
4.780000000000002,0.00031875,361.2335092570943
4.8000000000000025,0.00031875,361.5002090134265
4.000000000000002,0.0003375,349.6797352385408
4.020000000000001,0.0003375,349.6333651696935
4.040000000000002,0.0003375,349.58949354816406
4.060000000000001,0.0003375,349.55670570294353
4.080000000000002,0.0003375,349.5564516421771
4.100000000000001,0.0003375,349.6204511591788
4.120000000000002,0.0003375,349.77415428145076
4.1400000000000015,0.0003375,350.021320697823
4.160000000000002,0.0003375,350.34700337693323
4.1800000000000015,0.0003375,350.7313380283047
4.200000000000002,0.0003375,351.1570152729768
4.2200000000000015,0.0003375,351.6098287045005
4.240000000000002,0.0003375,352.07863786947007
4.260000000000002,0.0003375,352.5551403591779
4.280000000000002,0.0003375,353.0331672102361
4.300000000000002,0.0003375,353.5082519923371
4.320000000000002,0.0003375,353.97723572549313
4.340000000000002,0.0003375,354.4379262884096
4.360000000000002,0.0003375,354.88887704136425
4.380000000000002,0.0003375,355.32918761624524
4.400000000000002,0.0003375,355.75836508093147
4.420000000000002,0.0003375,356.17621831587616
4.440000000000002,0.0003375,356.5827710889484
4.460000000000002,0.0003375,356.9782040243227
4.480000000000002,0.0003375,357.3628025036293
4.500000000000002,0.0003375,357.73692418832604
4.520000000000002,0.0003375,358.1009707773444
4.540000000000002,0.0003375,358.45536965723903
4.560000000000002,0.0003375,358.8005583809395
4.580000000000002,0.0003375,359.13697486040576
4.600000000000002,0.0003375,359.46504899868944
4.620000000000002,0.0003375,359.7851982491664
4.640000000000002,0.0003375,360.09782311318526
4.660000000000002,0.0003375,360.40330594788776
4.680000000000002,0.0003375,360.7020085912867
4.700000000000002,0.0003375,360.99427297263605
4.720000000000002,0.0003375,361.2804199494187
4.740000000000002,0.0003375,361.5607508037073
4.7600000000000025,0.0003375,361.83554677663506
4.780000000000002,0.0003375,362.10507091957015
4.8000000000000025,0.0003375,362.36956801347077
4.000000000000002,0.00035625,349.5841658513522
4.020000000000001,0.00035625,349.54208566863514
4.040000000000002,0.00035625,349.50374410192626
4.060000000000001,0.00035625,349.4824550972059
4.080000000000002,0.00035625,349.5087147285321
4.100000000000001,0.00035625,349.62221548324834
4.120000000000002,0.00035625,349.8471825287892
4.1400000000000015,0.00035625,350.1773258487991
4.160000000000002,0.00035625,350.5876397894582
4.1800000000000015,0.00035625,351.05303587889387
4.200000000000002,0.00035625,351.55389517670284
4.2200000000000015,0.00035625,352.0749132961662
4.240000000000002,0.00035625,352.60484213814436
4.260000000000002,0.00035625,353.135704782007
4.280000000000002,0.00035625,353.66181552063506
4.300000000000002,0.00035625,354.1793004139757
4.320000000000002,0.00035625,354.685574118091
4.340000000000002,0.00035625,355.17898995924196
4.360000000000002,0.00035625,355.6586035914379
4.380000000000002,0.00035625,356.1239581653976
4.400000000000002,0.00035625,356.57496023862257
4.420000000000002,0.00035625,357.0117668972922
4.440000000000002,0.00035625,357.4347107542687
4.460000000000002,0.00035625,357.84424362209376
4.480000000000002,0.00035625,358.24089052570196
4.500000000000002,0.00035625,358.6252211233135
4.520000000000002,0.00035625,358.9978248588067
4.540000000000002,0.00035625,359.35929578133516
4.560000000000002,0.00035625,359.71022028944714
4.580000000000002,0.00035625,360.0511686857294
4.600000000000002,0.00035625,360.3826901557348
4.620000000000002,0.00035625,360.7053084337308
4.640000000000002,0.00035625,361.0195204637429
4.660000000000002,0.00035625,361.3257947143714
4.680000000000002,0.00035625,361.6245715594696
4.700000000000002,0.00035625,361.916263209557
4.720000000000002,0.00035625,362.2012548449471
4.740000000000002,0.00035625,362.4799054174809
4.7600000000000025,0.00035625,362.752549091399
4.780000000000002,0.00035625,363.01949641606615
4.8000000000000025,0.00035625,363.28103586885527
4.000000000000002,0.000375,349.48200270385
4.020000000000001,0.000375,349.4443501046421
4.040000000000002,0.000375,349.4126010447167
4.060000000000001,0.000375,349.4072266545576
4.080000000000002,0.000375,349.47078054980256
4.100000000000001,0.000375,349.65071656090646
4.120000000000002,0.000375,349.96522060623755
4.1400000000000015,0.000375,350.3931390203131
4.160000000000002,0.000375,350.89843822651267
4.1800000000000015,0.000375,351.4518125054809
4.200000000000002,0.000375,352.03204440501054
4.2200000000000015,0.000375,352.62338115203494
4.240000000000002,0.000375,353.2150974050499
4.260000000000002,0.000375,353.7999362420132
4.280000000000002,0.000375,354.37302126143413
4.300000000000002,0.000375,354.9313134725857
4.320000000000002,0.000375,355.4729620256919
4.340000000000002,0.000375,355.99699937743867
4.360000000000002,0.000375,356.50306908869595
4.380000000000002,0.000375,356.9912246829568
4.400000000000002,0.000375,357.4618186744879
4.420000000000002,0.000375,357.9153878361422
4.440000000000002,0.000375,358.35259671371983
4.460000000000002,0.000375,358.7741820633735
4.480000000000002,0.000375,359.1809173399604
4.500000000000002,0.000375,359.57358903221024
4.520000000000002,0.000375,359.9529753359506
4.540000000000002,0.000375,360.31983715219667
4.560000000000002,0.000375,360.6749068393714
4.580000000000002,0.000375,361.01888477140835
4.600000000000002,0.000375,361.35243489564635
4.620000000000002,0.000375,361.6761836715988
4.640000000000002,0.000375,361.9907194928491
4.660000000000002,0.000375,362.2965929500418
4.680000000000002,0.000375,362.5943180356401
4.700000000000002,0.000375,362.8843733037553
4.720000000000002,0.000375,363.167203656345
4.740000000000002,0.000375,363.44322209009476
4.7600000000000025,0.000375,363.71281150338797
4.780000000000002,0.000375,363.9763267423333
4.8000000000000025,0.000375,364.2340962336776
4.000000000000002,0.00039375000000000006,349.3739185168565
4.020000000000001,0.00039375000000000006,349.34088175126425
4.040000000000002,0.00039375000000000006,349.31741635654316
4.060000000000001,0.00039375000000000006,349.3346721817381
4.080000000000002,0.00039375000000000006,349.45071979685275
4.100000000000001,0.00039375000000000006,349.71876033287805
4.120000000000002,0.00039375000000000006,350.1435899585482
4.1400000000000015,0.00039375000000000006,350.6841537559915
4.160000000000002,0.00039375000000000006,351.2938585842221
4.1800000000000015,0.00039375000000000006,351.94087722607514
4.200000000000002,0.00039375000000000006,352.60322953735135
4.2200000000000015,0.00039375000000000006,353.26560448099247
4.240000000000002,0.00039375000000000006,353.9184944386249
4.260000000000002,0.00039375000000000006,354.5557538510126
4.280000000000002,0.00039375000000000006,355.1736750388228
4.300000000000002,0.00039375000000000006,355.77027075839476
4.320000000000002,0.00039375000000000006,356.34458032045137
4.340000000000002,0.00039375000000000006,356.8964372170568
4.360000000000002,0.00039375000000000006,357.4261416433214
4.380000000000002,0.00039375000000000006,357.93431725609327
4.400000000000002,0.00039375000000000006,358.4217958762524
4.420000000000002,0.00039375000000000006,358.8895178206584
4.440000000000002,0.00039375000000000006,359.3384954405458
4.460000000000002,0.00039375000000000006,359.7697565511569
4.480000000000002,0.00039375000000000006,360.18432818308554
4.500000000000002,0.00039375000000000006,360.5832120759356
4.520000000000002,0.00039375000000000006,360.9673739186097
4.540000000000002,0.00039375000000000006,361.3377369414129
4.560000000000002,0.00039375000000000006,361.69517481438663
4.580000000000002,0.00039375000000000006,362.0405123641174
4.600000000000002,0.00039375000000000006,362.3745223278596
4.620000000000002,0.00039375000000000006,362.6979279437889
4.640000000000002,0.00039375000000000006,363.0114029614132
4.660000000000002,0.00039375000000000006,363.31557421038906
4.680000000000002,0.00039375000000000006,363.61102366065785
4.700000000000002,0.00039375000000000006,363.89829064014975
4.720000000000002,0.00039375000000000006,364.1778747819159
4.740000000000002,0.00039375000000000006,364.4502380337271
4.7600000000000025,0.00039375000000000006,364.7158077008833
4.780000000000002,0.00039375000000000006,364.9749783942732
4.8000000000000025,0.00039375000000000006,365.2281147683634
4.000000000000002,0.00041250000000000005,349.26058648508797
4.020000000000001,0.00041250000000000005,349.2324709431898
4.040000000000002,0.00041250000000000005,349.22007344155276
4.060000000000001,0.00041250000000000005,349.27025301407826
4.080000000000002,0.00041250000000000005,349.46001019633076
4.100000000000001,0.00041250000000000005,349.84307126418287
4.120000000000002,0.00041250000000000005,350.4006336709539
4.1400000000000015,0.00041250000000000005,351.0676767108347
4.160000000000002,0.00041250000000000005,351.78957378598045
4.1800000000000015,0.00041250000000000005,352.53409804990844
4.200000000000002,0.00041250000000000005,353.2794563990506
4.2200000000000015,0.00041250000000000005,354.01194200270925
4.240000000000002,0.00041250000000000005,354.72391826945164
4.260000000000002,0.00041250000000000005,355.410750681837
4.280000000000002,0.00041250000000000005,356.07026858295757
4.300000000000002,0.00041250000000000005,356.7017041587397
4.320000000000002,0.00041250000000000005,357.30514200860193
4.340000000000002,0.00041250000000000005,357.88130937978684
4.360000000000002,0.00041250000000000005,358.43121559381626
4.380000000000002,0.00041250000000000005,358.9561031510107
4.400000000000002,0.00041250000000000005,359.4572984157318
4.420000000000002,0.00041250000000000005,359.9361637431136
4.440000000000002,0.00041250000000000005,360.3940625150185
4.460000000000002,0.00041250000000000005,360.8323147414286
4.480000000000002,0.00041250000000000005,361.25219916826495
4.500000000000002,0.00041250000000000005,361.65492619661313
4.520000000000002,0.00041250000000000005,362.04164400701956
4.540000000000002,0.00041250000000000005,362.4134294284609
4.560000000000002,0.00041250000000000005,362.7712904155332
4.580000000000002,0.00041250000000000005,363.1161676804212
4.600000000000002,0.00041250000000000005,363.4489348022828
4.620000000000002,0.00041250000000000005,363.7704040653672
4.640000000000002,0.00041250000000000005,364.0813266417507
4.660000000000002,0.00041250000000000005,364.3823987378964
4.680000000000002,0.00041250000000000005,364.6742629853944
4.700000000000002,0.00041250000000000005,364.9575133885517
4.720000000000002,0.00041250000000000005,365.2326978863513
4.740000000000002,0.00041250000000000005,365.50032196390964
4.7600000000000025,0.00041250000000000005,365.76085183957053
4.780000000000002,0.00041250000000000005,366.01471711954144
4.8000000000000025,0.00041250000000000005,366.2623140402168
4.000000000000002,0.00043125000000000005,349.1426763912927
4.020000000000001,0.00043125000000000005,349.11999905881487
4.040000000000002,0.00043125000000000005,349.12317148598737
4.060000000000001,0.00043125000000000005,349.22171855961176
4.080000000000002,0.00043125000000000005,349.5140688761346
4.100000000000001,0.00043125000000000005,350.044369660372
4.120000000000002,0.00043125000000000005,350.7573199001832
4.1400000000000015,0.00043125000000000005,351.5624770295989
4.160000000000002,0.00043125000000000005,352.4020961277079
4.1800000000000015,0.00043125000000000005,353.2456479828829
4.200000000000002,0.00043125000000000005,354.0726901839886
4.2200000000000015,0.00043125000000000005,354.87252233708597
4.240000000000002,0.00043125000000000005,355.63987065711814
4.260000000000002,0.00043125000000000005,356.37206471378914
4.280000000000002,0.00043125000000000005,357.06879473252445
4.300000000000002,0.00043125000000000005,357.7306237599889
4.320000000000002,0.00043125000000000005,358.3588406878862
4.340000000000002,0.00043125000000000005,358.9551066366196
4.360000000000002,0.00043125000000000005,359.5211880592334
4.380000000000002,0.00043125000000000005,360.0589711470728
4.400000000000002,0.00043125000000000005,360.57027668393334
4.420000000000002,0.00043125000000000005,361.05690061155
4.440000000000002,0.00043125000000000005,361.5205448305677
4.460000000000002,0.00043125000000000005,361.9628202714026
4.480000000000002,0.00043125000000000005,362.38524505512555
4.500000000000002,0.00043125000000000005,362.78922867791374
4.520000000000002,0.00043125000000000005,363.1760915961807
4.540000000000002,0.00043125000000000005,363.5470515510745
4.560000000000002,0.00043125000000000005,363.9032417554096
4.580000000000002,0.00043125000000000005,364.2457063316654
4.600000000000002,0.00043125000000000005,364.5754110333735
4.620000000000002,0.00043125000000000005,364.8932463804156
4.640000000000002,0.00043125000000000005,365.200032508648
4.660000000000002,0.00043125000000000005,365.4965260945433
4.680000000000002,0.00043125000000000005,365.7834224266079
4.700000000000002,0.00043125000000000005,366.061362888191
4.720000000000002,0.00043125000000000005,366.33093647961215
4.740000000000002,0.00043125000000000005,366.59268613521937
4.7600000000000025,0.00043125000000000005,366.84711069331144
4.780000000000002,0.00043125000000000005,367.09466955611134
4.8000000000000025,0.00043125000000000005,367.3357852412801
4.000000000000002,0.00045000000000000004,349.020849475207
4.020000000000001,0.00045000000000000004,349.00454286304256
4.040000000000002,0.00045000000000000004,349.0307052895943
4.060000000000001,0.00045000000000000004,349.20078271468213
4.080000000000002,0.00045000000000000004,349.63419068327164
4.100000000000001,0.00045000000000000004,350.3482807482069
4.120000000000002,0.00045000000000000004,351.2371895090975
4.1400000000000015,0.00045000000000000004,352.1885838638596
4.160000000000002,0.00045000000000000004,353.1484941640258
4.1800000000000015,0.00045000000000000004,354.0896150142489
4.200000000000002,0.00045000000000000004,354.99451694953046
4.2200000000000015,0.00045000000000000004,355.8569106672427
4.240000000000002,0.00045000000000000004,356.6741576642862
4.260000000000002,0.00045000000000000004,357.4461096552247
4.280000000000002,0.00045000000000000004,358.1744921531622
4.300000000000002,0.00045000000000000004,358.86129709305663
4.320000000000002,0.00045000000000000004,359.50914901087276
4.340000000000002,0.00045000000000000004,360.1206234835757
4.360000000000002,0.00045000000000000004,360.6982983170847
4.380000000000002,0.00045000000000000004,361.24468391689106
4.400000000000002,0.00045000000000000004,361.76209425121783
4.420000000000002,0.00045000000000000004,362.2527514766453
4.440000000000002,0.00045000000000000004,362.71867270922536
4.460000000000002,0.00045000000000000004,363.1617545425211
4.480000000000002,0.00045000000000000004,363.5837294635697
4.500000000000002,0.00045000000000000004,363.9861970019316
4.520000000000002,0.00045000000000000004,364.37063027652744
4.540000000000002,0.00045000000000000004,364.7383751580952
4.560000000000002,0.00045000000000000004,365.09067602767703
4.580000000000002,0.00045000000000000004,365.428666272954
4.600000000000002,0.00045000000000000004,365.7533932629053
4.620000000000002,0.00045000000000000004,366.0658124247188
4.640000000000002,0.00045000000000000004,366.36680408324446
4.660000000000002,0.00045000000000000004,366.6571740349099
4.680000000000002,0.00045000000000000004,366.9376623078377
4.700000000000002,0.00045000000000000004,367.2089485402624
4.720000000000002,0.00045000000000000004,367.47165545999843
4.740000000000002,0.00045000000000000004,367.72635627486744
4.7600000000000025,0.00045000000000000004,367.97357574596873
4.780000000000002,0.00045000000000000004,368.2137973867726
4.8000000000000025,0.00045000000000000004,368.447464067192
4.000000000000002,0.00046875000000000004,348.8957555758325
4.020000000000001,0.00046875000000000004,348.88745814025134
4.040000000000002,0.00046875000000000004,348.948543322797
4.060000000000001,0.00046875000000000004,349.2240593222423
4.080000000000002,0.00046875000000000004,349.8480921150504
4.100000000000001,0.00046875000000000004,350.7848143731015
4.120000000000002,0.00046875000000000004,351.8654880553977
4.1400000000000015,0.00046875000000000004,352.9667241295251
4.160000000000002,0.00046875000000000004,354.0459062607857
4.1800000000000015,0.00046875000000000004,355.07959263014106
4.200000000000002,0.00046875000000000004,356.0558923808178
4.2200000000000015,0.00046875000000000004,356.9738952246969
4.240000000000002,0.00046875000000000004,357.8337495229696
4.260000000000002,0.00046875000000000004,358.63848436143445
4.280000000000002,0.00046875000000000004,359.39177589873447
4.300000000000002,0.00046875000000000004,360.097218289209
4.320000000000002,0.00046875000000000004,360.75879674237126
4.340000000000002,0.00046875000000000004,361.3799552201872
4.360000000000002,0.00046875000000000004,361.9641338079506
4.380000000000002,0.00046875000000000004,362.5143895808944
4.400000000000002,0.00046875000000000004,363.0335475793222
4.420000000000002,0.00046875000000000004,363.52420719792747
4.440000000000002,0.00046875000000000004,363.988684872228
4.460000000000002,0.00046875000000000004,364.4291408503105
4.480000000000002,0.00046875000000000004,364.84749094124203
4.500000000000002,0.00046875000000000004,365.24551461802037
4.520000000000002,0.00046875000000000004,365.62480667117404
4.540000000000002,0.00046875000000000004,365.9868325620728
4.560000000000002,0.00046875000000000004,366.33292370324165
4.580000000000002,0.00046875000000000004,366.66429205913124
4.600000000000002,0.00046875000000000004,366.98205002787387
4.620000000000002,0.00046875000000000004,367.28720540566576
4.640000000000002,0.00046875000000000004,367.58068771973734
4.660000000000002,0.00046875000000000004,367.8633391218864
4.680000000000002,0.00046875000000000004,368.1359366594918
4.700000000000002,0.00046875000000000004,368.3991866797173
4.720000000000002,0.00046875000000000004,368.6537394577516
4.740000000000002,0.00046875000000000004,368.90018891149526
4.7600000000000025,0.00046875000000000004,369.13908014642016
4.780000000000002,0.00046875000000000004,369.37091333335906
4.8000000000000025,0.00046875000000000004,369.59614638573
4.000000000000002,0.00048750000000000003,348.76802710005285
4.020000000000001,0.00048750000000000003,348.7707090322032
4.040000000000002,0.00048750000000000003,348.886150542757
4.060000000000001,0.00048750000000000003,349.31626265895613
4.080000000000002,0.00048750000000000003,350.19210469943795
4.100000000000001,0.00048750000000000003,351.3881585512058
4.120000000000002,0.00048750000000000003,352.6683978076459
4.1400000000000015,0.00048750000000000003,353.91785600678804
4.160000000000002,0.00048750000000000003,355.1108414041268
4.1800000000000015,0.00048750000000000003,356.22809023884713
4.200000000000002,0.00048750000000000003,357.26668009534234
4.2200000000000015,0.00048750000000000003,358.23100500250104
4.240000000000002,0.00048750000000000003,359.12442511284155
4.260000000000002,0.00048750000000000003,359.9536328636279
4.280000000000002,0.00048750000000000003,360.7239478768264
4.300000000000002,0.00048750000000000003,361.44086641622965
4.320000000000002,0.00048750000000000003,362.1095416364297
4.340000000000002,0.00048750000000000003,362.7343140661866
4.360000000000002,0.00048750000000000003,363.31945404953393
4.380000000000002,0.00048750000000000003,363.86847395216336
4.400000000000002,0.00048750000000000003,364.38473099220084
4.420000000000002,0.00048750000000000003,364.87110524905285
4.440000000000002,0.00048750000000000003,365.330222651768
4.460000000000002,0.00048750000000000003,365.7644449717841
4.480000000000002,0.00048750000000000003,366.17585753661234
4.500000000000002,0.00048750000000000003,366.56638976255397
4.520000000000002,0.00048750000000000003,366.93772966105223
4.540000000000002,0.00048750000000000003,367.29145026253406
4.560000000000002,0.00048750000000000003,367.6289389914771
4.580000000000002,0.00048750000000000003,367.95148039871486
4.600000000000002,0.00048750000000000003,368.2602257705223
4.620000000000002,0.00048750000000000003,368.5562289806692
4.640000000000002,0.00048750000000000003,368.8404499257168
4.660000000000002,0.00048750000000000003,369.11375868857743
4.680000000000002,0.00048750000000000003,369.376957094303
4.700000000000002,0.00048750000000000003,369.6307682105032
4.720000000000002,0.00048750000000000003,369.8758622454749
4.740000000000002,0.00048750000000000003,370.1128435970275
4.7600000000000025,0.00048750000000000003,370.34227273401206
4.780000000000002,0.00048750000000000003,370.5646571791946
4.8000000000000025,0.00048750000000000003,370.78046606498725
4.000000000000002,0.0005062500000000001,348.6382774248036
4.020000000000001,0.0005062500000000001,348.6571319880933
4.040000000000002,0.0005062500000000001,348.85776685877966
4.060000000000001,0.0005062500000000001,349.5117485013017
4.080000000000002,0.0005062500000000001,350.71099501925465
4.100000000000001,0.0005062500000000001,352.1949584893333
4.120000000000002,0.0005062500000000001,353.67195549268536
4.1400000000000015,0.0005062500000000001,355.0626156831241
4.160000000000002,0.0005062500000000001,356.35853156297253
4.1800000000000015,0.0005062500000000001,357.54623857013013
4.200000000000002,0.0005062500000000001,358.63544287255246
4.2200000000000015,0.0005062500000000001,359.6343324260036
4.240000000000002,0.0005062500000000001,360.550734666444
4.260000000000002,0.0005062500000000001,361.3947797223277
4.280000000000002,0.0005062500000000001,362.1732035273041
4.300000000000002,0.0005062500000000001,362.8937168803028
4.320000000000002,0.0005062500000000001,363.5621895559353
4.340000000000002,0.0005062500000000001,364.1840745348625
4.360000000000002,0.0005062500000000001,364.7642216238242
4.380000000000002,0.0005062500000000001,365.3066134537249
4.400000000000002,0.0005062500000000001,365.81507703293846
4.420000000000002,0.0005062500000000001,366.2926792656681
4.440000000000002,0.0005062500000000001,366.7423754942728
4.460000000000002,0.0005062500000000001,367.166619136525
4.480000000000002,0.0005062500000000001,367.56769272364704
4.500000000000002,0.0005062500000000001,367.9475947990233
4.520000000000002,0.0005062500000000001,368.30811333630993
4.540000000000002,0.0005062500000000001,368.65088492418926
4.560000000000002,0.0005062500000000001,368.9773381838657
4.580000000000002,0.0005062500000000001,369.28881347791724
4.600000000000002,0.0005062500000000001,369.5864743177665
4.620000000000002,0.0005062500000000001,369.8714181011171
4.640000000000002,0.0005062500000000001,370.14460649598664
4.660000000000002,0.0005062500000000001,370.40693912306716
4.680000000000002,0.0005062500000000001,370.65921838957297
4.700000000000002,0.0005062500000000001,370.90218423935613
4.720000000000002,0.0005062500000000001,371.13650953421524
4.740000000000002,0.0005062500000000001,371.3628059091793
4.7600000000000025,0.0005062500000000001,371.58163865245893
4.780000000000002,0.0005062500000000001,371.7935162965773
4.8000000000000025,0.0005062500000000001,371.9989138259968
4.000000000000002,0.0005250000000000001,348.50709405461885
4.020000000000001,0.0005250000000000001,348.55145845351996
4.040000000000002,0.0005250000000000001,348.8865600378521
4.060000000000001,0.0005250000000000001,349.8596282821249
4.080000000000002,0.0005250000000000001,351.45850615686675
4.100000000000001,0.0005250000000000001,353.24193932016385
4.120000000000002,0.0005250000000000001,354.9010973900887
4.1400000000000015,0.0005250000000000001,356.4203650648592
4.160000000000002,0.0005250000000000001,357.8017476618696
4.1800000000000015,0.0005250000000000001,359.0432523314199
4.200000000000002,0.0005250000000000001,360.16872229343176
4.2200000000000015,0.0005250000000000001,361.188038693798
4.240000000000002,0.0005250000000000001,362.1156167310455
4.260000000000002,0.0005250000000000001,362.9635157554578
4.280000000000002,0.0005250000000000001,363.7403884768272
4.300000000000002,0.0005250000000000001,364.4559442110931
4.320000000000002,0.0005250000000000001,365.1163989161858
4.340000000000002,0.0005250000000000001,365.72857609479047
4.360000000000002,0.0005250000000000001,366.29743291442094
4.380000000000002,0.0005250000000000001,366.82764195414495
4.400000000000002,0.0005250000000000001,367.32321473728996
4.420000000000002,0.0005250000000000001,367.7874606960299
4.440000000000002,0.0005250000000000001,368.2235684732307
4.460000000000002,0.0005250000000000001,368.6340216049256
4.480000000000002,0.0005250000000000001,369.0213093804184
4.500000000000002,0.0005250000000000001,369.38739651096023
4.520000000000002,0.0005250000000000001,369.73421178586125
4.540000000000002,0.0005250000000000001,370.0633623449425
4.560000000000002,0.0005250000000000001,370.3763491824807
4.580000000000002,0.0005250000000000001,370.67450640992126
4.600000000000002,0.0005250000000000001,370.95901817887597
4.620000000000002,0.0005250000000000001,371.2309948604071
4.640000000000002,0.0005250000000000001,371.4913881847043
4.660000000000002,0.0005250000000000001,371.74111955461916
4.680000000000002,0.0005250000000000001,371.980968546232
4.700000000000002,0.0005250000000000001,372.21169657583874
4.720000000000002,0.0005250000000000001,372.43395242214615
4.740000000000002,0.0005250000000000001,372.64836350838954
4.7600000000000025,0.0005250000000000001,372.85547575813507
4.780000000000002,0.0005250000000000001,373.05580600917045
4.8000000000000025,0.0005250000000000001,373.24981642626904
4.000000000000002,0.0005437500000000001,348.37503835645856
4.020000000000001,0.0005437500000000001,348.46113004348314
4.040000000000002,0.0005437500000000001,349.007338945699
4.060000000000001,0.0005437500000000001,350.4254117144197
4.080000000000002,0.0005437500000000001,352.4946341057798
4.100000000000001,0.0005437500000000001,354.56304142322165
4.120000000000002,0.0005437500000000001,356.3792200669085
4.1400000000000015,0.0005437500000000001,358.00832855614857
4.160000000000002,0.0005437500000000001,359.4502407796866
4.1800000000000015,0.0005437500000000001,360.72645595738913
4.200000000000002,0.0005437500000000001,361.87072709076585
4.2200000000000015,0.0005437500000000001,362.8944416057692
4.240000000000002,0.0005437500000000001,363.8203801995541
4.260000000000002,0.0005437500000000001,364.65981780664873
4.280000000000002,0.0005437500000000001,365.42511715152057
4.300000000000002,0.0005437500000000001,366.1264315660281
4.320000000000002,0.0005437500000000001,366.7708140972717
4.340000000000002,0.0005437500000000001,367.3661625919898
4.360000000000002,0.0005437500000000001,367.9172204121339
4.380000000000002,0.0005437500000000001,368.4296207712479
4.400000000000002,0.0005437500000000001,368.90703996148216
4.420000000000002,0.0005437500000000001,369.3533627711724
4.440000000000002,0.0005437500000000001,369.7716139679019
4.460000000000002,0.0005437500000000001,370.1644983590228
4.480000000000002,0.0005437500000000001,370.5345147228541
4.500000000000002,0.0005437500000000001,370.88362619255156
4.520000000000002,0.0005437500000000001,371.2138634427666
4.540000000000002,0.0005437500000000001,371.52673335942774
4.560000000000002,0.0005437500000000001,371.82385655689944
4.580000000000002,0.0005437500000000001,372.10645055953285
4.600000000000002,0.0005437500000000001,372.37579301004774
4.620000000000002,0.0005437500000000001,372.6329025336925
4.640000000000002,0.0005437500000000001,372.87878257090875
4.660000000000002,0.0005437500000000001,373.11429991817914
4.680000000000002,0.0005437500000000001,373.3402464510333
4.700000000000002,0.0005437500000000001,373.5573623403896
4.720000000000002,0.0005437500000000001,373.7662800674133
4.740000000000002,0.0005437500000000001,373.96762882158043
4.7600000000000025,0.0005437500000000001,374.16192231736073
4.780000000000002,0.0005437500000000001,374.34969103573746
4.8000000000000025,0.0005437500000000001,374.53135997361676
4.000000000000002,0.0005625000000000001,348.2426380437143
4.020000000000001,0.0005625000000000001,348.3994526391689
4.040000000000002,0.0005625000000000001,349.2757911840302
4.060000000000001,0.0005625000000000001,351.2961525221719
4.080000000000002,0.0005625000000000001,353.88033098729187
4.100000000000001,0.0005625000000000001,356.1859111978033
4.120000000000002,0.0005625000000000001,358.12782887555466
4.1400000000000015,0.0005625000000000001,359.83913340211217
4.160000000000002,0.0005625000000000001,361.31001870606246
4.1800000000000015,0.0005625000000000001,362.60056339902434
4.200000000000002,0.0005625000000000001,363.7423530963819
4.2200000000000015,0.0005625000000000001,364.75385892233896
4.240000000000002,0.0005625000000000001,365.6639986262769
4.260000000000002,0.0005625000000000001,366.48188736438107
4.280000000000002,0.0005625000000000001,367.2254169087139
4.300000000000002,0.0005625000000000001,367.9025266077968
4.320000000000002,0.0005625000000000001,368.5229270306076
4.340000000000002,0.0005625000000000001,369.0939259248302
4.360000000000002,0.0005625000000000001,369.6207973255102
4.380000000000002,0.0005625000000000001,370.1096314593064
4.400000000000002,0.0005625000000000001,370.56366770480594
4.420000000000002,0.0005625000000000001,370.98754200812823
4.440000000000002,0.0005625000000000001,371.3836474086416
4.460000000000002,0.0005625000000000001,371.75530375649674
4.480000000000002,0.0005625000000000001,372.1045324926248
4.500000000000002,0.0005625000000000001,372.4336389771478
4.520000000000002,0.0005625000000000001,372.7444113892367
4.540000000000002,0.0005625000000000001,373.0384523760109
4.560000000000002,0.0005625000000000001,373.31733032740493
4.580000000000002,0.0005625000000000001,373.5821978028414
4.600000000000002,0.0005625000000000001,373.83439047986906
4.620000000000002,0.0005625000000000001,374.0747885724499
4.640000000000002,0.0005625000000000001,374.3044919692789
4.660000000000002,0.0005625000000000001,374.52422067699337
4.680000000000002,0.0005625000000000001,374.73485265217744
4.700000000000002,0.0005625000000000001,374.93701139380136
4.720000000000002,0.0005625000000000001,375.131379658001
4.740000000000002,0.0005625000000000001,375.31851643712713
4.7600000000000025,0.0005625000000000001,375.49894228775935
4.780000000000002,0.0005625000000000001,375.6731652264743
4.8000000000000025,0.0005625000000000001,375.84157720043044
4.000000000000002,0.0005812500000000001,348.11038832067845
4.020000000000001,0.0005812500000000001,348.3881019191265
4.040000000000002,0.0005812500000000001,349.7740215241083
4.060000000000001,0.0005812500000000001,352.5791131786312
4.080000000000002,0.0005812500000000001,355.6698103532362
4.100000000000001,0.0005812500000000001,358.130716550831
4.120000000000002,0.0005812500000000001,360.1667298366368
4.1400000000000015,0.0005812500000000001,361.91897945356266
4.160000000000002,0.0005812500000000001,363.38416246645914
4.1800000000000015,0.0005812500000000001,364.66725488636206
4.200000000000002,0.0005812500000000001,365.7812160392309
4.2200000000000015,0.0005812500000000001,366.7650138049694
4.240000000000002,0.0005812500000000001,367.64285696261277
4.260000000000002,0.0005812500000000001,368.42665209705774
4.280000000000002,0.0005812500000000001,369.1375925350931
4.300000000000002,0.0005812500000000001,369.78034758227
4.320000000000002,0.0005812500000000001,370.3691408862637
4.340000000000002,0.0005812500000000001,370.90781541231263
4.360000000000002,0.0005812500000000001,371.40464610804474
4.380000000000002,0.0005812500000000001,371.8637801609307
4.400000000000002,0.0005812500000000001,372.28965015895676
4.420000000000002,0.0005812500000000001,372.68638033014486
4.440000000000002,0.0005812500000000001,373.0563125384646
4.460000000000002,0.0005812500000000001,373.40310535167913
4.480000000000002,0.0005812500000000001,373.72813187760187
4.500000000000002,0.0005812500000000001,374.0343530626792
4.520000000000002,0.0005812500000000001,374.32277903481867
4.540000000000002,0.0005812500000000001,374.59564323621316
4.560000000000002,0.0005812500000000001,374.8538641222592
4.580000000000002,0.0005812500000000001,375.09903799689164
4.600000000000002,0.0005812500000000001,375.3320770752531
4.620000000000002,0.0005812500000000001,375.5540791572991
4.640000000000002,0.0005812500000000001,375.7659479413084
4.660000000000002,0.0005812500000000001,375.9684240584567
4.680000000000002,0.0005812500000000001,376.1623694916274
4.700000000000002,0.0005812500000000001,376.34828880604607
4.720000000000002,0.0005812500000000001,376.52696706032066
4.740000000000002,0.0005812500000000001,376.6987655963232
4.7600000000000025,0.0005812500000000001,376.8643675024961
4.780000000000002,0.0005812500000000001,377.024055786917
4.8000000000000025,0.0005812500000000001,377.17839975793675
4.000000000000002,0.0006000000000000001,347.97874370203294
4.020000000000001,0.0006000000000000001,348.46682546301855
4.040000000000002,0.0006000000000000001,350.6280958581901
4.060000000000001,0.0006000000000000001,354.3972135789805
4.080000000000002,0.0006000000000000001,357.8964856131293
4.100000000000001,0.0006000000000000001,360.4118220843989
4.120000000000002,0.0006000000000000001,362.5109445678046
4.1400000000000015,0.0006000000000000001,364.2446746733576
4.160000000000002,0.0006000000000000001,365.67395190460184
4.1800000000000015,0.0006000000000000001,366.9224283280698
4.200000000000002,0.0006000000000000001,367.98238602674115
4.2200000000000015,0.0006000000000000001,368.92394890589304
4.240000000000002,0.0006000000000000001,369.7504540523276
4.260000000000002,0.0006000000000000001,370.4898069103276
4.280000000000002,0.0006000000000000001,371.1554597513035
4.300000000000002,0.0006000000000000001,371.75518958852894
4.320000000000002,0.0006000000000000001,372.3040522983988
4.340000000000002,0.0006000000000000001,372.8029639201111
4.360000000000002,0.0006000000000000001,373.26407093811827
4.380000000000002,0.0006000000000000001,373.68730472261944
4.400000000000002,0.0006000000000000001,374.0808045181692
4.420000000000002,0.0006000000000000001,374.4454047513068
4.440000000000002,0.0006000000000000001,374.78577417003515
4.460000000000002,0.0006000000000000001,375.103805782053
4.480000000000002,0.0006000000000000001,375.40172088097313
4.500000000000002,0.0006000000000000001,375.68205913655635
4.520000000000002,0.0006000000000000001,375.94556388589893
4.540000000000002,0.0006000000000000001,376.19495325850716
4.560000000000002,0.0006000000000000001,376.4302228543035
4.580000000000002,0.0006000000000000001,376.65392422042265
4.600000000000002,0.0006000000000000001,376.8657783373282
4.620000000000002,0.0006000000000000001,377.0679788341263
4.640000000000002,0.0006000000000000001,377.26023448501286
4.660000000000002,0.0006000000000000001,377.4443172255875
4.680000000000002,0.0006000000000000001,377.62003606649745
4.700000000000002,0.0006000000000000001,377.7887647674735
4.720000000000002,0.0006000000000000001,377.9504295758677
4.740000000000002,0.0006000000000000001,378.1060798876474
4.7600000000000025,0.0006000000000000001,378.25572275504635
4.780000000000002,0.0006000000000000001,378.40017905656975
4.8000000000000025,0.0006000000000000001,378.5394761771232
4.000000000000002,0.00061875,347.8481210889917
4.020000000000001,0.00061875,348.70113699302055
4.040000000000002,0.00061875,352.0164613500724
4.060000000000001,0.00061875,356.8749192564199
4.080000000000002,0.00061875,360.5632491374697
4.100000000000001,0.00061875,363.0441055200007
4.120000000000002,0.00061875,365.16615823307194
4.1400000000000015,0.00061875,366.8045499740931
4.160000000000002,0.00061875,368.18040772361167
4.1800000000000015,0.00061875,369.35415049798013
4.200000000000002,0.00061875,370.34104359938294
4.2200000000000015,0.00061875,371.2223643237408
4.240000000000002,0.00061875,371.9789351122198
4.260000000000002,0.00061875,372.6654370124226
4.280000000000002,0.00061875,373.2706163867169
4.300000000000002,0.00061875,373.8220761144132
4.320000000000002,0.00061875,374.32002691679577
4.340000000000002,0.00061875,374.7745678656223
4.360000000000002,0.00061875,375.192629932158
4.380000000000002,0.00061875,375.57534812545634
4.400000000000002,0.00061875,375.9318291065425
4.420000000000002,0.00061875,376.25975173074914
4.440000000000002,0.00061875,376.56763328114505
4.460000000000002,0.00061875,376.8526696159311
4.480000000000002,0.00061875,377.1215399395972
4.500000000000002,0.00061875,377.3722759949301
4.520000000000002,0.00061875,377.60942707599423
4.540000000000002,0.00061875,377.83223629818076
4.560000000000002,0.00061875,378.04333389943287
4.580000000000002,0.00061875,378.24307607509826
4.600000000000002,0.00061875,378.4325935880853
4.620000000000002,0.00061875,378.61306260047314
4.640000000000002,0.00061875,378.78457553550487
4.660000000000002,0.00061875,378.94879232836536
4.680000000000002,0.00061875,379.1051859365661
4.700000000000002,0.00061875,379.2555948637038
4.720000000000002,0.00061875,379.399215032942
4.740000000000002,0.00061875,379.53781900034465
4.7600000000000025,0.00061875,379.67058467129766
4.780000000000002,0.00061875,379.79904083622387
4.8000000000000025,0.00061875,379.9225294849997
4.000000000000002,0.0006375,347.7188888011561
4.020000000000001,0.0006375,349.2121331856991
4.040000000000002,0.0006375,354.19054241623905
4.060000000000001,0.0006375,360.0989031727124
4.080000000000002,0.0006375,363.63701214533694
4.100000000000001,0.0006375,366.0513297531245
4.120000000000002,0.0006375,368.1135377415762
4.1400000000000015,0.0006375,369.58715888621964
4.160000000000002,0.0006375,370.89800509420803
4.1800000000000015,0.0006375,371.9435021741272
4.200000000000002,0.0006375,372.8534478284521
4.2200000000000015,0.0006375,373.6442663363158
4.240000000000002,0.0006375,374.3224940698721
4.260000000000002,0.0006375,374.94228117995607
4.280000000000002,0.0006375,375.4752704555266
4.300000000000002,0.0006375,375.9734529733745
4.320000000000002,0.0006375,376.40840910738876
4.340000000000002,0.0006375,376.81732591319644
4.360000000000002,0.0006375,377.1818144272926
4.380000000000002,0.0006375,377.5237389686452
4.400000000000002,0.0006375,377.8349725719428
4.420000000000002,0.0006375,378.1257018643013
4.440000000000002,0.0006375,378.3951398044185
4.460000000000002,0.0006375,378.64610603979827
4.480000000000002,0.0006375,378.88183392829666
4.500000000000002,0.0006375,379.1014483780471
4.520000000000002,0.0006375,379.30946202466384
4.540000000000002,0.0006375,379.50400700238004
4.560000000000002,0.0006375,379.6889336440596
4.580000000000002,0.0006375,379.8631685179461
4.600000000000002,0.0006375,380.028688885502
4.620000000000002,0.0006375,380.18626820057557
4.640000000000002,0.0006375,380.3353745947356
4.660000000000002,0.0006375,380.4791403586173
4.680000000000002,0.0006375,380.6143022252555
4.700000000000002,0.0006375,380.74649078577295
4.720000000000002,0.0006375,380.8697664586936
4.740000000000002,0.0006375,380.9921567541048
4.7600000000000025,0.0006375,381.1052727674886
4.780000000000002,0.0006375,381.21929392352996
4.8000000000000025,0.0006375,381.3237040072951
4.000000000000002,0.00065625,347.59138008530704
4.020000000000001,0.00065625,350.20011460758747
4.040000000000002,0.00065625,357.47422242413495
4.060000000000001,0.00065625,364.07341186125586
4.080000000000002,0.00065625,367.06510596234875
4.100000000000001,0.00065625,369.4686073491695
4.120000000000002,0.00065625,371.2979001100992
4.1400000000000015,0.00065625,372.5969019439167
4.160000000000002,0.00065625,373.80237098768623
4.1800000000000015,0.00065625,374.67395935247134
4.200000000000002,0.00065625,375.51308972481206
4.2200000000000015,0.00065625,376.1667239784087
4.240000000000002,0.00065625,376.78049995927637
4.260000000000002,0.00065625,377.2991963837107
4.280000000000002,0.00065625,377.76855658105427
4.300000000000002,0.00065625,378.19297989327805
4.320000000000002,0.00065625,378.5660413752869
4.340000000000002,0.00065625,378.91988213366466
4.360000000000002,0.00065625,379.22618407262803
4.380000000000002,0.00065625,379.5250799360185
4.400000000000002,0.00065625,379.78333633346404
4.420000000000002,0.00065625,380.03847494784554
4.440000000000002,0.00065625,380.26092308939224
4.460000000000002,0.00065625,380.4807127774599
4.480000000000002,0.00065625,380.6756164063694
4.500000000000002,0.00065625,380.86657137787904
4.520000000000002,0.00065625,381.03969523084714
4.540000000000002,0.00065625,381.2069618275981
4.560000000000002,0.00065625,381.36245843220786
4.580000000000002,0.00065625,381.51015666853783
4.600000000000002,0.00065625,381.65111001505596
4.620000000000002,0.00065625,381.7825694461301
4.640000000000002,0.00065625,381.9113348209791
4.660000000000002,0.00065625,382.02926480120067
4.680000000000002,0.00065625,382.14768568388916
4.700000000000002,0.00065625,382.25430226008643
4.720000000000002,0.00065625,382.36385190899966
4.740000000000002,0.00065625,382.46097466081864
4.7600000000000025,0.00065625,382.56285082871284
4.780000000000002,0.00065625,382.65197814801206
4.8000000000000025,0.00065625,382.7471681439793
4.000000000000002,0.000675,347.4658548096287
4.020000000000001,0.000675,352.0362029320837
4.040000000000002,0.000675,362.22481457560787
4.060000000000001,0.000675,368.6357546380809
4.080000000000002,0.000675,370.84195203717456
4.100000000000001,0.000675,373.29763332769613
4.120000000000002,0.000675,374.6398041671336
4.1400000000000015,0.000675,375.86216664392447
4.160000000000002,0.000675,376.82741142193225
4.1800000000000015,0.000675,377.5599342581563
4.200000000000002,0.000675,378.28055861333155
4.2200000000000015,0.000675,378.78736912521464
4.240000000000002,0.000675,379.33397855642215
4.260000000000002,0.000675,379.72350367059454
4.280000000000002,0.000675,380.14307982607636
4.300000000000002,0.000675,380.46436673291095
4.320000000000002,0.000675,380.79010358107155
4.340000000000002,0.000675,381.0671011136259
4.360000000000002,0.000675,381.3229287836779
4.380000000000002,0.000675,381.5681848957371
4.400000000000002,0.000675,381.7715427284186
4.420000000000002,0.000675,381.99213924879695
4.440000000000002,0.000675,382.15584732896303
4.460000000000002,0.000675,382.3561283527875
4.480000000000002,0.000675,382.4896889806853
4.500000000000002,0.000675,382.6725715695863
4.520000000000002,0.000675,382.78308466351297
4.540000000000002,0.000675,382.95070903686747
4.560000000000002,0.000675,383.04352035263935
4.580000000000002,0.000675,383.1975797386851
4.600000000000002,0.000675,383.27674271934006
4.620000000000002,0.000675,383.4186533347887
4.640000000000002,0.000675,383.4872605987735
4.660000000000002,0.000675,383.61825057037055
4.680000000000002,0.000675,383.6786739524027
4.700000000000002,0.000675,383.79983088553865
4.720000000000002,0.000675,383.8538969260876
4.740000000000002,0.000675,383.9661944119506
4.7600000000000025,0.000675,384.0153139253173
4.780000000000002,0.000675,384.11962744153413
4.8000000000000025,0.000675,384.1648921311235
4.000000000000002,0.00069375,347.3425805149115
4.020000000000001,0.00069375,355.3348405879789
4.040000000000002,0.00069375,368.7504681435918
4.060000000000001,0.00069375,373.40573283330644
4.080000000000002,0.00069375,375.11129405830764
4.100000000000001,0.00069375,377.40991936805864
4.120000000000002,0.00069375,378.11260992267063
4.1400000000000015,0.00069375,379.3905295528985
4.160000000000002,0.00069375,379.88501794472677
4.1800000000000015,0.00069375,380.6505575306522
4.200000000000002,0.00069375,381.0662134437683
4.2200000000000015,0.00069375,381.5514513921556
4.240000000000002,0.00069375,381.9166332721708
4.260000000000002,0.00069375,382.239105598182
4.280000000000002,0.00069375,382.56274365057914
4.300000000000002,0.00069375,382.7862898914208
4.320000000000002,0.00069375,383.07336054476315
4.340000000000002,0.00069375,383.23451019966507
4.360000000000002,0.00069375,383.4891459911647
4.380000000000002,0.00069375,383.60968741754476
4.400000000000002,0.00069375,383.8357017256928
4.420000000000002,0.00069375,383.92908940859905
4.440000000000002,0.00069375,384.1299936198677
4.460000000000002,0.00069375,384.20478916959314
4.480000000000002,0.00069375,384.38375384073976
4.500000000000002,0.00069375,384.44555276093314
4.520000000000002,0.00069375,384.60539393876036
4.540000000000002,0.00069375,384.6579423277009
4.560000000000002,0.00069375,384.80113370331827
4.580000000000002,0.00069375,384.8469945820876
4.600000000000002,0.00069375,384.97569415803866
4.620000000000002,0.00069375,385.01665530680395
4.640000000000002,0.00069375,385.1327377772598
4.660000000000002,0.00069375,385.1700673075634
4.680000000000002,0.00069375,385.27515713941665
4.700000000000002,0.00069375,385.30976729319855
4.720000000000002,0.00069375,385.4052700031613
4.740000000000002,0.00069375,385.43782443278195
4.7600000000000025,0.00069375,385.5249550114353
4.780000000000002,0.00069375,385.555940546272
4.8000000000000025,0.00069375,385.6357487517648
4.000000000000002,0.0007125,347.2216632100239
4.020000000000001,0.0007125,361.2352658303538
4.040000000000002,0.0007125,376.8760977709638
4.060000000000001,0.0007125,377.98837547734166
4.080000000000002,0.0007125,380.13597339903407
4.100000000000001,0.0007125,381.46666394372716
4.120000000000002,0.0007125,381.87358775730195
4.1400000000000015,0.0007125,383.02837152730046
4.160000000000002,0.0007125,382.9871739971283
4.1800000000000015,0.0007125,383.94320408081455
4.200000000000002,0.0007125,383.77215363724105
4.2200000000000015,0.0007125,384.5585890802407
4.240000000000002,0.0007125,384.35942510914737
4.260000000000002,0.0007125,385.0088043832243
4.280000000000002,0.0007125,384.8172577011235
4.300000000000002,0.0007125,385.3570248185138
4.320000000000002,0.0007125,385.1851979218555
4.340000000000002,0.0007125,385.63709626564287
4.360000000000002,0.0007125,385.4879176358941
4.380000000000002,0.0007125,385.8689227422844
4.400000000000002,0.0007125,385.74169137863174
4.420000000000002,0.0007125,386.06506575969263
4.440000000000002,0.0007125,385.95773650810446
4.460000000000002,0.0007125,386.2339076674949
4.480000000000002,0.0007125,386.1440672819671
4.500000000000002,0.0007125,386.38130228605644
4.520000000000002,0.0007125,386.3065843940136
4.540000000000002,0.0007125,386.5114951518035
4.560000000000002,0.0007125,386.44974459624325
4.580000000000002,0.0007125,386.6276641668222
4.600000000000002,0.0007125,386.5769873765547
4.620000000000002,0.0007125,386.7322510510034
4.640000000000002,0.0007125,386.69101533253945
4.660000000000002,0.0007125,386.82717220454356
4.680000000000002,0.0007125,386.79398373014493
4.700000000000002,0.0007125,386.9139575362457
4.720000000000002,0.0007125,386.8876321712314
4.740000000000002,0.0007125,386.99384487502596
4.7600000000000025,0.0007125,386.9733784253469
4.780000000000002,0.0007125,387.06784619781183
4.8000000000000025,0.0007125,387.0523869496677
4.000000000000002,0.00073125,347.1033430832133
4.020000000000001,0.00073125,371.62413246338554
4.040000000000002,0.00073125,385.4408351015115
4.060000000000001,0.00073125,382.3623925431704
4.080000000000002,0.00073125,386.1835823141797
4.100000000000001,0.00073125,384.77457354545487
4.120000000000002,0.00073125,386.6521400163392
4.1400000000000015,0.00073125,385.8782864647812
4.160000000000002,0.00073125,386.98983171229855
4.1800000000000015,0.00073125,386.5196164683724
4.200000000000002,0.00073125,387.24872729111513
4.2200000000000015,0.00073125,386.94283804532387
4.240000000000002,0.00073125,387.4546979369983
4.260000000000002,0.00073125,387.245560231524
4.280000000000002,0.00073125,387.6228615931275
4.300000000000002,0.00073125,387.47448163952225
4.320000000000002,0.00073125,387.7629226779852
4.340000000000002,0.00073125,387.6547367005328
4.360000000000002,0.00073125,387.88148903444966
4.380000000000002,0.00073125,387.80105578582305
4.400000000000002,0.00073125,387.9832450552843
4.420000000000002,0.00073125,387.9226588512059
4.440000000000002,0.00073125,388.07161334393084
4.460000000000002,0.00073125,388.0256318698947
4.480000000000002,0.00073125,388.149156842874
4.500000000000002,0.00073125,388.11417365882613
4.520000000000002,0.00073125,388.21783588197513
4.540000000000002,0.00073125,388.191291098113
4.560000000000002,0.00073125,388.2791781530435
4.580000000000002,0.00073125,388.2592063871311
4.600000000000002,0.00073125,388.3343937995307
4.620000000000002,0.00073125,388.31960567305373
4.640000000000002,0.00073125,388.3844548659652
4.660000000000002,0.00073125,388.37379647987456
4.680000000000002,0.00073125,388.4301512323925
4.700000000000002,0.00073125,388.4228108193024
4.720000000000002,0.00073125,388.47213081053957
4.740000000000002,0.00073125,388.4674749009287
4.7600000000000025,0.00073125,388.51092904307825
4.780000000000002,0.00073125,388.5084576947363
4.8000000000000025,0.00073125,388.546991018945
4.000000000000002,0.00075,346.98753854245194
4.020000000000001,0.00075,390.0
4.040000000000002,0.00075,390.0
4.060000000000001,0.00075,390.0
4.080000000000002,0.00075,390.0
4.100000000000001,0.00075,390.0
4.120000000000002,0.00075,390.0
4.1400000000000015,0.00075,390.0
4.160000000000002,0.00075,390.0
4.1800000000000015,0.00075,390.0
4.200000000000002,0.00075,390.0
4.2200000000000015,0.00075,390.0
4.240000000000002,0.00075,390.0
4.260000000000002,0.00075,390.0
4.280000000000002,0.00075,390.0
4.300000000000002,0.00075,390.0
4.320000000000002,0.00075,390.0
4.340000000000002,0.00075,390.0
4.360000000000002,0.00075,390.0
4.380000000000002,0.00075,390.0
4.400000000000002,0.00075,390.0
4.420000000000002,0.00075,390.0
4.440000000000002,0.00075,390.0
4.460000000000002,0.00075,390.0
4.480000000000002,0.00075,390.0
4.500000000000002,0.00075,390.0
4.520000000000002,0.00075,390.0
4.540000000000002,0.00075,390.0
4.560000000000002,0.00075,390.0
4.580000000000002,0.00075,390.0
4.600000000000002,0.00075,390.0
4.620000000000002,0.00075,390.0
4.640000000000002,0.00075,390.0
4.660000000000002,0.00075,390.0
4.680000000000002,0.00075,390.0
4.700000000000002,0.00075,390.0
4.720000000000002,0.00075,390.0
4.740000000000002,0.00075,390.0
4.7600000000000025,0.00075,390.0
4.780000000000002,0.00075,390.0
4.8000000000000025,0.00075,390.0
4.8000000000000025,0.0,353.24679782901813
4.820000000000002,0.0,353.5031344435255
4.8400000000000025,0.0,353.75558748820714
4.860000000000002,0.0,354.01367323512227
4.880000000000003,0.0,354.2668729657716
4.900000000000002,0.0,354.5248791100047
4.920000000000003,0.0,354.77777046856556
4.940000000000002,0.0,355.0345637650037
4.960000000000003,0.0,355.28808264068357
4.980000000000002,0.0,355.54013159928746
5.000000000000003,0.0,355.7913944924074
5.020000000000002,0.0,356.0397444586702
5.040000000000003,0.0,356.2838749140098
5.060000000000002,0.0,356.52512872886683
5.080000000000003,0.0,356.7603936543056
5.100000000000002,0.0,356.9918876005452
5.120000000000003,0.0,357.21614474954913
5.140000000000002,0.0,357.4357907608817
5.160000000000003,0.0,357.6473779142364
5.180000000000002,0.0,357.853736819545
5.200000000000003,0.0,358.0515772608942
5.220000000000002,0.0,358.24381125228064
5.240000000000003,0.0,358.4273568533595
5.2600000000000025,0.0,358.6051234597819
5.280000000000003,0.0,358.77425001698003
5.3000000000000025,0.0,358.93758531210693
5.320000000000003,0.0,359.09248508740393
5.3400000000000025,0.0,359.24169846575273
5.360000000000003,0.0,359.3827869465145
5.380000000000003,0.0,359.5183749601182
5.400000000000003,0.0,359.6462162564387
5.420000000000003,0.0,359.7687958490792
5.440000000000003,0.0,359.8840457967381
5.460000000000003,0.0,359.99430442016535
5.480000000000003,0.0,360.0976685910152
5.500000000000003,0.0,360.1963279461383
5.520000000000003,0.0,360.28853146463877
5.540000000000003,0.0,360.3763217783536
5.560000000000003,0.0,360.45808815873596
5.580000000000003,0.0,360.53573039113087
5.600000000000003,0.0,360.6077671082095
5.620000000000003,0.0,360.6759610191513
5.640000000000003,0.0,360.7389500221755
5.660000000000003,0.0,360.7983665058096
5.680000000000003,0.0,360.85295831216183
5.700000000000003,0.0,360.9042348017387
5.720000000000003,0.0,360.9510451510091
5.740000000000003,0.0,360.99478320536895
5.760000000000003,0.0,361.0343915206329
5.780000000000003,0.0,361.0711559393697
5.8000000000000025,0.0,361.1041050441922
5.820000000000003,0.0,361.13442403542786
5.840000000000003,0.0,361.1612207257626
5.860000000000003,0.0,361.1855867817328
5.880000000000003,0.0,361.2067029632939
5.900000000000003,0.0,361.22557419564026
5.9200000000000035,0.0,361.24144837923626
5.940000000000003,0.0,361.25525013675843
5.960000000000003,0.0,361.26628914393524
5.980000000000003,0.0,361.2754157872209
6.0000000000000036,0.0,361.2819965621745
4.8000000000000025,1.8750000000000002e-05,353.39877577535106
4.820000000000002,1.8750000000000002e-05,353.6516242428723
4.8400000000000025,1.8750000000000002e-05,353.9088712451003
4.860000000000002,1.8750000000000002e-05,354.1635926469564
4.880000000000003,1.8750000000000002e-05,354.4212540543619
4.900000000000002,1.8750000000000002e-05,354.6761511105586
4.920000000000003,1.8750000000000002e-05,354.9331554592996
4.940000000000002,1.8750000000000002e-05,355.1870910394285
4.960000000000003,1.8750000000000002e-05,355.4434581020295
4.980000000000002,1.8750000000000002e-05,355.69444062094044
5.000000000000003,1.8750000000000002e-05,355.94691637070605
5.020000000000002,1.8750000000000002e-05,356.1945498754047
5.040000000000003,1.8750000000000002e-05,356.4401328595219
5.060000000000002,1.8750000000000002e-05,356.6803814555413
5.080000000000003,1.8750000000000002e-05,356.9170694095761
5.100000000000002,1.8750000000000002e-05,357.147398880679
5.120000000000003,1.8750000000000002e-05,357.37298260701925
5.140000000000002,1.8750000000000002e-05,357.5913777385288
5.160000000000003,1.8750000000000002e-05,357.804177468853
5.180000000000002,1.8750000000000002e-05,358.00924877469095
5.200000000000003,1.8750000000000002e-05,358.208188446228
5.220000000000002,1.8750000000000002e-05,358.39913323874737
5.240000000000003,1.8750000000000002e-05,358.5836720704087
5.2600000000000025,1.8750000000000002e-05,358.76017238777956
5.280000000000003,1.8750000000000002e-05,358.93019546313303
5.3000000000000025,1.8750000000000002e-05,359.0923039309042
5.320000000000003,1.8750000000000002e-05,359.24801278792637
5.3400000000000025,1.8750000000000002e-05,359.3960494262588
5.360000000000003,1.8750000000000002e-05,359.53786809370837
5.380000000000003,1.8750000000000002e-05,359.6723357348962
5.400000000000003,1.8750000000000002e-05,359.80083593811406
5.420000000000003,1.8750000000000002e-05,359.92235467404686
5.440000000000003,1.8750000000000002e-05,360.0381989630918
5.460000000000003,1.8750000000000002e-05,360.14745717642234
5.480000000000003,1.8750000000000002e-05,360.25135703721975
5.500000000000003,1.8750000000000002e-05,360.3490758224231
5.520000000000003,1.8750000000000002e-05,360.4417616089627
5.540000000000003,1.8750000000000002e-05,360.5286695484463
5.560000000000003,1.8750000000000002e-05,360.6108694267104
5.580000000000003,1.8750000000000002e-05,360.6876851611204
5.600000000000003,1.8750000000000002e-05,360.7601107703705
5.620000000000003,1.8750000000000002e-05,360.8275313268975
5.640000000000003,1.8750000000000002e-05,360.89086836725465
5.660000000000003,1.8750000000000002e-05,360.94956168102897
5.680000000000003,1.8750000000000002e-05,361.0044640662263
5.700000000000003,1.8750000000000002e-05,361.05506451716457
5.720000000000003,1.8750000000000002e-05,361.10215107573214
5.740000000000003,1.8750000000000002e-05,361.1452571669728
5.760000000000003,1.8750000000000002e-05,361.1851101412557
5.780000000000003,1.8750000000000002e-05,361.2212836771408
5.8000000000000025,1.8750000000000002e-05,361.2544484708469
5.820000000000003,1.8750000000000002e-05,361.2842147664085
5.840000000000003,1.8750000000000002e-05,361.3112005415754
5.860000000000003,1.8750000000000002e-05,361.3350493246114
5.880000000000003,1.8750000000000002e-05,361.3563301598935
5.900000000000003,1.8750000000000002e-05,361.374716921839
5.9200000000000035,1.8750000000000002e-05,361.39073332559195
5.940000000000003,1.8750000000000002e-05,361.4040809470813
5.960000000000003,1.8750000000000002e-05,361.4152415783279
5.980000000000003,1.8750000000000002e-05,361.42394210616266
6.0000000000000036,1.8750000000000002e-05,361.4306255999404
4.8000000000000025,3.7500000000000003e-05,353.5870411018347
4.820000000000002,3.7500000000000003e-05,353.8456588859912
4.8400000000000025,3.7500000000000003e-05,354.09931658313377
4.860000000000002,3.7500000000000003e-05,354.3588233340556
4.880000000000003,3.7500000000000003e-05,354.6132653098253
4.900000000000002,3.7500000000000003e-05,354.8723745856151
4.920000000000003,3.7500000000000003e-05,355.12641884930713
4.940000000000002,3.7500000000000003e-05,355.3840672736038
4.960000000000003,3.7500000000000003e-05,355.6371091944926
4.980000000000002,3.7500000000000003e-05,355.8918747130378
5.000000000000003,3.7500000000000003e-05,356.14090610953957
5.020000000000002,3.7500000000000003e-05,356.39121998286123
5.040000000000003,3.7500000000000003e-05,356.6339742503411
5.060000000000002,3.7500000000000003e-05,356.8760357724593
5.080000000000003,3.7500000000000003e-05,357.10997196333716
5.100000000000002,3.7500000000000003e-05,357.3414909314796
5.120000000000003,3.7500000000000003e-05,357.56431903337113
5.140000000000002,3.7500000000000003e-05,357.7834342411898
5.160000000000003,3.7500000000000003e-05,357.99348350275034
5.180000000000002,3.7500000000000003e-05,358.19892533793984
5.200000000000003,3.7500000000000003e-05,358.3951515598776
5.220000000000002,3.7500000000000003e-05,358.5862119235038
5.240000000000003,3.7500000000000003e-05,358.7681069982402
5.2600000000000025,3.7500000000000003e-05,358.9445410442428
5.280000000000003,3.7500000000000003e-05,359.1120163446347
5.3000000000000025,3.7500000000000003e-05,359.2739319925307
5.320000000000003,3.7500000000000003e-05,359.4272075132613
5.3400000000000025,3.7500000000000003e-05,359.57496585608493
5.360000000000003,3.7500000000000003e-05,359.7144769716569
5.380000000000003,3.7500000000000003e-05,359.8486109154897
5.400000000000003,3.7500000000000003e-05,359.97493496235205
5.420000000000003,3.7500000000000003e-05,360.0960863509411
5.440000000000003,3.7500000000000003e-05,360.2098871647213
5.460000000000003,3.7500000000000003e-05,360.31875993131024
5.480000000000003,3.7500000000000003e-05,360.4207471752144
5.500000000000003,3.7500000000000003e-05,360.5180733932284
5.520000000000003,3.7500000000000003e-05,360.60897346261953
5.540000000000003,3.7500000000000003e-05,360.6954893498535
5.560000000000003,3.7500000000000003e-05,360.77602505898
5.580000000000003,3.7500000000000003e-05,360.8524544616549
5.600000000000003,3.7500000000000003e-05,360.92333125570735
5.620000000000003,3.7500000000000003e-05,360.9903746508856
5.640000000000003,3.7500000000000003e-05,361.0522715926495
5.660000000000003,3.7500000000000003e-05,361.1105991040496
5.680000000000003,3.7500000000000003e-05,361.1641633098196
5.700000000000003,3.7500000000000003e-05,361.21441060577644
5.720000000000003,3.7500000000000003e-05,361.2602541430053
5.740000000000003,3.7500000000000003e-05,361.30302037779956
5.760000000000003,3.7500000000000003e-05,361.34171889673695
5.780000000000003,3.7500000000000003e-05,361.37756607942845
5.8000000000000025,3.7500000000000003e-05,361.4096586468397
5.820000000000003,3.7500000000000003e-05,361.43911198893784
5.840000000000003,3.7500000000000003e-05,361.46510173781627
5.860000000000003,3.7500000000000003e-05,361.4886506551041
5.880000000000003,3.7500000000000003e-05,361.50900597193885
5.900000000000003,3.7500000000000003e-05,361.5271055071008
5.9200000000000035,3.7500000000000003e-05,361.54226155724155
5.940000000000003,3.7500000000000003e-05,361.55533405681246
5.960000000000003,3.7500000000000003e-05,361.56569450620003
5.980000000000003,3.7500000000000003e-05,361.57413143411816
6.0000000000000036,3.7500000000000003e-05,361.5800702676055
4.8000000000000025,5.6250000000000005e-05,353.8208501748204
4.820000000000002,5.6250000000000005e-05,354.07681990108875
4.8400000000000025,5.6250000000000005e-05,354.3351406989603
4.860000000000002,5.6250000000000005e-05,354.59177560497557
4.880000000000003,5.6250000000000005e-05,354.85032415808786
4.900000000000002,5.6250000000000005e-05,355.1066623895848
4.920000000000003,5.6250000000000005e-05,355.36428078035095
4.940000000000002,5.6250000000000005e-05,355.61921914723325
4.960000000000003,5.6250000000000005e-05,355.874950023209
4.980000000000002,5.6250000000000005e-05,356.1270829462391
5.000000000000003,5.6250000000000005e-05,356.3782177250518
5.020000000000002,5.6250000000000005e-05,356.62521374548174
5.040000000000003,5.6250000000000005e-05,356.8695616865634
5.060000000000002,5.6250000000000005e-05,357.10803500850596
5.080000000000003,5.6250000000000005e-05,357.34274939895147
5.100000000000002,5.6250000000000005e-05,357.57047749314404
5.120000000000003,5.6250000000000005e-05,357.79338613603613
5.140000000000002,5.6250000000000005e-05,358.0085856354941
5.160000000000003,5.6250000000000005e-05,358.2181801536804
5.180000000000002,5.6250000000000005e-05,358.4196669099871
5.200000000000003,5.6250000000000005e-05,358.6150539989727
5.220000000000002,5.6250000000000005e-05,358.8021963975342
5.240000000000003,5.6250000000000005e-05,358.9829925211266
5.2600000000000025,5.6250000000000005e-05,359.1556060710213
5.280000000000003,5.6250000000000005e-05,359.321819411401
5.3000000000000025,5.6250000000000005e-05,359.4800554819186
5.320000000000003,5.6250000000000005e-05,359.6319784240295
5.3400000000000025,5.6250000000000005e-05,359.77622675145244
5.360000000000003,5.6250000000000005e-05,359.91434726080223
5.380000000000003,5.6250000000000005e-05,360.04515755187236
5.400000000000003,5.6250000000000005e-05,360.1700902082456
5.420000000000003,5.6250000000000005e-05,360.288112153028
5.440000000000003,5.6250000000000005e-05,360.40054646502875
5.460000000000003,5.6250000000000005e-05,360.50648534687775
5.480000000000003,5.6250000000000005e-05,360.607148091793
5.500000000000003,5.6250000000000005e-05,360.70173279127965
5.520000000000003,5.6250000000000005e-05,360.7913612376447
5.540000000000003,5.6250000000000005e-05,360.87532172659576
5.560000000000003,5.6250000000000005e-05,360.9546450672006
5.580000000000003,5.6250000000000005e-05,361.02869699826465
5.600000000000003,5.6250000000000005e-05,361.0984238595096
5.620000000000003,5.6250000000000005e-05,361.1632583718255
5.640000000000003,5.6250000000000005e-05,361.22406875476617
5.660000000000003,5.6250000000000005e-05,361.2803460627266
5.680000000000003,5.6250000000000005e-05,361.3328864759502
5.700000000000003,5.6250000000000005e-05,361.3812321681995
5.720000000000003,5.6250000000000005e-05,361.42611303125426
5.740000000000003,5.6250000000000005e-05,361.4671162866092
5.760000000000003,5.6250000000000005e-05,361.504910926481
5.780000000000003,5.6250000000000005e-05,361.539124065411
5.8000000000000025,5.6250000000000005e-05,361.5703688116916
5.820000000000003,5.6250000000000005e-05,361.59830776045186
5.840000000000003,5.6250000000000005e-05,361.62350278095283
5.860000000000003,5.6250000000000005e-05,361.64564814271495
5.880000000000003,5.6250000000000005e-05,361.66525876160864
5.900000000000003,5.6250000000000005e-05,361.6820572751655
5.9200000000000035,5.6250000000000005e-05,361.69651558925784
5.940000000000003,5.6250000000000005e-05,361.70838181895823
5.960000000000003,5.6250000000000005e-05,361.71808848138636
5.980000000000003,5.6250000000000005e-05,361.725406627919
6.0000000000000036,5.6250000000000005e-05,361.7307327075703
4.8000000000000025,7.500000000000001e-05,354.0927286157916
4.820000000000002,7.500000000000001e-05,354.3526481445605
4.8400000000000025,7.500000000000001e-05,354.6094146594228
4.860000000000002,7.500000000000001e-05,354.8692939999099
4.880000000000003,7.500000000000001e-05,355.12609953987806
4.900000000000002,7.500000000000001e-05,355.3852176797313
4.920000000000003,7.500000000000001e-05,355.6409533338604
4.940000000000002,7.500000000000001e-05,355.89815731870857
4.960000000000003,7.500000000000001e-05,356.1515685399948
4.980000000000002,7.500000000000001e-05,356.4052597715397
5.000000000000003,7.500000000000001e-05,356.65373038120526
5.020000000000002,7.500000000000001e-05,356.90115204490627
5.040000000000003,7.500000000000001e-05,357.14224842029205
5.060000000000002,7.500000000000001e-05,357.3803763622139
5.080000000000003,7.500000000000001e-05,357.6111771606868
5.100000000000002,7.500000000000001e-05,357.8378144457343
5.120000000000003,7.500000000000001e-05,358.05632873314715
5.140000000000002,7.500000000000001e-05,358.2698321313932
5.160000000000003,7.500000000000001e-05,358.4747408648517
5.180000000000002,7.500000000000001e-05,358.6740925204605
5.200000000000003,7.500000000000001e-05,358.86466580720975
5.220000000000002,7.500000000000001e-05,359.049386157152
5.240000000000003,7.500000000000001e-05,359.22536869973607
5.2600000000000025,7.500000000000001e-05,359.39539753308514
5.280000000000003,7.500000000000001e-05,359.5568916234968
5.3000000000000025,7.500000000000001e-05,359.71247554647556
5.320000000000003,7.500000000000001e-05,359.8598386683295
5.3400000000000025,7.500000000000001e-05,360.0014371651166
5.360000000000003,7.500000000000001e-05,360.1351994417798
5.380000000000003,7.500000000000001e-05,360.2634113523569
5.400000000000003,7.500000000000001e-05,360.38421219641594
5.420000000000003,7.500000000000001e-05,360.49972042573427
5.440000000000003,7.500000000000001e-05,360.6082615243354
5.460000000000003,7.500000000000001e-05,360.7117926401561
5.480000000000003,7.500000000000001e-05,360.8088039632421
5.500000000000003,7.500000000000001e-05,360.9010993818193
5.520000000000003,7.500000000000001e-05,360.9873151868706
5.540000000000003,7.500000000000001e-05,361.0691111169634
5.560000000000003,7.500000000000001e-05,361.14525344313944
5.580000000000003,7.500000000000001e-05,361.2172673205922
5.600000000000003,7.500000000000001e-05,361.2840349985851
5.620000000000003,7.500000000000001e-05,361.3469566605845
5.640000000000003,7.500000000000001e-05,361.40501833004737
5.660000000000003,7.500000000000001e-05,361.4595046076847
5.680000000000003,7.500000000000001e-05,361.5094946113235
5.700000000000003,7.500000000000001e-05,361.5561663579375
5.720000000000003,7.500000000000001e-05,361.59868267487064
5.740000000000003,7.500000000000001e-05,361.63812350717444
5.760000000000003,7.500000000000001e-05,361.67372711120663
5.780000000000003,7.500000000000001e-05,361.7064833353655
5.8000000000000025,7.500000000000001e-05,361.7356985307316
5.820000000000003,7.500000000000001e-05,361.76227987062924
5.840000000000003,7.500000000000001e-05,361.7855952814552
5.860000000000003,7.500000000000001e-05,361.80647613335714
5.880000000000003,7.500000000000001e-05,361.8243461141104
5.900000000000003,7.500000000000001e-05,361.8399671303489
5.9200000000000035,7.500000000000001e-05,361.8528134311992
5.940000000000003,7.500000000000001e-05,361.86358329276663
5.960000000000003,7.500000000000001e-05,361.871796862369
5.980000000000003,7.500000000000001e-05,361.87809414193424
6.0000000000000036,7.500000000000001e-05,361.882036985478
4.8000000000000025,9.375e-05,354.4087011324255
4.820000000000002,9.375e-05,354.6677476539867
4.8400000000000025,9.375e-05,354.92763374144795
4.860000000000002,9.375e-05,355.1863370795198
4.880000000000003,9.375e-05,355.44562902381574
4.900000000000002,9.375e-05,355.70335473583117
4.920000000000003,9.375e-05,355.9610323417748
4.940000000000002,9.375e-05,356.21651783018876
4.960000000000003,9.375e-05,356.47105887248017
4.980000000000002,9.375e-05,356.72236541525825
5.000000000000003,9.375e-05,356.9710663401254
5.020000000000002,9.375e-05,357.2151452696111
5.040000000000003,9.375e-05,357.4552949922778
5.060000000000002,9.375e-05,357.68931950304636
5.080000000000003,9.375e-05,357.91812998820683
5.100000000000002,9.375e-05,358.1399440741049
5.120000000000003,9.375e-05,358.3556592164116
5.140000000000002,9.375e-05,358.56381825396136
5.160000000000003,9.375e-05,358.76535662876904
5.180000000000002,9.375e-05,358.95905831926683
5.200000000000003,9.375e-05,359.1459001869993
5.220000000000002,9.375e-05,359.32485089012647
5.240000000000003,9.375e-05,359.4969111860207
5.2600000000000025,9.375e-05,359.6611951733345
5.280000000000003,9.375e-05,359.81870602663554
5.3000000000000025,9.375e-05,359.9686747689096
5.320000000000003,9.375e-05,360.112088189899
5.3400000000000025,9.375e-05,360.24827289106986
5.360000000000003,9.375e-05,360.3781849651244
5.380000000000003,9.375e-05,360.50123028689603
5.400000000000003,9.375e-05,360.61832433664966
5.420000000000003,9.375e-05,360.72893960945095
5.440000000000003,9.375e-05,360.8339447332602
5.460000000000003,9.375e-05,360.9328688648933
5.480000000000003,9.375e-05,361.02653038745376
5.500000000000003,9.375e-05,361.1145071744496
5.520000000000003,9.375e-05,361.1975660753935
5.540000000000003,9.375e-05,361.275327255571
5.560000000000003,9.375e-05,361.34850624057015
5.580000000000003,9.375e-05,361.41676022180235
5.600000000000003,9.375e-05,361.480754640419
5.620000000000003,9.375e-05,361.5401793416618
5.640000000000003,9.375e-05,361.5956516000008
5.660000000000003,9.375e-05,361.64689023843465
5.680000000000003,9.375e-05,361.6944667027311
5.700000000000003,9.375e-05,361.73812566673274
5.720000000000003,9.375e-05,361.77839531967334
5.740000000000003,9.375e-05,361.8150434980272
5.760000000000003,9.375e-05,361.84855780901114
5.780000000000003,9.375e-05,361.8787269185867
5.8000000000000025,9.375e-05,361.9060005371605
5.820000000000003,9.375e-05,361.93018611822686
5.840000000000003,9.375e-05,361.9516981090463
5.860000000000003,9.375e-05,361.9703609505897
5.880000000000003,9.375e-05,361.98655636822446
5.900000000000003,9.375e-05,362.0001241937959
5.9200000000000035,9.375e-05,362.01141585410477
5.940000000000003,9.375e-05,362.0202851483534
5.960000000000003,9.375e-05,362.027055495601
5.980000000000003,9.375e-05,362.03159338770905
6.0000000000000036,9.375e-05,362.0341963874237
4.8000000000000025,0.00011250000000000001,354.7648411018725
4.820000000000002,0.00011250000000000001,355.0262803180321
4.8400000000000025,0.00011250000000000001,355.28612525879737
4.860000000000002,0.00011250000000000001,355.54667678753975
4.880000000000003,0.00011250000000000001,355.80546720445636
4.900000000000002,0.00011250000000000001,356.0645129726616
4.920000000000003,0.00011250000000000001,356.3212661252362
4.940000000000002,0.00011250000000000001,356.5774083048847
4.960000000000003,0.00011250000000000001,356.8302743539539
4.980000000000002,0.00011250000000000001,357.0811579274191
5.000000000000003,0.00011250000000000001,357.3271721432743
5.020000000000002,0.00011250000000000001,357.5695231154524
5.040000000000003,0.00011250000000000001,357.80573084501833
5.060000000000002,0.00011250000000000001,358.03684258705744
5.080000000000003,0.00011250000000000001,358.2606827281348
5.100000000000002,0.00011250000000000001,358.4785471128012
5.120000000000003,0.00011250000000000001,358.6885169959447
5.140000000000002,0.00011250000000000001,358.89197286161385
5.160000000000003,0.00011250000000000001,359.087260339363
5.180000000000002,0.00011250000000000001,359.27578205270083
5.200000000000003,0.00011250000000000001,359.4561083364803
5.220000000000002,0.00011250000000000001,359.62963265187153
5.240000000000003,0.00011250000000000001,359.79510680039147
5.2600000000000025,0.00011250000000000001,359.95389515010504
5.280000000000003,0.00011250000000000001,360.10489508808433
5.3000000000000025,0.00011250000000000001,360.249427931488
5.320000000000003,0.00011250000000000001,360.3865091649669
5.3400000000000025,0.00011250000000000001,360.51740728002903
5.360000000000003,0.00011250000000000001,360.6412353122502
5.380000000000003,0.00011250000000000001,360.75920242312503
5.400000000000003,0.00011250000000000001,360.8705038656334
5.420000000000003,0.00011250000000000001,360.97628556927225
5.440000000000003,0.00011250000000000001,361.07581344118705
5.460000000000003,0.00011250000000000001,361.1701683191377
5.480000000000003,0.00011250000000000001,361.2586778877572
5.500000000000003,0.00011250000000000001,361.34235759925826
5.520000000000003,0.00011250000000000001,361.4205899466646
5.540000000000003,0.00011250000000000001,361.49432587185555
5.560000000000003,0.00011250000000000001,361.5629970664328
5.580000000000003,0.00011250000000000001,361.62749168349967
5.600000000000003,0.00011250000000000001,361.68728598086244
5.620000000000003,0.00011250000000000001,361.7432076341484
5.640000000000003,0.00011250000000000001,361.79477354791095
5.660000000000003,0.00011250000000000001,361.84275362113937
5.680000000000003,0.00011250000000000001,361.88670201568857
5.700000000000003,0.00011250000000000001,361.9273337906708
5.720000000000003,0.00011250000000000001,361.96423737927125
5.740000000000003,0.00011250000000000001,361.99807605741387
5.760000000000003,0.00011250000000000001,362.0284698592729
5.780000000000003,0.00011250000000000001,362.0560333680535
5.8000000000000025,0.00011250000000000001,362.0804158028157
5.820000000000003,0.00011250000000000001,362.102186115522
5.840000000000003,0.00011250000000000001,362.1210205048991
5.860000000000003,0.00011250000000000001,362.137445279435
5.880000000000003,0.00011250000000000001,362.15116159209805
5.900000000000003,0.00011250000000000001,362.16265599111983
5.9200000000000035,0.00011250000000000001,362.17165271528717
5.940000000000003,0.00011250000000000001,362.1786013109059
5.960000000000003,0.00011250000000000001,362.1832473740191
5.980000000000003,0.00011250000000000001,362.186006070042
6.0000000000000036,0.00011250000000000001,362.18664275021206
4.8000000000000025,0.00013125000000000002,355.1639850844712
4.820000000000002,0.00013125000000000002,355.42588961332154
4.8400000000000025,0.00013125000000000002,355.68749200101473
4.860000000000002,0.00013125000000000002,355.9480350779023
4.880000000000003,0.00013125000000000002,356.2079767472936
4.900000000000002,0.00013125000000000002,356.46650535390177
4.920000000000003,0.00013125000000000002,356.7237769709221
4.940000000000002,0.00013125000000000002,356.97868947742967
4.960000000000003,0.00013125000000000002,357.23103732283266
4.980000000000002,0.00013125000000000002,357.4794743675446
5.000000000000003,0.00013125000000000002,357.7235628296869
5.020000000000002,0.00013125000000000002,357.96203225056087
5.040000000000003,0.00013125000000000002,358.1947553248443
5.060000000000002,0.00013125000000000002,358.4206501004693
5.080000000000003,0.00013125000000000002,358.63974080642475
5.100000000000002,0.00013125000000000002,358.8513098580024
5.120000000000003,0.00013125000000000002,359.0555705017221
5.140000000000002,0.00013125000000000002,359.25199490515547
5.160000000000003,0.00013125000000000002,359.44093830522894
5.180000000000002,0.00013125000000000002,359.622006316765
5.200000000000003,0.00013125000000000002,359.7956399691218
5.220000000000002,0.00013125000000000002,359.96154370016876
5.240000000000003,0.00013125000000000002,360.1202042517501
5.2600000000000025,0.00013125000000000002,360.27139874190755
5.280000000000003,0.00013125000000000002,360.4156334681753
5.3000000000000025,0.00013125000000000002,360.55273826730854
5.320000000000003,0.00013125000000000002,360.6832222418026
5.3400000000000025,0.00013125000000000002,360.8069530344966
5.360000000000003,0.00013125000000000002,360.9244318420763
5.380000000000003,0.00013125000000000002,361.0355532060757
5.400000000000003,0.00013125000000000002,361.1408035954756
5.420000000000003,0.00013125000000000002,361.2400966091658
5.440000000000003,0.00013125000000000002,361.3338997201272
5.460000000000003,0.00013125000000000002,361.4221400286204
5.480000000000003,0.00013125000000000002,361.5052634580804
5.500000000000003,0.00013125000000000002,361.5832067244336
5.520000000000003,0.00013125000000000002,361.6563928212426
5.540000000000003,0.00013125000000000002,361.7247653964202
5.560000000000003,0.00013125000000000002,361.788723946018
5.580000000000003,0.00013125000000000002,361.84821721989556
5.600000000000003,0.00013125000000000002,361.9036212146515
5.620000000000003,0.00013125000000000002,361.9548885507798
5.640000000000003,0.00013125000000000002,362.0023721159091
5.660000000000003,0.00013125000000000002,362.0460275844668
5.680000000000003,0.00013125000000000002,362.086185394298
5.700000000000003,0.00013125000000000002,362.1228037401397
5.720000000000003,0.00013125000000000002,362.1561914484902
5.740000000000003,0.00013125000000000002,362.1863088908712
5.760000000000003,0.00013125000000000002,362.2134442349534
5.780000000000003,0.00013125000000000002,362.2375598105699
5.8000000000000025,0.00013125000000000002,362.2589241455386
5.820000000000003,0.00013125000000000002,362.27750138960903
5.840000000000003,0.00013125000000000002,362.29354148139504
5.860000000000003,0.00013125000000000002,362.30701030156285
5.880000000000003,0.00013125000000000002,362.3181402565564
5.900000000000003,0.00013125000000000002,362.32689889778237
5.9200000000000035,0.00013125000000000002,362.3335021447136
5.940000000000003,0.00013125000000000002,362.33791917463634
5.960000000000003,0.00013125000000000002,362.34035044049665
5.980000000000003,0.00013125000000000002,362.3407667073136
6.0000000000000036,0.00013125000000000002,362.3393539482284
4.8000000000000025,0.00015000000000000001,355.60482896632215
4.820000000000002,0.00015000000000000001,355.86822341141027
4.8400000000000025,0.00015000000000000001,356.1304372834398
4.860000000000002,0.00015000000000000001,356.3918898913722
4.880000000000003,0.00015000000000000001,356.6518502150753
4.900000000000002,0.00015000000000000001,356.9106474236137
4.920000000000003,0.00015000000000000001,357.16722910696353
4.940000000000002,0.00015000000000000001,357.4214662981876
4.960000000000003,0.00015000000000000001,357.6719023561639
4.980000000000002,0.00015000000000000001,357.91813072884696
5.000000000000003,0.00015000000000000001,358.15864445379333
5.020000000000002,0.00015000000000000001,358.39317137835144
5.040000000000003,0.00015000000000000001,358.6206071956678
5.060000000000002,0.00015000000000000001,358.84097610084643
5.080000000000003,0.00015000000000000001,359.05341662224527
5.100000000000002,0.00015000000000000001,359.25824324553446
5.120000000000003,0.00015000000000000001,359.4548613567681
5.140000000000002,0.00015000000000000001,359.64372571050905
5.160000000000003,0.00015000000000000001,359.82441056331027
5.180000000000002,0.00015000000000000001,359.99745366473326
5.200000000000003,0.00015000000000000001,360.16253284515454
5.220000000000002,0.00015000000000000001,360.32022986613407
5.240000000000003,0.00015000000000000001,360.4702884491727
5.2600000000000025,0.00015000000000000001,360.61330732305623
5.280000000000003,0.00015000000000000001,360.7490739966515
5.3000000000000025,0.00015000000000000001,360.8781862698739
5.320000000000003,0.00015000000000000001,361.00046189856295
5.3400000000000025,0.00015000000000000001,361.1164863477824
5.360000000000003,0.00015000000000000001,361.22609893765383
5.380000000000003,0.00015000000000000001,361.3298657717385
5.400000000000003,0.00015000000000000001,361.4276419617192
5.420000000000003,0.00015000000000000001,361.5199701133925
5.440000000000003,0.00015000000000000001,361.6067172035724
5.460000000000003,0.00015000000000000001,361.68840009728984
5.480000000000003,0.00015000000000000001,361.7648949383232
5.500000000000003,0.00015000000000000001,361.8366918459649
5.520000000000003,0.00015000000000000001,361.9036742764346
5.540000000000003,0.00015000000000000001,361.9663054071501
5.560000000000003,0.00015000000000000001,362.02447474149494
5.580000000000003,0.00015000000000000001,362.0786188454501
5.600000000000003,0.00015000000000000001,362.1286324174945
5.620000000000003,0.00015000000000000001,362.1749260822439
5.640000000000003,0.00015000000000000001,362.2173991691602
5.660000000000003,0.00015000000000000001,362.2564372463962
5.680000000000003,0.00015000000000000001,362.29194390792156
5.700000000000003,0.00015000000000000001,362.32428068113734
5.720000000000003,0.00015000000000000001,362.35335519042366
5.740000000000003,0.00015000000000000001,362.3795060119704
5.760000000000003,0.00015000000000000001,362.40264465192524
5.780000000000003,0.00015000000000000001,362.4230878597639
5.8000000000000025,0.00015000000000000001,362.44075092687905
5.820000000000003,0.00015000000000000001,362.45592990882113
5.840000000000003,0.00015000000000000001,362.4685438145866
5.860000000000003,0.00015000000000000001,362.4788691285674
5.880000000000003,0.00015000000000000001,362.48682852278324
5.900000000000003,0.00015000000000000001,362.4926800106515
5.9200000000000035,0.00015000000000000001,362.49634987531334
5.940000000000003,0.00015000000000000001,362.4980787282771
5.960000000000003,0.00015000000000000001,362.4977964081205
5.980000000000003,0.00015000000000000001,362.49572715668234
6.0000000000000036,0.00015000000000000001,362.49180430483875
4.8000000000000025,0.00016875,356.08836399205256
4.820000000000002,0.00016875,356.3526750456391
4.8400000000000025,0.00016875,356.61583251645004
4.860000000000002,0.00016875,356.8775741832921
4.880000000000003,0.00016875,357.1378290121605
4.900000000000002,0.00016875,357.3962034843824
4.920000000000003,0.00016875,357.65220632457255
4.940000000000002,0.00016875,357.9048667195231
4.960000000000003,0.00016875,358.15320194810107
4.980000000000002,0.00016875,358.3960271544317
5.000000000000003,0.00016875,358.632452202769
5.020000000000002,0.00016875,358.8615959068685
5.040000000000003,0.00016875,359.0830250263345
5.060000000000002,0.00016875,359.2962789535042
5.080000000000003,0.00016875,359.5012145985235
5.100000000000002,0.00016875,359.6976606911112
5.120000000000003,0.00016875,359.8857246485731
5.140000000000002,0.00016875,360.0653942890348
5.160000000000003,0.00016875,360.23690072389786
5.180000000000002,0.00016875,360.400321799171
5.200000000000003,0.00016875,360.55594668375886
5.220000000000002,0.00016875,360.7038989456606
5.240000000000003,0.00016875,360.84449197897294
5.2600000000000025,0.00016875,360.9778688829218
5.280000000000003,0.00016875,361.1043491225688
5.3000000000000025,0.00016875,361.224080788007
5.320000000000003,0.00016875,361.3373793868374
5.3400000000000025,0.00016875,361.44439024505624
5.360000000000003,0.00016875,361.54541930096633
5.380000000000003,0.00016875,361.6406051396953
5.400000000000003,0.00016875,361.7302410307169
5.420000000000003,0.00016875,361.81445691251037
5.440000000000003,0.00016875,361.8935317742299
5.460000000000003,0.00016875,361.96758613761546
5.480000000000003,0.00016875,362.0368840091661
5.500000000000003,0.00016875,362.1015363516572
5.520000000000003,0.00016875,362.16179205270225
5.540000000000003,0.00016875,362.21775272367944
5.560000000000003,0.00016875,362.2696523514698
5.580000000000003,0.00016875,362.31758359790933
5.600000000000003,0.00016875,362.36176598681527
5.620000000000003,0.00016875,362.4022837370212
5.640000000000003,0.00016875,362.43934247866395
5.660000000000003,0.00016875,362.47301854538983
5.680000000000003,0.00016875,362.50350431684046
5.700000000000003,0.00016875,362.53086881768417
5.720000000000003,0.00016875,362.5552918557032
5.740000000000003,0.00016875,362.57683572042583
5.760000000000003,0.00016875,362.5956683365256
5.780000000000003,0.00016875,362.6118458166169
5.8000000000000025,0.00016875,362.62552488456816
5.820000000000003,0.00016875,362.6367560103043
5.840000000000003,0.00016875,362.64568538215417
5.860000000000003,0.00016875,362.65235833245305
5.880000000000003,0.00016875,362.65691115566113
5.900000000000003,0.00016875,362.65938451964485
5.9200000000000035,0.00016875,362.6599054392548
5.940000000000003,0.00016875,362.6585103577628
5.960000000000003,0.00016875,362.6553175952833
5.980000000000003,0.00016875,362.6503597769855
6.0000000000000036,0.00016875,362.64374708297856
4.8000000000000025,0.0001875,356.6144378754628
4.820000000000002,0.0001875,356.87972753154287
4.8400000000000025,0.0001875,357.1434299306596
4.860000000000002,0.0001875,357.40546588419824
4.880000000000003,0.0001875,357.6655657543328
4.900000000000002,0.0001875,357.9234227521032
4.920000000000003,0.0001875,358.17821248232224
4.940000000000002,0.0001875,358.42891797415575
4.960000000000003,0.0001875,358.67417794243465
4.980000000000002,0.0001875,358.9128699324747
5.000000000000003,0.0001875,359.1439195788724
5.020000000000002,0.0001875,359.3666914874169
5.040000000000003,0.0001875,359.58065806798385
5.060000000000002,0.0001875,359.7856800209789
5.080000000000003,0.0001875,359.98157767366547
5.100000000000002,0.0001875,360.1684895594635
5.120000000000003,0.0001875,360.3464693352593
5.140000000000002,0.0001875,360.51580488037047
5.160000000000003,0.0001875,360.6766474108566
5.180000000000002,0.0001875,360.8293506277119
5.200000000000003,0.0001875,360.97410106651313
5.220000000000002,0.0001875,361.1112714429681
5.240000000000003,0.0001875,361.24105395225905
5.2600000000000025,0.0001875,361.36381709484647
5.280000000000003,0.0001875,361.4797448856726
5.3000000000000025,0.0001875,361.58919122410964
5.320000000000003,0.0001875,361.6923260692291
5.3400000000000025,0.0001875,361.7894847013016
5.360000000000003,0.0001875,361.88082111958107
5.380000000000003,0.0001875,361.9666509430159
5.400000000000003,0.0001875,362.04711222256765
5.420000000000003,0.0001875,362.12250119023116
5.440000000000003,0.0001875,362.19294082624833
5.460000000000003,0.0001875,362.25870878916453
5.480000000000003,0.0001875,362.3199142055995
5.500000000000003,0.0001875,362.3768171620288
5.520000000000003,0.0001875,362.42951423103926
5.540000000000003,0.0001875,362.4782489639214
5.560000000000003,0.0001875,362.52310664182244
5.580000000000003,0.0001875,362.5643152908837
5.600000000000003,0.0001875,362.6019500760766
5.620000000000003,0.0001875,362.63622445868253
5.640000000000003,0.0001875,362.6672045590163
5.660000000000003,0.0001875,362.69509017774624
5.680000000000003,0.0001875,362.71993935780256
5.700000000000003,0.0001875,362.7419390877253
5.720000000000003,0.0001875,362.7611402024379
5.740000000000003,0.0001875,362.77771767370723
5.760000000000003,0.0001875,362.79171590869123
5.780000000000003,0.0001875,362.8032986078993
5.8000000000000025,0.0001875,362.81250445090467
5.820000000000003,0.0001875,362.8194865659517
5.840000000000003,0.0001875,362.8242785336625
5.860000000000003,0.0001875,362.8270235656154
5.880000000000003,0.0001875,362.8277507082067
5.900000000000003,0.0001875,362.8265938714734
5.9200000000000035,0.0001875,362.82357807511
5.940000000000003,0.0001875,362.8188285049619
5.960000000000003,0.0001875,362.8123666102212
5.980000000000003,0.0001875,362.8043093946157
6.0000000000000036,0.0001875,362.7946751468424
4.8000000000000025,0.00020625000000000003,357.18335930094224
4.820000000000002,0.00020625000000000003,357.4493585069991
4.8400000000000025,0.00020625000000000003,357.7134284326163
4.860000000000002,0.00020625000000000003,357.97543623749505
4.880000000000003,0.00020625000000000003,358.2351446943316
4.900000000000002,0.00020625000000000003,358.4920348975983
4.920000000000003,0.00020625000000000003,358.7451401217929
4.940000000000002,0.00020625000000000003,358.9930889481666
4.960000000000003,0.00020625000000000003,359.2343978343869
4.980000000000002,0.00020625000000000003,359.46776799153616
5.000000000000003,0.00020625000000000003,359.69225098586173
5.020000000000002,0.00020625000000000003,359.90722659969384
5.040000000000003,0.00020625000000000003,360.1123946695612
5.060000000000002,0.00020625000000000003,360.30767933762286
5.080000000000003,0.00020625000000000003,360.49316739865657
5.100000000000002,0.00020625000000000003,360.6690475343957
5.120000000000003,0.00020625000000000003,360.83561044823995
5.140000000000002,0.00020625000000000003,360.99317079425276
5.160000000000003,0.00020625000000000003,361.14208792434283
5.180000000000002,0.00020625000000000003,361.28271137924867
5.200000000000003,0.00020625000000000003,361.41540948578375
5.220000000000002,0.00020625000000000003,361.54052327907726
5.240000000000003,0.00020625000000000003,361.65840367729976
5.2600000000000025,0.00020625000000000003,361.7693660396769
5.280000000000003,0.00020625000000000003,361.8737340304213
5.3000000000000025,0.00020625000000000003,361.97179264711724
5.320000000000003,0.00020625000000000003,362.0638363601805
5.3400000000000025,0.00020625000000000003,362.15012045045137
5.360000000000003,0.00020625000000000003,362.23091167383166
5.380000000000003,0.00020625000000000003,362.30643819881345
5.400000000000003,0.00020625000000000003,362.3769417525272
5.420000000000003,0.00020625000000000003,362.442626470206
5.440000000000003,0.00020625000000000003,362.50371193077007
5.460000000000003,0.00020625000000000003,362.56038118877643
5.480000000000003,0.00020625000000000003,362.61283433890986
5.500000000000003,0.00020625000000000003,362.6612359763585
5.520000000000003,0.00020625000000000003,362.7057690299901
5.540000000000003,0.00020625000000000003,362.74658188943715
5.560000000000003,0.00020625000000000003,362.78384228443
5.580000000000003,0.00020625000000000003,362.8176843141322
5.600000000000003,0.00020625000000000003,362.8482621641591
5.620000000000003,0.00020625000000000003,362.875697267965
5.640000000000003,0.00020625000000000003,362.900131662171
5.660000000000003,0.00020625000000000003,362.92167549831015
5.680000000000003,0.00020625000000000003,362.94045984836634
5.700000000000003,0.00020625000000000003,362.9565847683263
5.720000000000003,0.00020625000000000003,362.970171380823
5.740000000000003,0.00020625000000000003,362.98131067139576
5.760000000000003,0.00020625000000000003,362.99011469304986
5.780000000000003,0.00020625000000000003,362.9966662538029
5.8000000000000025,0.00020625000000000003,363.0010691073982
5.820000000000003,0.00020625000000000003,363.0033986681931
5.840000000000003,0.00020625000000000003,363.0037510719155
5.860000000000003,0.00020625000000000003,363.0021950322997
5.880000000000003,0.00020625000000000003,362.9988196747646
5.900000000000003,0.00020625000000000003,362.9936876290579
5.9200000000000035,0.00020625000000000003,362.98688155645294
5.940000000000003,0.00020625000000000003,362.97845855439306
5.960000000000003,0.00020625000000000003,362.96849531396253
5.980000000000003,0.00020625000000000003,362.95704389617134
6.0000000000000036,0.00020625000000000003,362.94417547098084
4.8000000000000025,0.00022500000000000002,357.7952305465514
4.820000000000002,0.00022500000000000002,358.0616809134624
4.8400000000000025,0.00022500000000000002,358.32580734432975
4.860000000000002,0.00022500000000000002,358.58748742948393
4.880000000000003,0.00022500000000000002,358.84641410269427
4.900000000000002,0.00022500000000000002,359.1018734380633
4.920000000000003,0.00022500000000000002,359.35259204591176
4.940000000000002,0.00022500000000000002,359.5968866870579
4.960000000000003,0.00022500000000000002,359.833068597395
4.980000000000002,0.00022500000000000002,360.05980977897815
5.000000000000003,0.00022500000000000002,360.27624359315445
5.020000000000002,0.00022500000000000002,360.4819176125073
5.040000000000003,0.00022500000000000002,360.67669998486383
5.060000000000002,0.00022500000000000002,360.86071407307645
5.080000000000003,0.00022500000000000002,361.03422171910233
5.100000000000002,0.00022500000000000002,361.19759289063546
5.120000000000003,0.00022500000000000002,361.3512496817246
5.140000000000002,0.00022500000000000002,361.4956547667339
5.160000000000003,0.00022500000000000002,361.63126198515323
5.180000000000002,0.00022500000000000002,361.75853548826245
5.200000000000003,0.00022500000000000002,361.8779058617803
5.220000000000002,0.00022500000000000002,361.98980167119646
5.240000000000003,0.00022500000000000002,362.09460949566704
5.2600000000000025,0.00022500000000000002,362.1927116596568
5.280000000000003,0.00022500000000000002,362.2844467773859
5.3000000000000025,0.00022500000000000002,362.3701516217896
5.320000000000003,0.00022500000000000002,362.4501200998059
5.3400000000000025,0.00022500000000000002,362.52464826581235
5.360000000000003,0.00022500000000000002,362.5939909889539
5.380000000000003,0.00022500000000000002,362.65840939257436
5.400000000000003,0.00022500000000000002,362.71812521642244
5.420000000000003,0.00022500000000000002,362.77337010682163
5.440000000000003,0.00022500000000000002,362.8243379746058
5.460000000000003,0.00022500000000000002,362.8712356813925
5.480000000000003,0.00022500000000000002,362.91423377009306
5.500000000000003,0.00022500000000000002,362.9535181884504
5.520000000000003,0.00022500000000000002,362.9892397588459
5.540000000000003,0.00022500000000000002,363.0215666468281
5.560000000000003,0.00022500000000000002,363.0506329032175
5.580000000000003,0.00022500000000000002,363.0765914274327
5.600000000000003,0.00022500000000000002,363.0995618803943
5.620000000000003,0.00022500000000000002,363.11968391835967
5.640000000000003,0.00022500000000000002,363.1370647454195
5.660000000000003,0.00022500000000000002,363.1518324106763
5.680000000000003,0.00022500000000000002,363.16408324393734
5.700000000000003,0.00022500000000000002,363.1739350224736
5.720000000000003,0.00022500000000000002,363.18147451127635
5.740000000000003,0.00022500000000000002,363.18681031819096
5.760000000000003,0.00022500000000000002,363.19002073950304
5.780000000000003,0.00022500000000000002,363.1912061353264
5.8000000000000025,0.00022500000000000002,363.1904372615236
5.820000000000003,0.00022500000000000002,363.187807011202
5.840000000000003,0.00022500000000000002,363.1833793948198
5.860000000000003,0.00022500000000000002,363.1772405083333
5.880000000000003,0.00022500000000000002,363.1694483047885
5.900000000000003,0.00022500000000000002,363.1600826647307
5.9200000000000035,0.00022500000000000002,363.14919608473576
5.940000000000003,0.00022500000000000002,363.1368627407974
5.960000000000003,0.00022500000000000002,363.1231302022363
5.980000000000003,0.00022500000000000002,363.10806739355553
6.0000000000000036,0.00022500000000000002,363.09171742614865
4.8000000000000025,0.00024375000000000002,358.45015649923033
4.820000000000002,0.00024375000000000002,358.716719563136
4.8400000000000025,0.00024375000000000002,358.9805482196739
4.860000000000002,0.00024375000000000002,359.2415212637723
4.880000000000003,0.00024375000000000002,359.49921380371063
4.900000000000002,0.00024375000000000002,359.7526336147804
4.920000000000003,0.00024375000000000002,360.0001092754218
4.940000000000002,0.00024375000000000002,360.2396054495523
4.960000000000003,0.00024375000000000002,360.4692705450216
4.980000000000002,0.00024375000000000002,360.68781475997775
5.000000000000003,0.00024375000000000002,360.89453385462156
5.020000000000002,0.00024375000000000002,361.0891873323653
5.040000000000003,0.00024375000000000002,361.27187231198553
5.060000000000002,0.00024375000000000002,361.4429256885916
5.080000000000003,0.00024375000000000002,361.60281887064787
5.100000000000002,0.00024375000000000002,361.75209761851204
5.120000000000003,0.00024375000000000002,361.8913438281799
5.140000000000002,0.00024375000000000002,362.0211471960433
5.160000000000003,0.00024375000000000002,362.1420814987312
5.180000000000002,0.00024375000000000002,362.25469752326177
5.200000000000003,0.00024375000000000002,362.3595130999138
5.220000000000002,0.00024375000000000002,362.45701244200905
5.240000000000003,0.00024375000000000002,362.54764425811607
5.2600000000000025,0.00024375000000000002,362.631823264328
5.280000000000003,0.00024375000000000002,362.7099318200921
5.3000000000000025,0.00024375000000000002,362.78232187636377
5.320000000000003,0.00024375000000000002,362.8493180071737
5.3400000000000025,0.00024375000000000002,362.9112188840093
5.360000000000003,0.00024375000000000002,362.9683009248148
5.380000000000003,0.00024375000000000002,363.02081884154916
5.400000000000003,0.00024375000000000002,363.06900968843917
5.420000000000003,0.00024375000000000002,363.1130923178033
5.440000000000003,0.00024375000000000002,363.15327179476617
5.460000000000003,0.00024375000000000002,363.1897377643155
5.480000000000003,0.00024375000000000002,363.22266924120737
5.500000000000003,0.00024375000000000002,363.2522319739016
5.520000000000003,0.00024375000000000002,363.2785836162055
5.540000000000003,0.00024375000000000002,363.30187020352633
5.560000000000003,0.00024375000000000002,363.3222317024423
5.580000000000003,0.00024375000000000002,363.3397977166288
5.600000000000003,0.00024375000000000002,363.35469340146136
5.620000000000003,0.00024375000000000002,363.36703450712184
5.640000000000003,0.00024375000000000002,363.37693363859336
5.660000000000003,0.00024375000000000002,363.3844947306033
5.680000000000003,0.00024375000000000002,363.3898196282658
5.700000000000003,0.00024375000000000002,363.39300207656504
5.720000000000003,0.00024375000000000002,363.39413459287545
5.740000000000003,0.00024375000000000002,363.39330204386175
5.760000000000003,0.00024375000000000002,363.3905887779339
5.780000000000003,0.00024375000000000002,363.38607185470994
5.8000000000000025,0.00024375000000000002,363.3798284031269
5.820000000000003,0.00024375000000000002,363.37192856251096
5.840000000000003,0.00024375000000000002,363.362443030608
5.860000000000003,0.00024375000000000002,363.35143577030294
5.880000000000003,0.00024375000000000002,363.33897171123743
5.900000000000003,0.00024375000000000002,363.3251092719152
5.9200000000000035,0.00024375000000000002,363.30990817877273
5.940000000000003,0.00024375000000000002,363.29342184952793
5.960000000000003,0.00024375000000000002,363.27570529442755
5.980000000000003,0.00024375000000000002,363.2568074030764
6.0000000000000036,0.00024375000000000002,363.2367788939995
4.8000000000000025,0.00026250000000000004,359.1481798231175
4.820000000000002,0.00026250000000000004,359.4144456702671
4.8400000000000025,0.00026250000000000004,359.6775634737851
4.860000000000002,0.00026250000000000004,359.937378973778
4.880000000000003,0.00026250000000000004,360.19328702931153
4.900000000000002,0.00026250000000000004,360.4438987472163
4.920000000000003,0.00026250000000000004,360.6870492968252
4.940000000000002,0.00026250000000000004,360.9203337729577
4.960000000000003,0.00026250000000000004,361.1418152608544
4.980000000000002,0.00026250000000000004,361.3503412278034
5.000000000000003,0.00026250000000000004,361.5454535192878
5.020000000000002,0.00026250000000000004,361.72718417884437
5.040000000000003,0.00026250000000000004,361.89590388564534
5.060000000000002,0.00026250000000000004,362.052193401787
5.080000000000003,0.00026250000000000004,362.1967454031926
5.100000000000002,0.00026250000000000004,362.33029373921767
5.120000000000003,0.00026250000000000004,362.45357953988594
5.140000000000002,0.00026250000000000004,362.56732354101393
5.160000000000003,0.00026250000000000004,362.6722108962409
5.180000000000002,0.00026250000000000004,362.76888154281227
5.200000000000003,0.00026250000000000004,362.8579279729858
5.220000000000002,0.00026250000000000004,362.93989325859735
5.240000000000003,0.00026250000000000004,363.0152739295531
5.2600000000000025,0.00026250000000000004,363.08452185561083
5.280000000000003,0.00026250000000000004,363.1480480433358
5.3000000000000025,0.00026250000000000004,363.2062262376592
5.320000000000003,0.00026250000000000004,363.25939608593944
5.3400000000000025,0.00026250000000000004,363.30786735917815
5.360000000000003,0.00026250000000000004,363.3519219962607
5.380000000000003,0.00026250000000000004,363.39181850852174
5.400000000000003,0.00026250000000000004,363.4277928050509
5.420000000000003,0.00026250000000000004,363.46006268039093
5.440000000000003,0.00026250000000000004,363.488827465311
5.460000000000003,0.00026250000000000004,363.5142726321473
5.480000000000003,0.00026250000000000004,363.5365683673898
5.500000000000003,0.00026250000000000004,363.55587436454647
5.520000000000003,0.00026250000000000004,363.5723374295619
5.540000000000003,0.00026250000000000004,363.5860965251172
5.560000000000003,0.00026250000000000004,363.5972795187656
5.580000000000003,0.00026250000000000004,363.60600852338223
5.600000000000003,0.00026250000000000004,363.612395890347
5.620000000000003,0.00026250000000000004,363.6165498704192
5.640000000000003,0.00026250000000000004,363.6185699446972
5.660000000000003,0.00026250000000000004,363.6185528128397
5.680000000000003,0.00026250000000000004,363.616587144865
5.700000000000003,0.00026250000000000004,363.6127598903371
5.720000000000003,0.00026250000000000004,363.6071505252467
5.740000000000003,0.00026250000000000004,363.59983766614164
5.760000000000003,0.00026250000000000004,363.5908928786871
5.780000000000003,0.00026250000000000004,363.58038757401744
5.8000000000000025,0.00026250000000000004,363.5683864391181
5.820000000000003,0.00026250000000000004,363.55495458820087
5.840000000000003,0.00026250000000000004,363.54015066968134
5.860000000000003,0.00026250000000000004,363.52403424253856
5.880000000000003,0.00026250000000000004,363.5066586101626
5.900000000000003,0.00026250000000000004,363.4880783900389
5.9200000000000035,0.00026250000000000004,363.4683421209599
5.940000000000003,0.00026250000000000004,363.4474999936289
5.960000000000003,0.00026250000000000004,363.42559627444496
5.980000000000003,0.00026250000000000004,363.40267716459806
6.0000000000000036,0.00026250000000000004,363.3787830806747
4.8000000000000025,0.00028125000000000003,359.8892780004726
4.820000000000002,0.00028125000000000003,360.1547726948177
4.8400000000000025,0.00028125000000000003,360.4166992990763
4.860000000000002,0.00028125000000000003,360.6748330235362
4.880000000000003,0.00028125000000000003,360.9282817728662
4.900000000000002,0.00028125000000000003,361.17511903926214
4.920000000000003,0.00028125000000000003,361.4125825306745
4.940000000000002,0.00028125000000000003,361.63792884552794
4.960000000000003,0.00028125000000000003,361.8492531055549
4.980000000000002,0.00028125000000000003,362.04566966828736
5.000000000000003,0.00028125000000000003,362.2270531716216
5.020000000000002,0.00028125000000000003,362.3937746861746
5.040000000000003,0.00028125000000000003,362.5465171358753
5.060000000000002,0.00028125000000000003,362.686132406651
5.080000000000003,0.00028125000000000003,362.81354207143687
5.100000000000002,0.00028125000000000003,362.9296739907154
5.120000000000003,0.00028125000000000003,363.03542535850073
5.140000000000002,0.00028125000000000003,363.13164554872486
5.160000000000003,0.00028125000000000003,363.21912302095654
5.180000000000002,0.00028125000000000003,363.2985815071266
5.200000000000003,0.00028125000000000003,363.3706793745509
5.220000000000002,0.00028125000000000003,363.43601237561955
5.240000000000003,0.00028125000000000003,363.4951171694812
5.2600000000000025,0.00028125000000000003,363.5484767446868
5.280000000000003,0.00028125000000000003,363.59652467417476
5.3000000000000025,0.00028125000000000003,363.6396509298086
5.320000000000003,0.00028125000000000003,363.6782057883532
5.3400000000000025,0.00028125000000000003,363.7125050191437
5.360000000000003,0.00028125000000000003,363.7428331387167
5.380000000000003,0.00028125000000000003,363.7694476938624
5.400000000000003,0.00028125000000000003,363.79258182841926
5.420000000000003,0.00028125000000000003,363.8124477000978
5.440000000000003,0.00028125000000000003,363.8292384333364
5.460000000000003,0.00028125000000000003,363.84313080013317
5.480000000000003,0.00028125000000000003,363.85428667721527
5.500000000000003,0.00028125000000000003,363.8628551247964
5.520000000000003,0.00028125000000000003,363.8689734732133
5.540000000000003,0.00028125000000000003,363.87276891243886
5.560000000000003,0.00028125000000000003,363.87435932028507
5.580000000000003,0.00028125000000000003,363.873854452293
5.600000000000003,0.00028125000000000003,363.8713566028713
5.620000000000003,0.00028125000000000003,363.8669614656764
5.640000000000003,0.00028125000000000003,363.8607586979028
5.660000000000003,0.00028125000000000003,363.85283250588924
5.680000000000003,0.00028125000000000003,363.8432621644613
5.700000000000003,0.00028125000000000003,363.8321223705676
5.720000000000003,0.00028125000000000003,363.819483754962
5.740000000000003,0.00028125000000000003,363.80541303747174
5.760000000000003,0.00028125000000000003,363.78997355713045
5.780000000000003,0.00028125000000000003,363.77322525565023
5.8000000000000025,0.00028125000000000003,363.7552252437565
5.820000000000003,0.00028125000000000003,363.7360276341273
5.840000000000003,0.00028125000000000003,363.71568415546506
5.860000000000003,0.00028125000000000003,363.69424385223095
5.880000000000003,0.00028125000000000003,363.67175375336643
5.900000000000003,0.00028125000000000003,363.64825845326385
5.9200000000000035,0.00028125000000000003,363.6238008386184
5.940000000000003,0.00028125000000000003,363.598421562974
5.960000000000003,0.00028125000000000003,363.57215983263524
5.980000000000003,0.00028125000000000003,363.54505278560265
6.0000000000000036,0.00028125000000000003,363.5171363355879
4.8000000000000025,0.00030000000000000003,360.6733491938551
4.820000000000002,0.00030000000000000003,360.9375308400944
4.8400000000000025,0.00030000000000000003,361.19772072035937
4.860000000000002,0.00030000000000000003,361.4535565025072
4.880000000000003,0.00030000000000000003,361.70371315358744
4.900000000000002,0.00030000000000000003,361.94554506174086
4.920000000000003,0.00030000000000000003,362.1756134007159
4.940000000000002,0.00030000000000000003,362.390926252656
4.960000000000003,0.00030000000000000003,362.58978722640694
4.980000000000002,0.00030000000000000003,362.7717203066729
5.000000000000003,0.00030000000000000003,362.937027006544
5.020000000000002,0.00030000000000000003,363.0864775743844
5.040000000000003,0.00030000000000000003,363.22110382213924
5.060000000000002,0.00030000000000000003,363.34204444264515
5.080000000000003,0.00030000000000000003,363.4504560485843
5.100000000000002,0.00030000000000000003,363.54745650980607
5.120000000000003,0.00030000000000000003,363.63409407133616
5.140000000000002,0.00030000000000000003,363.71133733847773
5.160000000000003,0.00030000000000000003,363.78006912279227
5.180000000000002,0.00030000000000000003,363.8410862574059
5.200000000000003,0.00030000000000000003,363.8951038876185
5.220000000000002,0.00030000000000000003,363.94276047641836
5.240000000000003,0.00030000000000000003,363.9846248420361
5.2600000000000025,0.00030000000000000003,364.0212026788574
5.280000000000003,0.00030000000000000003,364.05294349397343
5.3000000000000025,0.00030000000000000003,364.08024677931326
5.320000000000003,0.00030000000000000003,364.10346802017193
5.3400000000000025,0.00030000000000000003,364.12292382444883
5.360000000000003,0.00030000000000000003,364.13889685630227
5.380000000000003,0.00030000000000000003,364.15163984016044
5.400000000000003,0.00030000000000000003,364.1613794836478
5.420000000000003,0.00030000000000000003,364.16831951650175
5.440000000000003,0.00030000000000000003,364.17264373532157
5.460000000000003,0.00030000000000000003,364.174518290521
5.480000000000003,0.00030000000000000003,364.1740940028313
5.500000000000003,0.00030000000000000003,364.17150809106437
5.520000000000003,0.00030000000000000003,364.16688590248685
5.540000000000003,0.00030000000000000003,364.1603422362893
5.560000000000003,0.00030000000000000003,364.1519826093948
5.580000000000003,0.00030000000000000003,364.14190429530163
5.600000000000003,0.00030000000000000003,364.13019722231684
5.620000000000003,0.00030000000000000003,364.11694481928754
5.640000000000003,0.00030000000000000003,364.10222462015787
5.660000000000003,0.00030000000000000003,364.0861089863379
5.680000000000003,0.00030000000000000003,364.0686654724393
5.700000000000003,0.00030000000000000003,364.0499574780664
5.720000000000003,0.00030000000000000003,364.0300444151158
5.740000000000003,0.00030000000000000003,364.0089823284127
5.760000000000003,0.00030000000000000003,363.9868238944973
5.780000000000003,0.00030000000000000003,363.96361903998735
5.8000000000000025,0.00030000000000000003,363.9394147944203
5.820000000000003,0.00030000000000000003,363.91425592698096
5.840000000000003,0.00030000000000000003,363.88818467083956
5.860000000000003,0.00030000000000000003,363.8612413925152
5.880000000000003,0.00030000000000000003,363.8334642015999
5.900000000000003,0.00030000000000000003,363.8048896621448
5.9200000000000035,0.00030000000000000003,363.77555229919227
5.940000000000003,0.00030000000000000003,363.7454853578875
5.960000000000003,0.00030000000000000003,363.71472021648924
5.980000000000003,0.00030000000000000003,363.6832871961578
6.0000000000000036,0.00030000000000000003,363.6512148888836
4.8000000000000025,0.00031875,361.5002090134265
4.820000000000002,0.00031875,361.76247072512695
4.8400000000000025,0.00031875,362.02030897446923
4.860000000000002,0.00031875,362.2731225347724
4.880000000000003,0.00031875,362.5189489345763
4.900000000000002,0.00031875,362.7542106365218
4.920000000000003,0.00031875,362.9747581200669
4.940000000000002,0.00031875,363.1775305937163
4.960000000000003,0.00031875,363.36127008083025
4.980000000000002,0.00031875,363.52606240490655
5.000000000000003,0.00031875,363.67272605090096
5.020000000000002,0.00031875,363.80248618445705
5.040000000000003,0.00031875,363.91674871334703
5.060000000000002,0.00031875,364.0169469129404
5.080000000000003,0.00031875,364.1044701952194
5.100000000000002,0.00031875,364.18061675850197
5.120000000000003,0.00031875,364.24657420019867
5.140000000000002,0.00031875,364.3034177338261
5.160000000000003,0.00031875,364.3521108390763
5.180000000000002,0.00031875,364.3935108821166
5.200000000000003,0.00031875,364.42837731836886
5.220000000000002,0.00031875,364.4573803660742
5.240000000000003,0.00031875,364.48111059899765
5.2600000000000025,0.00031875,364.5000875253717
5.280000000000003,0.00031875,364.51476821960625
5.3000000000000025,0.00031875,364.52555475447923
5.320000000000003,0.00031875,364.532801215628
5.3400000000000025,0.00031875,364.53681973883204
5.360000000000003,0.00031875,364.5378859693599
5.380000000000003,0.00031875,364.5362437726614
5.400000000000003,0.00031875,364.5321094031973
5.420000000000003,0.00031875,364.5256750901212
5.440000000000003,0.00031875,364.51711218649154
5.460000000000003,0.00031875,364.5065738644871
5.480000000000003,0.00031875,364.4941974737124
5.500000000000003,0.00031875,364.4801065596903
5.520000000000003,0.00031875,364.4644126158366
5.540000000000003,0.00031875,364.4472165981287
5.560000000000003,0.00031875,364.4286102177957
5.580000000000003,0.00031875,364.4086770834751
5.600000000000003,0.00031875,364.38749365033567
5.620000000000003,0.00031875,364.36513008649524
5.640000000000003,0.00031875,364.3416509681243
5.660000000000003,0.00031875,364.31711594074267
5.680000000000003,0.00031875,364.2915802283747
5.700000000000003,0.00031875,364.2650951412731
5.720000000000003,0.00031875,364.2377084500864
5.740000000000003,0.00031875,364.20946477776386
5.760000000000003,0.00031875,364.1804058765127
5.780000000000003,0.00031875,364.1505709315581
5.8000000000000025,0.00031875,364.1199967687795
5.820000000000003,0.00031875,364.08871809058303
5.840000000000003,0.00031875,364.05676763480113
5.860000000000003,0.00031875,364.02417635744416
5.880000000000003,0.00031875,363.9909735581215
5.900000000000003,0.00031875,363.95718702035566
5.9200000000000035,0.00031875,363.9228431148977
5.940000000000003,0.00031875,363.88796690531
5.960000000000003,0.00031875,363.85258223766454
5.980000000000003,0.00031875,363.816711816947
6.0000000000000036,0.00031875,363.78037728949147
4.8000000000000025,0.0003375,362.36956801347077
4.820000000000002,0.0003375,362.62924074975007
4.8400000000000025,0.0003375,362.884036901136
4.860000000000002,0.0003375,363.1329634966399
4.880000000000003,0.0003375,363.37314003411603
4.900000000000002,0.0003375,363.59982986877753
4.920000000000003,0.0003375,363.8082284799157
4.940000000000002,0.0003375,363.9955013205161
4.960000000000003,0.0003375,364.1611009945397
4.980000000000002,0.0003375,364.30582166856107
5.000000000000003,0.0003375,364.4310798108035
5.020000000000002,0.0003375,364.5386002664404
5.040000000000003,0.0003375,364.6301732859272
5.060000000000002,0.0003375,364.70752432744007
5.080000000000003,0.0003375,364.77226394957165
5.100000000000002,0.0003375,364.8258538109827
5.120000000000003,0.0003375,364.86960346200476
5.140000000000002,0.0003375,364.90467743453985
5.160000000000003,0.0003375,364.93210272720285
5.180000000000002,0.0003375,364.9527817627688
5.200000000000003,0.0003375,364.9675036778212
5.220000000000002,0.0003375,364.9769576768175
5.240000000000003,0.0003375,364.98174439126734
5.2600000000000025,0.0003375,364.9823870237291
5.280000000000003,0.0003375,364.97934115347687
5.3000000000000025,0.0003375,364.97300359743434
5.320000000000003,0.0003375,364.96372012061494
5.3400000000000025,0.0003375,364.95179239966063
5.360000000000003,0.0003375,364.9374838066365
5.380000000000003,0.0003375,364.92102480309387
5.400000000000003,0.0003375,364.90261720887787
5.420000000000003,0.0003375,364.8824383053533
5.440000000000003,0.0003375,364.86064398274635
5.460000000000003,0.0003375,364.8373718132132
5.480000000000003,0.0003375,364.81274337728354
5.500000000000003,0.0003375,364.786866544096
5.520000000000003,0.0003375,364.7598371918329
5.540000000000003,0.0003375,364.73174089530886
5.560000000000003,0.0003375,364.7026541948001
5.580000000000003,0.0003375,364.67264584830997
5.600000000000003,0.0003375,364.64177776300113
5.620000000000003,0.0003375,364.6101059297123
5.640000000000003,0.0003375,364.5776811034032
5.660000000000003,0.0003375,364.54454950538764
5.680000000000003,0.0003375,364.51075331846704
5.700000000000003,0.0003375,364.47633121851703
5.720000000000003,0.0003375,364.44131873369196
5.740000000000003,0.0003375,364.40574865015157
5.760000000000003,0.0003375,364.36965127177245
5.780000000000003,0.0003375,364.33305473304586
5.8000000000000025,0.0003375,364.29598518562153
5.820000000000003,0.0003375,364.25846704313733
5.840000000000003,0.0003375,364.2205231132734
5.860000000000003,0.0003375,364.1821747932863
5.880000000000003,0.0003375,364.1434421606314
5.900000000000003,0.0003375,364.1043441335321
5.9200000000000035,0.0003375,364.0648985292304
5.940000000000003,0.0003375,364.02512220051926
5.960000000000003,0.0003375,363.985031067907
5.980000000000003,0.0003375,363.9446402404132
6.0000000000000036,0.0003375,363.9039640260304
4.8000000000000025,0.00035625,363.28103586885527
4.820000000000002,0.00035625,363.53739014313294
4.8400000000000025,0.00035625,363.7883703876456
4.860000000000002,0.00035625,364.03236178271067
4.880000000000003,0.00035625,364.26519719612224
4.900000000000002,0.00035625,364.48076602267236
4.920000000000003,0.00035625,364.67381102974315
4.940000000000002,0.00035625,364.84214888126894
4.960000000000003,0.00035625,364.98623651524707
4.980000000000002,0.00035625,365.10770049282365
5.000000000000003,0.00035625,365.2086247158506
5.020000000000002,0.00035625,365.2912591994353
5.040000000000003,0.00035625,365.35777195181925
5.060000000000002,0.00035625,365.4101661153749
5.080000000000003,0.00035625,365.4502515780793
5.100000000000002,0.00035625,365.47962854596426
5.120000000000003,0.00035625,365.4997061726024
5.140000000000002,0.00035625,365.51171559323825
5.160000000000003,0.00035625,365.51672753609245
5.180000000000002,0.00035625,365.51567074710346
5.200000000000003,0.00035625,365.5093478617186
5.220000000000002,0.00035625,365.49845242571354
5.240000000000003,0.00035625,365.483582514557
5.2600000000000025,0.00035625,365.46525376903696
5.280000000000003,0.00035625,365.44391073204855
5.3000000000000025,0.00035625,365.4199363813953
5.320000000000003,0.00035625,365.39366104160246
5.3400000000000025,0.00035625,365.36536943467326
5.360000000000003,0.00035625,365.33530736111726
5.380000000000003,0.00035625,365.30368699504396
5.400000000000003,0.00035625,365.2706917706548
5.420000000000003,0.00035625,365.23648036237904
5.440000000000003,0.00035625,365.20119024180343
5.460000000000003,0.00035625,365.1649406379265
5.480000000000003,0.00035625,365.1278351439599
5.500000000000003,0.00035625,365.0899638880399
5.520000000000003,0.00035625,365.05140546266387
5.540000000000003,0.00035625,365.01222849757744
5.560000000000003,0.00035625,364.97249309837514
5.580000000000003,0.00035625,364.9322519784524
5.600000000000003,0.00035625,364.89155153471285
5.620000000000003,0.00035625,364.85043266115787
5.640000000000003,0.00035625,364.80893155251846
5.660000000000003,0.00035625,364.76708029083824
5.680000000000003,0.00035625,364.7249074442304
5.700000000000003,0.00035625,364.6824384920555
5.720000000000003,0.00035625,364.63969626995646
5.740000000000003,0.00035625,364.5967012797099
5.760000000000003,0.00035625,364.5534720198224
5.780000000000003,0.00035625,364.5100252122002
5.8000000000000025,0.00035625,364.46637604828334
5.820000000000003,0.00035625,364.42253835511457
5.840000000000003,0.00035625,364.378524779555
5.860000000000003,0.00035625,364.334346909869
5.880000000000003,0.00035625,364.29001541468585
5.900000000000003,0.00035625,364.2455401318326
5.9200000000000035,0.00035625,364.20093017417025
5.940000000000003,0.00035625,364.156193994347
5.960000000000003,0.00035625,364.111339466254
5.980000000000003,0.00035625,364.0663739321558
6.0000000000000036,0.00035625,364.0213042660566
4.8000000000000025,0.000375,364.2340962336776
4.820000000000002,0.000375,364.4863452687303
4.8400000000000025,0.000375,364.73263287498935
4.860000000000002,0.000375,364.9703809125694
4.880000000000003,0.000375,365.1936679917016
4.900000000000002,0.000375,365.39487479008335
4.920000000000003,0.000375,365.5687132153725
4.940000000000002,0.000375,365.71420313630114
4.960000000000003,0.000375,365.83307720190436
4.980000000000002,0.000375,365.9278848688715
5.000000000000003,0.000375,366.0014283274219
5.020000000000002,0.000375,366.05648116178287
5.040000000000003,0.000375,366.0955630646853
5.060000000000002,0.000375,366.1209284324131
5.080000000000003,0.000375,366.13455167879147
5.100000000000002,0.000375,366.138140687808
5.120000000000003,0.000375,366.1331754671336
5.140000000000002,0.000375,366.120927128765
5.160000000000003,0.000375,366.1024870355376
5.180000000000002,0.000375,366.0787894019485
5.200000000000003,0.000375,366.0506322557462
5.220000000000002,0.000375,366.0186979380081
5.240000000000003,0.000375,365.9835680634375
5.2600000000000025,0.000375,365.9457392329936
5.280000000000003,0.000375,365.90563451266786
5.3000000000000025,0.000375,365.8636145337721
5.320000000000003,0.000375,365.81998645508287
5.3400000000000025,0.000375,365.77501172646197
5.360000000000003,0.000375,365.7289128863754
5.380000000000003,0.000375,365.68187914403984
5.400000000000003,0.000375,365.6340713448984
5.420000000000003,0.000375,365.58562611130554
5.440000000000003,0.000375,365.5366593736706
5.460000000000003,0.000375,365.48726949136517
5.480000000000003,0.000375,365.43753973707754
5.500000000000003,0.000375,365.3875406481581
5.520000000000003,0.000375,365.3373317801641
5.540000000000003,0.000375,365.2869634612503
5.560000000000003,0.000375,365.23647804336383
5.580000000000003,0.000375,365.1859111962137
5.600000000000003,0.000375,365.1352928097319
5.620000000000003,0.000375,365.08464794084574
5.640000000000003,0.000375,365.0339974675228
5.660000000000003,0.000375,364.9833587804649
5.680000000000003,0.000375,364.9327462551379
5.700000000000003,0.000375,364.88217176001865
5.720000000000003,0.000375,364.83164499269
5.740000000000003,0.000375,364.78117385771964
5.760000000000003,0.000375,364.73076470072925
5.780000000000003,0.000375,364.68042259363955
5.8000000000000025,0.000375,364.63015149278317
5.820000000000003,0.000375,364.5799544575935
5.840000000000003,0.000375,364.5298337531509
5.860000000000003,0.000375,364.4797910201244
5.880000000000003,0.000375,364.4298273375936
5.900000000000003,0.000375,364.3799433565013
5.9200000000000035,0.000375,364.33013933477235
5.940000000000003,0.000375,364.28041524296964
5.960000000000003,0.000375,364.2307707805186
5.980000000000003,0.000375,364.18120546001074
6.0000000000000036,0.000375,364.1317186107281
4.8000000000000025,0.00039375000000000006,365.2281147683634
4.820000000000002,0.00039375000000000006,365.4754155052195
4.8400000000000025,0.00039375000000000006,365.71600390270794
4.860000000000002,0.00039375000000000006,365.9458415256512
4.880000000000003,0.00039375000000000006,366.1566921114535
4.900000000000002,0.00039375000000000006,366.3394636592936
4.920000000000003,0.00039375000000000006,366.489553071563
4.940000000000002,0.00039375000000000006,366.6078276061305
4.960000000000003,0.00039375000000000006,366.697496540011
4.980000000000002,0.00039375000000000006,366.76208338628595
5.000000000000003,0.00039375000000000006,366.80513530656543
5.020000000000002,0.00039375000000000006,366.82991060163266
5.040000000000003,0.00039375000000000006,366.8392381053841
5.060000000000002,0.00039375000000000006,366.8355819218483
5.080000000000003,0.00039375000000000006,366.82103395154115
5.100000000000002,0.00039375000000000006,366.7973732699194
5.120000000000003,0.00039375000000000006,366.76611596172955
5.140000000000002,0.00039375000000000006,366.7285427316383
5.160000000000003,0.00039375000000000006,366.6857401679362
5.180000000000002,0.00039375000000000006,366.6386245467715
5.200000000000003,0.00039375000000000006,366.5879705930366
5.220000000000002,0.00039375000000000006,366.53443233301573
5.240000000000003,0.00039375000000000006,366.47856094699637
5.2600000000000025,0.00039375000000000006,366.4208217248833
5.280000000000003,0.00039375000000000006,366.3616058537002
5.3000000000000025,0.00039375000000000006,366.3012427650108
5.320000000000003,0.00039375000000000006,366.2400088261034
5.3400000000000025,0.00039375000000000006,366.178135736895
5.360000000000003,0.00039375000000000006,366.1158172621476
5.380000000000003,0.00039375000000000006,366.0532148579179
5.400000000000003,0.00039375000000000006,365.9904628261529
5.420000000000003,0.00039375000000000006,365.9276721883409
5.440000000000003,0.00039375000000000006,365.86493449641364
5.460000000000003,0.00039375000000000006,365.802324617892
5.480000000000003,0.00039375000000000006,365.7399034605602
5.500000000000003,0.00039375000000000006,365.67772004320443
5.520000000000003,0.00039375000000000006,365.6158134039937
5.540000000000003,0.00039375000000000006,365.554214157823
5.560000000000003,0.00039375000000000006,365.49294582807687
5.580000000000003,0.00039375000000000006,365.43202600790585
5.600000000000003,0.00039375000000000006,365.3714673008672
5.620000000000003,0.00039375000000000006,365.3112781688698
5.640000000000003,0.00039375000000000006,365.25146361117777
5.660000000000003,0.00039375000000000006,365.19202576745516
5.680000000000003,0.00039375000000000006,365.13296441913906
5.700000000000003,0.00039375000000000006,365.0742774070576
5.720000000000003,0.00039375000000000006,365.01596100747844
5.740000000000003,0.00039375000000000006,364.95801021467145
5.760000000000003,0.00039375000000000006,364.9004190242419
5.780000000000003,0.00039375000000000006,364.84318062102795
5.8000000000000025,0.00039375000000000006,364.7862875911562
5.820000000000003,0.00039375000000000006,364.72973204572133
5.840000000000003,0.00039375000000000006,364.6735057770237
5.860000000000003,0.00039375000000000006,364.6176003396673
5.880000000000003,0.00039375000000000006,364.56200716316124
5.900000000000003,0.00039375000000000006,364.506717604985
5.9200000000000035,0.00039375000000000006,364.4517230297014
5.940000000000003,0.00039375000000000006,364.3970148432993
5.960000000000003,0.00039375000000000006,364.3425845473449
5.980000000000003,0.00039375000000000006,364.2884237603764
6.0000000000000036,0.00039375000000000006,364.23452425409823
4.8000000000000025,0.00041250000000000005,366.2623140402168
4.820000000000002,0.00041250000000000005,366.50376558660275
4.8400000000000025,0.00041250000000000005,366.7374613122192
4.860000000000002,0.00041250000000000005,366.9571899898084
4.880000000000003,0.00041250000000000005,367.1517921670283
4.900000000000002,0.00041250000000000005,367.311072989251
4.920000000000003,0.00041250000000000005,367.4321834669639
4.940000000000002,0.00041250000000000005,367.5184815866177
4.960000000000003,0.00041250000000000005,367.5747299994846
4.980000000000002,0.00041250000000000005,367.6054452266469
5.000000000000003,0.00041250000000000005,367.61490501794316
5.020000000000002,0.00041250000000000005,367.6067719071171
5.040000000000003,0.00041250000000000005,367.5841284962453
5.060000000000002,0.00041250000000000005,367.549588160598
5.080000000000003,0.00041250000000000005,367.50530332166824
5.100000000000002,0.00041250000000000005,367.45308331425235
5.120000000000003,0.00041250000000000005,367.3944387812203
5.140000000000002,0.00041250000000000005,367.3306282684092
5.160000000000003,0.00041250000000000005,367.2627049433303
5.180000000000002,0.00041250000000000005,367.19154295313825
5.200000000000003,0.00041250000000000005,367.11787412403044
5.220000000000002,0.00041250000000000005,367.04230641877666
5.240000000000003,0.00041250000000000005,366.9653466191001
5.2600000000000025,0.00041250000000000005,366.88741616366406
5.280000000000003,0.00041250000000000005,366.80886407502703
5.3000000000000025,0.00041250000000000005,366.72997985490537
5.320000000000003,0.00041250000000000005,366.65100146273255
5.3400000000000025,0.00041250000000000005,366.5721247260218
5.360000000000003,0.00041250000000000005,366.4935090657795
5.380000000000003,0.00041250000000000005,366.41528381557544
5.400000000000003,0.00041250000000000005,366.33755272639104
5.420000000000003,0.00041250000000000005,366.2603980544317
5.440000000000003,0.00041250000000000005,366.18388412332985
5.460000000000003,0.00041250000000000005,366.1080600062743
5.480000000000003,0.00041250000000000005,366.0329622269905
5.500000000000003,0.00041250000000000005,365.9586166211886
5.520000000000003,0.00041250000000000005,365.8850402736668
5.540000000000003,0.00041250000000000005,365.8122429009753
5.560000000000003,0.00041250000000000005,365.7402281684885
5.580000000000003,0.00041250000000000005,365.66899476670466
5.600000000000003,0.00041250000000000005,365.59853726889355
5.620000000000003,0.00041250000000000005,365.5288469803964
5.640000000000003,0.00041250000000000005,365.45991248196594
5.660000000000003,0.00041250000000000005,365.3917202914671
5.680000000000003,0.00041250000000000005,365.3242552053841
5.700000000000003,0.00041250000000000005,365.25750080076136
5.720000000000003,0.00041250000000000005,365.1914396518959
5.740000000000003,0.00041250000000000005,365.1260536999295
5.760000000000003,0.00041250000000000005,365.0613243918897
5.780000000000003,0.00041250000000000005,364.99723294667047
5.8000000000000025,0.00041250000000000005,364.93376044233725
5.820000000000003,0.00041250000000000005,364.87088800659666
5.840000000000003,0.00041250000000000005,364.8085968651906
5.860000000000003,0.00041250000000000005,364.7468684819054
5.880000000000003,0.00041250000000000005,364.68568457397635
5.900000000000003,0.00041250000000000005,364.62502722203925
5.9200000000000035,0.00041250000000000005,364.56487885559557
5.940000000000003,0.00041250000000000005,364.5052223481437
5.960000000000003,0.00041250000000000005,364.44604097505794
5.980000000000003,0.00041250000000000005,364.3873185043987
6.0000000000000036,0.00041250000000000005,364.32903912967555
4.8000000000000025,0.00043125000000000005,367.3357852412801
4.820000000000002,0.00043125000000000005,367.57042297908686
4.8400000000000025,0.00043125000000000005,367.79576685574006
4.860000000000002,0.00043125000000000005,368.0024415166087
4.880000000000003,0.00043125000000000005,368.1757993821466
4.900000000000002,0.00043125000000000005,368.30544300318996
4.920000000000003,0.00043125000000000005,368.3917130009282
4.940000000000002,0.00043125000000000005,368.44096262938655
4.960000000000003,0.00043125000000000005,368.45942962408594
4.980000000000002,0.00043125000000000005,368.4526243647169
5.000000000000003,0.00043125000000000005,368.42547596797965
5.020000000000002,0.00043125000000000005,368.3819328832749
5.040000000000003,0.00043125000000000005,368.3252672310832
5.060000000000002,0.00043125000000000005,368.25815668211686
5.080000000000003,0.00043125000000000005,368.18275400006416
5.100000000000002,0.00043125000000000005,368.1008514534048
5.120000000000003,0.00043125000000000005,368.013907699569
5.140000000000002,0.00043125000000000005,367.9231272181096
5.160000000000003,0.00043125000000000005,367.8294975574053
5.180000000000002,0.00043125000000000005,367.7338273824968
5.200000000000003,0.00043125000000000005,367.63678489428173
5.220000000000002,0.00043125000000000005,367.53891433056157
5.240000000000003,0.00043125000000000005,367.44066456870354
5.2600000000000025,0.00043125000000000005,367.3424003026929
5.280000000000003,0.00043125000000000005,367.2444190233949
5.3000000000000025,0.00043125000000000005,367.1469613097802
5.320000000000003,0.00043125000000000005,367.0502198579021
5.3400000000000025,0.00043125000000000005,366.9543485160026
5.360000000000003,0.00043125000000000005,366.8594672606824
5.380000000000003,0.00043125000000000005,366.76566915816636
5.400000000000003,0.00043125000000000005,366.67302366954635
5.420000000000003,0.00043125000000000005,366.58158141409245
5.440000000000003,0.00043125000000000005,366.4913768292802
5.460000000000003,0.00043125000000000005,366.40243114761444
5.480000000000003,0.00043125000000000005,366.31475468413504
5.500000000000003,0.00043125000000000005,366.2283486026816
5.520000000000003,0.00043125000000000005,366.143206822066
5.540000000000003,0.00043125000000000005,366.0593170728731
5.560000000000003,0.00043125000000000005,365.976662378072
5.580000000000003,0.00043125000000000005,365.8952217423394
5.600000000000003,0.00043125000000000005,365.81497121227676
5.620000000000003,0.00043125000000000005,365.7358843900003
5.640000000000003,0.00043125000000000005,365.6579331306031
5.660000000000003,0.00043125000000000005,365.58108796587464
5.680000000000003,0.00043125000000000005,365.5053185244721
5.700000000000003,0.00043125000000000005,365.43059389183554
5.720000000000003,0.00043125000000000005,365.3568828412625
5.740000000000003,0.00043125000000000005,365.28415413044144
5.760000000000003,0.00043125000000000005,365.21237661825245
5.780000000000003,0.00043125000000000005,365.1415194929556
5.8000000000000025,0.00043125000000000005,365.0715523295799
5.820000000000003,0.00043125000000000005,365.0024452486483
5.840000000000003,0.00043125000000000005,364.9341689492818
5.860000000000003,0.00043125000000000005,364.86669480340623
5.880000000000003,0.00043125000000000005,364.7999948837807
5.900000000000003,0.00043125000000000005,364.73404200338973
5.9200000000000035,0.00043125000000000005,364.66880974660404
5.940000000000003,0.00043125000000000005,364.6042724657726
5.960000000000003,0.00043125000000000005,364.54040531724
5.980000000000003,0.00043125000000000005,364.47718422715246
6.0000000000000036,0.00043125000000000005,364.41458593106256
4.8000000000000025,0.00045000000000000004,368.447464067192
4.820000000000002,0.00045000000000000004,368.67424063286944
4.8400000000000025,0.00045000000000000004,368.8893516256839
4.860000000000002,0.00045000000000000004,369.078924059172
4.880000000000003,0.00045000000000000004,369.2245257830914
4.900000000000002,0.00045000000000000004,369.31725838062755
4.920000000000003,0.00045000000000000004,369.3623387498222
4.940000000000002,0.00045000000000000004,369.36927737364414
4.960000000000003,0.00045000000000000004,369.34557556828446
4.980000000000002,0.00045000000000000004,369.2977239850091
5.000000000000003,0.00045000000000000004,369.2311261207198
5.020000000000002,0.00045000000000000004,369.14988350783574
5.040000000000003,0.00045000000000000004,369.05737762392965
5.060000000000002,0.00045000000000000004,368.95624145795256
5.080000000000003,0.00045000000000000004,368.8485730243741
5.100000000000002,0.00045000000000000004,368.73608900728357
5.120000000000003,0.00045000000000000004,368.6201502394749
5.140000000000002,0.00045000000000000004,368.50187383083124
5.160000000000003,0.00045000000000000004,368.3821472653307
5.180000000000002,0.00045000000000000004,368.26169290952106
5.200000000000003,0.00045000000000000004,368.14109249943084
5.220000000000002,0.00045000000000000004,368.02081119151313
5.240000000000003,0.00045000000000000004,367.9012258895816
5.2600000000000025,0.00045000000000000004,367.7826326773181
5.280000000000003,0.00045000000000000004,367.6652687660401
5.3000000000000025,0.00045000000000000004,367.54931703115165
5.320000000000003,0.00045000000000000004,367.4349190407016
5.3400000000000025,0.00045000000000000004,367.322180581156
5.360000000000003,0.00045000000000000004,367.211177905757
5.380000000000003,0.00045000000000000004,367.1019638372138
5.400000000000003,0.00045000000000000004,366.9945702860071
5.420000000000003,0.00045000000000000004,366.88901372967393
5.440000000000003,0.00045000000000000004,366.7852962467339
5.460000000000003,0.00045000000000000004,366.68340966658155
5.480000000000003,0.00045000000000000004,366.5833362868899
5.500000000000003,0.00045000000000000004,366.4850516100238
5.520000000000003,0.00045000000000000004,366.3885251318816
5.540000000000003,0.00045000000000000004,366.2937219556964
5.560000000000003,0.00045000000000000004,366.20060363597196
5.580000000000003,0.00045000000000000004,366.10912907717693
5.600000000000003,0.00045000000000000004,366.019255283726
5.620000000000003,0.00045000000000000004,365.9309379073308
5.640000000000003,0.00045000000000000004,365.84413176609013
5.660000000000003,0.00045000000000000004,365.758791296183
5.680000000000003,0.00045000000000000004,365.674870767111
5.700000000000003,0.00045000000000000004,365.5923247827371
5.720000000000003,0.00045000000000000004,365.5111081837815
5.740000000000003,0.00045000000000000004,365.43117665845534
5.760000000000003,0.00045000000000000004,365.35248636650005
5.780000000000003,0.00045000000000000004,365.2749946674441
5.8000000000000025,0.00045000000000000004,365.1986595198259
5.820000000000003,0.00045000000000000004,365.1234403106326
5.840000000000003,0.00045000000000000004,365.04929708419286
5.860000000000003,0.00045000000000000004,364.97619145098355
5.880000000000003,0.00045000000000000004,364.9040856904201
5.900000000000003,0.00045000000000000004,364.8329437224846
5.9200000000000035,0.00045000000000000004,364.76273011386763
5.940000000000003,0.00045000000000000004,364.6934111053232
5.960000000000003,0.00045000000000000004,364.62495353585007
5.980000000000003,0.00045000000000000004,364.55732592819265
6.0000000000000036,0.00045000000000000004,364.49049733355713
4.8000000000000025,0.00046875000000000004,369.59614638573
4.820000000000002,0.00046875000000000004,369.8138999950364
4.8400000000000025,0.00046875000000000004,370.0162648328609
4.860000000000002,0.00046875000000000004,370.1831584469221
4.880000000000003,0.00046875000000000004,370.2926721571392
4.900000000000002,0.00046875000000000004,370.340167319668
4.920000000000003,0.00046875000000000004,370.3374192752921
4.940000000000002,0.00046875000000000004,370.2967170373742
4.960000000000003,0.00046875000000000004,370.22656715956253
4.980000000000002,0.00046875000000000004,370.13438659483774
5.000000000000003,0.00046875000000000004,370.0257546726102
5.020000000000002,0.00046875000000000004,369.9048159493548
5.040000000000003,0.00046875000000000004,369.77494366572415
5.060000000000002,0.00046875000000000004,369.63860560901605
5.080000000000003,0.00046875000000000004,369.49779904755263
5.100000000000002,0.00046875000000000004,369.35408993888615
5.120000000000003,0.00046875000000000004,369.2087055656266
5.140000000000002,0.00046875000000000004,369.06263518720715
5.160000000000003,0.00046875000000000004,368.91663493250564
5.180000000000002,0.00046875000000000004,368.7713213172721
5.200000000000003,0.00046875000000000004,368.62716521945435
5.220000000000002,0.00046875000000000004,368.48454140936934
5.240000000000003,0.00046875000000000004,368.3437387616934
5.2600000000000025,0.00046875000000000004,368.20497599997316
5.280000000000003,0.00046875000000000004,368.06842078591
5.3000000000000025,0.00046875000000000004,367.93419079914
5.320000000000003,0.00046875000000000004,367.80237146637006
5.3400000000000025,0.00046875000000000004,367.6730144441873
5.360000000000003,0.00046875000000000004,367.54614943533466
5.380000000000003,0.00046875000000000004,367.4217845873426
5.400000000000003,0.00046875000000000004,367.29991238968324
5.420000000000003,0.00046875000000000004,367.1805122830842
5.440000000000003,0.00046875000000000004,367.06355252652355
5.460000000000003,0.00046875000000000004,366.94899385518664
5.480000000000003,0.00046875000000000004,366.8367893469436
5.500000000000003,0.00046875000000000004,366.7268879547923
5.520000000000003,0.00046875000000000004,366.6192338193199
5.540000000000003,0.00046875000000000004,366.5137689803016
5.560000000000003,0.00046875000000000004,366.4104329018892
5.580000000000003,0.00046875000000000004,366.3091641518942
5.600000000000003,0.00046875000000000004,366.20990039368564
5.620000000000003,0.00046875000000000004,366.1125791404591
5.640000000000003,0.00046875000000000004,366.0171381724894
5.660000000000003,0.00046875000000000004,365.9235156176372
5.680000000000003,0.00046875000000000004,365.83165063249135
5.700000000000003,0.00046875000000000004,365.7414830790531
5.720000000000003,0.00046875000000000004,365.65295429828126
5.740000000000003,0.00046875000000000004,365.56600660336187
5.760000000000003,0.00046875000000000004,365.48058401774585
5.780000000000003,0.00046875000000000004,365.39663173166457
5.8000000000000025,0.00046875000000000004,365.3140967355171
5.820000000000003,0.00046875000000000004,365.2329273153365
5.840000000000003,0.00046875000000000004,365.15307356499557
5.860000000000003,0.00046875000000000004,365.0744869409916
5.880000000000003,0.00046875000000000004,364.99712067458296
5.900000000000003,0.00046875000000000004,364.92092936985733
5.9200000000000035,0.00046875000000000004,364.8458693584532
5.940000000000003,0.00046875000000000004,364.7718983054354
5.960000000000003,0.00046875000000000004,364.6989755574571
5.980000000000003,0.00046875000000000004,364.62706171427203
6.0000000000000036,0.00046875000000000004,364.5561190201212
4.8000000000000025,0.00048750000000000003,370.78046606498725
4.820000000000002,0.00048750000000000003,370.9878443806996
4.8400000000000025,0.00048750000000000003,371.1739184137083
4.860000000000002,0.00048750000000000003,371.31038082097666
4.880000000000003,0.00048750000000000003,371.37339982191844
4.900000000000002,0.00048750000000000003,371.3665701918025
4.920000000000003,0.00048750000000000003,371.3093412251121
4.940000000000002,0.00048750000000000003,371.2157585638859
4.960000000000003,0.00048750000000000003,371.09518842222855
4.980000000000002,0.00048750000000000003,370.9557720190995
5.000000000000003,0.00048750000000000003,370.8028787388104
5.020000000000002,0.00048750000000000003,370.6406376446035
5.040000000000003,0.00048750000000000003,370.47222336718687
5.060000000000002,0.00048750000000000003,370.29984549247126
5.080000000000003,0.00048750000000000003,370.12534609185366
5.100000000000002,0.00048750000000000003,369.9500580758962
5.120000000000003,0.00048750000000000003,369.77505301137126
5.140000000000002,0.00048750000000000003,369.60113903357296
5.160000000000003,0.00048750000000000003,369.4289224570744
5.180000000000002,0.00048750000000000003,369.25888889774615
5.200000000000003,0.00048750000000000003,369.09137836363453
5.220000000000002,0.00048750000000000003,368.9266659552771
5.240000000000003,0.00048750000000000003,368.7649350752522
5.2600000000000025,0.00048750000000000003,368.6063233993902
5.280000000000003,0.00048750000000000003,368.45091685314037
5.3000000000000025,0.00048750000000000003,368.2987650735123
5.320000000000003,0.00048750000000000003,368.14989026627
5.3400000000000025,0.00048750000000000003,368.00428683683214
5.360000000000003,0.00048750000000000003,367.861934399555
5.380000000000003,0.00048750000000000003,367.7227934175898
5.400000000000003,0.00048750000000000003,367.5868152689033
5.420000000000003,0.00048750000000000003,367.453940077743
5.440000000000003,0.00048750000000000003,367.32410120958804
5.460000000000003,0.00048750000000000003,367.19722711288824
5.480000000000003,0.00048750000000000003,367.07324051347996
5.500000000000003,0.00048750000000000003,366.9520637501722
5.520000000000003,0.00048750000000000003,366.8336141659323
5.540000000000003,0.00048750000000000003,366.71781163146255
5.560000000000003,0.00048750000000000003,366.60457175934494
5.580000000000003,0.00048750000000000003,366.49381438523824
5.600000000000003,0.00048750000000000003,366.3854558397808
5.620000000000003,0.00048750000000000003,366.27941757514225
5.640000000000003,0.00048750000000000003,366.175618206929
5.660000000000003,0.00048750000000000003,366.07398192745325
5.680000000000003,0.00048750000000000003,365.9744305781978
5.700000000000003,0.00048750000000000003,365.8768918415383
5.720000000000003,0.00048750000000000003,365.78129129536194
5.740000000000003,0.00048750000000000003,365.6875605872671
5.760000000000003,0.00048750000000000003,365.59562925584385
5.780000000000003,0.00048750000000000003,365.50543318268694
5.8000000000000025,0.00048750000000000003,365.4169059074385
5.820000000000003,0.00048750000000000003,365.3299876589457
5.840000000000003,0.00048750000000000003,365.2446159043213
5.860000000000003,0.00048750000000000003,365.16073521728185
5.880000000000003,0.00048750000000000003,365.0782868512441
5.900000000000003,0.00048750000000000003,364.99721963876897
5.9200000000000035,0.00048750000000000003,364.91747844060933
5.940000000000003,0.00048750000000000003,364.83901620417737
5.960000000000003,0.00048750000000000003,364.76178119944325
5.980000000000003,0.00048750000000000003,364.6857303069652
6.0000000000000036,0.00048750000000000003,364.6108150001334
4.8000000000000025,0.0005062500000000001,371.9989138259968
4.820000000000002,0.0005062500000000001,372.19426095156854
4.8400000000000025,0.0005062500000000001,372.35894308463565
4.860000000000002,0.0005062500000000001,372.4543313771945
4.880000000000003,0.0005062500000000001,372.45829511866543
4.900000000000002,0.0005062500000000001,372.387756848741
4.920000000000003,0.0005062500000000001,372.2696382969562
4.940000000000002,0.0005062500000000001,372.1181838234714
4.960000000000003,0.0005062500000000001,371.94374487580313
4.980000000000002,0.0005062500000000001,371.754660295135
5.000000000000003,0.0005062500000000001,371.5557368071504
5.020000000000002,0.0005062500000000001,371.35106034834877
5.040000000000003,0.0005062500000000001,371.14332297358425
5.060000000000002,0.0005062500000000001,370.93446158640376
5.080000000000003,0.0005062500000000001,370.7260602024932
5.100000000000002,0.0005062500000000001,370.51916045221566
5.120000000000003,0.0005062500000000001,370.31465701720225
5.140000000000002,0.0005062500000000001,370.11311309991265
5.160000000000003,0.0005062500000000001,369.9149886681692
5.180000000000002,0.0005062500000000001,369.72059596145755
5.200000000000003,0.0005062500000000001,369.53014256810695
5.220000000000002,0.0005062500000000001,369.3437852958209
5.240000000000003,0.0005062500000000001,369.1615924833395
5.2600000000000025,0.0005062500000000001,368.9836167653129
5.280000000000003,0.0005062500000000001,368.8098502497272
5.3000000000000025,0.0005062500000000001,368.64027587406076
5.320000000000003,0.0005062500000000001,368.47484294639327
5.3400000000000025,0.0005062500000000001,368.3134897825571
5.360000000000003,0.0005062500000000001,368.15614068043385
5.380000000000003,0.0005062500000000001,368.00270736829447
5.400000000000003,0.0005062500000000001,367.8530991706741
5.420000000000003,0.0005062500000000001,367.707213666087
5.440000000000003,0.0005062500000000001,367.56495147759176
5.460000000000003,0.0005062500000000001,367.42620419979374
5.480000000000003,0.0005062500000000001,367.29086810559744
5.500000000000003,0.0005062500000000001,367.1588339013695
5.520000000000003,0.0005062500000000001,367.0299967331188
5.540000000000003,0.0005062500000000001,366.9042494337588
5.560000000000003,0.0005062500000000001,366.7814884488069
5.580000000000003,0.0005062500000000001,366.6616104154411
5.600000000000003,0.0005062500000000001,366.5445148642917
5.620000000000003,0.0005062500000000001,366.43010309599345
5.640000000000003,0.0005062500000000001,366.3182789740842
5.660000000000003,0.0005062500000000001,366.2089488420238
5.680000000000003,0.0005062500000000001,366.10202169866113
5.700000000000003,0.0005062500000000001,365.99740903830207
5.720000000000003,0.0005062500000000001,365.8950254425996
5.740000000000003,0.0005062500000000001,365.79478751454695
5.760000000000003,0.0005062500000000001,365.6966155968083
5.780000000000003,0.0005062500000000001,365.60043127533527
5.8000000000000025,0.0005062500000000001,365.5061606387336
5.820000000000003,0.0005062500000000001,365.41373008146434
5.840000000000003,0.0005062500000000001,365.3230712929704
5.860000000000003,0.0005062500000000001,365.23411527088547
5.880000000000003,0.0005062500000000001,365.14679907984356
5.900000000000003,0.0005062500000000001,365.0610580940357
5.9200000000000035,0.0005062500000000001,364.97683448360726
5.940000000000003,0.0005062500000000001,364.8940677576423
5.960000000000003,0.0005062500000000001,364.81270490338903
5.980000000000003,0.0005062500000000001,364.7326893132981
6.0000000000000036,0.0005062500000000001,364.65397250088694
4.8000000000000025,0.0005250000000000001,373.24981642626904
4.820000000000002,0.0005250000000000001,373.4309234456089
4.8400000000000025,0.0005250000000000001,373.5666016247876
4.860000000000002,0.0005250000000000001,373.6064750440209
4.880000000000003,0.0005250000000000001,373.53701056637425
4.900000000000002,0.0005250000000000001,373.393837925356
4.920000000000003,0.0005250000000000001,373.208878182009
4.940000000000002,0.0005250000000000001,372.99507640112137
4.960000000000003,0.0005250000000000001,372.7640946351266
4.980000000000002,0.0005250000000000001,372.5234647580869
5.000000000000003,0.0005250000000000001,372.27734769370977
5.020000000000002,0.0005250000000000001,372.02963793020854
5.040000000000003,0.0005250000000000001,371.78224730055257
5.060000000000002,0.0005250000000000001,371.5369102078696
5.080000000000003,0.0005250000000000001,371.29476262786164
5.100000000000002,0.0005250000000000001,371.0565807362143
5.120000000000003,0.0005250000000000001,370.8230074247651
5.140000000000002,0.0005250000000000001,370.594333410415
5.160000000000003,0.0005250000000000001,370.3708687862329
5.180000000000002,0.0005250000000000001,370.1527088270377
5.200000000000003,0.0005250000000000001,369.939941805399
5.220000000000002,0.0005250000000000001,369.7325764629195
5.240000000000003,0.0005250000000000001,369.53056963490997
5.2600000000000025,0.0005250000000000001,369.3338806126672
5.280000000000003,0.0005250000000000001,369.1423973484837
5.3000000000000025,0.0005250000000000001,368.956044578644
5.320000000000003,0.0005250000000000001,368.77467911656925
5.3400000000000025,0.0005250000000000001,368.59820083682513
5.360000000000003,0.0005250000000000001,368.42645565936886
5.380000000000003,0.0005250000000000001,368.25932730488887
5.400000000000003,0.0005250000000000001,368.096660401187
5.420000000000003,0.0005250000000000001,367.9383304550516
5.440000000000003,0.0005250000000000001,367.7841846821507
5.460000000000003,0.0005250000000000001,367.6340970174327
5.480000000000003,0.0005250000000000001,367.48791846123936
5.500000000000003,0.0005250000000000001,367.3455264007817
5.520000000000003,0.0005250000000000001,367.2067757888508
5.540000000000003,0.0005250000000000001,367.07155088508165
5.560000000000003,0.0005250000000000001,366.93971051398256
5.580000000000003,0.0005250000000000001,366.81114785932647
5.600000000000003,0.0005250000000000001,366.68572557992246
5.620000000000003,0.0005250000000000001,366.5633467910263
5.640000000000003,0.0005250000000000001,366.44387804490344
5.660000000000003,0.0005250000000000001,366.3272326715181
5.680000000000003,0.0005250000000000001,366.2132812321903
5.700000000000003,0.0005250000000000001,366.1019470990929
5.720000000000003,0.0005250000000000001,365.9931049558275
5.740000000000003,0.0005250000000000001,365.88668778932146
5.760000000000003,0.0005250000000000001,365.78257447101055
5.780000000000003,0.0005250000000000001,365.68070705613707
5.8000000000000025,0.0005250000000000001,365.58096859909557
5.820000000000003,0.0005250000000000001,365.4833096408687
5.840000000000003,0.0005250000000000001,365.3876173411976
5.860000000000003,0.0005250000000000001,365.2938501518122
5.880000000000003,0.0005250000000000001,365.2018991994695
5.900000000000003,0.0005250000000000001,365.11173029684454
5.9200000000000035,0.0005250000000000001,365.0232383583762
5.940000000000003,0.0005250000000000001,364.93639603512264
5.960000000000003,0.0005250000000000001,364.851101830854
5.980000000000003,0.0005250000000000001,364.76733473392125
6.0000000000000036,0.0005250000000000001,364.68499664048255
4.8000000000000025,0.0005437500000000001,374.53135997361676
4.820000000000002,0.0005437500000000001,374.6951008880817
4.8400000000000025,0.0005437500000000001,374.7904379059591
4.860000000000002,0.0005437500000000001,374.75574413014834
4.880000000000003,0.0005437500000000001,374.597478934205
4.900000000000002,0.0005437500000000001,374.3740079197405
4.920000000000003,0.0005437500000000001,374.1167887918114
4.940000000000002,0.0005437500000000001,373.8370346104499
4.960000000000003,0.0005437500000000001,373.54779360230395
4.980000000000002,0.0005437500000000001,373.2543450098827
5.000000000000003,0.0005437500000000001,372.9606409438099
5.020000000000002,0.0005437500000000001,372.6698368585947
5.040000000000003,0.0005437500000000001,372.3829909232397
5.060000000000002,0.0005437500000000001,372.1016603694003
5.080000000000003,0.0005437500000000001,371.8263079396428
5.100000000000002,0.0005437500000000001,371.55756635249656
5.120000000000003,0.0005437500000000001,371.29565736509545
5.140000000000002,0.0005437500000000001,371.040659530507
5.160000000000003,0.0005437500000000001,370.79268303857356
5.180000000000002,0.0005437500000000001,370.5515824577595
5.200000000000003,0.0005437500000000001,370.3173583282728
5.220000000000002,0.0005437500000000001,370.0898049470195
5.240000000000003,0.0005437500000000001,369.86882919905753
5.2600000000000025,0.0005437500000000001,369.65422623705695
5.280000000000003,0.0005437500000000001,369.44583880332095
5.3000000000000025,0.0005437500000000001,369.2434771301003
5.320000000000003,0.0005437500000000001,369.04694965609815
5.3400000000000025,0.0005437500000000001,368.8560792978194
5.360000000000003,0.0005437500000000001,368.6706634606907
5.380000000000003,0.0005437500000000001,368.49053218850025
5.400000000000003,0.0005437500000000001,368.31548711789503
5.420000000000003,0.0005437500000000001,368.14536140474524
5.440000000000003,0.0005437500000000001,367.9799693922744
5.460000000000003,0.0005437500000000001,367.81914568566447
5.480000000000003,0.0005437500000000001,367.6627210153157
5.500000000000003,0.0005437500000000001,367.5105315430211
5.520000000000003,0.0005437500000000001,367.36242513169907
5.540000000000003,0.0005437500000000001,367.2182405326012
5.560000000000003,0.0005437500000000001,367.0778419556724
5.580000000000003,0.0005437500000000001,366.9410720181846
5.600000000000003,0.0005437500000000001,366.8078098837584
5.620000000000003,0.0005437500000000001,366.6779031342925
5.640000000000003,0.0005437500000000001,366.5512444170031
5.660000000000003,0.0005437500000000001,366.4276870046155
5.680000000000003,0.0005437500000000001,366.3071357358881
5.700000000000003,0.0005437500000000001,366.1894498914348
5.720000000000003,0.0005437500000000001,366.0745454684028
5.740000000000003,0.0005437500000000001,365.96228771776975
5.760000000000003,0.0005437500000000001,365.85260300532326
5.780000000000003,0.0005437500000000001,365.74536225568124
5.8000000000000025,0.0005437500000000001,365.6405015977208
5.820000000000003,0.0005437500000000001,365.53789717693905
5.840000000000003,0.0005437500000000001,365.43749439349097
5.860000000000003,0.0005437500000000001,365.339174097027
5.880000000000003,0.0005437500000000001,365.24289051701106
5.900000000000003,0.0005437500000000001,365.14852869885453
5.9200000000000035,0.0005437500000000001,365.0560512599282
5.940000000000003,0.0005437500000000001,364.96534699172946
5.960000000000003,0.0005437500000000001,364.8763864261013
5.980000000000003,0.0005437500000000001,364.78906173974843
6.0000000000000036,0.0005437500000000001,364.7033508563166
4.8000000000000025,0.0005625000000000001,375.84157720043044
4.820000000000002,0.0005625000000000001,375.98310892661834
4.8400000000000025,0.0005625000000000001,376.02100071523165
4.860000000000002,0.0005625000000000001,375.88762198478696
4.880000000000003,0.0005625000000000001,375.62602228531847
4.900000000000002,0.0005625000000000001,375.3165349198241
4.920000000000003,0.0005625000000000001,374.982202528374
4.940000000000002,0.0005625000000000001,374.63437797808234
4.960000000000003,0.0005625000000000001,374.28609788274053
4.980000000000002,0.0005625000000000001,373.93934404302627
5.000000000000003,0.0005625000000000001,373.5985379045614
5.020000000000002,0.0005625000000000001,373.2651118891702
5.040000000000003,0.0005625000000000001,372.9396337769283
5.060000000000002,0.0005625000000000001,372.6232584481692
5.080000000000003,0.0005625000000000001,372.3156583796536
5.100000000000002,0.0005625000000000001,372.0175030522796
5.120000000000003,0.0005625000000000001,371.72826770421807
5.140000000000002,0.0005625000000000001,371.4481193317146
5.160000000000003,0.0005625000000000001,371.17665910640824
5.180000000000002,0.0005625000000000001,370.91374766786925
5.200000000000003,0.0005625000000000001,370.659083319954
5.220000000000002,0.0005625000000000001,370.41240794888836
5.240000000000003,0.0005625000000000001,370.1734432747442
5.2600000000000025,0.0005625000000000001,369.94192855937564
5.280000000000003,0.0005625000000000001,369.71756209922563
5.3000000000000025,0.0005625000000000001,369.500135224924
5.320000000000003,0.0005625000000000001,369.2893060138472
5.3400000000000025,0.0005625000000000001,369.0849341458117
5.360000000000003,0.0005625000000000001,368.88663938669015
5.380000000000003,0.0005625000000000001,368.69434654918086
5.400000000000003,0.0005625000000000001,368.5076471338785
5.420000000000003,0.0005625000000000001,368.3265204459872
5.440000000000003,0.0005625000000000001,368.1505412041114
5.460000000000003,0.0005625000000000001,367.9797316444224
5.480000000000003,0.0005625000000000001,367.8136593235806
5.500000000000003,0.0005625000000000001,367.6523797691192
5.520000000000003,0.0005625000000000001,367.4954600647782
5.540000000000003,0.0005625000000000001,367.3429820646016
5.560000000000003,0.0005625000000000001,367.19451628299623
5.580000000000003,0.0005625000000000001,367.0501663374469
5.600000000000003,0.0005625000000000001,366.909507956135
5.620000000000003,0.0005625000000000001,366.772663700818
5.640000000000003,0.0005625000000000001,366.63921495332306
5.660000000000003,0.0005625000000000001,366.5093014462051
5.680000000000003,0.0005625000000000001,366.38250999638905
5.700000000000003,0.0005625000000000001,366.25899619903936
5.720000000000003,0.0005625000000000001,366.1383519425249
5.740000000000003,0.0005625000000000001,366.0207474299725
5.760000000000003,0.0005625000000000001,365.90577944517895
5.780000000000003,0.0005625000000000001,365.79363135011545
5.8000000000000025,0.0005625000000000001,365.68390501234535
5.820000000000003,0.0005625000000000001,365.57679519554097
5.840000000000003,0.0005625000000000001,365.47190946120105
5.860000000000003,0.0005625000000000001,365.36945189419725
5.880000000000003,0.0005625000000000001,365.26903675734457
5.900000000000003,0.0005625000000000001,365.1708751016258
5.9200000000000035,0.0005625000000000001,365.0745892213144
5.940000000000003,0.0005625000000000001,364.9803945884203
5.960000000000003,0.0005625000000000001,364.887923082452
5.980000000000003,0.0005625000000000001,364.797391960504
6.0000000000000036,0.0005625000000000001,364.7084443591833
4.8000000000000025,0.0005812500000000001,377.17839975793675
4.820000000000002,0.0005812500000000001,377.2899563118171
4.8400000000000025,0.0005812500000000001,377.2451475094397
4.860000000000002,0.0005812500000000001,376.98414381618903
4.880000000000003,0.0005812500000000001,376.60810785877874
4.900000000000002,0.0005812500000000001,376.20886013735134
4.920000000000003,0.0005812500000000001,375.79334162711046
4.940000000000002,0.0005812500000000001,375.3774069252217
4.960000000000003,0.0005812500000000001,374.97006070740883
4.980000000000002,0.0005812500000000001,374.57055307740455
5.000000000000003,0.0005812500000000001,374.18406714872964
5.020000000000002,0.0005812500000000001,373.8089384039962
5.040000000000003,0.0005812500000000001,373.446489648948
5.060000000000002,0.0005812500000000001,373.0962870134231
5.080000000000003,0.0005812500000000001,372.7580323896354
5.100000000000002,0.0005812500000000001,372.43184986676823
5.120000000000003,0.0005812500000000001,372.11673321539456
5.140000000000002,0.0005812500000000001,371.8128440360451
5.160000000000003,0.0005812500000000001,371.5192349342967
5.180000000000002,0.0005812500000000001,371.23584782387
5.200000000000003,0.0005812500000000001,370.9620076104339
5.220000000000002,0.0005812500000000001,370.69742468789667
5.240000000000003,0.0005812500000000001,370.44168563678403
5.2600000000000025,0.0005812500000000001,370.194341059227
5.280000000000003,0.0005812500000000001,369.95516611597077
5.3000000000000025,0.0005812500000000001,369.72362964947035
5.320000000000003,0.0005812500000000001,369.49962363025844
5.3400000000000025,0.0005812500000000001,369.2825929364104
5.360000000000003,0.0005812500000000001,369.07249502326493
5.380000000000003,0.0005812500000000001,368.86878473292916
5.400000000000003,0.0005812500000000001,368.671454994313
5.420000000000003,0.0005812500000000001,368.4799854651159
5.440000000000003,0.0005812500000000001,368.2943906764923
5.460000000000003,0.0005812500000000001,368.114177449142
5.480000000000003,0.0005812500000000001,367.93937818486455
5.500000000000003,0.0005812500000000001,367.76952244043935
5.520000000000003,0.0005812500000000001,367.6046619731785
5.540000000000003,0.0005812500000000001,367.4443420221771
5.560000000000003,0.0005812500000000001,367.28863698315183
5.580000000000003,0.0005812500000000001,367.13710071815586
5.600000000000003,0.0005812500000000001,366.9898332717904
5.620000000000003,0.0005812500000000001,366.84639148495177
5.640000000000003,0.0005812500000000001,366.7069027363775
5.660000000000003,0.0005812500000000001,366.57092319921577
5.680000000000003,0.0005812500000000001,366.4386075812096
5.700000000000003,0.0005812500000000001,366.3095097906866
5.720000000000003,0.0005812500000000001,366.1838102230854
5.740000000000003,0.0005812500000000001,366.0610607278145
5.760000000000003,0.0005812500000000001,365.94146438846735
5.780000000000003,0.0005812500000000001,365.8245726194345
5.8000000000000025,0.0005812500000000001,365.7106072047768
5.820000000000003,0.0005812500000000001,365.5991217449561
5.840000000000003,0.0005812500000000001,365.49035212897525
5.860000000000003,0.0005812500000000001,365.38385736535
5.880000000000003,0.0005812500000000001,365.27988258888627
5.900000000000003,0.0005812500000000001,365.1779956984232
5.9200000000000035,0.0005812500000000001,365.07844623778254
5.940000000000003,0.0005812500000000001,364.98081446593795
5.960000000000003,0.0005812500000000001,364.88534974210717
5.980000000000003,0.0005812500000000001,364.7916479384881
6.0000000000000036,0.0005812500000000001,364.6999540371096
4.8000000000000025,0.0006000000000000001,378.5394761771232
4.820000000000002,0.0006000000000000001,378.6081792166141
4.8400000000000025,0.0006000000000000001,378.44346559057806
4.860000000000002,0.0006000000000000001,378.0240620688374
4.880000000000003,0.0006000000000000001,377.52894021649473
4.900000000000002,0.0006000000000000001,377.03737910415657
4.920000000000003,0.0006000000000000001,376.53815339068973
4.940000000000002,0.0006000000000000001,376.0567214945649
4.960000000000003,0.0006000000000000001,375.5903876381126
4.980000000000002,0.0006000000000000001,375.1406580269952
5.000000000000003,0.0006000000000000001,374.7100954487549
5.020000000000002,0.0006000000000000001,374.2953076105419
5.040000000000003,0.0006000000000000001,373.89788585018914
5.060000000000002,0.0006000000000000001,373.5157525078663
5.080000000000003,0.0006000000000000001,373.14874149746083
5.100000000000002,0.0006000000000000001,372.79645995917934
5.120000000000003,0.0006000000000000001,372.4570221189457
5.140000000000002,0.0006000000000000001,372.1313894042523
5.160000000000003,0.0006000000000000001,371.81684761560035
5.180000000000002,0.0006000000000000001,371.51500816014976
5.200000000000003,0.0006000000000000001,371.22293060681625
5.220000000000002,0.0006000000000000001,370.94243546536956
5.240000000000003,0.0006000000000000001,370.6706533828035
5.2600000000000025,0.0006000000000000001,370.40940725956636
5.280000000000003,0.0006000000000000001,370.1560015392435
5.3000000000000025,0.0006000000000000001,369.9121968776358
5.320000000000003,0.0006000000000000001,369.67547278806177
5.3400000000000025,0.0006000000000000001,369.44753286075803
5.360000000000003,0.0006000000000000001,369.22599185094697
5.380000000000003,0.0006000000000000001,369.0125262082897
5.400000000000003,0.0006000000000000001,368.80483887956484
5.420000000000003,0.0006000000000000001,368.604609638485
5.440000000000003,0.0006000000000000001,368.4095915817418
5.460000000000003,0.0006000000000000001,368.2214881055868
5.480000000000003,0.0006000000000000001,368.03807910421057
5.500000000000003,0.0006000000000000001,367.8610988488125
5.520000000000003,0.0006000000000000001,367.6883453635899
5.540000000000003,0.0006000000000000001,367.521579152667
5.560000000000003,0.0006000000000000001,367.3586197473377
5.580000000000003,0.0006000000000000001,367.2012402069988
5.600000000000003,0.0006000000000000001,367.0472934875611
5.620000000000003,0.0006000000000000001,366.8985457415808
5.640000000000003,0.0006000000000000001,366.7529003837705
5.660000000000003,0.0006000000000000001,366.61209438545006
5.680000000000003,0.0006000000000000001,366.47410086593175
5.700000000000003,0.0006000000000000001,366.3406049363839
5.720000000000003,0.0006000000000000001,366.2096686386041
5.740000000000003,0.0006000000000000001,366.0829039153534
5.760000000000003,0.0006000000000000001,365.95847933775565
5.780000000000003,0.0006000000000000001,365.83791492886894
5.8000000000000025,0.0006000000000000001,365.71950077504977
5.820000000000003,0.0006000000000000001,365.60464947562764
5.840000000000003,0.0006000000000000001,365.49178445070896
5.860000000000003,0.0006000000000000001,365.3821989200164
5.880000000000003,0.0006000000000000001,365.2744580946037
5.900000000000003,0.0006000000000000001,365.1697274199363
5.9200000000000035,0.0006000000000000001,365.06671905304967
5.940000000000003,0.0006000000000000001,364.9664656451933
5.960000000000003,0.0006000000000000001,364.86782838143273
5.980000000000003,0.0006000000000000001,364.7717051593028
6.0000000000000036,0.0006000000000000001,364.6771055342648
4.8000000000000025,0.00061875,379.9225294849997
4.820000000000002,0.00061875,379.9264667943678
4.8400000000000025,0.00061875,379.58951559270196
4.860000000000002,0.00061875,378.98390364220086
4.880000000000003,0.00061875,378.374691259872
4.900000000000002,0.00061875,377.78667372168934
4.920000000000003,0.00061875,377.205730914955
4.940000000000002,0.00061875,376.66247036231465
4.960000000000003,0.00061875,376.13834605850155
4.980000000000002,0.00061875,375.64242922351866
5.000000000000003,0.00061875,375.1699978193462
5.020000000000002,0.00061875,374.7181712782764
5.040000000000003,0.00061875,374.28892973949127
5.060000000000002,0.00061875,373.87627867651076
5.080000000000003,0.00061875,373.4842144282471
5.100000000000002,0.00061875,373.1064572252769
5.120000000000003,0.00061875,372.74648090009566
5.140000000000002,0.00061875,372.3993302082269
5.160000000000003,0.00061875,372.0674707774184
5.180000000000002,0.00061875,371.74721604904227
5.200000000000003,0.00061875,371.44026780719287
5.220000000000002,0.00061875,371.1437909746416
5.240000000000003,0.00061875,370.85909342751285
5.2600000000000025,0.00061875,370.58378459106507
5.280000000000003,0.00061875,370.3190826065321
5.3000000000000025,0.00061875,370.06274528164437
5.320000000000003,0.00061875,369.8160965561006
5.3400000000000025,0.00061875,369.5768643827694
5.360000000000003,0.00061875,369.3465755673748
5.380000000000003,0.00061875,369.12284475839255
5.400000000000003,0.00061875,368.9074255533882
5.420000000000003,0.00061875,368.697802040454
5.440000000000003,0.00061875,368.4959310020557
5.460000000000003,0.00061875,368.299189788017
5.480000000000003,0.00061875,368.10968808105775
5.500000000000003,0.00061875,367.9247421994931
5.520000000000003,0.00061875,367.74655294614456
5.540000000000003,0.00061875,367.5724297676299
5.560000000000003,0.00061875,367.40460146924386
5.580000000000003,0.00061875,367.2404245333889
5.600000000000003,0.00061875,367.082097540183
5.620000000000003,0.00061875,366.9270725052385
5.640000000000003,0.00061875,366.77746781920615
5.660000000000003,0.00061875,366.6308714662102
5.680000000000003,0.00061875,366.48928136393255
5.700000000000003,0.00061875,366.3504528650365
5.720000000000003,0.00061875,366.2162329622988
5.740000000000003,0.00061875,366.08456683147443
5.760000000000003,0.00061875,365.9571293054282
5.780000000000003,0.00061875,365.83206960598164
5.8000000000000025,0.00061875,365.71087735753633
5.820000000000003,0.00061875,365.5919128563614
5.840000000000003,0.00061875,365.47647444434017
5.860000000000003,0.00061875,365.3631344874094
5.880000000000003,0.00061875,365.25299970235653
5.900000000000003,0.00061875,365.14485064744076
5.9200000000000035,0.00061875,365.0396066203775
5.940000000000003,0.00061875,364.93624870750915
5.960000000000003,0.00061875,364.8355164698805
5.980000000000003,0.00061875,364.7365810421606
6.0000000000000036,0.00061875,364.6400124694029
4.8000000000000025,0.0006375,381.3237040072951
4.820000000000002,0.0006375,381.2274247187978
4.8400000000000025,0.0006375,380.6449602766877
4.860000000000002,0.0006375,379.8437085021975
4.880000000000003,0.0006375,379.12934472102637
4.900000000000002,0.0006375,378.44232416895915
4.920000000000003,0.0006375,377.7847533732227
4.940000000000002,0.0006375,377.18659359308964
4.960000000000003,0.0006375,376.6036043755315
4.980000000000002,0.0006375,376.0719043737633
5.000000000000003,0.0006375,375.5542381656561
5.020000000000002,0.0006375,375.0757289438432
5.040000000000003,0.0006375,374.61104432744054
5.060000000000002,0.0006375,374.17718026474097
5.080000000000003,0.0006375,373.75688977119404
5.100000000000002,0.0006375,373.36171946933445
5.120000000000003,0.0006375,372.97842273377245
5.140000000000002,0.0006375,372.6169008559158
5.160000000000003,0.0006375,372.26509114811154
5.180000000000002,0.0006375,371.93299781211124
5.200000000000003,0.0006375,371.608495235827
5.220000000000002,0.0006375,371.3022885043118
5.240000000000003,0.0006375,371.00183187298256
5.2600000000000025,0.0006375,370.7185227394239
5.280000000000003,0.0006375,370.4394948429377
5.3000000000000025,0.0006375,370.1765471536643
5.320000000000003,0.0006375,369.9167905873817
5.3400000000000025,0.0006375,369.6720403640738
5.360000000000003,0.0006375,369.4297334725297
5.380000000000003,0.0006375,369.2013233390127
5.400000000000003,0.0006375,368.97489596540703
5.420000000000003,0.0006375,368.7612217127113
5.440000000000003,0.0006375,368.5492973724651
5.460000000000003,0.0006375,368.3489644533996
5.480000000000003,0.0006375,368.1503201234103
5.500000000000003,0.0006375,367.9621083021537
5.520000000000003,0.0006375,367.7756460113316
5.540000000000003,0.0006375,367.59848068860276
5.560000000000003,0.0006375,367.42320705611877
5.580000000000003,0.0006375,367.2561360266208
5.600000000000003,0.0006375,367.09114718362605
5.620000000000003,0.0006375,366.9333217870785
5.640000000000003,0.0006375,366.7777919698042
5.660000000000003,0.0006375,366.62845177690355
5.680000000000003,0.0006375,366.48162444499985
5.700000000000003,0.0006375,366.34008477622575
5.720000000000003,0.0006375,366.2012654875399
5.740000000000003,0.0006375,366.06690719635253
5.760000000000003,0.0006375,365.9354577216934
5.780000000000003,0.0006375,365.8077187855313
5.8000000000000025,0.0006375,365.6830521159898
5.820000000000003,0.0006375,365.56142067067503
5.840000000000003,0.0006375,365.44299668332025
5.860000000000003,0.0006375,365.3270052114269
5.880000000000003,0.0006375,365.21432683505896
5.900000000000003,0.0006375,365.10354727912664
5.9200000000000035,0.0006375,364.996157052445
5.940000000000003,0.0006375,364.8901966720559
5.960000000000003,0.0006375,364.7876736204221
5.980000000000003,0.0006375,364.6861714503232
6.0000000000000036,0.0006375,364.588128229762
4.8000000000000025,0.00065625,382.7471681439793
4.820000000000002,0.00065625,382.47403172828876
4.8400000000000025,0.00065625,381.57072971882985
4.860000000000002,0.00065625,380.5798818179237
4.880000000000003,0.00065625,379.7848487804096
4.900000000000002,0.00065625,378.9794693502317
4.920000000000003,0.00065625,378.27754821911645
4.940000000000002,0.00065625,377.6077710435839
4.960000000000003,0.00065625,376.9903814211871
4.980000000000002,0.00065625,376.41208673367777
5.000000000000003,0.00065625,375.8668371987913
5.020000000000002,0.00065625,375.35419970227275
5.040000000000003,0.00065625,374.8680225068708
5.060000000000002,0.00065625,374.4067078851483
5.080000000000003,0.00065625,373.9707657005973
5.100000000000002,0.00065625,373.55152187105193
5.120000000000003,0.00065625,373.1573603194372
5.140000000000002,0.00065625,372.77383595748046
5.160000000000003,0.00065625,372.4148201263754
5.180000000000002,0.00065625,372.06230735348714
5.200000000000003,0.00065625,371.73324314351646
5.220000000000002,0.00065625,371.4080632448211
5.240000000000003,0.00065625,371.1048467138846
5.2600000000000025,0.00065625,370.8040092883284
5.280000000000003,0.00065625,370.52335804770536
5.3000000000000025,0.00065625,370.2443600274637
5.320000000000003,0.00065625,369.9836128680555
5.3400000000000025,0.00065625,369.72431354342564
5.360000000000003,0.00065625,369.4812818266586
5.380000000000003,0.00065625,369.2398210863872
5.400000000000003,0.00065625,369.0126785919785
5.420000000000003,0.00065625,368.7874208580979
5.440000000000003,0.00065625,368.57462201179345
5.460000000000003,0.00065625,368.36411614751677
5.480000000000003,0.00065625,368.164335145698
5.500000000000003,0.00065625,367.96728472497017
5.520000000000003,0.00065625,367.7793700390869
5.540000000000003,0.00065625,367.5946106042842
5.560000000000003,0.00065625,367.41755080918546
5.580000000000003,0.00065625,367.24403200644565
5.600000000000003,0.00065625,367.0769299541999
5.620000000000003,0.00065625,366.9137011762445
5.640000000000003,0.00065625,366.75575432920016
5.660000000000003,0.00065625,366.60195294654545
5.680000000000003,0.00065625,366.45243826497597
5.700000000000003,0.00065625,366.30727981140654
5.720000000000003,0.00065625,366.1655420178246
5.740000000000003,0.00065625,366.028311882102
5.760000000000003,0.00065625,365.89375423733145
5.780000000000003,0.00065625,365.7638005381255
5.8000000000000025,0.00065625,365.63587749373977
5.820000000000003,0.00065625,365.5126049007226
5.840000000000003,0.00065625,365.3908161607225
5.860000000000003,0.00065625,365.27368048503064
5.880000000000003,0.00065625,365.15756613298925
5.900000000000003,0.00065625,365.046069553157
5.9200000000000035,0.00065625,364.93520599144506
5.940000000000003,0.00065625,364.8288928118724
5.960000000000003,0.00065625,364.7228893258546
5.980000000000003,0.00065625,364.6213421874691
6.0000000000000036,0.00065625,364.5198379961243
4.8000000000000025,0.000675,384.1648921311235
4.820000000000002,0.000675,383.63826858979536
4.8400000000000025,0.000675,382.2904835302268
4.860000000000002,0.000675,381.2132987487445
4.880000000000003,0.000675,380.2914923601096
4.900000000000002,0.000675,379.41357248984264
4.920000000000003,0.000675,378.65228792580535
4.940000000000002,0.000675,377.9374383629121
4.960000000000003,0.000675,377.2745215407185
4.980000000000002,0.000675,376.6742973188343
5.000000000000003,0.000675,376.0860286896555
5.020000000000002,0.000675,375.5663927817521
5.040000000000003,0.000675,375.038500314463
5.060000000000002,0.000675,374.5794206700834
5.080000000000003,0.000675,374.1045081471149
5.100000000000002,0.000675,373.69149466788497
5.120000000000003,0.000675,373.26237803587134
5.140000000000002,0.000675,372.8859849335666
5.160000000000003,0.000675,372.4967166242801
5.180000000000002,0.000675,372.1504453954107
5.200000000000003,0.000675,371.7960496731409
5.220000000000002,0.000675,371.4752691239322
5.240000000000003,0.000675,371.1515328616416
5.2600000000000025,0.000675,370.85283567025976
5.280000000000003,0.000675,370.55616151549225
5.3000000000000025,0.000675,370.27696104903
5.320000000000003,0.000675,370.00425889117304
5.3400000000000025,0.000675,369.74252942680727
5.360000000000003,0.000675,369.49113199159007
5.380000000000003,0.000675,369.24523808808465
5.400000000000003,0.000675,369.0128331393251
5.420000000000003,0.000675,368.7814159525966
5.440000000000003,0.000675,368.5659908603782
5.460000000000003,0.000675,368.347891567307
5.480000000000003,0.000675,368.1476875723588
5.500000000000003,0.000675,367.94189534227155
5.520000000000003,0.000675,367.75536963927783
5.540000000000003,0.000675,367.56098602280605
5.560000000000003,0.000675,367.38678023193904
5.580000000000003,0.000675,367.2029946131151
5.600000000000003,0.000675,367.0399084977317
5.620000000000003,0.000675,366.86598103684287
5.640000000000003,0.000675,366.7129505361516
5.660000000000003,0.000675,366.54820019701714
5.680000000000003,0.000675,366.4042790090384
5.700000000000003,0.000675,366.2480750395783
5.720000000000003,0.000675,366.1124191262849
5.740000000000003,0.000675,365.96417488275574
5.760000000000003,0.000675,365.83602938256354
5.780000000000003,0.000675,365.69519774174785
5.8000000000000025,0.000675,365.5738858684583
5.820000000000003,0.000675,365.43995571360534
5.840000000000003,0.000675,365.32486929843475
5.860000000000003,0.000675,365.1973627301408
5.880000000000003,0.000675,365.08795412699095
5.900000000000003,0.000675,364.9664241636523
5.9200000000000035,0.000675,364.86219928955654
5.940000000000003,0.000675,364.74622789967026
5.960000000000003,0.000675,364.6467402243951
5.980000000000003,0.000675,364.5359365861143
6.0000000000000036,0.000675,364.44078191887064
4.8000000000000025,0.00069375,385.6357487517648
4.820000000000002,0.00069375,384.57367646791795
4.8400000000000025,0.00069375,382.8177604682845
4.860000000000002,0.00069375,381.6976365964439
4.880000000000003,0.00069375,380.66100041486703
4.900000000000002,0.00069375,379.7042542849873
4.920000000000003,0.00069375,378.9365400239593
4.940000000000002,0.00069375,378.12752266502986
4.960000000000003,0.00069375,377.49592496511605
4.980000000000002,0.00069375,376.8054669556738
5.000000000000003,0.00069375,376.2572038747935
5.020000000000002,0.00069375,375.6590148853445
5.040000000000003,0.00069375,375.1677783232573
5.060000000000002,0.00069375,374.64591534565443
5.080000000000003,0.00069375,374.1994265018817
5.100000000000002,0.00069375,373.7385253371833
5.120000000000003,0.00069375,373.328711050959
5.140000000000002,0.00069375,372.91765719572203
5.160000000000003,0.00069375,372.539043969103
5.180000000000002,0.00069375,372.16942392382003
5.200000000000003,0.00069375,371.81806929212394
5.220000000000002,0.00069375,371.48336291845925
5.240000000000003,0.00069375,371.1562641975871
5.2600000000000025,0.00069375,370.85132949578696
5.280000000000003,0.00069375,370.54609025297316
5.3000000000000025,0.00069375,370.26681084832995
5.320000000000003,0.00069375,369.981445330405
5.3400000000000025,0.00069375,369.72448076125136
5.360000000000003,0.00069375,369.45729447431484
5.380000000000003,0.00069375,369.2198993545656
5.400000000000003,0.00069375,368.9694133061134
5.420000000000003,0.00069375,368.74930424793337
5.440000000000003,0.00069375,368.51420519571883
5.460000000000003,0.00069375,368.30946163581285
5.480000000000003,0.00069375,368.08856838240075
5.500000000000003,0.00069375,367.8975578905692
5.520000000000003,0.00069375,367.6897977866473
5.540000000000003,0.00069375,367.511119283571
5.560000000000003,0.00069375,367.315511394881
5.580000000000003,0.00069375,367.1479516041392
5.600000000000003,0.00069375,366.9635943192404
5.620000000000003,0.00069375,366.80609408013106
5.640000000000003,0.00069375,366.6321557278772
5.660000000000003,0.00069375,366.4837837081337
5.680000000000003,0.00069375,366.3194952441141
5.700000000000003,0.00069375,366.17942724219483
5.720000000000003,0.00069375,366.0240763762026
5.740000000000003,0.00069375,365.89157887253754
5.760000000000003,0.00069375,365.74450521349513
5.780000000000003,0.00069375,365.6189221723701
5.8000000000000025,0.00069375,365.4795131030545
5.820000000000003,0.00069375,365.3602552780191
5.840000000000003,0.00069375,365.2279423634627
5.860000000000003,0.00069375,365.1144785445059
5.880000000000003,0.00069375,364.9887343400908
5.900000000000003,0.00069375,364.88058411823846
5.9200000000000035,0.00069375,364.7609192858067
5.940000000000003,0.00069375,364.657647013011
5.960000000000003,0.00069375,364.54360768217055
5.980000000000003,0.00069375,364.444817380723
6.0000000000000036,0.00069375,364.33598271212827
4.8000000000000025,0.0007125,387.0523869496677
4.820000000000002,0.0007125,385.2211236229533
4.8400000000000025,0.0007125,383.0800803724314
4.860000000000002,0.0007125,382.099781594311
4.880000000000003,0.0007125,380.7809374249343
4.900000000000002,0.0007125,379.94977352555395
4.920000000000003,0.0007125,379.0195806754396
4.940000000000002,0.0007125,378.26924262621196
4.960000000000003,0.0007125,377.56404851576195
4.980000000000002,0.0007125,376.8760106379796
5.000000000000003,0.0007125,376.315466124042
5.020000000000002,0.0007125,375.67821719269557
5.040000000000003,0.0007125,375.21647493521834
5.060000000000002,0.0007125,374.62952512341
5.080000000000003,0.0007125,374.23850974599077
5.100000000000002,0.0007125,373.6962398483957
5.120000000000003,0.0007125,373.3580545693585
5.140000000000002,0.0007125,372.85620934590406
5.160000000000003,0.0007125,372.55861201019064
5.180000000000002,0.0007125,372.0936231383755
5.200000000000003,0.0007125,371.8279641803226
5.220000000000002,0.0007125,371.3967006410422
5.240000000000003,0.0007125,371.15671521407285
5.2600000000000025,0.0007125,370.7563704233129
5.280000000000003,0.0007125,370.5374250688715
5.3000000000000025,0.0007125,370.1654569897439
5.320000000000003,0.0007125,369.96406038526885
5.3400000000000025,0.0007125,369.6181543626039
5.360000000000003,0.0007125,369.43162971884254
5.380000000000003,0.0007125,369.1096719514309
5.400000000000003,0.0007125,368.9359323825801
5.420000000000003,0.0007125,368.63598896451737
5.440000000000003,0.0007125,368.4733805772871
5.460000000000003,0.0007125,368.1936799036449
5.480000000000003,0.0007125,368.04087056760517
5.500000000000003,0.0007125,367.77978808856017
5.520000000000003,0.0007125,367.63568764619714
5.540000000000003,0.0007125,367.3917324477144
5.560000000000003,0.0007125,367.2554349051477
5.580000000000003,0.0007125,367.0272378008822
5.600000000000003,0.0007125,366.89797907643833
5.620000000000003,0.0007125,366.6842819864401
5.640000000000003,0.0007125,366.5614087790425
5.660000000000003,0.0007125,366.36105521686636
5.680000000000003,0.0007125,366.2440018854714
5.700000000000003,0.0007125,366.05592840457416
5.720000000000003,0.0007125,365.9441996575966
5.740000000000003,0.0007125,365.76742813057496
5.760000000000003,0.0007125,365.66058595384146
5.780000000000003,0.0007125,365.49421657748184
5.8000000000000025,0.0007125,365.39187027114815
5.820000000000003,0.0007125,365.2350752071632
5.840000000000003,0.0007125,365.1368737151758
5.860000000000003,0.0007125,364.9888912910821
5.880000000000003,0.0007125,364.8945172303244
5.900000000000003,0.0007125,364.7546466371954
5.9200000000000035,0.0007125,364.6638115940107
5.940000000000003,0.0007125,364.5314080279934
5.960000000000003,0.0007125,364.44384880558937
5.980000000000003,0.0007125,364.3183190083543
6.0000000000000036,0.0007125,364.23379459257575
4.8000000000000025,0.00073125,388.546991018945
4.820000000000002,0.00073125,385.1929542313014
4.8400000000000025,0.00073125,383.35387160874484
4.860000000000002,0.00073125,382.18431141936634
4.880000000000003,0.00073125,380.7933915887978
4.900000000000002,0.00073125,380.0577628891922
4.920000000000003,0.00073125,378.92713809477834
4.940000000000002,0.00073125,378.37456173778736
4.960000000000003,0.00073125,377.42116790819006
4.980000000000002,0.00073125,376.9692187072304
5.000000000000003,0.00073125,376.1468706251252
5.020000000000002,0.00073125,375.7535784804431
5.040000000000003,0.00073125,375.035338786364
5.060000000000002,0.00073125,374.68838894768817
5.080000000000003,0.00073125,374.051314276641
5.100000000000002,0.00073125,373.7391751945555
5.120000000000003,0.00073125,373.1687506156452
5.140000000000002,0.00073125,372.8840104335492
5.160000000000003,0.00073125,372.369587821337
5.180000000000002,0.00073125,372.10723823509545
5.200000000000003,0.00073125,371.64064178363424
5.220000000000002,0.00073125,371.3971431063123
5.240000000000003,0.00073125,370.97190859224617
5.2600000000000025,0.00073125,370.7446595518343
5.280000000000003,0.00073125,370.35556078739364
5.3000000000000025,0.00073125,370.14258266415624
5.320000000000003,0.00073125,369.7853171883165
5.3400000000000025,0.00073125,369.58505732597985
5.360000000000003,0.00073125,369.25602877315015
5.380000000000003,0.00073125,369.06723388817113
5.400000000000003,0.00073125,368.7633965105514
5.420000000000003,0.00073125,368.58502862482914
5.440000000000003,0.00073125,368.30377349045904
5.460000000000003,0.00073125,368.13495288036455
5.480000000000003,0.00073125,367.8740229358186
5.500000000000003,0.00073125,367.71398873543376
5.520000000000003,0.00073125,367.4714143693665
5.540000000000003,0.00073125,367.3194969882116
5.560000000000003,0.00073125,367.0935464441178
5.580000000000003,0.00073125,366.94914803304937
5.600000000000003,0.00073125,366.7382887467224
5.620000000000003,0.00073125,366.60086921639396
5.640000000000003,0.00073125,366.40373729455104
5.660000000000003,0.00073125,366.2728041982164
5.680000000000003,0.00073125,366.0881800316197
5.700000000000003,0.00073125,365.9632811529582
5.720000000000003,0.00073125,365.7900696989874
5.740000000000003,0.00073125,365.6707875406554
5.760000000000003,0.00073125,365.50800219487695
5.780000000000003,0.00073125,365.39394980618016
5.8000000000000025,0.00073125,365.24069905931015
5.820000000000003,0.00073125,365.13151680949795
5.840000000000003,0.00073125,364.9869930875446
5.860000000000003,0.00073125,364.88234610868267
5.880000000000003,0.00073125,364.7458163417281
5.900000000000003,0.00073125,364.64539244761426
5.9200000000000035,0.00073125,364.5161900217158
5.940000000000003,0.00073125,364.41969796740324
5.960000000000003,0.00073125,364.2972157950033
5.980000000000003,0.00073125,364.2043837824465
6.0000000000000036,0.00073125,364.08806828707395
4.8000000000000025,0.00075,390.0
4.820000000000002,0.00075,384.11646680216796
4.8400000000000025,0.00075,384.1454526287993
4.860000000000002,0.00075,381.33672864201384
4.880000000000003,0.00075,381.3460993116688
4.900000000000002,0.00075,379.35130014255463
4.920000000000003,0.00075,379.3346217195908
4.940000000000002,0.00075,377.76821022734305
4.960000000000003,0.00075,377.7266571762561
4.980000000000002,0.00075,376.43862792332067
5.000000000000003,0.00075,376.3759031189919
5.020000000000002,0.00075,375.2784453766613
5.040000000000003,0.00075,375.2077973636916
5.060000000000002,0.00075,374.2588680471802
5.080000000000003,0.00075,374.1780894708167
5.100000000000002,0.00075,373.3473415213449
5.120000000000003,0.00075,373.2580722565372
5.140000000000002,0.00075,372.5236485179515
5.160000000000003,0.00075,372.4278073463099
5.180000000000002,0.00075,371.77341264876463
5.200000000000003,0.00075,371.67275760062984
5.220000000000002,0.00075,371.0858811380003
5.240000000000003,0.00075,370.9819194920415
5.2600000000000025,0.00075,370.45272371937847
5.280000000000003,0.00075,370.34671062296917
5.3000000000000025,0.00075,369.867305722766
5.320000000000003,0.00075,369.7602689919669
5.3400000000000025,0.00075,369.32422060117864
5.360000000000003,0.00075,369.21699158041747
5.380000000000003,0.00075,368.8189760999957
5.400000000000003,0.00075,368.7122195627479
5.420000000000003,0.00075,368.3477765424978
5.440000000000003,0.00075,368.2420173859535
5.460000000000003,0.00075,367.9073678607862
5.480000000000003,0.00075,367.8030141603873
5.500000000000003,0.00075,367.4949249905146
5.520000000000003,0.00075,367.39228763524716
5.540000000000003,0.00075,367.10796863099614
5.560000000000003,0.00075,367.00727795332193
5.580000000000003,0.00075,366.74430277789503
5.600000000000003,0.00075,366.6457226086097
5.620000000000003,0.00075,366.40196718240594
5.640000000000003,0.00075,366.3056067179101
5.660000000000003,0.00075,366.07920067016823
5.680000000000003,0.00075,365.9851244840089
5.700000000000003,0.00075,365.774412443325
5.720000000000003,0.00075,365.68264892176325
5.740000000000003,0.00075,365.4861593056576
5.760000000000003,0.00075,365.39670774280626
5.780000000000003,0.00075,365.21312732171697
5.8000000000000025,0.00075,365.1259638734554
5.820000000000003,0.00075,364.95411682589946
5.840000000000003,0.00075,364.8691994919618
5.860000000000003,0.00075,364.70802998756517
5.880000000000003,0.00075,364.6253027665217
5.900000000000003,0.00075,364.4738603477326
5.9200000000000035,0.00075,364.3932566888824
5.940000000000003,0.00075,364.25068389475643
5.960000000000003,0.00075,364.17212955336373
5.980000000000003,0.00075,364.0376513570504
6.0000000000000036,0.00075,363.9610667442967
6.0000000000000036,0.0,361.2819965621745
6.020000000000003,0.0,390.0
6.040000000000004,0.0,390.0
6.060000000000003,0.0,390.0
6.080000000000004,0.0,390.0
6.100000000000003,0.0,390.0
6.120000000000004,0.0,390.0
6.140000000000003,0.0,390.0
6.160000000000004,0.0,390.0
6.180000000000003,0.0,390.0
6.200000000000004,0.0,390.0
6.220000000000003,0.0,390.0
6.240000000000004,0.0,390.0
6.260000000000003,0.0,390.0
6.280000000000004,0.0,390.0
6.300000000000003,0.0,390.0
6.320000000000004,0.0,390.0
6.340000000000003,0.0,390.0
6.360000000000004,0.0,390.0
6.3800000000000034,0.0,390.0
6.400000000000004,0.0,390.0
6.4200000000000035,0.0,390.0
6.440000000000004,0.0,390.0
6.4600000000000035,0.0,390.0
6.480000000000004,0.0,390.0
6.5000000000000036,0.0,390.0
6.520000000000004,0.0,390.0
6.540000000000004,0.0,390.0
6.560000000000004,0.0,390.0
6.580000000000004,0.0,390.0
6.600000000000004,0.0,390.0
6.620000000000004,0.0,390.0
6.640000000000004,0.0,390.0
6.660000000000004,0.0,390.0
6.680000000000004,0.0,390.0
6.700000000000004,0.0,390.0
6.720000000000004,0.0,390.0
6.740000000000004,0.0,390.0
6.760000000000004,0.0,390.0
6.780000000000004,0.0,390.0
6.800000000000004,0.0,390.0
6.820000000000004,0.0,390.0
6.840000000000004,0.0,390.0
6.860000000000004,0.0,390.0
6.880000000000004,0.0,390.0
6.900000000000004,0.0,390.0
6.0000000000000036,1.8750000000000002e-05,361.4306255999404
6.020000000000003,1.8750000000000002e-05,377.79992984074363
6.040000000000004,1.8750000000000002e-05,387.02412796330356
6.060000000000003,1.8750000000000002e-05,384.96735381888845
6.080000000000004,1.8750000000000002e-05,387.5177256822229
6.100000000000003,1.8750000000000002e-05,386.57572786861743
6.120000000000004,1.8750000000000002e-05,387.8283306872279
6.140000000000003,1.8750000000000002e-05,387.310449338164
6.160000000000004,1.8750000000000002e-05,388.05155687366306
6.180000000000003,1.8750000000000002e-05,387.73642004867696
6.200000000000004,1.8750000000000002e-05,388.2221555480224
6.220000000000003,1.8750000000000002e-05,388.0167386253096
6.240000000000004,1.8750000000000002e-05,388.35739842541415
6.260000000000003,1.8750000000000002e-05,388.21657989054575
6.280000000000004,1.8750000000000002e-05,388.46738072992326
6.300000000000003,1.8750000000000002e-05,388.3671272431545
6.320000000000004,1.8750000000000002e-05,388.55858476506927
6.340000000000003,1.8750000000000002e-05,388.4851667100755
6.360000000000004,1.8750000000000002e-05,388.63542641093
6.3800000000000034,1.8750000000000002e-05,388.5805382752612
6.400000000000004,1.8750000000000002e-05,388.70103797013195
6.4200000000000035,1.8750000000000002e-05,388.65940301283683
6.440000000000004,1.8750000000000002e-05,388.7577095512922
6.4600000000000035,1.8750000000000002e-05,388.7258295112799
6.480000000000004,1.8750000000000002e-05,388.80715725630364
6.5000000000000036,1.8750000000000002e-05,388.7826261336593
6.520000000000004,1.8750000000000002e-05,388.8506945797807
6.540000000000004,1.8750000000000002e-05,388.83180502890394
6.560000000000004,1.8750000000000002e-05,388.8893457356762
6.580000000000004,1.8750000000000002e-05,388.8748539423501
6.600000000000004,1.8750000000000002e-05,388.9239224321106
6.620000000000004,1.8750000000000002e-05,388.912902208968
6.640000000000004,1.8750000000000002e-05,388.95507693554896
6.660000000000004,1.8750000000000002e-05,388.94682590599604
6.680000000000004,1.8750000000000002e-05,388.9833394568655
6.700000000000004,1.8750000000000002e-05,388.9773167384755
6.720000000000004,1.8750000000000002e-05,389.0091450234089
6.740000000000004,1.8750000000000002e-05,389.00492861699183
6.760000000000004,1.8750000000000002e-05,389.0328532057405
6.780000000000004,1.8750000000000002e-05,389.03011011403817
6.800000000000004,1.8750000000000002e-05,389.05476291484763
6.820000000000004,1.8750000000000002e-05,389.05322773114045
6.840000000000004,1.8750000000000002e-05,389.07512373726996
6.860000000000004,1.8750000000000002e-05,389.07458302076776
6.880000000000004,1.8750000000000002e-05,389.09414478806224
6.900000000000004,1.8750000000000002e-05,389.09442548532553
6.0000000000000036,3.7500000000000003e-05,361.5800702676055
6.020000000000003,3.7500000000000003e-05,370.93281963153055
6.040000000000004,3.7500000000000003e-05,381.373359147827
6.060000000000003,3.7500000000000003e-05,382.1138166942437
6.080000000000004,3.7500000000000003e-05,383.5453658044562
6.100000000000003,3.7500000000000003e-05,384.4317519818321
6.120000000000004,3.7500000000000003e-05,384.7010984904732
6.140000000000003,3.7500000000000003e-05,385.4700199295383
6.160000000000004,3.7500000000000003e-05,385.44015789124575
6.180000000000003,3.7500000000000003e-05,386.0763416391122
6.200000000000004,3.7500000000000003e-05,385.9597708952692
6.220000000000003,3.7500000000000003e-05,386.48268524222755
6.240000000000004,3.7500000000000003e-05,386.34733575141564
6.260000000000003,3.7500000000000003e-05,386.7787091600573
6.280000000000004,3.7500000000000003e-05,386.64843893512
6.300000000000003,3.7500000000000003e-05,387.00659975393495
6.320000000000004,3.7500000000000003e-05,386.8894915680982
6.340000000000003,3.7500000000000003e-05,387.18896280154564
6.360000000000004,3.7500000000000003e-05,387.08697502849384
6.3800000000000034,3.7500000000000003e-05,387.3390967734761
6.400000000000004,3.7500000000000003e-05,387.2517650791848
6.4200000000000035,3.7500000000000003e-05,387.46539845487035
6.440000000000004,3.7500000000000003e-05,387.39136133724173
6.4600000000000035,3.7500000000000003e-05,387.5734744370725
6.480000000000004,3.7500000000000003e-05,387.51112464783057
6.5000000000000036,3.7500000000000003e-05,387.667242729703
6.520000000000004,3.7500000000000003e-05,387.6150041190026
6.540000000000004,3.7500000000000003e-05,387.7495468166906
6.560000000000004,3.7500000000000003e-05,387.70598390576066
6.580000000000004,3.7500000000000003e-05,387.82251640964404
6.600000000000004,3.7500000000000003e-05,387.78636796936235
6.620000000000004,3.7500000000000003e-05,387.88778872106354
6.640000000000004,3.7500000000000003e-05,387.8579673186882
6.660000000000004,3.7500000000000003e-05,387.9466493261785
6.680000000000004,3.7500000000000003e-05,387.9222266570975
6.700000000000004,3.7500000000000003e-05,388.000124930675
6.720000000000004,3.7500000000000003e-05,387.9803123637841
6.740000000000004,3.7500000000000003e-05,388.0490464704659
6.760000000000004,3.7500000000000003e-05,388.03317520609465
6.780000000000004,3.7500000000000003e-05,388.09409339202284
6.800000000000004,3.7500000000000003e-05,388.081596152461
6.820000000000004,3.7500000000000003e-05,388.1358256671812
6.840000000000004,3.7500000000000003e-05,388.12622061738756
6.860000000000004,3.7500000000000003e-05,388.1747075909017
6.880000000000004,3.7500000000000003e-05,388.16758459784296
6.900000000000004,3.7500000000000003e-05,388.21112591603486
6.0000000000000036,5.6250000000000005e-05,361.7307327075703
6.020000000000003,5.6250000000000005e-05,367.0620216326499
6.040000000000004,5.6250000000000005e-05,376.0156501482704
6.060000000000003,5.6250000000000005e-05,379.1204472765049
6.080000000000004,5.6250000000000005e-05,380.25587516126404
6.100000000000003,5.6250000000000005e-05,381.7872671122662
6.120000000000004,5.6250000000000005e-05,382.25313393212787
6.140000000000003,5.6250000000000005e-05,383.1029951756321
6.160000000000004,5.6250000000000005e-05,383.42983117619605
6.180000000000003,5.6250000000000005e-05,383.93755111669947
6.200000000000004,5.6250000000000005e-05,384.21172308489616
6.220000000000003,5.6250000000000005e-05,384.5322597080705
6.240000000000004,5.6250000000000005e-05,384.7727010600207
6.260000000000003,5.6250000000000005e-05,384.9845358726098
6.280000000000004,5.6250000000000005e-05,385.19721152278936
6.300000000000003,5.6250000000000005e-05,385.3429743993857
6.320000000000004,5.6250000000000005e-05,385.5312116237719
6.340000000000003,5.6250000000000005e-05,385.63529883998075
6.360000000000004,5.6250000000000005e-05,385.801863062333
6.3800000000000034,5.6250000000000005e-05,385.8788291851452
6.400000000000004,5.6250000000000005e-05,386.0262736602053
6.4200000000000035,5.6250000000000005e-05,386.0851091993377
6.440000000000004,5.6250000000000005e-05,386.21578588749315
6.4600000000000035,5.6250000000000005e-05,386.2622144247755
6.480000000000004,5.6250000000000005e-05,386.37824761640155
6.5000000000000036,5.6250000000000005e-05,386.4160119702527
6.520000000000004,5.6250000000000005e-05,386.5192888135918
6.540000000000004,5.6250000000000005e-05,386.5508963972467
6.560000000000004,5.6250000000000005e-05,386.6430747880443
6.580000000000004,5.6250000000000005e-05,386.6702423825921
6.600000000000004,5.6250000000000005e-05,386.7527687057928
6.620000000000004,5.6250000000000005e-05,386.7766947817422
6.640000000000004,5.6250000000000005e-05,386.8508255740839
6.660000000000004,5.6250000000000005e-05,386.87236099445965
6.680000000000004,5.6250000000000005e-05,386.9391850871874
6.700000000000004,5.6250000000000005e-05,386.9589425257505
6.720000000000004,5.6250000000000005e-05,387.01940197440643
6.740000000000004,5.6250000000000005e-05,387.03782758981254
6.760000000000004,5.6250000000000005e-05,387.0927366976029
6.780000000000004,5.6250000000000005e-05,387.1101580957758
6.800000000000004,5.6250000000000005e-05,387.16022034905177
6.820000000000004,5.6250000000000005e-05,387.1768793561578
6.840000000000004,5.6250000000000005e-05,387.2227023297311
6.860000000000004,5.6250000000000005e-05,387.2387778426974
6.880000000000004,5.6250000000000005e-05,387.2808862317994
6.900000000000004,5.6250000000000005e-05,387.2965104571592
6.0000000000000036,7.500000000000001e-05,361.882036985478
6.020000000000003,7.500000000000001e-05,364.9279717583647
6.040000000000004,7.500000000000001e-05,371.7255939021782
6.060000000000003,7.500000000000001e-05,376.0016389035096
6.080000000000004,7.500000000000001e-05,377.4700814803401
6.100000000000003,7.500000000000001e-05,379.10534010189974
6.120000000000004,7.500000000000001e-05,379.99693840163064
6.140000000000003,7.500000000000001e-05,380.80869672602677
6.160000000000004,7.500000000000001e-05,381.4486072109083
6.180000000000003,7.500000000000001e-05,381.93326132669694
6.200000000000004,7.500000000000001e-05,382.4098106049515
6.220000000000003,7.500000000000001e-05,382.74371643006873
6.240000000000004,7.500000000000001e-05,383.10404724682354
6.260000000000003,7.500000000000001e-05,383.3596042752382
6.280000000000004,7.500000000000001e-05,383.6350895943692
6.300000000000003,7.500000000000001e-05,383.8450518373329
6.320000000000004,7.500000000000001e-05,384.0578610745906
6.340000000000003,7.500000000000001e-05,384.23822642351024
6.360000000000004,7.500000000000001e-05,384.4043453787751
6.3800000000000034,7.500000000000001e-05,384.5635008362049
6.400000000000004,7.500000000000001e-05,384.69458250856826
6.4200000000000035,7.500000000000001e-05,384.8372661103854
6.440000000000004,7.500000000000001e-05,384.941879633849
6.4600000000000035,7.500000000000001e-05,385.0710015815031
6.480000000000004,7.500000000000001e-05,385.1555006761036
6.5000000000000036,7.500000000000001e-05,385.27301799579504
6.520000000000004,7.500000000000001e-05,385.34215175088514
6.540000000000004,7.500000000000001e-05,385.44950204399225
6.560000000000004,7.500000000000001e-05,385.506847447928
6.580000000000004,7.500000000000001e-05,385.6051689411906
6.600000000000004,7.500000000000001e-05,385.65343918565577
6.620000000000004,7.500000000000001e-05,385.74368423100253
6.640000000000004,7.500000000000001e-05,385.78495010441856
6.660000000000004,7.500000000000001e-05,385.867944619753
6.680000000000004,7.500000000000001e-05,385.9037948529892
6.700000000000004,7.500000000000001e-05,385.9802701443874
6.720000000000004,7.500000000000001e-05,386.01192864394613
6.740000000000004,7.500000000000001e-05,386.0825391595873
6.760000000000004,7.500000000000001e-05,386.1109515770134
6.780000000000004,7.500000000000001e-05,386.1762855815526
6.800000000000004,7.500000000000001e-05,386.20218388304585
6.820000000000004,7.500000000000001e-05,386.26277063793304
6.840000000000004,7.500000000000001e-05,386.28672173367875
6.860000000000004,7.500000000000001e-05,386.34303698856246
6.880000000000004,7.500000000000001e-05,386.3654796896254
6.900000000000004,7.500000000000001e-05,386.4179503605055
6.0000000000000036,9.375e-05,362.0341963874237
6.020000000000003,9.375e-05,363.76951271636744
6.040000000000004,9.375e-05,368.6202250559621
6.060000000000003,9.375e-05,373.02065810525596
6.080000000000004,9.375e-05,375.01259816983674
6.100000000000003,9.375e-05,376.61174950622814
6.120000000000004,9.375e-05,377.8275948860413
6.140000000000003,9.375e-05,378.68927236398895
6.160000000000004,9.375e-05,379.48855621097636
6.180000000000003,9.375e-05,380.064817772116
6.200000000000004,9.375e-05,380.61945282297114
6.220000000000003,9.375e-05,381.0501501637454
6.240000000000004,9.375e-05,381.45427354271817
6.260000000000003,9.375e-05,381.7948386283227
6.280000000000004,9.375e-05,382.1024981728021
6.300000000000003,9.375e-05,382.3800881049804
6.320000000000004,9.375e-05,382.62341920844693
6.340000000000003,9.375e-05,382.8538601986641
6.360000000000004,9.375e-05,383.0525958866364
6.3800000000000034,9.375e-05,383.24633918786935
6.400000000000004,9.375e-05,383.41298583636154
6.4200000000000035,9.375e-05,383.5775124731243
6.440000000000004,9.375e-05,383.7202524887929
6.4600000000000035,9.375e-05,383.8611880003297
6.480000000000004,9.375e-05,383.98555053099574
6.5000000000000036,9.375e-05,384.1072553875961
6.520000000000004,9.375e-05,384.21710031876245
6.540000000000004,9.375e-05,384.32302080447954
6.560000000000004,9.375e-05,384.4211305114274
6.580000000000004,9.375e-05,384.51402653602327
6.600000000000004,9.375e-05,384.60246880391037
6.620000000000004,9.375e-05,384.68457139891245
6.640000000000004,9.375e-05,384.76492639506387
6.660000000000004,9.375e-05,384.8380514741354
6.680000000000004,9.375e-05,384.91155664899446
6.700000000000004,9.375e-05,384.977189805334
6.720000000000004,9.375e-05,385.04483449682164
6.740000000000004,9.375e-05,385.104195728959
6.760000000000004,9.375e-05,385.16678447121535
6.780000000000004,9.375e-05,385.2208785161549
6.800000000000004,9.375e-05,385.2790745534197
6.820000000000004,9.375e-05,385.3287306151064
6.840000000000004,9.375e-05,385.3830866620645
6.860000000000004,9.375e-05,385.42899014691807
6.880000000000004,9.375e-05,385.47997075777187
6.900000000000004,9.375e-05,385.5226888680284
6.0000000000000036,0.00011250000000000001,362.18664275021206
6.020000000000003,0.00011250000000000001,363.1765432284754
6.040000000000004,0.00011250000000000001,366.4933307260152
6.060000000000003,0.00011250000000000001,370.4314700018332
6.080000000000004,0.00011250000000000001,372.78702157262506
6.100000000000003,0.00011250000000000001,374.3923608643294
6.120000000000004,0.00011250000000000001,375.7624881902384
6.140000000000003,0.00011250000000000001,376.7397121208004
6.160000000000004,0.00011250000000000001,377.6081236676111
6.180000000000003,0.00011250000000000001,378.29944437283126
6.200000000000004,0.00011250000000000001,378.9001345226892
6.220000000000003,0.00011250000000000001,379.42135875970916
6.240000000000004,0.00011250000000000001,379.867292579426
6.260000000000003,0.00011250000000000001,380.27427503551604
6.280000000000004,0.00011250000000000001,380.62319969890694
6.300000000000003,0.00011250000000000001,380.94894945829606
6.320000000000004,0.00011250000000000001,381.2323917110141
6.340000000000003,0.00011250000000000001,381.49851125297033
6.360000000000004,0.00011250000000000001,381.7348869768905
6.3800000000000034,0.00011250000000000001,381.9562602936712
6.400000000000004,0.00011250000000000001,382.15707453845323
6.4200000000000035,0.00011250000000000001,382.3442625093478
6.440000000000004,0.00011250000000000001,382.517179550236
6.4600000000000035,0.00011250000000000001,382.6778289866837
6.480000000000004,0.00011250000000000001,382.82826051811355
6.5000000000000036,0.00011250000000000001,382.9680007256349
6.520000000000004,0.00011250000000000001,383.09996237484336
6.540000000000004,0.00011250000000000001,383.2230001269204
6.560000000000004,0.00011250000000000001,383.339592568249
6.580000000000004,0.00011250000000000001,383.4491164750205
6.600000000000004,0.00011250000000000001,383.5528071327856
6.620000000000004,0.00011250000000000001,383.6512668335608
6.640000000000004,0.00011250000000000001,383.7440622631005
6.660000000000004,0.00011250000000000001,383.83336367302707
6.680000000000004,0.00011250000000000001,383.91692019533303
6.700000000000004,0.00011250000000000001,383.9985637167771
6.720000000000004,0.00011250000000000001,384.0742621004017
6.740000000000004,0.00011250000000000001,384.14944168458123
6.760000000000004,0.00011250000000000001,384.2184401764593
6.780000000000004,0.00011250000000000001,384.2881152463481
6.800000000000004,0.00011250000000000001,384.35138904426765
6.820000000000004,0.00011250000000000001,384.4163374062686
6.840000000000004,0.00011250000000000001,384.47470924808255
6.860000000000004,0.00011250000000000001,384.5355665326022
6.880000000000004,0.00011250000000000001,384.5897311682017
6.900000000000004,0.00011250000000000001,384.6470206065998
6.0000000000000036,0.00013125000000000002,362.3393539482284
6.020000000000003,0.00013125000000000002,362.9008996188673
6.040000000000004,0.00013125000000000002,365.1063913864789
6.060000000000003,0.00013125000000000002,368.34231487329504
6.080000000000004,0.00013125000000000002,370.79711874393075
6.100000000000003,0.00013125000000000002,372.4456675963703
6.120000000000004,0.00013125000000000002,373.85468310533486
6.140000000000003,0.00013125000000000002,374.9407024668091
6.160000000000004,0.00013125000000000002,375.8514434990162
6.180000000000003,0.00013125000000000002,376.6271738235076
6.200000000000004,0.00013125000000000002,377.27815665844037
6.220000000000003,0.00013125000000000002,377.85859311411525
6.240000000000004,0.00013125000000000002,378.35574575654886
6.260000000000003,0.00013125000000000002,378.8060620538496
6.280000000000004,0.00013125000000000002,379.20209203461326
6.300000000000003,0.00013125000000000002,379.5622080880408
6.320000000000004,0.00013125000000000002,379.88661158198823
6.340000000000003,0.00013125000000000002,380.1819926491145
6.360000000000004,0.00013125000000000002,380.45303617269326
6.3800000000000034,0.00013125000000000002,380.7004516756279
6.400000000000004,0.00013125000000000002,380.93037303113545
6.4200000000000035,0.00013125000000000002,381.141206326519
6.440000000000004,0.00013125000000000002,381.33868817597585
6.4600000000000035,0.00013125000000000002,381.520905914776
6.480000000000004,0.00013125000000000002,381.692365175567
6.5000000000000036,0.00013125000000000002,381.85171467053465
6.520000000000004,0.00013125000000000002,382.00203428613924
6.540000000000004,0.00013125000000000002,382.1427844232524
6.560000000000004,0.00013125000000000002,382.27576019883537
6.580000000000004,0.00013125000000000002,382.40116779174247
6.600000000000004,0.00013125000000000002,382.5197979556956
6.620000000000004,0.00013125000000000002,382.63240671759354
6.640000000000004,0.00013125000000000002,382.73908861641485
6.660000000000004,0.00013125000000000002,382.84092485428056
6.680000000000004,0.00013125000000000002,382.9375936640237
6.700000000000004,0.00013125000000000002,383.03029745876756
6.720000000000004,0.00013125000000000002,383.11852701467626
6.740000000000004,0.00013125000000000002,383.20344253276846
6.760000000000004,0.00013125000000000002,383.2845204715289
6.780000000000004,0.00013125000000000002,383.3627599493497
6.800000000000004,0.00013125000000000002,383.43774487749823
6.820000000000004,0.00013125000000000002,383.510235299562
6.840000000000004,0.00013125000000000002,383.5800010392088
6.860000000000004,0.00013125000000000002,383.64751916591604
6.880000000000004,0.00013125000000000002,383.7127894856758
6.900000000000004,0.00013125000000000002,383.7759888233473
6.0000000000000036,0.00015000000000000001,362.49180430483875
6.020000000000003,0.00015000000000000001,362.8088922574369
6.040000000000004,0.00015000000000000001,364.24281452683215
6.060000000000003,0.00015000000000000001,366.75035046545787
6.080000000000004,0.00015000000000000001,369.0777274905925
6.100000000000003,0.00015000000000000001,370.74820331574864
6.120000000000004,0.00015000000000000001,372.14070435111245
6.140000000000003,0.00015000000000000001,373.28927101273376
6.160000000000004,0.00015000000000000001,374.2344779947133
6.180000000000003,0.00015000000000000001,375.0589934868129
6.200000000000004,0.00015000000000000001,375.7575636816377
6.220000000000003,0.00015000000000000001,376.3771080445509
6.240000000000004,0.00015000000000000001,376.9197628953207
6.260000000000003,0.00015000000000000001,377.4042514846323
6.280000000000004,0.00015000000000000001,377.8394715402343
6.300000000000003,0.00015000000000000001,378.23070106243495
6.320000000000004,0.00015000000000000001,378.58791542886314
6.340000000000003,0.00015000000000000001,378.9118066788092
6.360000000000004,0.00015000000000000001,379.21041386452526
6.3800000000000034,0.00015000000000000001,379.4837668108984
6.400000000000004,0.00015000000000000001,379.73723458296035
6.4200000000000035,0.00015000000000000001,379.97144526578813
6.440000000000004,0.00015000000000000001,380.18945574932735
6.4600000000000035,0.00015000000000000001,380.3925962352481
6.480000000000004,0.00015000000000000001,380.5822939617556
6.5000000000000036,0.00015000000000000001,380.76030623427226
6.520000000000004,0.00015000000000000001,380.92707748057114
6.540000000000004,0.00015000000000000001,381.08447962158976
6.560000000000004,0.00015000000000000001,381.2324614867111
6.580000000000004,0.00015000000000000001,381.37277947326004
6.600000000000004,0.00015000000000000001,381.50520244756103
6.620000000000004,0.00015000000000000001,381.63124380765237
6.640000000000004,0.00015000000000000001,381.7506674309949
6.660000000000004,0.00015000000000000001,381.8647014046293
6.680000000000004,0.00015000000000000001,381.97317946767214
6.700000000000004,0.00015000000000000001,382.07706035651506
6.720000000000004,0.00015000000000000001,382.1762588104848
6.740000000000004,0.00015000000000000001,382.2715137459819
6.760000000000004,0.00015000000000000001,382.3627963820379
6.780000000000004,0.00015000000000000001,382.45069004699116
6.800000000000004,0.00015000000000000001,382.5351818843486
6.820000000000004,0.00015000000000000001,382.6167657520095
6.840000000000004,0.00015000000000000001,382.69540077050186
6.860000000000004,0.00015000000000000001,382.7715515404953
6.880000000000004,0.00015000000000000001,382.8451092366377
6.900000000000004,0.00015000000000000001,382.9165594475532
6.0000000000000036,0.00016875,362.64374708297856
6.020000000000003,0.00016875,362.8194040060205
6.040000000000004,0.00016875,363.7346843641798
6.060000000000003,0.00016875,365.5974156150928
6.080000000000004,0.00016875,367.65087965285954
6.100000000000003,0.00016875,369.2838185239288
6.120000000000004,0.00016875,370.633053473919
6.140000000000003,0.00016875,371.7927844857729
6.160000000000004,0.00016875,372.7608343033051
6.180000000000003,0.00016875,373.60726642449146
6.200000000000004,0.00016875,374.34076475215085
6.220000000000003,0.00016875,374.9873201339132
6.240000000000004,0.00016875,375.5631262452698
6.260000000000003,0.00016875,376.076107056046
6.280000000000004,0.00016875,376.5404415452509
6.300000000000003,0.00016875,376.9592240711037
6.320000000000004,0.00016875,377.34197913000645
6.340000000000003,0.00016875,377.6912519972596
6.360000000000004,0.00016875,378.0125944235717
6.3800000000000034,0.00016875,378.3087570673337
6.400000000000004,0.00016875,378.5827252026817
6.4200000000000035,0.00016875,378.8372359946396
6.440000000000004,0.00016875,379.0738776227939
6.4600000000000035,0.00016875,379.2950777462517
6.480000000000004,0.00016875,379.5017763504569
6.5000000000000036,0.00016875,379.69593632740646
6.520000000000004,0.00016875,379.87825377747885
6.540000000000004,0.00016875,380.05020664394345
6.560000000000004,0.00016875,380.21242827651474
6.580000000000004,0.00016875,380.36597191508133
6.600000000000004,0.00016875,380.5114652607007
6.620000000000004,0.00016875,380.64962936622345
6.640000000000004,0.00016875,380.78108483734246
6.660000000000004,0.00016875,380.90631486715756
6.680000000000004,0.00016875,381.0259108728893
6.700000000000004,0.00016875,381.140199008893
6.720000000000004,0.00016875,381.2497180701656
6.740000000000004,0.00016875,381.35469912947764
6.760000000000004,0.00016875,381.45561171458843
6.780000000000004,0.00016875,381.5526351155016
6.800000000000004,0.00016875,381.6461617870941
6.820000000000004,0.00016875,381.73634667230436
6.840000000000004,0.00016875,381.8235053177646
6.860000000000004,0.00016875,381.9077835115169
6.880000000000004,0.00016875,381.9894260433282
6.900000000000004,0.00016875,382.06857600800146
6.0000000000000036,0.0001875,362.7946751468424
6.020000000000003,0.0001875,362.888624981356
6.040000000000004,0.0001875,363.46261341082925
6.060000000000003,0.0001875,364.8003048487281
6.080000000000004,0.0001875,366.5143947378683
6.100000000000003,0.0001875,368.0424718896374
6.120000000000004,0.0001875,369.32768755352276
6.140000000000003,0.0001875,370.4589212299307
6.160000000000004,0.0001875,371.4295885250674
6.180000000000003,0.0001875,372.27984298433836
6.200000000000004,0.0001875,373.0307404574168
6.220000000000003,0.0001875,373.69465041231604
6.240000000000004,0.0001875,374.2908482426766
6.260000000000003,0.0001875,374.8254547246144
6.280000000000004,0.0001875,375.31038525896895
6.300000000000003,0.0001875,375.7509747073846
6.320000000000004,0.0001875,376.15367861232716
6.340000000000003,0.0001875,376.52340941186804
6.360000000000004,0.0001875,376.8636630400719
6.3800000000000034,0.0001875,377.17853808331085
6.400000000000004,0.0001875,377.4701742889454
6.4200000000000035,0.0001875,377.74169807601623
6.440000000000004,0.0001875,377.99468604275825
6.4600000000000035,0.0001875,378.2313844140383
6.480000000000004,0.0001875,378.4531231608642
6.5000000000000036,0.0001875,378.6614694315039
6.520000000000004,0.0001875,378.8575985901327
6.540000000000004,0.0001875,379.0426067930678
6.560000000000004,0.0001875,379.2175236336078
6.580000000000004,0.0001875,379.3831429945135
6.600000000000004,0.0001875,379.54033998683326
6.620000000000004,0.0001875,379.68972496967024
6.640000000000004,0.0001875,379.832016457695
6.660000000000004,0.0001875,379.9677162384394
6.680000000000004,0.0001875,380.09739543038177
6.700000000000004,0.0001875,380.2214898603876
6.720000000000004,0.0001875,380.34044105528795
6.740000000000004,0.0001875,380.4546403302126
6.760000000000004,0.0001875,380.5644216189502
6.780000000000004,0.0001875,380.67014084426984
6.800000000000004,0.0001875,380.772046745469
6.820000000000004,0.0001875,380.8704627975109
6.840000000000004,0.0001875,380.96557281825164
6.860000000000004,0.0001875,381.05766846820666
6.880000000000004,0.0001875,381.1468854747275
6.900000000000004,0.0001875,381.2334841630237
6.0000000000000036,0.00020625000000000003,362.94417547098084
6.020000000000003,0.00020625000000000003,362.9898110502918
6.040000000000004,0.00020625000000000003,363.34230947225336
6.060000000000003,0.00020625000000000003,364.27672321224276
6.080000000000004,0.00020625000000000003,365.6458268591184
6.100000000000003,0.00020625000000000003,367.0143495633089
6.120000000000004,0.00020625000000000003,368.214437012571
6.140000000000003,0.00020625000000000003,369.2895917984303
6.160000000000004,0.00020625000000000003,370.23974469097817
6.180000000000003,0.00020625000000000003,371.0792444786915
6.200000000000004,0.00020625000000000003,371.83063997880276
6.220000000000003,0.00020625000000000003,372.5015272490667
6.240000000000004,0.00020625000000000003,373.107126595376
6.260000000000003,0.00020625000000000003,373.65495905844983
6.280000000000004,0.00020625000000000003,374.15328864113036
6.300000000000003,0.00020625000000000003,374.6088886886595
6.320000000000004,0.00020625000000000003,375.0264786429366
6.340000000000003,0.00020625000000000003,375.41132729126
6.360000000000004,0.00020625000000000003,375.76661261749274
6.3800000000000034,0.00020625000000000003,376.09609255189895
6.400000000000004,0.00020625000000000003,376.40223306674346
6.4200000000000035,0.00020625000000000003,376.68762561926764
6.440000000000004,0.00020625000000000003,376.9543012570404
6.4600000000000035,0.00020625000000000003,377.2040640885377
6.480000000000004,0.00020625000000000003,377.4385936139343
6.5000000000000036,0.00020625000000000003,377.65919885739913
6.520000000000004,0.00020625000000000003,377.86724614120453
6.540000000000004,0.00020625000000000003,378.0637398098178
6.560000000000004,0.00020625000000000003,378.2497716895511
6.580000000000004,0.00020625000000000003,378.4261528232802
6.600000000000004,0.00020625000000000003,378.59374532357816
6.620000000000004,0.00020625000000000003,378.7532273124322
6.640000000000004,0.00020625000000000003,378.9052771169573
6.660000000000004,0.00020625000000000003,379.0504713605102
6.680000000000004,0.00020625000000000003,379.1893464275839
6.700000000000004,0.00020625000000000003,379.3223942718289
6.720000000000004,0.00020625000000000003,379.45004419656914
6.740000000000004,0.00020625000000000003,379.57271393979164
6.760000000000004,0.00020625000000000003,379.69075288484186
6.780000000000004,0.00020625000000000003,379.8045127637633
6.800000000000004,0.00020625000000000003,379.91428314280074
6.820000000000004,0.00020625000000000003,380.02035744207853
6.840000000000004,0.00020625000000000003,380.1229797194915
6.860000000000004,0.00020625000000000003,380.2223927363707
6.880000000000004,0.00020625000000000003,380.3188049539054
6.900000000000004,0.00020625000000000003,380.41241600418823
6.0000000000000036,0.00022500000000000002,363.09171742614865
6.020000000000003,0.00022500000000000002,363.1083476526783
6.040000000000004,0.00022500000000000002,363.3187544512311
6.060000000000003,0.00022500000000000002,363.9548981723369
6.080000000000004,0.00022500000000000002,365.0087702044143
6.100000000000003,0.00022500000000000002,366.185826567576
6.120000000000004,0.00022500000000000002,367.2798707848654
6.140000000000003,0.00022500000000000002,368.28049663295576
6.160000000000004,0.00022500000000000002,369.1890414993896
6.180000000000003,0.00022500000000000002,370.00418954320844
6.200000000000004,0.00022500000000000002,370.741854208799
6.220000000000003,0.00022500000000000002,371.408644725363
6.240000000000004,0.00022500000000000002,372.0141773061754
6.260000000000003,0.00022500000000000002,372.566514298579
6.280000000000004,0.00022500000000000002,373.07142475273736
6.300000000000003,0.00022500000000000002,373.5354022370783
6.320000000000004,0.00022500000000000002,373.9625902755496
6.340000000000003,0.00022500000000000002,374.35755636548527
6.360000000000004,0.00022500000000000002,374.7236050594126
6.3800000000000034,0.00022500000000000002,375.06386837348737
6.400000000000004,0.00022500000000000002,375.3810207453526
6.4200000000000035,0.00022500000000000002,375.6772844273196
6.440000000000004,0.00022500000000000002,375.95478528424866
6.4600000000000035,0.00022500000000000002,376.21519403812783
6.480000000000004,0.00022500000000000002,376.4601699460334
6.5000000000000036,0.00022500000000000002,376.69103680624454
6.520000000000004,0.00022500000000000002,376.9090796806903
6.540000000000004,0.00022500000000000002,377.1153829574352
6.560000000000004,0.00022500000000000002,377.3109460231074
6.580000000000004,0.00022500000000000002,377.4966702556077
6.600000000000004,0.00022500000000000002,377.6733434015271
6.620000000000004,0.00022500000000000002,377.8417167208009
6.640000000000004,0.00022500000000000002,378.00242266991347
6.660000000000004,0.00022500000000000002,378.15608561336484
6.680000000000004,0.00022500000000000002,378.3032229525586
6.700000000000004,0.00022500000000000002,378.4443515245285
6.720000000000004,0.00022500000000000002,378.579901293465
6.740000000000004,0.00022500000000000002,378.7102989517144
6.760000000000004,0.00022500000000000002,378.83590569551154
6.780000000000004,0.00022500000000000002,378.9570737365878
6.800000000000004,0.00022500000000000002,379.0741082720025
6.820000000000004,0.00022500000000000002,379.18730079628443
6.840000000000004,0.00022500000000000002,379.29690959805515
6.860000000000004,0.00022500000000000002,379.40317716154414
6.880000000000004,0.00022500000000000002,379.50632175243953
6.900000000000004,0.00022500000000000002,379.60654650000896
6.0000000000000036,0.00024375000000000002,363.2367788939995
6.020000000000003,0.00024375000000000002,363.2351584631537
6.040000000000004,0.00024375000000000002,363.3546019453606
6.060000000000003,0.00024375000000000002,363.77650876884127
6.080000000000004,0.00024375000000000002,364.5623547516531
6.100000000000003,0.00024375000000000002,365.53824511665863
6.120000000000004,0.00024375000000000002,366.50945720195085
6.140000000000003,0.00024375000000000002,367.42300787108286
6.160000000000004,0.00024375000000000002,368.2732963760924
6.180000000000003,0.00024375000000000002,369.0513369157264
6.200000000000004,0.00024375000000000002,369.7636158113491
6.220000000000003,0.00024375000000000002,370.4156001659669
6.240000000000004,0.00024375000000000002,371.0125188174053
6.260000000000003,0.00024375000000000002,371.5611341948412
6.280000000000004,0.00024375000000000002,372.0659462468002
6.300000000000003,0.00024375000000000002,372.5321026773566
6.320000000000004,0.00024375000000000002,372.96352620483253
6.340000000000003,0.00024375000000000002,373.36385826663496
6.360000000000004,0.00024375000000000002,373.7363417743064
6.3800000000000034,0.00024375000000000002,374.0836376689925
6.400000000000004,0.00024375000000000002,374.40830699199824
6.4200000000000035,0.00024375000000000002,374.7124002038825
6.440000000000004,0.00024375000000000002,374.99789690796325
6.4600000000000035,0.00024375000000000002,375.2664383118648
6.480000000000004,0.00024375000000000002,375.5195547838044
6.5000000000000036,0.00024375000000000002,375.75858372137884
6.520000000000004,0.00024375000000000002,375.98472498873383
6.540000000000004,0.00024375000000000002,376.19907407056775
6.560000000000004,0.00024375000000000002,376.40259051801155
6.580000000000004,0.00024375000000000002,376.59617171367614
6.600000000000004,0.00024375000000000002,376.7805997567549
6.620000000000004,0.00024375000000000002,376.9566094498842
6.640000000000004,0.00024375000000000002,377.1248476600006
6.660000000000004,0.00024375000000000002,377.28591677062144
6.680000000000004,0.00024375000000000002,377.4403568448817
6.700000000000004,0.00024375000000000002,377.5886632903855
6.720000000000004,0.00024375000000000002,377.73128921659765
6.740000000000004,0.00024375000000000002,377.86864401462594
6.760000000000004,0.00024375000000000002,378.00110853057447
6.780000000000004,0.00024375000000000002,378.12902299282683
6.800000000000004,0.00024375000000000002,378.2527075423753
6.820000000000004,0.00024375000000000002,378.3724465537262
6.840000000000004,0.00024375000000000002,378.48850900161517
6.860000000000004,0.00024375000000000002,378.6011338115154
6.880000000000004,0.00024375000000000002,378.7105468871223
6.900000000000004,0.00024375000000000002,378.816949826539
6.0000000000000036,0.00026250000000000004,363.3787830806747
6.020000000000003,0.00026250000000000004,363.36509267903995
6.040000000000004,0.00026250000000000004,363.42641857345757
6.060000000000003,0.00026250000000000004,363.6976342818003
6.080000000000004,0.00026250000000000004,364.2663266135637
6.100000000000003,0.00026250000000000004,365.0487611342604
6.120000000000004,0.00026250000000000004,365.8873811513936
6.140000000000003,0.00026250000000000004,366.70544472921983
6.160000000000004,0.00026250000000000004,367.4858082187174
6.180000000000003,0.00026250000000000004,368.21561902727603
6.200000000000004,0.00026250000000000004,368.89292778567375
6.220000000000003,0.00026250000000000004,369.5206721507546
6.240000000000004,0.00026250000000000004,370.10109398994655
6.260000000000003,0.00026250000000000004,370.63866364282023
6.280000000000004,0.00026250000000000004,371.13693104333964
6.300000000000003,0.00026250000000000004,371.5995684147849
6.320000000000004,0.00026250000000000004,372.0300156938344
6.340000000000003,0.00026250000000000004,372.43117472989786
6.360000000000004,0.00026250000000000004,372.80589742587637
6.3800000000000034,0.00026250000000000004,373.15653403416053
6.400000000000004,0.00026250000000000004,373.48532807607944
6.4200000000000035,0.00026250000000000004,373.79420864535916
6.440000000000004,0.00026250000000000004,374.084931742003
6.4600000000000035,0.00026250000000000004,374.3590807292686
6.480000000000004,0.00026250000000000004,374.6180507765171
6.5000000000000036,0.00026250000000000004,374.8631364263039
6.520000000000004,0.00026250000000000004,375.0954674270452
6.540000000000004,0.00026250000000000004,375.31610009836197
6.560000000000004,0.00026250000000000004,375.5259632587905
6.580000000000004,0.00026250000000000004,375.72592023656705
6.600000000000004,0.00026250000000000004,375.91674186255597
6.620000000000004,0.00026250000000000004,376.0991370075042
6.640000000000004,0.00026250000000000004,376.27374835826896
6.660000000000004,0.00026250000000000004,376.44116161156023
6.680000000000004,0.00026250000000000004,376.60191354707143
6.700000000000004,0.00026250000000000004,376.7564912394866
6.720000000000004,0.00026250000000000004,376.90534323094204
6.740000000000004,0.00026250000000000004,377.04887691121667
6.760000000000004,0.00026250000000000004,377.1874672098396
6.780000000000004,0.00026250000000000004,377.3214564051568
6.800000000000004,0.00026250000000000004,377.4511581272938
6.820000000000004,0.00026250000000000004,377.57686086996284
6.840000000000004,0.00026250000000000004,377.6988273459678
6.860000000000004,0.00026250000000000004,377.81730122556996
6.880000000000004,0.00026250000000000004,377.932503005108
6.900000000000004,0.00026250000000000004,378.044638769527
6.0000000000000036,0.00028125000000000003,363.5171363355879
6.020000000000003,0.00028125000000000003,363.4947913904036
6.040000000000004,0.00028125000000000003,363.51854639836483
6.060000000000003,0.00028125000000000003,363.68528970680154
6.080000000000004,0.00028125000000000003,364.08461344638175
6.100000000000003,0.00028125000000000003,364.6926600116337
6.120000000000004,0.00028125000000000003,365.3968066391489
6.140000000000003,0.00028125000000000003,366.1146892784623
6.160000000000004,0.00028125000000000003,366.8178673453046
6.180000000000003,0.00028125000000000003,367.49069719280334
6.200000000000004,0.00028125000000000003,368.12524370998165
6.220000000000003,0.00028125000000000003,368.72090029544796
6.240000000000004,0.00028125000000000003,369.2777660976015
6.260000000000003,0.00028125000000000003,369.79786252794264
6.280000000000004,0.00028125000000000003,370.2836437185364
6.300000000000003,0.00028125000000000003,370.73750892388756
6.320000000000004,0.00028125000000000003,371.16211976148963
6.340000000000003,0.00028125000000000003,371.5597766245253
6.360000000000004,0.00028125000000000003,371.9327787044009
6.3800000000000034,0.00028125000000000003,372.2831696697923
6.400000000000004,0.00028125000000000003,372.6128395347297
6.4200000000000035,0.00028125000000000003,372.9235275740209
6.440000000000004,0.00028125000000000003,373.2167850301243
6.4600000000000035,0.00028125000000000003,373.49405839178945
6.480000000000004,0.00028125000000000003,373.75663153572475
6.5000000000000036,0.00028125000000000003,374.00569667298817
6.520000000000004,0.00028125000000000003,374.2423232483404
6.540000000000004,0.00028125000000000003,374.4674936715678
6.560000000000004,0.00028125000000000003,374.6821013175805
6.580000000000004,0.00028125000000000003,374.88695905199444
6.600000000000004,0.00028125000000000003,375.0828136779823
6.620000000000004,0.00028125000000000003,375.27034137542546
6.640000000000004,0.00028125000000000003,375.4501664573796
6.660000000000004,0.00028125000000000003,375.6228541093289
6.680000000000004,0.00028125000000000003,375.788926427125
6.700000000000004,0.00028125000000000003,375.948857518079
6.720000000000004,0.00028125000000000003,376.1030844252303
6.740000000000004,0.00028125000000000003,376.2520057933733
6.760000000000004,0.00028125000000000003,376.395988049659
6.780000000000004,0.00028125000000000003,376.53536686971864
6.800000000000004,0.00028125000000000003,376.67045009087445
6.820000000000004,0.00028125000000000003,376.80152062316915
6.840000000000004,0.00028125000000000003,376.92883765168693
6.860000000000004,0.00028125000000000003,377.0526397900187
6.880000000000004,0.00028125000000000003,377.1731457446125
6.900000000000004,0.00028125000000000003,377.2905569335699
6.0000000000000036,0.00030000000000000003,363.6512148888836
6.020000000000003,0.00030000000000000003,363.6221567550576
6.040000000000004,0.00030000000000000003,363.621277712448
6.060000000000003,0.00030000000000000003,363.71634168056454
6.080000000000004,0.00030000000000000003,363.9871296422084
6.100000000000003,0.00030000000000000003,364.4452823433817
6.120000000000004,0.00030000000000000003,365.0201573964448
6.140000000000003,0.00030000000000000003,365.6367756545616
6.160000000000004,0.00030000000000000003,366.25911637103866
6.180000000000003,0.00030000000000000003,366.8689570631291
6.200000000000004,0.00030000000000000003,367.4546639842426
6.220000000000003,0.00030000000000000003,368.01203902225353
6.240000000000004,0.00030000000000000003,368.53931936373607
6.260000000000003,0.00030000000000000003,369.0364046703859
6.280000000000004,0.00030000000000000003,369.5044452337244
6.300000000000003,0.00030000000000000003,369.9447702482681
6.320000000000004,0.00030000000000000003,370.35913141635206
6.340000000000003,0.00030000000000000003,370.7492491590233
6.360000000000004,0.00030000000000000003,371.1168457162097
6.3800000000000034,0.00030000000000000003,371.46359983927374
6.400000000000004,0.00030000000000000003,371.79105929886356
6.4200000000000035,0.00030000000000000003,372.1007117325545
6.440000000000004,0.00030000000000000003,372.3939076031571
6.4600000000000035,0.00030000000000000003,372.6719176509589
6.480000000000004,0.00030000000000000003,372.93590246741326
6.5000000000000036,0.00030000000000000003,373.186934500916
6.520000000000004,0.00030000000000000003,373.4260011886161
6.540000000000004,0.00030000000000000003,373.65400557772995
6.560000000000004,0.00030000000000000003,373.87178223373604
6.580000000000004,0.00030000000000000003,374.08009209303594
6.600000000000004,0.00030000000000000003,374.279637879514
6.620000000000004,0.00030000000000000003,374.4710613689283
6.640000000000004,0.00030000000000000003,374.6549533885406
6.660000000000004,0.00030000000000000003,374.831855425777
6.680000000000004,0.00030000000000000003,375.00226424459606
6.700000000000004,0.00030000000000000003,375.16663670055897
6.720000000000004,0.00030000000000000003,375.3253908441997
6.740000000000004,0.00030000000000000003,375.47891207322135
6.760000000000004,0.00030000000000000003,375.62755264389676
6.780000000000004,0.00030000000000000003,375.7716376853185
6.800000000000004,0.00030000000000000003,375.91146441367476
6.820000000000004,0.00030000000000000003,376.0473072200106
6.840000000000004,0.00030000000000000003,376.1794172032827
6.860000000000004,0.00030000000000000003,376.30802611921393
6.880000000000004,0.00030000000000000003,376.4333463630672
6.900000000000004,0.00030000000000000003,376.55557391532693
6.0000000000000036,0.00031875,363.78037728949147
6.020000000000003,0.00031875,363.7456657589567
6.040000000000004,0.00031875,363.72808927434784
6.060000000000003,0.00031875,363.7740890893895
6.080000000000004,0.00031875,363.9494208614223
6.100000000000003,0.00031875,364.2836063316512
6.120000000000004,0.00031875,364.73976051551136
6.140000000000003,0.00031875,365.25752090829604
6.160000000000004,0.00031875,365.79834667058685
6.180000000000003,0.00031875,366.34186237511244
6.200000000000004,0.00031875,366.87442252067723
6.220000000000003,0.00031875,367.38888278145726
6.240000000000004,0.00031875,367.88172025062124
6.260000000000003,0.00031875,368.3511493625221
6.280000000000004,0.00031875,368.79696078933506
6.300000000000003,0.00031875,369.21952839260007
6.320000000000004,0.00031875,369.6197114430283
6.340000000000003,0.00031875,369.9986186235139
6.360000000000004,0.00031875,370.35743006011353
6.3800000000000034,0.00031875,370.6974068234118
6.400000000000004,0.00031875,371.01976723292483
6.4200000000000035,0.00031875,371.3257135703924
6.440000000000004,0.00031875,371.616385744699
6.4600000000000035,0.00031875,371.8928630136489
6.480000000000004,0.00031875,372.1561628161237
6.5000000000000036,0.00031875,372.4072300895025
6.520000000000004,0.00031875,372.64695046832634
6.540000000000004,0.00031875,372.87614093262187
6.560000000000004,0.00031875,373.0955620277092
6.580000000000004,0.00031875,373.3059146253773
6.600000000000004,0.00031875,373.5078472069138
6.620000000000004,0.00031875,373.7019577807229
6.640000000000004,0.00031875,373.88879726696973
6.660000000000004,0.00031875,374.0688739508038
6.680000000000004,0.00031875,374.24265502386527
6.700000000000004,0.00031875,374.4105714115284
6.720000000000004,0.00031875,374.57301895685464
6.740000000000004,0.00031875,374.7303624694681
6.760000000000004,0.00031875,374.882937215818
6.780000000000004,0.00031875,375.03105186105824
6.800000000000004,0.00031875,375.1749903530809
6.820000000000004,0.00031875,375.3150138888331
6.840000000000004,0.00031875,375.4513630116839
6.860000000000004,0.00031875,375.5842588962924
6.880000000000004,0.00031875,375.7139054275703
6.900000000000004,0.00031875,375.8404900875857
6.0000000000000036,0.0003375,363.9039640260304
6.020000000000003,0.0003375,363.8641965316628
6.040000000000004,0.0003375,363.834853764762
6.060000000000003,0.0003375,363.8472363465384
6.080000000000004,0.0003375,363.9527822392758
6.100000000000003,0.0003375,364.1873992889738
6.120000000000004,0.0003375,364.53856734583655
6.140000000000003,0.0003375,364.96289699158154
6.160000000000004,0.0003375,365.42392915208944
6.180000000000003,0.0003375,365.90015434084864
6.200000000000004,0.0003375,366.3770245289593
6.220000000000003,0.0003375,366.84538720012097
6.240000000000004,0.0003375,367.300140787866
6.260000000000003,0.0003375,367.73818731701203
6.280000000000004,0.0003375,368.158073824431
6.300000000000003,0.0003375,368.55928451293113
6.320000000000004,0.0003375,368.94187345354356
6.340000000000003,0.0003375,369.30632490556934
6.360000000000004,0.0003375,369.65331265332856
6.3800000000000034,0.0003375,369.9836674024571
6.400000000000004,0.0003375,370.2982767382721
6.4200000000000035,0.0003375,370.59805296714393
6.440000000000004,0.0003375,370.8839093879917
6.4600000000000035,0.0003375,371.15673056588173
6.480000000000004,0.0003375,371.4173736079288
6.5000000000000036,0.0003375,371.66665024383144
6.520000000000004,0.0003375,371.9053307515906
6.540000000000004,0.0003375,372.13413787504976
6.560000000000004,0.0003375,372.35374826929905
6.580000000000004,0.0003375,372.5647936729087
6.600000000000004,0.0003375,372.76786081277913
6.620000000000004,0.0003375,372.96349541588626
6.640000000000004,0.0003375,373.1522021773788
6.660000000000004,0.0003375,373.33444899503587
6.680000000000004,0.0003375,373.51066774624474
6.700000000000004,0.0003375,373.68125773378654
6.720000000000004,0.0003375,373.8465872449699
6.740000000000004,0.0003375,374.00699611451313
6.760000000000004,0.0003375,374.1627977005059
6.780000000000004,0.0003375,374.3142808157436
6.800000000000004,0.0003375,374.4617117392974
6.820000000000004,0.0003375,374.6053357949921
6.840000000000004,0.0003375,374.7453791431136
6.860000000000004,0.0003375,374.8820501928079
6.880000000000004,0.0003375,375.0155410619402
6.900000000000004,0.0003375,375.14602890855116
6.0000000000000036,0.00035625,364.0213042660566
6.020000000000003,0.00035625,363.976809724603
6.040000000000004,0.00035625,363.9386918158482
6.060000000000003,0.00035625,363.92775692803906
6.080000000000004,0.00035625,363.98279536872917
6.100000000000003,0.00035625,364.13935540138993
6.120000000000004,0.00035625,364.40066761463873
6.140000000000003,0.00035625,364.73934198813953
6.160000000000004,0.00035625,365.12428230909126
6.180000000000003,0.00035625,365.5342449066619
6.200000000000004,0.00035625,365.9545558896156
6.220000000000003,0.00035625,366.3749905682015
6.240000000000004,0.00035625,366.78919696854024
6.260000000000003,0.00035625,367.19306701318425
6.280000000000004,0.00035625,367.58412028017597
6.300000000000003,0.00035625,367.96102552796043
6.320000000000004,0.00035625,368.32313775253283
6.340000000000003,0.00035625,368.67034344724425
6.360000000000004,0.00035625,369.0028421377217
6.3800000000000034,0.00035625,369.3210506343142
6.400000000000004,0.00035625,369.62552570765587
6.4200000000000035,0.00035625,369.91689723038064
6.440000000000004,0.00035625,370.19584351146744
6.4600000000000035,0.00035625,370.46305338914954
6.480000000000004,0.00035625,370.7192154218423
6.5000000000000036,0.00035625,370.96500161217637
6.520000000000004,0.00035625,371.2010601117455
6.540000000000004,0.00035625,371.4280108167792
6.560000000000004,0.00035625,371.6464405209998
6.580000000000004,0.00035625,371.85690335858703
6.600000000000004,0.00035625,372.0599185793064
6.620000000000004,0.00035625,372.2559722695424
6.640000000000004,0.00035625,372.44551732606357
6.660000000000004,0.00035625,372.62897517205374
6.680000000000004,0.00035625,372.8067371097434
6.700000000000004,0.00035625,372.9791658076997
6.720000000000004,0.00035625,373.1465972523917
6.740000000000004,0.00035625,373.3093421002017
6.760000000000004,0.00035625,373.4676876983802
6.780000000000004,0.00035625,373.62189939796735
6.800000000000004,0.00035625,373.77222237570487
6.820000000000004,0.00035625,373.9188829317925
6.840000000000004,0.00035625,374.062090028905
6.860000000000004,0.00035625,374.20203654553717
6.880000000000004,0.00035625,374.3389005470934
6.900000000000004,0.00035625,374.47284644885855
6.0000000000000036,0.000375,364.1317186107281
6.020000000000003,0.000375,364.08269380826636
6.040000000000004,0.000375,364.03765351101845
6.060000000000003,0.000375,364.01026969130476
6.080000000000004,0.000375,364.02896554569645
6.100000000000003,0.000375,364.12544397291344
6.120000000000004,0.000375,364.3118694847759
6.140000000000003,0.000375,364.574136468196
6.160000000000004,0.000375,364.8881975426234
6.180000000000003,0.000375,365.2344911669282
6.200000000000004,0.000375,365.5988514426511
6.220000000000003,0.000375,365.97075743402064
6.240000000000004,0.000375,366.343042859276
6.260000000000003,0.000375,366.7108562328412
6.280000000000004,0.000375,367.0709355008575
6.300000000000003,0.000375,367.42124577927177
6.320000000000004,0.000375,367.76054651308567
6.340000000000003,0.000375,368.08818827427694
6.360000000000004,0.000375,368.40393139278365
6.3800000000000034,0.000375,368.70781123395426
6.400000000000004,0.000375,369.00006388117885
6.4200000000000035,0.000375,369.28104899855094
6.440000000000004,0.000375,369.5512119684689
6.4600000000000035,0.000375,369.8110465451312
6.480000000000004,0.000375,370.061071470999
6.5000000000000036,0.000375,370.3018145741287
6.520000000000004,0.000375,370.53379852014587
6.540000000000004,0.000375,370.75753447101334
6.560000000000004,0.000375,370.9735146418891
6.580000000000004,0.000375,371.182209792253
6.600000000000004,0.000375,371.3840663617263
6.620000000000004,0.000375,371.57950559182905
6.640000000000004,0.000375,371.7689232589751
6.660000000000004,0.000375,371.9526896973075
6.680000000000004,0.000375,372.1311507253577
6.700000000000004,0.000375,372.304628282044
6.720000000000004,0.000375,372.47342173958043
6.740000000000004,0.000375,372.63780894501434
6.760000000000004,0.000375,372.79804754294884
6.780000000000004,0.000375,372.9543762292529
6.800000000000004,0.000375,373.1070159520356
6.820000000000004,0.000375,373.2561712160856
6.840000000000004,0.000375,373.4020311406564
6.860000000000004,0.000375,373.54477070330006
6.880000000000004,0.000375,373.68455166800715
6.900000000000004,0.000375,373.8215237081578
6.0000000000000036,0.00039375000000000006,364.23452425409823
6.020000000000003,0.00039375000000000006,364.18109704629177
6.040000000000004,0.00039375000000000006,364.13026596877006
6.060000000000003,0.00039375000000000006,364.0909207547976
6.080000000000004,0.00039375000000000006,364.0834284666208
6.100000000000003,0.00039375000000000006,364.13430309230205
6.120000000000004,0.00039375000000000006,364.2597350983144
6.140000000000003,0.00039375000000000006,364.4555391437351
6.160000000000004,0.00039375000000000006,364.70502860771524
6.180000000000003,0.00039375000000000006,364.99145607679554
6.200000000000004,0.00039375000000000006,365.30172129406714
6.220000000000003,0.00039375000000000006,365.6256013469267
6.240000000000004,0.00039375000000000006,365.9555793896015
6.260000000000003,0.00039375000000000006,366.28632185789735
6.280000000000004,0.00039375000000000006,366.61402478022643
6.300000000000003,0.00039375000000000006,366.9360944068572
6.320000000000004,0.00039375000000000006,367.25079836821124
6.340000000000003,0.00039375000000000006,367.5570328561349
6.360000000000004,0.00039375000000000006,367.85416476012125
6.3800000000000034,0.00039375000000000006,368.1418879945685
6.400000000000004,0.00039375000000000006,368.42014001055196
6.4200000000000035,0.00039375000000000006,368.6890262198454
6.440000000000004,0.00039375000000000006,368.94876942098574
6.4600000000000035,0.00039375000000000006,369.1996724195745
6.480000000000004,0.00039375000000000006,369.4420874277865
6.5000000000000036,0.00039375000000000006,369.67639715556794
6.520000000000004,0.00039375000000000006,369.90299778165524
6.540000000000004,0.00039375000000000006,370.1222887996792
6.560000000000004,0.00039375000000000006,370.3346645863293
6.580000000000004,0.00039375000000000006,370.54050885773944
6.600000000000004,0.00039375000000000006,370.740191106736
6.620000000000004,0.00039375000000000006,370.93406384261243
6.640000000000004,0.00039375000000000006,371.12246151316566
6.660000000000004,0.00039375000000000006,371.30569951768564
6.680000000000004,0.00039375000000000006,371.4840742952385
6.700000000000004,0.00039375000000000006,371.65786341659077
6.720000000000004,0.00039375000000000006,371.82732618852333
6.740000000000004,0.00039375000000000006,371.9927043254074
6.760000000000004,0.00039375000000000006,372.1542227708527
6.780000000000004,0.00039375000000000006,372.31209061382185
6.800000000000004,0.00039375000000000006,372.4665019895526
6.820000000000004,0.00039375000000000006,372.61763703981507
6.840000000000004,0.00039375000000000006,372.76566282181705
6.860000000000004,0.00039375000000000006,372.91073420956144
6.880000000000004,0.00039375000000000006,373.05299476798973
6.900000000000004,0.00039375000000000006,373.19257755360445
6.0000000000000036,0.00041250000000000005,364.32903912967555
6.020000000000003,0.00041250000000000005,364.2713127441472
6.040000000000004,0.00041250000000000005,364.2154116733314
6.060000000000003,0.00041250000000000005,364.1670650644822
6.080000000000004,0.00041250000000000005,364.14059597570804
6.100000000000003,0.00041250000000000005,364.1571889149297
6.120000000000004,0.00041250000000000005,364.23384649383524
6.140000000000003,0.00041250000000000005,364.373088653008
6.160000000000004,0.00041250000000000005,364.56494222858936
6.180000000000003,0.00041250000000000005,364.79614551302376
6.200000000000004,0.00041250000000000005,365.0551388061021
6.220000000000003,0.00041250000000000005,365.33243037867
6.240000000000004,0.00041250000000000005,365.62057398970126
6.260000000000003,0.00041250000000000005,365.9140169175732
6.280000000000004,0.00041250000000000005,366.2086312139853
6.300000000000003,0.00041250000000000005,366.5014256795189
6.320000000000004,0.00041250000000000005,366.79028387364895
6.340000000000003,0.00041250000000000005,367.0737365689688
6.360000000000004,0.00041250000000000005,367.3508147397608
6.3800000000000034,0.00041250000000000005,367.6209150975551
6.400000000000004,0.00041250000000000005,367.8837077344769
6.4200000000000035,0.00041250000000000005,368.13906438269004
6.440000000000004,0.00041250000000000005,368.38700085957004
6.4600000000000035,0.00041250000000000005,368.6276378480631
6.480000000000004,0.00041250000000000005,368.8611672054881
6.5000000000000036,0.00041250000000000005,369.0878294530316
6.520000000000004,0.00041250000000000005,369.3078952018613
6.540000000000004,0.00041250000000000005,369.52165209936544
6.560000000000004,0.00041250000000000005,369.7293949874303
6.580000000000004,0.00041250000000000005,369.9314187047282
6.600000000000004,0.00041250000000000005,370.1280129921633
6.620000000000004,0.00041250000000000005,370.3194589926528
6.640000000000004,0.00041250000000000005,370.5060266878283
6.660000000000004,0.00041250000000000005,370.6879736439312
6.680000000000004,0.00041250000000000005,370.86554381644834
6.700000000000004,0.00041250000000000005,371.03896756965725
6.720000000000004,0.00041250000000000005,371.2084612336558
6.740000000000004,0.00041250000000000005,371.37422778595055
6.760000000000004,0.00041250000000000005,371.5364568139373
6.780000000000004,0.00041250000000000005,371.6953255037268
6.800000000000004,0.00041250000000000005,371.85099879745064
6.820000000000004,0.00041250000000000005,372.00363049982536
6.840000000000004,0.00041250000000000005,372.15336349792045
6.860000000000004,0.00041250000000000005,372.30033089214896
6.880000000000004,0.00041250000000000005,372.4446561974311
6.900000000000004,0.00041250000000000005,372.58645445626905
6.0000000000000036,0.00043125000000000005,364.41458593106256
6.020000000000003,0.00043125000000000005,364.35265931674985
6.040000000000004,0.00043125000000000005,364.29215683755916
6.060000000000003,0.00043125000000000005,364.2367362930322
6.080000000000004,0.00043125000000000005,364.1963133886417
6.100000000000003,0.00043125000000000005,364.18725424201443
6.120000000000004,0.00043125000000000005,364.22549267355043
6.140000000000003,0.00043125000000000005,364.3175393123365
6.160000000000004,0.00043125000000000005,364.458936727553
6.180000000000003,0.00043125000000000005,364.6401046617881
6.200000000000004,0.00043125000000000005,364.85137219542264
6.220000000000003,0.00043125000000000005,365.0842826849638
6.240000000000004,0.00043125000000000005,365.33180434916136
6.260000000000003,0.00043125000000000005,365.588417242973
6.280000000000004,0.00043125000000000005,365.84986530143823
6.300000000000003,0.00043125000000000005,366.1129214248763
6.320000000000004,0.00043125000000000005,366.37519749432784
6.340000000000003,0.00043125000000000005,366.63494914586477
6.360000000000004,0.00043125000000000005,366.89093748005746
6.3800000000000034,0.00043125000000000005,367.14230988028186
6.400000000000004,0.00043125000000000005,367.3885063840538
6.4200000000000035,0.00043125000000000005,367.62919021349336
6.440000000000004,0.00043125000000000005,367.8641896981845
6.4600000000000035,0.00043125000000000005,368.0934561973444
6.480000000000004,0.00043125000000000005,368.3170303053914
6.5000000000000036,0.00043125000000000005,368.535016086296
6.520000000000004,0.00043125000000000005,368.74756198201567
6.540000000000004,0.00043125000000000005,368.9548454149214
6.560000000000004,0.00043125000000000005,369.1570621389453
6.580000000000004,0.00043125000000000005,369.35441742729574
6.600000000000004,0.00043125000000000005,369.54712026549566
6.620000000000004,0.00043125000000000005,369.7353785593586
6.640000000000004,0.00043125000000000005,369.91939617183783
6.660000000000004,0.00043125000000000005,370.0993704646297
6.680000000000004,0.00043125000000000005,370.27549103849856
6.700000000000004,0.00043125000000000005,370.44793856438577
6.720000000000004,0.00043125000000000005,370.6168845409582
6.740000000000004,0.00043125000000000005,370.7824908043409
6.760000000000004,0.00043125000000000005,370.94490987441395
6.780000000000004,0.00043125000000000005,371.1042847997735
6.800000000000004,0.00043125000000000005,371.26074982472284
6.820000000000004,0.00043125000000000005,371.414430380179
6.840000000000004,0.00043125000000000005,371.5654439085851
6.860000000000004,0.00043125000000000005,371.7138998966812
6.880000000000004,0.00043125000000000005,371.859900764634
6.900000000000004,0.00043125000000000005,372.0035418833251
6.0000000000000036,0.00045000000000000004,364.49049733355713
6.020000000000003,0.00045000000000000004,364.42447936160335
6.040000000000004,0.00045000000000000004,364.3597085337408
6.060000000000003,0.00045000000000000004,364.29850066805966
6.080000000000004,0.00045000000000000004,364.2476261454672
6.100000000000003,0.00045000000000000004,364.2193900990589
6.120000000000004,0.00045000000000000004,364.22771011495456
6.140000000000003,0.00045000000000000004,364.281027035848
6.160000000000004,0.00045000000000000004,364.37902154982106
6.180000000000003,0.00045000000000000004,364.51559491748753
6.200000000000004,0.00045000000000000004,364.68315034377576
6.220000000000003,0.00045000000000000004,364.87446604616247
6.240000000000004,0.00045000000000000004,365.0831770727103
6.260000000000003,0.00045000000000000004,365.3040202544676
6.280000000000004,0.00045000000000000004,365.5327842722518
6.300000000000003,0.00045000000000000004,365.7661565226133
6.320000000000004,0.00045000000000000004,366.00158939769176
6.340000000000003,0.00045000000000000004,366.23715256595136
6.360000000000004,0.00045000000000000004,366.47140586926554
6.3800000000000034,0.00045000000000000004,366.70329908344166
6.400000000000004,0.00045000000000000004,366.93208148278546
6.4200000000000035,0.00045000000000000004,367.1572377771754
6.440000000000004,0.00045000000000000004,367.3784298925754
6.4600000000000035,0.00045000000000000004,367.5954568426869
6.480000000000004,0.00045000000000000004,367.8082184029799
6.5000000000000036,0.00045000000000000004,368.0166912830773
6.520000000000004,0.00045000000000000004,368.22090614994846
6.540000000000004,0.00045000000000000004,368.4209346665109
6.560000000000004,0.00045000000000000004,368.61687448134666
6.580000000000004,0.00045000000000000004,368.8088431769417
6.600000000000004,0.00045000000000000004,368.99696806109
6.620000000000004,0.00045000000000000004,369.1813843361364
6.640000000000004,0.00045000000000000004,369.36222779532426
6.660000000000004,0.00045000000000000004,369.5396355165847
6.680000000000004,0.00045000000000000004,369.71374028407064
6.700000000000004,0.00045000000000000004,369.88467278818126
6.720000000000004,0.00045000000000000004,370.05255702777004
6.740000000000004,0.00045000000000000004,370.2175134171867
6.760000000000004,0.00045000000000000004,370.37965470661857
6.780000000000004,0.00045000000000000004,370.53908964104113
6.800000000000004,0.00045000000000000004,370.69591912212184
6.820000000000004,0.00045000000000000004,370.85024020335993
6.840000000000004,0.00045000000000000004,371.00214233719885
6.860000000000004,0.00045000000000000004,371.1517115712238
6.880000000000004,0.00045000000000000004,371.29902679897754
6.900000000000004,0.00045000000000000004,371.44416407013546
6.0000000000000036,0.00046875000000000004,364.5561190201212
6.020000000000003,0.00046875000000000004,364.48613431531277
6.040000000000004,0.00046875000000000004,364.4173518118917
6.060000000000003,0.00046875000000000004,364.3512210337387
6.080000000000004,0.00046875000000000004,364.292307273435
6.100000000000003,0.00046875000000000004,364.24966082621313
6.120000000000004,0.00046875000000000004,364.2348647427011
6.140000000000003,0.00046875000000000004,364.2568544727299
6.160000000000004,0.00046875000000000004,364.31812003006377
6.180000000000003,0.00046875000000000004,364.4155689475924
6.200000000000004,0.00046875000000000004,364.54369543106975
6.220000000000003,0.00046875000000000004,364.69661725669425
6.240000000000004,0.00046875000000000004,364.868804480074
6.260000000000003,0.00046875000000000004,365.0554306501858
6.280000000000004,0.00046875000000000004,365.2524804881681
6.300000000000003,0.00046875000000000004,365.4566867070687
6.320000000000004,0.00046875000000000004,365.6654517751997
6.340000000000003,0.00046875000000000004,365.87674259731034
6.360000000000004,0.00046875000000000004,366.0889882695565
6.3800000000000034,0.00046875000000000004,366.3009916498396
6.400000000000004,0.00046875000000000004,366.5118543300991
6.4200000000000035,0.00046875000000000004,366.7209121880643
6.440000000000004,0.00046875000000000004,366.92768655100826
6.4600000000000035,0.00046875000000000004,367.1318402827185
6.480000000000004,0.00046875000000000004,367.3331478033768
6.5000000000000036,0.00046875000000000004,367.5314662340407
6.520000000000004,0.00046875000000000004,367.72671783715447
6.540000000000004,0.00046875000000000004,367.9188711906636
6.560000000000004,0.00046875000000000004,368.10793165710965
6.580000000000004,0.00046875000000000004,368.29392881923417
6.600000000000004,0.00046875000000000004,368.4769121118273
6.620000000000004,0.00046875000000000004,368.65694201599837
6.640000000000004,0.00046875000000000004,368.834088981799
6.660000000000004,0.00046875000000000004,369.00842682615297
6.680000000000004,0.00046875000000000004,369.18003372983173
6.700000000000004,0.00046875000000000004,369.3489869007589
6.720000000000004,0.00046875000000000004,369.5153648682971
6.740000000000004,0.00046875000000000004,369.67924285026794
6.760000000000004,0.00046875000000000004,369.8406958576979
6.780000000000004,0.00046875000000000004,369.99979443057634
6.800000000000004,0.00046875000000000004,370.1566082515368
6.820000000000004,0.00046875000000000004,370.31120205349265
6.840000000000004,0.00046875000000000004,370.46363955487425
6.860000000000004,0.00046875000000000004,370.61397942805246
6.880000000000004,0.00046875000000000004,370.76227943702384
6.900000000000004,0.00046875000000000004,370.90859240932025
6.0000000000000036,0.00048750000000000003,364.6108150001334
6.020000000000003,0.00048750000000000003,364.53700956454685
6.040000000000004,0.00048750000000000003,364.4644367286602
6.060000000000003,0.00048750000000000003,364.3939969783431
6.080000000000004,0.00048750000000000003,364.32872776429144
6.100000000000003,0.00048750000000000003,364.2751645253975
6.120000000000004,0.00048750000000000003,364.2425930409912
6.140000000000003,0.00048750000000000003,364.23954167969146
6.160000000000004,0.00048750000000000003,364.2701714008397
6.180000000000003,0.00048750000000000003,364.3337914291157
6.200000000000004,0.00048750000000000003,364.42684652778394
6.220000000000003,0.00048750000000000003,364.5448225458909
6.240000000000004,0.00048750000000000003,364.6831098939297
6.260000000000003,0.00048750000000000003,364.83745740092814
6.280000000000004,0.00048750000000000003,365.00416222212027
6.300000000000003,0.00048750000000000003,365.1801214039131
6.320000000000004,0.00048750000000000003,365.3627779756993
6.340000000000003,0.00048750000000000003,365.5500825206474
6.360000000000004,0.00048750000000000003,365.7403907992979
6.3800000000000034,0.00048750000000000003,365.9324183123914
6.400000000000004,0.00048750000000000003,366.12515187217787
6.4200000000000035,0.00048750000000000003,366.3178189235123
6.440000000000004,0.00048750000000000003,366.509816806373
6.4600000000000035,0.00048750000000000003,366.70069998572075
6.480000000000004,0.00048750000000000003,366.8901237478267
6.5000000000000036,0.00048750000000000003,367.0778454727929
6.520000000000004,0.00048750000000000003,367.2636787158446
6.540000000000004,0.00048750000000000003,367.447504071451
6.560000000000004,0.00048750000000000003,367.6292302688813
6.580000000000004,0.00048750000000000003,367.8088112215959
6.600000000000004,0.00048750000000000003,367.9862116811076
6.620000000000004,0.00048750000000000003,368.16142815554446
6.640000000000004,0.00048750000000000003,368.3344574793668
6.660000000000004,0.00048750000000000003,368.50532007261313
6.680000000000004,0.00048750000000000003,368.6740304059337
6.700000000000004,0.00048750000000000003,368.84062158486233
6.720000000000004,0.00048750000000000003,369.00511712042936
6.740000000000004,0.00048750000000000003,369.1675561500661
6.760000000000004,0.00048750000000000003,369.3279662016909
6.780000000000004,0.00048750000000000003,369.4863885735582
6.800000000000004,0.00048750000000000003,369.64285194943466
6.820000000000004,0.00048750000000000003,369.7973975971745
6.840000000000004,0.00048750000000000003,369.95005379226023
6.860000000000004,0.00048750000000000003,370.10086058559654
6.880000000000004,0.00048750000000000003,370.24984504898606
6.900000000000004,0.00048750000000000003,370.39704542327473
6.0000000000000036,0.0005062500000000001,364.65397250088694
6.020000000000003,0.0005062500000000001,364.57650976476464
6.040000000000004,0.0005062500000000001,364.50035924243747
6.060000000000003,0.0005062500000000001,364.4260606457047
6.080000000000004,0.0005062500000000001,364.35561848468143
6.100000000000003,0.0005062500000000001,364.29366302369425
6.120000000000004,0.0005062500000000001,364.24743827425016
6.140000000000003,0.0005062500000000001,364.22455271310184
6.160000000000004,0.0005062500000000001,364.22996747677803
6.180000000000003,0.0005062500000000001,364.2647352845389
6.200000000000004,0.0005062500000000001,364.3270201496385
6.220000000000003,0.0005062500000000001,364.41360713097106
6.240000000000004,0.0005062500000000001,364.52085220110337
6.260000000000003,0.0005062500000000001,364.6451450105734
6.280000000000004,0.0005062500000000001,364.78320659905637
6.300000000000003,0.0005062500000000001,364.9321714275699
6.320000000000004,0.0005062500000000001,365.0896252915339
6.340000000000003,0.0005062500000000001,365.25355498458356
6.360000000000004,0.0005062500000000001,365.42232105778254
6.3800000000000034,0.0005062500000000001,365.59458161110285
6.400000000000004,0.0005062500000000001,365.76926736660556
6.4200000000000035,0.0005062500000000001,365.945509297598
6.440000000000004,0.0005062500000000001,366.12262577151165
6.4600000000000035,0.0005062500000000001,366.30006235000917
6.480000000000004,0.0005062500000000001,366.4773911674147
6.5000000000000036,0.0005062500000000001,366.6542612333525
6.520000000000004,0.0005062500000000001,366.83040763974145
6.540000000000004,0.0005062500000000001,367.005609225477
6.560000000000004,0.0005062500000000001,367.1797047759957
6.580000000000004,0.0005062500000000001,367.3525555757095
6.600000000000004,0.0005062500000000001,367.52406619787234
6.620000000000004,0.0005062500000000001,367.69415030122053
6.640000000000004,0.0005062500000000001,367.8627542399319
6.660000000000004,0.0005062500000000001,368.02982507929727
6.680000000000004,0.0005062500000000001,368.1953358006945
6.700000000000004,0.0005062500000000001,368.35925492755973
6.720000000000004,0.0005062500000000001,368.52157249108495
6.740000000000004,0.0005062500000000001,368.68227093135795
6.760000000000004,0.0005062500000000001,368.8413512473181
6.780000000000004,0.0005062500000000001,368.9988050139534
6.800000000000004,0.0005062500000000001,369.1546403056845
6.820000000000004,0.0005062500000000001,369.3088547794718
6.840000000000004,0.0005062500000000001,369.46146106865507
6.860000000000004,0.0005062500000000001,369.61246094506
6.880000000000004,0.0005062500000000001,369.7618699534236
6.900000000000004,0.0005062500000000001,369.90969269840383
6.0000000000000036,0.0005250000000000001,364.68499664048255
6.020000000000003,0.0005250000000000001,364.60407796832396
6.040000000000004,0.0005250000000000001,364.5245481196837
6.060000000000003,0.0005250000000000001,364.4467686420076
6.080000000000004,0.0005250000000000001,364.37199386301114
6.100000000000003,0.0005250000000000001,364.30350329542426
6.120000000000004,0.0005250000000000001,364.24676053107623
6.140000000000003,0.0005250000000000001,364.20829521375924
6.160000000000004,0.0005250000000000001,364.1931766359575
6.180000000000003,0.0005250000000000001,364.20366640795004
6.200000000000004,0.0005250000000000001,364.2392778999572
6.220000000000003,0.0005250000000000001,364.29804164696634
6.240000000000004,0.0005250000000000001,364.37719756386315
6.260000000000003,0.0005250000000000001,364.4738743107264
6.280000000000004,0.0005250000000000001,364.5852199067252
6.300000000000003,0.0005250000000000001,364.70873693136065
6.320000000000004,0.0005250000000000001,364.84216082390776
6.340000000000003,0.0005250000000000001,364.983636834203
6.360000000000004,0.0005250000000000001,365.1315207578697
6.3800000000000034,0.0005250000000000001,365.2845193326097
6.400000000000004,0.0005250000000000001,365.44148206604353
6.4200000000000035,0.0005250000000000001,365.60153456355016
6.440000000000004,0.0005250000000000001,365.76387944064936
6.4600000000000035,0.0005250000000000001,365.92793328730824
6.480000000000004,0.0005250000000000001,366.0931406029133
6.5000000000000036,0.0005250000000000001,366.2591139692164
6.520000000000004,0.0005250000000000001,366.4254610312164
6.540000000000004,0.0005250000000000001,366.5919249772159
6.560000000000004,0.0005250000000000001,366.7582235098491
6.580000000000004,0.0005250000000000001,366.92418688518165
6.600000000000004,0.0005250000000000001,367.0896078348368
6.620000000000004,0.0005250000000000001,367.2543750463256
6.640000000000004,0.0005250000000000001,367.418333318915
6.660000000000004,0.0005250000000000001,367.5814109485003
6.680000000000004,0.0005250000000000001,367.7434897032653
6.700000000000004,0.0005250000000000001,367.9045250299706
6.720000000000004,0.0005250000000000001,368.064425635486
6.740000000000004,0.0005250000000000001,368.2231657736872
6.760000000000004,0.0005250000000000001,368.38067432146755
6.780000000000004,0.0005250000000000001,368.5369386644248
6.800000000000004,0.0005250000000000001,368.69190318890116
6.820000000000004,0.0005250000000000001,368.8455644836726
6.840000000000004,0.0005250000000000001,368.9978791589872
6.860000000000004,0.0005250000000000001,369.1488502376598
6.880000000000004,0.0005250000000000001,369.29844417697853
6.900000000000004,0.0005250000000000001,369.4466684476737
6.0000000000000036,0.0005437500000000001,364.7033508563166
6.020000000000003,0.0005437500000000001,364.61915374825156
6.040000000000004,0.0005437500000000001,364.5364983522825
6.060000000000003,0.0005437500000000001,364.45551734773
6.080000000000004,0.0005437500000000001,364.3770786386126
6.100000000000003,0.0005437500000000001,364.3033612784776
6.120000000000004,0.0005437500000000001,364.23851602865784
6.140000000000003,0.0005437500000000001,364.1878275983961
6.160000000000004,0.0005437500000000001,364.15619994815836
6.180000000000003,0.0005437500000000001,364.1464612642673
6.200000000000004,0.0005437500000000001,364.1592830319764
6.220000000000003,0.0005437500000000001,364.1936416696033
6.240000000000004,0.0005437500000000001,364.24774247577426
6.260000000000003,0.0005437500000000001,364.31931015940813
6.280000000000004,0.0005437500000000001,364.40609709030025
6.300000000000003,0.0005437500000000001,364.505880675644
6.320000000000004,0.0005437500000000001,364.61673902851646
6.340000000000003,0.0005437500000000001,364.7368843262219
6.360000000000004,0.0005437500000000001,364.8648506777514
6.3800000000000034,0.0005437500000000001,364.99929414045044
6.400000000000004,0.0005437500000000001,365.13915161065154
6.4200000000000035,0.0005437500000000001,365.28343602928544
6.440000000000004,0.0005437500000000001,365.4313892522654
6.4600000000000035,0.0005437500000000001,365.5822869673031
6.480000000000004,0.0005437500000000001,365.7355892297956
6.5000000000000036,0.0005437500000000001,365.8907590314394
6.520000000000004,0.0005437500000000001,366.0474095575793
6.540000000000004,0.0005437500000000001,366.2051366082705
6.560000000000004,0.0005437500000000001,366.3636606933728
6.580000000000004,0.0005437500000000001,366.52267265299565
6.600000000000004,0.0005437500000000001,366.6819688343858
6.620000000000004,0.0005437500000000001,366.84130927724743
6.640000000000004,0.0005437500000000001,367.00054460947746
6.660000000000004,0.0005437500000000001,367.15948633942736
6.680000000000004,0.0005437500000000001,367.3180245127971
6.700000000000004,0.0005437500000000001,367.4760097852583
6.720000000000004,0.0005437500000000001,367.63336123259285
6.740000000000004,0.0005437500000000001,367.7899599328332
6.760000000000004,0.0005437500000000001,367.94574660639853
6.780000000000004,0.0005437500000000001,368.1006264352523
6.800000000000004,0.0005437500000000001,368.254556435551
6.820000000000004,0.0005437500000000001,368.4074612068151
6.840000000000004,0.0005437500000000001,368.5593101159782
6.860000000000004,0.0005437500000000001,368.710043620969
6.880000000000004,0.0005437500000000001,368.8596404813323
6.900000000000004,0.0005437500000000001,369.00805424971713
6.0000000000000036,0.0005625000000000001,364.7084443591833
6.020000000000003,0.0005625000000000001,364.6213019728393
6.040000000000004,0.0005625000000000001,364.5356539221804
6.060000000000003,0.0005625000000000001,364.45186137639394
6.080000000000004,0.0005625000000000001,364.3701582165921
6.100000000000003,0.0005625000000000001,364.29231406490584
6.120000000000004,0.0005625000000000001,364.22107352871836
6.140000000000003,0.0005625000000000001,364.1609459686125
6.160000000000004,0.0005625000000000001,364.1160470298421
6.180000000000003,0.0005625000000000001,364.0897604478645
6.200000000000004,0.0005625000000000001,364.08322672661853
6.220000000000003,0.0005625000000000001,364.096551434605
6.240000000000004,0.0005625000000000001,364.12845975118324
6.260000000000003,0.0005625000000000001,364.17759066883366
6.280000000000004,0.0005625000000000001,364.24197067009163
6.300000000000003,0.0005625000000000001,364.320011215633
6.320000000000004,0.0005625000000000001,364.40984748438973
6.340000000000003,0.0005625000000000001,364.5101053999355
6.360000000000004,0.0005625000000000001,364.61923174321896
6.3800000000000034,0.0005625000000000001,364.73615349344215
6.400000000000004,0.0005625000000000001,364.8596428700782
6.4200000000000035,0.0005625000000000001,364.98889250389607
6.440000000000004,0.0005625000000000001,365.1229458641367
6.4600000000000035,0.0005625000000000001,365.26120117196484
6.480000000000004,0.0005625000000000001,365.4029129124864
6.5000000000000036,0.0005625000000000001,365.54763048100244
6.520000000000004,0.0005625000000000001,365.6947697559281
6.540000000000004,0.0005625000000000001,365.8439892153485
6.560000000000004,0.0005625000000000001,365.9948287869976
6.580000000000004,0.0005625000000000001,366.1470253579958
6.600000000000004,0.0005625000000000001,366.30021555920104
6.620000000000004,0.0005625000000000001,366.4541928097773
6.640000000000004,0.0005625000000000001,366.60867041334143
6.660000000000004,0.0005625000000000001,366.76348277234905
6.680000000000004,0.0005625000000000001,366.91840498622275
6.700000000000004,0.0005625000000000001,367.0733013297089
6.720000000000004,0.0005625000000000001,367.2279974213263
6.740000000000004,0.0005625000000000001,367.38237939500056
6.760000000000004,0.0005625000000000001,367.5363146456455
6.780000000000004,0.0005625000000000001,367.689705330599
6.800000000000004,0.0005625000000000001,367.8424536917906
6.820000000000004,0.0005625000000000001,367.99447362436035
6.840000000000004,0.0005625000000000001,368.1456966140306
6.860000000000004,0.0005625000000000001,368.29604512896054
6.880000000000004,0.0005625000000000001,368.4454752890921
6.900000000000004,0.0005625000000000001,368.59391579395617
6.0000000000000036,0.0005812500000000001,364.6999540371096
6.020000000000003,0.0005812500000000001,364.6098900014264
6.040000000000004,0.0005812500000000001,364.52172279468414
6.060000000000003,0.0005812500000000001,364.43517914216574
6.080000000000004,0.0005812500000000001,364.35083706203324
6.100000000000003,0.0005812500000000001,364.2694164644698
6.120000000000004,0.0005812500000000001,364.193349460123
6.140000000000003,0.0005812500000000001,364.12569294973906
6.160000000000004,0.0005812500000000001,364.0704569685797
6.180000000000003,0.0005812500000000001,364.03053652507685
6.200000000000004,0.0005812500000000001,364.00800162021534
6.220000000000003,0.0005812500000000001,364.0031862600532
6.240000000000004,0.0005812500000000001,364.01591480110125
6.260000000000003,0.0005812500000000001,364.045029716981
6.280000000000004,0.0005812500000000001,364.08944987155917
6.300000000000003,0.0005812500000000001,364.1476293818683
6.320000000000004,0.0005812500000000001,364.21835285096444
6.340000000000003,0.0005812500000000001,364.3001381813748
6.360000000000004,0.0005812500000000001,364.3918868485055
6.3800000000000034,0.0005812500000000001,364.49233281387825
6.400000000000004,0.0005812500000000001,364.60056469642745
6.4200000000000035,0.0005812500000000001,364.7155437423897
6.440000000000004,0.0005812500000000001,364.8365347597542
6.4600000000000035,0.0005812500000000001,364.962698476049
6.480000000000004,0.0005812500000000001,365.0934444453502
6.5000000000000036,0.0005812500000000001,365.22809855898043
6.520000000000004,0.0005812500000000001,365.36618387120706
6.540000000000004,0.0005812500000000001,365.50716062806094
6.560000000000004,0.0005812500000000001,365.65063963590177
6.580000000000004,0.0005812500000000001,365.79619027529475
6.600000000000004,0.0005812500000000001,365.9434911401153
6.620000000000004,0.0005812500000000001,366.09220068167815
6.640000000000004,0.0005812500000000001,366.24205008956443
6.660000000000004,0.0005812500000000001,366.392770976014
6.680000000000004,0.0005812500000000001,366.54413558805453
6.700000000000004,0.0005812500000000001,366.6959359895744
6.720000000000004,0.0005812500000000001,366.8479766800425
6.740000000000004,0.0005812500000000001,367.00009990829125
6.760000000000004,0.0005812500000000001,367.1521356627061
6.780000000000004,0.0005812500000000001,367.30396798631847
6.800000000000004,0.0005812500000000001,367.45544712908924
6.820000000000004,0.0005812500000000001,367.6064919976902
6.840000000000004,0.0005812500000000001,367.7569690445184
6.860000000000004,0.0005812500000000001,367.906826263984
6.880000000000004,0.0005812500000000001,368.0559431495369
6.900000000000004,0.0005812500000000001,368.20429193492083
6.0000000000000036,0.0006000000000000001,364.6771055342648
6.020000000000003,0.0006000000000000001,364.5848057228121
6.040000000000004,0.0006000000000000001,364.4939923890687
6.060000000000003,0.0006000000000000001,364.4053479738829
6.080000000000004,0.0006000000000000001,364.318378233838
6.100000000000003,0.0006000000000000001,364.23430839314665
6.120000000000004,0.0006000000000000001,364.1541599035213
6.140000000000003,0.0006000000000000001,364.0809112331272
6.160000000000004,0.0006000000000000001,364.0173150714489
6.180000000000003,0.0006000000000000001,363.96664292018806
6.200000000000004,0.0006000000000000001,363.9307057279885
6.220000000000003,0.0006000000000000001,363.91076786471353
6.240000000000004,0.0006000000000000001,363.9068400980689
6.260000000000003,0.0006000000000000001,363.91862100374954
6.280000000000004,0.0006000000000000001,363.9452513015802
6.300000000000003,0.0006000000000000001,363.9857898762171
6.320000000000004,0.0006000000000000001,364.03917874666996
6.340000000000003,0.0006000000000000001,364.1042638859854
6.360000000000004,0.0006000000000000001,364.1800608174956
6.3800000000000034,0.0006000000000000001,364.2654176637269
6.400000000000004,0.0006000000000000001,364.3595267892627
6.4200000000000035,0.0006000000000000001,364.4613021457195
6.440000000000004,0.0006000000000000001,364.5701318870874
6.4600000000000035,0.0006000000000000001,364.6850090056905
6.480000000000004,0.0006000000000000001,364.80550429028284
6.5000000000000036,0.0006000000000000001,364.9306857931306
6.520000000000004,0.0006000000000000001,365.06028413714455
6.540000000000004,0.0006000000000000001,365.19343359363523
6.560000000000004,0.0006000000000000001,365.3300006960198
6.580000000000004,0.0006000000000000001,365.46917671001086
6.600000000000004,0.0006000000000000001,365.61094194357673
6.620000000000004,0.0006000000000000001,365.7545365157955
6.640000000000004,0.0006000000000000001,365.9000349446708
6.660000000000004,0.0006000000000000001,366.04671948240366
6.680000000000004,0.0006000000000000001,366.19474188522616
6.700000000000004,0.0006000000000000001,366.34342117278095
6.720000000000004,0.0006000000000000001,366.49297173613354
6.740000000000004,0.0006000000000000001,366.6427451597414
6.760000000000004,0.0006000000000000001,366.7930059540451
6.780000000000004,0.0006000000000000001,366.94313501641835
6.800000000000004,0.0006000000000000001,367.0934362777096
6.820000000000004,0.0006000000000000001,367.24331745114915
6.840000000000004,0.0006000000000000001,367.3931127623355
6.860000000000004,0.0006000000000000001,367.5422548299586
6.880000000000004,0.0006000000000000001,367.6911004098868
6.900000000000004,0.0006000000000000001,367.83910556334064
6.0000000000000036,0.00061875,364.6400124694029
6.020000000000003,0.00061875,364.5451805727937
6.040000000000004,0.00061875,364.452533471822
6.060000000000003,0.00061875,364.3615950891231
6.080000000000004,0.00061875,364.2727501089544
6.100000000000003,0.00061875,364.1861500805599
6.120000000000004,0.00061875,364.1030596345177
6.140000000000003,0.00061875,364.02523821630825
6.160000000000004,0.00061875,363.95532343342217
6.180000000000003,0.00061875,363.89593921438745
6.200000000000004,0.00061875,363.84921665737096
6.220000000000003,0.00061875,363.8166113109524
6.240000000000004,0.00061875,363.79862961026987
6.260000000000003,0.00061875,363.79547969312887
6.280000000000004,0.00061875,363.80661256296077
6.300000000000003,0.00061875,363.8316811410479
6.320000000000004,0.00061875,363.8696345108767
6.340000000000003,0.00061875,363.9199078131872
6.360000000000004,0.00061875,363.98126319764754
6.3800000000000034,0.00061875,364.0531512128386
6.400000000000004,0.00061875,364.13429810319485
6.4200000000000035,0.00061875,364.22425439538523
6.440000000000004,0.00061875,364.3217814934965
6.4600000000000035,0.00061875,364.42655566092077
6.480000000000004,0.00061875,364.53740316704176
6.5000000000000036,0.00061875,364.6541264637427
6.520000000000004,0.00061875,364.7756263302191
6.540000000000004,0.00061875,364.9018210437973
6.560000000000004,0.00061875,365.03168617355334
6.580000000000004,0.00061875,365.165241318269
6.600000000000004,0.00061875,365.3015330157075
6.620000000000004,0.00061875,365.440666720269
6.640000000000004,0.00061875,365.5817545911667
6.660000000000004,0.00061875,365.7249730321092
6.680000000000004,0.00061875,365.86949419014724
6.700000000000004,0.00061875,366.01555176617376
6.720000000000004,0.00061875,366.16237254320055
6.740000000000004,0.00061875,366.3102353891844
6.760000000000004,0.00061875,366.45841688165433
6.780000000000004,0.00061875,366.6072304924243
6.800000000000004,0.00061875,366.75599832166637
6.820000000000004,0.00061875,366.9050593796695
6.840000000000004,0.00061875,367.05377756489713
6.860000000000004,0.00061875,367.20250973526373
6.880000000000004,0.00061875,367.35065835364964
6.900000000000004,0.00061875,367.49859166494247
6.0000000000000036,0.0006375,364.588128229762
6.020000000000003,0.0006375,364.49078872821696
6.040000000000004,0.0006375,364.39697933271094
6.060000000000003,0.0006375,364.30357471873873
6.080000000000004,0.0006375,364.2137068398984
6.100000000000003,0.0006375,364.12438761427416
6.120000000000004,0.0006375,364.0396884348907
6.140000000000003,0.0006375,363.957581048776
6.160000000000004,0.0006375,363.883611458709
6.180000000000003,0.0006375,363.81653280078143
6.200000000000004,0.0006375,363.76207086863167
6.220000000000003,0.0006375,363.7181658993126
6.240000000000004,0.0006375,363.68945973431215
6.260000000000003,0.0006375,363.6726962627154
6.280000000000004,0.0006375,363.67162258451737
6.300000000000003,0.0006375,363.6823052157995
6.320000000000004,0.0006375,363.7079228904036
6.340000000000003,0.0006375,363.7441594585978
6.360000000000004,0.0006375,363.79392661070375
6.3800000000000034,0.0006375,363.8528107029699
6.400000000000004,0.0006375,363.9235925341259
6.4200000000000035,0.0006375,364.00191159041145
6.440000000000004,0.0006375,364.0904885526394
6.4600000000000035,0.0006375,364.1850954511883
6.480000000000004,0.0006375,364.2884229258458
6.5000000000000036,0.0006375,364.39641615052614
6.520000000000004,0.0006375,364.51174274087305
6.540000000000004,0.0006375,364.63053993473164
6.560000000000004,0.0006375,364.75544742498266
6.580000000000004,0.0006375,364.88280117252964
6.600000000000004,0.0006375,365.0152027201119
6.620000000000004,0.0006375,365.149186465339
6.640000000000004,0.0006375,365.28730396667646
6.660000000000004,0.0006375,365.4262838778524
6.680000000000004,0.0006375,365.56861633105814
6.700000000000004,0.0006375,365.71121792826676
6.720000000000004,0.0006375,365.8565073124263
6.740000000000004,0.0006375,366.0015816248523
6.760000000000004,0.0006375,366.1487797406943
6.780000000000004,0.0006375,366.2953714259473
6.800000000000004,0.0006375,366.443609374856
6.820000000000004,0.0006375,366.5909279013693
6.840000000000004,0.0006375,366.73948888001416
6.860000000000004,0.0006375,366.8868831308428
6.880000000000004,0.0006375,367.0351786697619
6.900000000000004,0.0006375,367.1821149275567
6.0000000000000036,0.00065625,364.5198379961243
6.020000000000003,0.00065625,364.4227385499244
6.040000000000004,0.00065625,364.3255547083357
6.060000000000003,0.00065625,364.23258315374625
6.080000000000004,0.00065625,364.1393163737009
6.100000000000003,0.00065625,364.05040170824543
6.120000000000004,0.00065625,363.961830508103
6.140000000000003,0.00065625,363.8791058965832
6.160000000000004,0.00065625,363.7993891804388
6.180000000000003,0.00065625,363.7290806001265
6.200000000000004,0.00065625,363.66581656548254
6.220000000000003,0.00065625,363.61561041507986
6.240000000000004,0.00065625,363.575416819957
6.260000000000003,0.00065625,363.55018191541666
6.280000000000004,0.00065625,363.53617512276577
6.300000000000003,0.00065625,363.53752261674487
6.320000000000004,0.00065625,363.54995749121906
6.340000000000003,0.00065625,363.5769684271289
6.360000000000004,0.00065625,363.61412260423754
6.3800000000000034,0.00065625,363.6645105184858
6.400000000000004,0.00065625,363.7237146372084
6.4200000000000035,0.00065625,363.7945814954604
6.440000000000004,0.00065625,363.8728229359621
6.4600000000000035,0.00065625,363.96112842752416
6.480000000000004,0.00065625,364.05540491724315
6.5000000000000036,0.00065625,364.15822960553027
6.520000000000004,0.00065625,364.2657376659047
6.540000000000004,0.00065625,364.38041440354004
6.560000000000004,0.00065625,364.4986357262752
6.580000000000004,0.00065625,364.62280209810496
6.600000000000004,0.00065625,364.7495302638862
6.620000000000004,0.00065625,364.8811362247263
6.640000000000004,0.00065625,365.0144705591307
6.660000000000004,0.00065625,365.15176233215476
6.680000000000004,0.00065625,365.2900851481353
6.700000000000004,0.00065625,365.4315779189252
6.720000000000004,0.00065625,365.5735246663583
6.740000000000004,0.00065625,365.71797127677206
6.760000000000004,0.00065625,365.8623989671644
6.780000000000004,0.00065625,366.00875857029234
6.800000000000004,0.00065625,366.15471534382397
6.820000000000004,0.00065625,366.3021240518707
6.840000000000004,0.00065625,366.4488212812202
6.860000000000004,0.00065625,366.59656571676686
6.880000000000004,0.00065625,366.7433531972568
6.900000000000004,0.00065625,366.89084722598227
6.0000000000000036,0.000675,364.44078191887064
6.020000000000003,0.000675,364.33489316537054
6.040000000000004,0.000675,364.2439109429353
6.060000000000003,0.000675,364.14253116031375
6.080000000000004,0.000675,364.05517358659915
6.100000000000003,0.000675,363.9581543482521
6.120000000000004,0.000675,363.8748751479131
6.140000000000003,0.000675,363.78366728159915
6.160000000000004,0.000675,363.70755531411055
6.180000000000003,0.000675,363.62711889097915
6.200000000000004,0.000675,363.5647000438642
6.220000000000003,0.000675,363.50218408902373
6.240000000000004,0.000675,363.4601874579689
6.260000000000003,0.000675,363.42107088743944
6.280000000000004,0.000675,363.4035926877486
6.300000000000003,0.000675,363.39057859258764
6.320000000000004,0.000675,363.39885378431916
6.340000000000003,0.000675,363.41184028149405
6.360000000000004,0.000675,363.4448663546245
6.3800000000000034,0.000675,363.4821049073999
6.400000000000004,0.000675,363.5376362584096
6.4200000000000035,0.000675,363.59650921300977
6.440000000000004,0.000675,363.67173550604326
6.4600000000000035,0.000675,363.7493020095338
6.480000000000004,0.000675,363.84128068109004
6.5000000000000036,0.000675,363.93460941325384
6.520000000000004,0.000675,364.04051417602045
6.540000000000004,0.000675,364.14686470718374
6.560000000000004,0.000675,364.26411197751025
6.580000000000004,0.000675,364.38101945443515
6.600000000000004,0.000675,364.5073197754522
6.620000000000004,0.000675,364.6326219911336
6.640000000000004,0.000675,364.7659881926374
6.660000000000004,0.000675,364.8978204818637
6.680000000000004,0.000675,365.03655263006067
6.700000000000004,0.000675,365.1733263018641
6.720000000000004,0.000675,365.3159855566976
6.740000000000004,0.000675,365.45635917793743
6.760000000000004,0.000675,365.6017375959316
6.780000000000004,0.000675,365.74458642359394
6.800000000000004,0.000675,365.89167660792697
6.820000000000004,0.000675,366.036063022143
6.840000000000004,0.000675,366.1840296376608
6.860000000000004,0.000675,366.3291759766129
6.880000000000004,0.000675,366.4773300450434
6.900000000000004,0.000675,366.62259440587343
6.0000000000000036,0.00069375,364.33598271212827
6.020000000000003,0.00069375,364.24151032764394
6.040000000000004,0.00069375,364.13774073682725
6.060000000000003,0.00069375,364.04701589476934
6.080000000000004,0.00069375,363.94764995050116
6.100000000000003,0.00069375,363.8605493847327
6.120000000000004,0.00069375,363.76579742582334
6.140000000000003,0.00069375,363.6833336197885
6.160000000000004,0.00069375,363.5954850192883
6.180000000000003,0.00069375,363.52168474487837
6.200000000000004,0.00069375,363.4463512929898
6.220000000000003,0.00069375,363.3878755946918
6.240000000000004,0.00069375,363.3317099712664
6.260000000000003,0.00069375,363.2944508457223
6.280000000000004,0.00069375,363.2622832896627
6.300000000000003,0.00069375,363.24984950783204
6.320000000000004,0.00069375,363.2436062276704
6.340000000000003,0.00069375,363.2565865223845
6.360000000000004,0.00069375,363.27581581350296
6.3800000000000034,0.00069375,363.31293762169656
6.400000000000004,0.00069375,363.3557112831605
6.4200000000000035,0.00069375,363.41463090980494
6.440000000000004,0.00069375,363.4782753222753
6.4600000000000035,0.00069375,363.5561809538866
6.480000000000004,0.00069375,363.63777259874377
6.5000000000000036,0.00069375,363.73177099267315
6.520000000000004,0.00069375,363.8284342105103
6.540000000000004,0.00069375,363.93577146504794
6.560000000000004,0.00069375,364.0448381430316
6.580000000000004,0.00069375,364.163010074258
6.600000000000004,0.00069375,364.2820917755509
6.620000000000004,0.00069375,364.40888657595985
6.640000000000004,0.00069375,364.5358948048575
6.660000000000004,0.00069375,364.6693968227725
6.680000000000004,0.00069375,364.8025345818468
6.700000000000004,0.00069375,364.9411074408644
6.720000000000004,0.00069375,365.07884633716327
6.740000000000004,0.00069375,365.2211063893217
6.760000000000004,0.00069375,365.3621577115687
6.780000000000004,0.00069375,365.50694418940054
6.800000000000004,0.00069375,365.65022871998667
6.820000000000004,0.00069375,365.7965740956268
6.840000000000004,0.00069375,365.9411931976196
6.860000000000004,0.00069375,366.0882955426942
6.880000000000004,0.00069375,366.23350474606366
6.900000000000004,0.00069375,366.38070288497676
6.0000000000000036,0.0007125,364.23379459257575
6.020000000000003,0.0007125,364.1149376521597
6.040000000000004,0.0007125,364.0334712281202
6.060000000000003,0.0007125,363.920260862138
6.080000000000004,0.0007125,363.84135807280757
6.100000000000003,0.0007125,363.7335726138043
6.120000000000004,0.0007125,363.6574412799954
6.140000000000003,0.0007125,363.5556611831003
6.160000000000004,0.0007125,363.48420362632436
6.180000000000003,0.0007125,363.39165421634647
6.200000000000004,0.0007125,363.3299507637925
6.220000000000003,0.0007125,363.25274642530616
6.240000000000004,0.0007125,363.20743906108095
6.260000000000003,0.0007125,363.15157085842526
6.280000000000004,0.0007125,363.12821372541157
6.300000000000003,0.0007125,363.0978079674788
6.320000000000004,0.0007125,363.09888113108985
6.340000000000003,0.0007125,363.09492410165035
6.360000000000004,0.0007125,363.12049564836076
6.3800000000000034,0.0007125,363.14195197747944
6.400000000000004,0.0007125,363.1904475511648
6.4200000000000035,0.0007125,363.23506928400644
6.440000000000004,0.0007125,363.30403064407926
6.4600000000000035,0.0007125,363.3690029167188
6.480000000000004,0.0007125,363.4556270271786
6.5000000000000036,0.0007125,363.5379940293958
6.520000000000004,0.0007125,363.63946670753177
6.540000000000004,0.0007125,363.736380927181
6.560000000000004,0.0007125,363.85006141619374
6.580000000000004,0.0007125,363.95891242083087
6.600000000000004,0.0007125,364.0824213803072
6.620000000000004,0.0007125,364.20088948291504
6.640000000000004,0.0007125,364.33213881161845
6.660000000000004,0.0007125,364.45820495596274
6.680000000000004,0.0007125,364.5953948254663
6.700000000000004,0.0007125,364.7273267530008
6.720000000000004,0.0007125,364.86892566697725
6.740000000000004,0.0007125,365.0052525926444
6.760000000000004,0.0007125,365.14996991123047
6.780000000000004,0.0007125,365.2894528570201
6.800000000000004,0.0007125,365.4362091883932
6.820000000000004,0.0007125,365.5778109639354
6.840000000000004,0.0007125,365.7257093529014
6.860000000000004,0.0007125,365.8685662640623
6.880000000000004,0.0007125,366.01686563410516
6.900000000000004,0.0007125,366.16026187884006
6.0000000000000036,0.00073125,364.08806828707395
6.020000000000003,0.00073125,363.9992464144448
6.040000000000004,0.00073125,363.88868601649193
6.060000000000003,0.00073125,363.8027289306534
6.080000000000004,0.00073125,363.6973661391154
6.100000000000003,0.00073125,363.61433209356994
6.120000000000004,0.00073125,363.51406710889086
6.140000000000003,0.00073125,363.43459199954185
6.160000000000004,0.00073125,363.3408149023472
6.180000000000003,0.00073125,363.2679289567483
6.200000000000004,0.00073125,363.1851185286122
6.220000000000003,0.00073125,363.1248436765536
6.240000000000004,0.00073125,363.05929466078226
6.260000000000003,0.00073125,363.01790247627383
6.280000000000004,0.00073125,362.97552901342783
6.300000000000003,0.00073125,362.95761660201396
6.320000000000004,0.00073125,362.94093312808724
6.340000000000003,0.00073125,362.94797457166214
6.360000000000004,0.00073125,362.95714327723135
6.3800000000000034,0.00073125,362.98845401875946
6.400000000000004,0.00073125,363.0219299969916
6.4200000000000035,0.00073125,363.0755015302268
6.440000000000004,0.00073125,363.13079556956325
6.4600000000000035,0.00073125,363.203972541342
6.480000000000004,0.00073125,363.2782109236684
6.5000000000000036,0.00073125,363.3681441694378
6.520000000000004,0.00073125,363.4584208386683
6.540000000000004,0.00073125,363.5623362007932
6.560000000000004,0.00073125,363.6659102919459
6.580000000000004,0.00073125,363.78125035087464
6.600000000000004,0.00073125,363.8956422386323
6.620000000000004,0.00073125,364.02012810988913
6.640000000000004,0.00073125,364.14315380116705
6.660000000000004,0.00073125,364.27479994547554
6.680000000000004,0.00073125,364.4045704232907
6.700000000000004,0.00073125,364.5416737077071
6.720000000000004,0.00073125,364.6765759213094
6.740000000000004,0.00073125,364.81769194488095
6.760000000000004,0.00073125,364.9563614645317
6.780000000000004,0.00073125,365.10027579889464
6.800000000000004,0.00073125,365.2415669004178
6.820000000000004,0.00073125,365.3872655453913
6.840000000000004,0.00073125,365.5302218742696
6.860000000000004,0.00073125,365.6768631979325
6.880000000000004,0.00073125,365.8206905986516
6.900000000000004,0.00073125,365.9675798333571
6.0000000000000036,0.00075,363.9610667442967
6.020000000000003,0.00075,363.8350408507117
6.040000000000004,0.00075,363.7599102456068
6.060000000000003,0.00075,363.6404808848905
6.080000000000004,0.00075,363.5670049770865
6.100000000000003,0.00075,363.45383622750387
6.120000000000004,0.00075,363.3822746980718
6.140000000000003,0.00075,363.2755885476092
6.160000000000004,0.00075,363.2075680146829
6.180000000000003,0.00075,363.10994148294293
6.200000000000004,0.00075,363.05009271069093
6.220000000000003,0.00075,362.9671624359412
6.240000000000004,0.00075,362.92183971135205
6.260000000000003,0.00075,362.8597208364333
6.280000000000004,0.00075,362.8355485499902
6.300000000000003,0.00075,362.7985057546688
6.320000000000004,0.00075,362.798207103702
6.340000000000003,0.00075,362.78767394926786
6.360000000000004,0.00075,362.8116363676581
6.3800000000000034,0.00075,362.8268591941404
6.400000000000004,0.00075,362.87372992214546
6.4200000000000035,0.00075,362.9126113122908
6.440000000000004,0.00075,362.9800596391019
6.4600000000000035,0.00075,363.0398445345102
6.480000000000004,0.00075,363.12512816275523
6.5000000000000036,0.00075,363.20286431492883
6.520000000000004,0.00075,363.30318809401234
6.540000000000004,0.00075,363.3959999462207
6.560000000000004,0.00075,363.50871846454584
6.580000000000004,0.00075,363.6139519214911
6.600000000000004,0.00075,363.736669142512
6.620000000000004,0.00075,363.85195496114727
6.640000000000004,0.00075,363.98256108936374
6.660000000000004,0.00075,364.10583034681747
6.680000000000004,0.00075,364.2425028805323
6.700000000000004,0.00075,364.37197612502865
6.720000000000004,0.00075,364.5131620521101
6.740000000000004,0.00075,364.6473253943898
6.760000000000004,0.00075,364.7917147266918
6.780000000000004,0.00075,364.9292906761574
6.800000000000004,0.00075,365.075787202524
6.820000000000004,0.00075,365.21570464173374
6.840000000000004,0.00075,365.3633971219207
6.860000000000004,0.00075,365.50476274395834
6.880000000000004,0.00075,365.6528981745158
6.900000000000004,0.00075,365.7949704857946
6.900000000000004,0.0,390.0
6.9200000000000035,0.0,386.07433152778935
6.940000000000004,0.0,386.09530664718693
6.9600000000000035,0.0,384.2008757952131
6.980000000000004,0.0,384.2087392198652
7.0000000000000036,0.0,382.8381920186323
7.020000000000004,0.0,382.8393160858987
7.040000000000004,0.0,381.7471815101973
7.060000000000004,0.0,381.7338988735742
7.080000000000004,0.0,380.82366210847823
7.100000000000004,0.0,380.796284687216
7.120000000000004,0.0,380.0174657512314
7.140000000000004,0.0,379.97775251379153
7.160000000000004,0.0,379.29959496919264
7.180000000000004,0.0,379.2495929556581
7.200000000000004,0.0,378.6515346585402
7.220000000000004,0.0,378.5931948452375
7.240000000000004,0.0,378.06061183207754
7.260000000000004,0.0,377.9956593555133
7.280000000000004,0.0,377.51768317854686
7.300000000000004,0.0,377.44758990431757
7.320000000000004,0.0,377.0158729344875
7.340000000000004,0.0,376.94187123679177
7.360000000000004,0.0,376.54983518526024
7.380000000000004,0.0,376.4729460091812
7.400000000000004,0.0,376.11529808423273
7.420000000000004,0.0,376.0363615563588
7.440000000000004,0.0,375.70876893983655
7.460000000000004,0.0,375.628472830865
7.480000000000004,0.0,375.32733593617536
7.500000000000004,0.0,375.24624048075015
7.520000000000004,0.0,374.96853057635707
7.5400000000000045,0.0,374.8870895205156
7.560000000000004,0.0,374.63022979324387
7.5800000000000045,0.0,374.548808046769
7.600000000000004,0.0,374.31058482429086
7.6200000000000045,0.0,374.22947322360403
7.640000000000004,0.0,374.0079686196381
7.660000000000005,0.0,373.92739628491574
7.680000000000004,0.0,373.72093634808425
7.700000000000005,0.0,373.64108104884633
7.720000000000004,0.0,373.44819530801146
7.740000000000005,0.0,373.36919217694594
7.760000000000004,0.0,373.1885816776189
7.780000000000005,0.0,373.11053054752114
7.800000000000004,0.0,372.9410422915682
7.820000000000005,0.0,372.86401387808587
7.840000000000004,0.0,372.70462014682613
7.860000000000005,0.0,372.62866125889934
7.880000000000004,0.0,372.4784427006561
7.900000000000004,0.0,372.4035806288302
7.920000000000004,0.0,372.26171227896486
7.940000000000005,0.0,372.1879584868409
7.960000000000004,0.0,372.0536980959487
7.980000000000004,0.0,371.98105132015803
8.000000000000004,0.0,371.85372951778834
8.020000000000005,0.0,371.7821783657199
8.040000000000004,0.0,371.66119029870123
8.060000000000004,0.0,371.5907154198616
8.080000000000005,0.0,371.4755135872283
8.100000000000005,0.0,371.40608948293476
6.900000000000004,1.8750000000000002e-05,389.09442548532553
6.9200000000000035,1.8750000000000002e-05,386.87448992264905
6.940000000000004,1.8750000000000002e-05,385.62626184536305
6.9600000000000035,1.8750000000000002e-05,384.85008866292554
6.980000000000004,1.8750000000000002e-05,383.89712050960935
7.0000000000000036,1.8750000000000002e-05,383.3988665676997
7.020000000000004,1.8750000000000002e-05,382.62007521313507
7.040000000000004,1.8750000000000002e-05,382.24333505198535
7.060000000000004,1.8750000000000002e-05,381.58037151749
7.080000000000004,1.8750000000000002e-05,381.27016280992865
7.100000000000004,1.8750000000000002e-05,380.6926640777431
7.120000000000004,1.8750000000000002e-05,380.4244178552252
7.140000000000004,1.8750000000000002e-05,379.9134926554697
7.160000000000004,1.8750000000000002e-05,379.67431400133694
7.180000000000004,1.8750000000000002e-05,379.2171573491443
7.200000000000004,1.8750000000000002e-05,378.9995387985812
7.220000000000004,1.8750000000000002e-05,378.5869543545915
7.240000000000004,1.8750000000000002e-05,378.38618438485014
7.260000000000004,1.8750000000000002e-05,378.01127769311034
7.280000000000004,1.8750000000000002e-05,377.8242209941828
7.300000000000004,1.8750000000000002e-05,377.48164878027944
7.320000000000004,1.8750000000000002e-05,377.30611601431974
7.340000000000004,1.8750000000000002e-05,376.9916266385359
7.360000000000004,1.8750000000000002e-05,376.8260248463692
7.380000000000004,1.8750000000000002e-05,376.5361621921621
7.400000000000004,1.8750000000000002e-05,376.37928954554826
7.420000000000004,1.8750000000000002e-05,376.11119394217803
7.440000000000004,1.8750000000000002e-05,375.96211352584635
7.460000000000004,1.8750000000000002e-05,375.7133831266618
7.480000000000004,1.8750000000000002e-05,375.57134234805704
7.500000000000004,1.8750000000000002e-05,375.3399337909282
7.520000000000004,1.8750000000000002e-05,375.20431136647943
7.5400000000000045,1.8750000000000002e-05,374.98846689329355
7.560000000000004,1.8750000000000002e-05,374.85873716078976
7.5800000000000045,1.8750000000000002e-05,374.6569300996624
7.600000000000004,1.8750000000000002e-05,374.5326385672458
7.6200000000000045,1.8750000000000002e-05,374.3435318709931
7.640000000000004,1.8750000000000002e-05,374.2242782360842
7.660000000000005,1.8750000000000002e-05,374.04669248592063
7.680000000000004,1.8750000000000002e-05,373.93211871215726
7.700000000000005,1.8750000000000002e-05,373.7650070917455
7.720000000000004,1.8750000000000002e-05,373.65478895545715
7.740000000000005,1.8750000000000002e-05,373.4972174255027
7.760000000000004,1.8750000000000002e-05,373.3910584626736
7.780000000000005,1.8750000000000002e-05,373.2421898599856
7.800000000000004,1.8750000000000002e-05,373.13981698288654
7.820000000000005,1.8750000000000002e-05,372.9988981120309
7.840000000000004,1.8750000000000002e-05,372.9000583905915
7.860000000000005,1.8750000000000002e-05,372.7664094205649
7.880000000000004,1.8750000000000002e-05,372.67086767735265
7.900000000000004,1.8750000000000002e-05,372.5438733315887
7.920000000000004,1.8750000000000002e-05,372.45141030542214
7.940000000000005,1.8750000000000002e-05,372.33051246134823
7.960000000000004,1.8750000000000002e-05,372.24092336853283
7.980000000000004,1.8750000000000002e-05,372.1256147767152
8.000000000000004,1.8750000000000002e-05,372.03870815068996
8.020000000000005,1.8750000000000002e-05,371.9285270528607
8.040000000000004,1.8750000000000002e-05,371.84412377943033
8.060000000000004,1.8750000000000002e-05,371.7386492561222
8.080000000000005,1.8750000000000002e-05,371.6565817470004
8.100000000000005,1.8750000000000002e-05,371.55542966391283
6.900000000000004,3.7500000000000003e-05,388.21112591603486
6.9200000000000035,3.7500000000000003e-05,386.9278783016547
6.940000000000004,3.7500000000000003e-05,385.5464301959853
6.9600000000000035,3.7500000000000003e-05,384.83245292797307
6.980000000000004,3.7500000000000003e-05,383.9860574663583
7.0000000000000036,3.7500000000000003e-05,383.37140888364263
7.020000000000004,3.7500000000000003e-05,382.77452189027673
7.040000000000004,3.7500000000000003e-05,382.2197831587298
7.060000000000004,3.7500000000000003e-05,381.76559084783395
7.080000000000004,3.7500000000000003e-05,381.2560480083379
7.100000000000004,3.7500000000000003e-05,380.8928769376336
7.120000000000004,3.7500000000000003e-05,380.4217787746969
7.140000000000004,3.7500000000000003e-05,380.12055162986366
7.160000000000004,3.7500000000000003e-05,379.68366735660476
7.180000000000004,3.7500000000000003e-05,379.426550376816
7.200000000000004,3.7500000000000003e-05,379.0206893047932
7.220000000000004,3.7500000000000003e-05,378.7960971214021
7.240000000000004,3.7500000000000003e-05,378.41859499305406
7.260000000000004,3.7500000000000003e-05,378.218683429037
7.280000000000004,3.7500000000000003e-05,377.8671970859391
7.300000000000004,3.7500000000000003e-05,377.68648562310426
7.320000000000004,3.7500000000000003e-05,377.3589025514187
7.340000000000004,3.7500000000000003e-05,377.19346511638383
7.360000000000004,3.7500000000000003e-05,376.887859291095
7.380000000000004,3.7500000000000003e-05,376.73482379400315
7.400000000000004,3.7500000000000003e-05,376.44943082519313
7.420000000000004,3.7500000000000003e-05,376.3066569419568
7.440000000000004,3.7500000000000003e-05,376.0398574210881
7.460000000000004,3.7500000000000003e-05,375.9057224915079
7.480000000000004,3.7500000000000003e-05,375.65602897065344
7.500000000000004,3.7500000000000003e-05,375.5292821900991
7.520000000000004,3.7500000000000003e-05,375.295327972966
7.5400000000000045,3.7500000000000003e-05,375.1749891711781
7.560000000000004,3.7500000000000003e-05,374.9555182269825
7.5800000000000045,3.7500000000000003e-05,374.8408065374479
7.600000000000004,3.7500000000000003e-05,374.6346642891441
7.6200000000000045,3.7500000000000003e-05,374.52494727956844
7.640000000000004,3.7500000000000003e-05,374.3310721707403
7.660000000000005,3.7500000000000003e-05,374.225829209943
7.680000000000004,3.7500000000000003e-05,374.043244996281
7.700000000000005,3.7500000000000003e-05,373.9420406527977
7.720000000000004,3.7500000000000003e-05,373.76984936866427
7.740000000000005,3.7500000000000003e-05,373.6723139486255
7.760000000000004,3.7500000000000003e-05,373.50968949552833
7.780000000000005,3.7500000000000003e-05,373.4155047015889
7.800000000000004,3.7500000000000003e-05,373.26168700295
7.820000000000005,3.7500000000000003e-05,373.1705752903986
7.840000000000004,3.7500000000000003e-05,373.02486495776566
7.860000000000005,3.7500000000000003e-05,372.93658157455377
7.880000000000004,3.7500000000000003e-05,372.79833503370105
7.900000000000004,3.7500000000000003e-05,372.71266201843633
7.920000000000004,3.7500000000000003e-05,372.58128704856773
7.940000000000005,3.7500000000000003e-05,372.49802866349404
7.960000000000004,3.7500000000000003e-05,372.372980308015
7.980000000000004,3.7500000000000003e-05,372.29195952853007
8.000000000000004,3.7500000000000003e-05,372.17273634098984
8.020000000000005,3.7500000000000003e-05,372.09379212676066
8.040000000000004,3.7500000000000003e-05,371.97993272022813
8.060000000000004,3.7500000000000003e-05,371.9029178674962
8.080000000000005,3.7500000000000003e-05,371.79399773970437
8.100000000000005,3.7500000000000003e-05,371.71877716821143
6.900000000000004,5.6250000000000005e-05,387.2965104571592
6.9200000000000035,5.6250000000000005e-05,386.60678948974265
6.940000000000004,5.6250000000000005e-05,385.40164497958204
6.9600000000000035,5.6250000000000005e-05,384.66755029707014
6.980000000000004,5.6250000000000005e-05,383.9395738642467
7.0000000000000036,5.6250000000000005e-05,383.3067102994516
7.020000000000004,5.6250000000000005e-05,382.75647577629246
7.040000000000004,5.6250000000000005e-05,382.2191211310893
7.060000000000004,5.6250000000000005e-05,381.7606030915773
7.080000000000004,5.6250000000000005e-05,381.29866228933787
7.100000000000004,5.6250000000000005e-05,380.8969459201309
7.120000000000004,5.6250000000000005e-05,380.4944204241427
7.140000000000004,5.6250000000000005e-05,380.13268420925004
7.160000000000004,5.6250000000000005e-05,379.7775094383155
7.180000000000004,5.6250000000000005e-05,379.4465530795609
7.200000000000004,5.6250000000000005e-05,379.12968129776687
7.220000000000004,5.6250000000000005e-05,378.82392173205335
7.240000000000004,5.6250000000000005e-05,378.53850394441696
7.260000000000004,5.6250000000000005e-05,378.2542369501171
7.280000000000004,5.6250000000000005e-05,377.9950165310636
7.300000000000004,5.6250000000000005e-05,377.72958998074694
7.320000000000004,5.6250000000000005e-05,377.49247275578136
7.340000000000004,5.6250000000000005e-05,377.2438644096513
7.360000000000004,5.6250000000000005e-05,377.02561536361304
7.380000000000004,5.6250000000000005e-05,376.79220391088865
7.400000000000004,5.6250000000000005e-05,376.5902314161829
7.420000000000004,5.6250000000000005e-05,376.37066552723167
7.440000000000004,5.6250000000000005e-05,376.1828659029379
7.460000000000004,5.6250000000000005e-05,375.97598564683034
7.480000000000004,5.6250000000000005e-05,375.8006297303003
7.500000000000004,5.6250000000000005e-05,375.6054173240176
7.520000000000004,5.6250000000000005e-05,375.4410667142178
7.5400000000000045,5.6250000000000005e-05,375.25661442811753
7.560000000000004,5.6250000000000005e-05,375.10205898304673
7.5800000000000045,5.6250000000000005e-05,374.9275474791617
7.600000000000004,5.6250000000000005e-05,374.78175822994547
7.6200000000000045,5.6250000000000005e-05,374.61644146277956
7.640000000000004,5.6250000000000005e-05,374.478534829371
7.660000000000005,5.6250000000000005e-05,374.32172919364393
7.680000000000004,5.6250000000000005e-05,374.1909395590805
7.700000000000005,5.6250000000000005e-05,374.04201585080176
7.720000000000004,5.6250000000000005e-05,373.91767436410356
7.740000000000005,5.6250000000000005e-05,373.77605164148673
7.760000000000004,5.6250000000000005e-05,373.6575696931089
7.780000000000005,5.6250000000000005e-05,373.52271044180884
7.800000000000004,5.6250000000000005e-05,373.4095666662075
7.820000000000005,5.6250000000000005e-05,373.28097287396633
7.840000000000004,5.6250000000000005e-05,373.1727028309461
7.860000000000005,5.6250000000000005e-05,373.04991270658303
7.880000000000004,5.6250000000000005e-05,372.94610060983825
7.900000000000004,5.6250000000000005e-05,372.8286857672355
7.920000000000004,5.6250000000000005e-05,372.7289577876939
7.940000000000005,5.6250000000000005e-05,372.6165207728142
7.960000000000004,5.6250000000000005e-05,372.5205395618265
7.980000000000004,5.6250000000000005e-05,372.4127116395618
8.000000000000004,5.6250000000000005e-05,372.32017180407627
8.020000000000005,5.6250000000000005e-05,372.216610948001
8.040000000000004,5.6250000000000005e-05,372.1272352745954
8.060000000000004,5.6250000000000005e-05,372.0276243205762
8.080000000000005,5.6250000000000005e-05,371.9411605935656
8.100000000000005,5.6250000000000005e-05,371.8452055302575
6.900000000000004,7.500000000000001e-05,386.4179503605055
6.9200000000000035,7.500000000000001e-05,386.02300359731726
6.940000000000004,7.500000000000001e-05,385.1445722636953
6.9600000000000035,7.500000000000001e-05,384.38376428715725
6.980000000000004,7.500000000000001e-05,383.78333894030084
7.0000000000000036,7.500000000000001e-05,383.1536345025836
7.020000000000004,7.500000000000001e-05,382.6543124544438
7.040000000000004,7.500000000000001e-05,382.13410218032453
7.060000000000004,7.500000000000001e-05,381.69729757494144
7.080000000000004,7.500000000000001e-05,381.25419883122294
7.100000000000004,7.500000000000001e-05,380.8642780535883
7.120000000000004,7.500000000000001e-05,380.4765148508846
7.140000000000004,7.500000000000001e-05,380.12494108350154
7.160000000000004,7.500000000000001e-05,379.7783896649005
7.180000000000004,7.500000000000001e-05,379.4593754011917
7.200000000000004,7.500000000000001e-05,379.1447409021861
7.220000000000004,7.500000000000001e-05,378.85385994013546
7.240000000000004,7.500000000000001e-05,378.5648598753275
7.260000000000004,7.500000000000001e-05,378.29851510577345
7.280000000000004,7.500000000000001e-05,378.03077303631846
7.300000000000004,7.500000000000001e-05,377.7859524519295
7.320000000000004,7.500000000000001e-05,377.5363226468987
7.340000000000004,7.500000000000001e-05,377.3104656320914
7.360000000000004,7.500000000000001e-05,377.0766137594815
7.380000000000004,7.500000000000001e-05,376.867525071181
7.400000000000004,7.500000000000001e-05,376.64766257010234
7.420000000000004,7.500000000000001e-05,376.45344997815045
7.440000000000004,7.500000000000001e-05,376.24616253565443
7.460000000000004,7.500000000000001e-05,376.065188156771
7.480000000000004,7.500000000000001e-05,375.8693230852239
7.500000000000004,7.500000000000001e-05,375.700163887596
7.520000000000004,7.500000000000001e-05,375.51475513667043
7.5400000000000045,7.500000000000001e-05,375.3561702892287
7.560000000000004,7.500000000000001e-05,375.1803879376503
7.5800000000000045,7.500000000000001e-05,375.03129160441824
7.600000000000004,7.500000000000001e-05,374.86440750734425
7.6200000000000045,7.500000000000001e-05,374.72384610805886
7.640000000000004,7.500000000000001e-05,374.5652103259458
7.660000000000005,7.500000000000001e-05,374.4323435030667
7.680000000000004,7.500000000000001e-05,374.2813679838822
7.700000000000005,7.500000000000001e-05,374.1554526533767
7.720000000000004,7.500000000000001e-05,374.011599821155
7.740000000000005,7.500000000000001e-05,373.8919767865707
7.760000000000004,7.500000000000001e-05,373.7547514596447
7.780000000000005,7.500000000000001e-05,373.64083415300087
7.800000000000004,7.500000000000001e-05,373.5097777255705
7.820000000000005,7.500000000000001e-05,373.40104271046937
7.840000000000004,7.500000000000001e-05,373.2757288734103
7.860000000000005,7.500000000000001e-05,373.1717078075567
7.880000000000004,7.500000000000001e-05,373.05173931595164
7.900000000000004,7.500000000000001e-05,372.9520121229364
7.920000000000004,7.500000000000001e-05,372.8370182754966
7.940000000000005,7.500000000000001e-05,372.74120732010624
7.960000000000004,7.500000000000001e-05,372.63084192341125
7.980000000000004,7.500000000000001e-05,372.5386070216943
8.000000000000004,7.500000000000001e-05,372.4325466859482
8.020000000000005,7.500000000000001e-05,372.3435808118035
8.040000000000004,7.500000000000001e-05,372.24152347525586
8.060000000000004,7.500000000000001e-05,372.15554905032405
8.080000000000005,7.500000000000001e-05,372.0572126639527
8.100000000000005,7.500000000000001e-05,371.97397833797874
6.900000000000004,9.375e-05,385.5226888680284
6.9200000000000035,9.375e-05,385.33345404674617
6.940000000000004,9.375e-05,384.71112951244083
6.9600000000000035,9.375e-05,384.0430769591627
6.980000000000004,9.375e-05,383.4908038550555
7.0000000000000036,9.375e-05,382.9431521844788
7.020000000000004,9.375e-05,382.4500682787523
7.040000000000004,9.375e-05,381.990855622009
7.060000000000004,9.375e-05,381.5534784982229
7.080000000000004,9.375e-05,381.15386951938905
7.100000000000004,9.375e-05,380.7639458760009
7.120000000000004,9.375e-05,380.40740253120737
7.140000000000004,9.375e-05,380.05702294510104
7.160000000000004,9.375e-05,379.73383908987626
7.180000000000004,9.375e-05,379.4163651071878
7.200000000000004,9.375e-05,379.12042621936274
7.220000000000004,9.375e-05,378.83053356716016
7.240000000000004,9.375e-05,378.5576757762026
7.260000000000004,9.375e-05,378.2911531626815
7.280000000000004,9.375e-05,378.03833258923515
7.300000000000004,9.375e-05,377.79184872478424
7.320000000000004,9.375e-05,377.55670730539606
7.340000000000004,9.375e-05,377.3276083365307
7.360000000000004,9.375e-05,377.10823668893926
7.380000000000004,9.375e-05,376.89438545755974
7.400000000000004,9.375e-05,376.6891866592362
7.420000000000004,9.375e-05,376.48883979733483
7.440000000000004,9.375e-05,376.296446792673
7.460000000000004,9.375e-05,376.1081622428913
7.480000000000004,9.375e-05,375.92738496626725
7.500000000000004,9.375e-05,375.7499528492615
7.520000000000004,9.375e-05,375.5797425742422
7.5400000000000045,9.375e-05,375.412133597111
7.560000000000004,9.375e-05,375.25155774770246
7.5800000000000045,9.375e-05,375.09288466081676
7.600000000000004,9.375e-05,374.9411082735702
7.6200000000000045,9.375e-05,374.7905969883603
7.640000000000004,9.375e-05,374.64686858668273
7.660000000000005,9.375e-05,374.50383643214934
7.680000000000004,9.375e-05,374.367476941856
7.700000000000005,9.375e-05,374.2313161938242
7.720000000000004,9.375e-05,374.10171002636605
7.740000000000005,9.375e-05,373.97187533369896
7.760000000000004,9.375e-05,373.8484630600896
7.780000000000005,9.375e-05,373.72446175540875
7.800000000000004,9.375e-05,373.6067339776192
7.820000000000005,9.375e-05,373.48811852816
7.840000000000004,9.375e-05,373.3756106727114
7.860000000000005,9.375e-05,373.2619727242953
7.880000000000004,9.375e-05,373.15426056088313
7.900000000000004,9.375e-05,373.04522617297204
7.920000000000004,9.375e-05,372.9419219140649
7.940000000000005,9.375e-05,372.8371476903252
7.960000000000004,9.375e-05,372.73789656456637
7.980000000000004,9.375e-05,372.6370664614208
8.000000000000004,9.375e-05,372.54154367976304
8.020000000000005,9.375e-05,372.4443663326568
8.040000000000004,9.375e-05,372.35227438488954
8.060000000000004,9.375e-05,372.2584808339424
8.080000000000005,9.375e-05,372.1695470668854
8.100000000000005,9.375e-05,372.07888879433517
6.900000000000004,0.00011250000000000001,384.6470206065998
6.9200000000000035,0.00011250000000000001,384.5620369878186
6.940000000000004,0.00011250000000000001,384.16284597205606
6.9600000000000035,0.00011250000000000001,383.60786967521676
6.980000000000004,0.00011250000000000001,383.11992632341673
7.0000000000000036,0.00011250000000000001,382.638697168881
7.020000000000004,0.00011250000000000001,382.18637530501877
7.040000000000004,0.00011250000000000001,381.7625155048592
7.060000000000004,0.00011250000000000001,381.35908665133843
7.080000000000004,0.00011250000000000001,380.9785883593393
7.100000000000004,0.00011250000000000001,380.6178641367019
7.120000000000004,0.00011250000000000001,380.2723816804216
7.140000000000004,0.00011250000000000001,379.9467371928926
7.160000000000004,0.00011250000000000001,379.63075612801396
7.180000000000004,0.00011250000000000001,379.3339389630154
7.200000000000004,0.00011250000000000001,379.0433773343452
7.220000000000004,0.00011250000000000001,378.7706462554981
7.240000000000004,0.00011250000000000001,378.50226167207694
7.260000000000004,0.00011250000000000001,378.2500541801236
7.280000000000004,0.00011250000000000001,378.00117415770063
7.300000000000004,0.00011250000000000001,377.7667737383261
7.320000000000004,0.00011250000000000001,377.53515391802773
7.340000000000004,0.00011250000000000001,377.31643866221145
7.360000000000004,0.00011250000000000001,377.10017467445834
7.380000000000004,0.00011250000000000001,376.8954417067777
7.400000000000004,0.00011250000000000001,376.6929063733633
7.420000000000004,0.00011250000000000001,376.5007523047964
7.440000000000004,0.00011250000000000001,376.31054705069613
7.460000000000004,0.00011250000000000001,376.12978702368923
7.480000000000004,0.00011250000000000001,375.95070278645017
7.500000000000004,0.00011250000000000001,375.78031545761974
7.520000000000004,0.00011250000000000001,375.6113007788118
7.5400000000000045,0.00011250000000000001,375.4503906054427
7.560000000000004,0.00011250000000000001,375.29052550036363
7.5800000000000045,0.00011250000000000001,375.1382965679616
7.600000000000004,0.00011250000000000001,374.9867711471567
7.6200000000000045,0.00011250000000000001,374.84250871664943
7.640000000000004,0.00011250000000000001,374.6986057256405
7.660000000000005,0.00011250000000000001,374.561662966874
7.680000000000004,0.00011250000000000001,374.42474354154774
7.700000000000005,0.00011250000000000001,374.2945317702831
7.720000000000004,0.00011250000000000001,374.1640238140222
7.740000000000005,0.00011250000000000001,374.04000511175127
7.760000000000004,0.00011250000000000001,373.9153937969209
7.780000000000005,0.00011250000000000001,373.79707526549777
7.800000000000004,0.00011250000000000001,373.67789524781927
7.820000000000005,0.00011250000000000001,373.5648243986313
7.840000000000004,0.00011250000000000001,373.450653408026
7.860000000000005,0.00011250000000000001,373.34241435068265
7.880000000000004,0.00011250000000000001,373.23286788617946
7.900000000000004,0.00011250000000000001,373.1290780919496
7.920000000000004,0.00011250000000000001,373.0238050018599
7.940000000000005,0.00011250000000000001,372.92411249080317
7.960000000000004,0.00011250000000000001,372.8227912634371
7.980000000000004,0.00011250000000000001,372.7268721133671
8.000000000000004,0.00011250000000000001,372.62920773938646
8.020000000000005,0.00011250000000000001,372.53676384759405
8.040000000000004,0.00011250000000000001,372.4424851439
8.060000000000004,0.00011250000000000001,372.3532421943573
8.080000000000005,0.00011250000000000001,372.26209950236125
8.100000000000005,0.00011250000000000001,372.1758051055799
6.900000000000004,0.00013125000000000002,383.7759888233473
6.9200000000000035,0.00013125000000000002,383.7601181143115
6.940000000000004,0.00013125000000000002,383.5176166098866
6.9600000000000035,0.00013125000000000002,383.0963101496551
6.980000000000004,0.00013125000000000002,382.67191798476665
7.0000000000000036,0.00013125000000000002,382.2611506889768
7.020000000000004,0.00013125000000000002,381.85370343427127
7.040000000000004,0.00013125000000000002,381.4713823224351
7.060000000000004,0.00013125000000000002,381.1007968899103
7.080000000000004,0.00013125000000000002,380.74942872674006
7.100000000000004,0.00013125000000000002,380.41247286189343
7.120000000000004,0.00013125000000000002,380.0901259063047
7.140000000000004,0.00013125000000000002,379.7816650327058
7.160000000000004,0.00013125000000000002,379.48529296304804
7.180000000000004,0.00013125000000000002,379.2010855955629
7.200000000000004,0.00013125000000000002,378.92760012136733
7.220000000000004,0.00013125000000000002,378.66438203241603
7.240000000000004,0.00013125000000000002,378.41100933710834
7.260000000000004,0.00013125000000000002,378.16623339551137
7.280000000000004,0.00013125000000000002,377.93059447716394
7.300000000000004,0.00013125000000000002,377.70221073566347
7.320000000000004,0.00013125000000000002,377.482298876947
7.340000000000004,0.00013125000000000002,377.268607983861
7.360000000000004,0.00013125000000000002,377.0627344821762
7.380000000000004,0.00013125000000000002,376.8622939856902
7.400000000000004,0.00013125000000000002,376.66903043286277
7.420000000000004,0.00013125000000000002,376.4805939941407
7.440000000000004,0.00013125000000000002,376.29872122638034
7.460000000000004,0.00013125000000000002,376.121197707632
7.480000000000004,0.00013125000000000002,375.9496639865322
7.500000000000004,0.00013125000000000002,375.7820886967281
7.520000000000004,0.00013125000000000002,375.61997672454186
7.5400000000000045,0.00013125000000000002,375.46149034654275
7.560000000000004,0.00013125000000000002,375.3079917437079
7.5800000000000045,0.00013125000000000002,375.15782431675376
7.600000000000004,0.00013125000000000002,375.0122200379803
7.6200000000000045,0.00013125000000000002,374.86967841086306
7.640000000000004,0.00013125000000000002,374.73132373530746
7.660000000000005,0.00013125000000000002,374.5957814977647
7.680000000000004,0.00013125000000000002,374.4640944763053
7.700000000000005,0.00013125000000000002,374.33498372125354
7.720000000000004,0.00013125000000000002,374.2094362086626
7.740000000000005,0.00013125000000000002,374.0862406857759
7.760000000000004,0.00013125000000000002,373.96635129536566
7.780000000000005,0.00013125000000000002,373.8486006466216
7.800000000000004,0.00013125000000000002,373.73392913297766
7.820000000000005,0.00013125000000000002,373.621193985487
7.840000000000004,0.00013125000000000002,373.51133669045544
7.860000000000005,0.00013125000000000002,373.40322443917535
7.880000000000004,0.00013125000000000002,373.297810533809
7.900000000000004,0.00013125000000000002,373.1939616867737
7.920000000000004,0.00013125000000000002,373.0926500143001
7.940000000000005,0.00013125000000000002,372.99273500180686
7.960000000000004,0.00013125000000000002,372.89521137973355
7.980000000000004,0.00013125000000000002,372.7989277501649
8.000000000000004,0.00013125000000000002,372.70490262827855
8.020000000000005,0.00013125000000000002,372.6119725691442
8.040000000000004,0.00013125000000000002,372.52117896814866
8.060000000000004,0.00013125000000000002,372.43134710307334
8.080000000000005,0.00013125000000000002,372.34353877876794
8.100000000000005,0.00013125000000000002,372.2565702005152
6.900000000000004,0.00015000000000000001,382.9165594475532
6.9200000000000035,0.00015000000000000001,382.94156320515236
6.940000000000004,0.00015000000000000001,382.8120246486693
6.9600000000000035,0.00015000000000000001,382.5127680623103
6.980000000000004,0.00015000000000000001,382.1633761998556
7.0000000000000036,0.00015000000000000001,381.8153950711185
7.020000000000004,0.00015000000000000001,381.46216219983773
7.040000000000004,0.00015000000000000001,381.1197006500586
7.060000000000004,0.00015000000000000001,380.78765189125863
7.080000000000004,0.00015000000000000001,380.46568858115376
7.100000000000004,0.00015000000000000001,380.1569758499901
7.120000000000004,0.00015000000000000001,379.8578215322507
7.140000000000004,0.00015000000000000001,379.57106182415157
7.160000000000004,0.00015000000000000001,379.2934692227277
7.180000000000004,0.00015000000000000001,379.02675173365486
7.200000000000004,0.00015000000000000001,378.76866032071905
7.220000000000004,0.00015000000000000001,378.52010506104693
7.240000000000004,0.00015000000000000001,378.27947047736666
7.260000000000004,0.00015000000000000001,378.04734481152553
7.280000000000004,0.00015000000000000001,377.8223539113319
7.300000000000004,0.00015000000000000001,377.6050953492578
7.320000000000004,0.00015000000000000001,377.39418768544397
7.340000000000004,0.00015000000000000001,377.19040094301624
7.360000000000004,0.00015000000000000001,376.99223649156903
7.380000000000004,0.00015000000000000001,376.8006811303753
7.400000000000004,0.00015000000000000001,376.6140997674173
7.420000000000004,0.00015000000000000001,376.4336741922515
7.440000000000004,0.00015000000000000001,376.25766024825236
7.460000000000004,0.00015000000000000001,376.08738495083753
7.480000000000004,0.00015000000000000001,375.92103937007585
7.500000000000004,0.00015000000000000001,375.7600409922126
7.520000000000004,0.00015000000000000001,375.60256031308523
7.5400000000000045,0.00015000000000000001,375.45005730133306
7.560000000000004,0.00015000000000000001,375.30071794316046
7.5800000000000045,0.00015000000000000001,375.156008067856
7.600000000000004,0.00015000000000000001,375.0141545074287
7.6200000000000045,0.00015000000000000001,374.87660423057054
7.640000000000004,0.00015000000000000001,374.7416399545169
7.660000000000005,0.00015000000000000001,374.610675484184
7.680000000000004,0.00015000000000000001,374.4820559037055
7.700000000000005,0.00015000000000000001,374.3571557133767
7.720000000000004,0.00015000000000000001,374.23438246934853
7.740000000000005,0.00015000000000000001,374.11507105100253
7.760000000000004,0.00015000000000000001,373.99768731530685
7.780000000000005,0.00015000000000000001,373.883529951283
7.800000000000004,0.00015000000000000001,373.7711164555729
7.820000000000005,0.00015000000000000001,373.66171482119756
7.840000000000004,0.00015000000000000001,373.55388643030705
7.860000000000005,0.00015000000000000001,373.4488748691961
7.880000000000004,0.00015000000000000001,373.3452775744302
7.900000000000004,0.00015000000000000001,373.24431991685304
7.920000000000004,0.00015000000000000001,373.14462816321765
7.940000000000005,0.00015000000000000001,373.04741498309204
7.960000000000004,0.00015000000000000001,372.95132927024935
7.980000000000004,0.00015000000000000001,372.85757549765447
8.000000000000004,0.00015000000000000001,372.7648202114726
8.020000000000005,0.00015000000000000001,372.6742630350411
8.040000000000004,0.00015000000000000001,372.5845844779021
8.060000000000004,0.00015000000000000001,372.4969814855209
8.080000000000005,0.00015000000000000001,372.41014608109737
8.100000000000005,0.00015000000000000001,372.3252735984769
6.900000000000004,0.00016875,382.06857600800146
6.9200000000000035,0.00016875,382.1202645632904
6.940000000000004,0.00016875,382.0685332832475
6.9600000000000035,0.00016875,381.87331315416253
6.980000000000004,0.00016875,381.60162346681824
7.0000000000000036,0.00016875,381.31427514826504
7.020000000000004,0.00016875,381.0156840448032
7.040000000000004,0.00016875,380.7164093103059
7.060000000000004,0.00016875,380.4226402398617
7.080000000000004,0.00016875,380.1338759280511
7.100000000000004,0.00016875,379.85360046070747
7.120000000000004,0.00016875,379.5807499645186
7.140000000000004,0.00016875,379.3163257116751
7.160000000000004,0.00016875,379.0600087588821
7.180000000000004,0.00016875,378.8115483927159
7.200000000000004,0.00016875,378.571019025383
7.220000000000004,0.00016875,378.337775283796
7.240000000000004,0.00016875,378.11193718254356
7.260000000000004,0.00016875,377.8928642016104
7.280000000000004,0.00016875,377.6805812078597
7.300000000000004,0.00016875,377.47457435773
7.320000000000004,0.00016875,377.2747642583711
7.340000000000004,0.00016875,377.0807597660933
7.360000000000004,0.00016875,376.8924192599889
7.380000000000004,0.00016875,376.7094306101703
7.400000000000004,0.00016875,376.53163812319946
7.420000000000004,0.00016875,376.3587644126704
7.440000000000004,0.00016875,376.1906759576327
7.460000000000004,0.00016875,376.0270986112871
7.480000000000004,0.00016875,375.8679417491045
7.500000000000004,0.00016875,375.7129171476981
7.520000000000004,0.00016875,375.56198473969715
7.5400000000000045,0.00016875,375.41483607869554
7.560000000000004,0.00016875,375.27148037650755
7.5800000000000045,0.00016875,375.1315900776941
7.600000000000004,0.00016875,374.99521730414875
7.6200000000000045,0.00016875,374.86202039136805
7.640000000000004,0.00016875,374.7320858308115
7.660000000000005,0.00016875,374.6050642937964
7.680000000000004,0.00016875,374.48106786519276
7.700000000000005,0.00016875,374.35974589264976
7.720000000000004,0.00016875,374.2412281652071
7.740000000000005,0.00016875,374.12516809436005
7.760000000000004,0.00016875,374.011706702876
7.780000000000005,0.00016875,373.90050554268413
7.800000000000004,0.00016875,373.7917119611846
7.820000000000005,0.00016875,373.68499837068043
7.840000000000004,0.00016875,373.5805150057579
7.860000000000005,0.00016875,373.4779466346167
7.880000000000004,0.00016875,373.37744420321775
7.900000000000004,0.00016875,373.2787053239902
7.920000000000004,0.00016875,373.1818804838997
7.940000000000005,0.00016875,373.08667986308546
7.960000000000004,0.00016875,372.99325306777274
7.980000000000004,0.00016875,372.9013220363783
8.000000000000004,0.00016875,372.8110355891415
8.020000000000005,0.00016875,372.72212628325195
8.040000000000004,0.00016875,372.6347425686098
8.060000000000004,0.00016875,372.5486263176327
8.080000000000005,0.00016875,372.46392619065347
8.100000000000005,0.00016875,372.38039203598777
6.900000000000004,0.0001875,381.2334841630237
6.9200000000000035,0.0001875,381.3031956687277
6.940000000000004,0.0001875,381.3048270462948
6.9600000000000035,0.0001875,381.1929700516178
6.980000000000004,0.0001875,380.9961438170634
7.0000000000000036,0.0001875,380.76741452703527
7.020000000000004,0.0001875,380.52201545131123
7.040000000000004,0.0001875,380.26731972117966
7.060000000000004,0.0001875,380.01221189683537
7.080000000000004,0.0001875,379.7579388814032
7.100000000000004,0.0001875,379.50755302636065
7.120000000000004,0.0001875,379.26193423277624
7.140000000000004,0.0001875,379.02164926718194
7.160000000000004,0.0001875,378.78736496801554
7.180000000000004,0.0001875,378.5589419595889
7.200000000000004,0.0001875,378.3366792970275
7.220000000000004,0.0001875,378.12037778191655
7.240000000000004,0.0001875,377.9100110265555
7.260000000000004,0.0001875,377.7054673700627
7.280000000000004,0.0001875,377.5065162794439
7.300000000000004,0.0001875,377.3131201160276
7.320000000000004,0.0001875,377.12495288932286
7.340000000000004,0.0001875,376.94201108179004
7.360000000000004,0.0001875,376.7639424009969
7.380000000000004,0.0001875,376.59075072756923
7.400000000000004,0.0001875,376.42209114399253
7.420000000000004,0.0001875,376.257965305493
7.440000000000004,0.0001875,376.09804615685846
7.460000000000004,0.0001875,375.9423346911182
7.480000000000004,0.0001875,375.7905201415398
7.500000000000004,0.0001875,375.64260923885246
7.520000000000004,0.0001875,375.49830140662834
7.5400000000000045,0.0001875,375.3576160687619
7.560000000000004,0.0001875,375.22025643910047
7.5800000000000045,0.0001875,375.08625996263174
7.600000000000004,0.0001875,374.95532883526334
7.6200000000000045,0.0001875,374.8275215093963
7.640000000000004,0.0001875,374.7025364472361
7.660000000000005,0.0001875,374.58045387524913
7.680000000000004,0.0001875,374.4609676873937
7.700000000000005,0.0001875,374.3441789293727
7.720000000000004,0.0001875,374.2297774802468
7.740000000000005,0.0001875,374.1178831210235
7.760000000000004,0.0001875,374.0081831223215
7.780000000000005,0.0001875,373.90081332548465
7.800000000000004,0.0001875,373.7954601919426
7.820000000000005,0.0001875,373.69227277922323
7.840000000000004,0.0001875,373.59093858734315
7.860000000000005,0.0001875,373.4916171703278
7.880000000000004,0.0001875,373.39399873620016
7.900000000000004,0.0001875,373.29825091903797
7.920000000000004,0.0001875,373.2040679991791
7.940000000000005,0.0001875,373.11162366483757
7.960000000000004,0.0001875,373.0206172776664
7.980000000000004,0.0001875,372.931226965487
8.000000000000004,0.0001875,372.8431578281145
8.020000000000005,0.0001875,372.75659120666023
8.040000000000004,0.0001875,372.67123828042634
8.060000000000004,0.0001875,372.587282716703
8.080000000000005,0.0001875,372.5044418546528
8.100000000000005,0.0001875,372.4229010785981
6.900000000000004,0.00020625000000000003,380.41241600418823
6.9200000000000035,0.00020625000000000003,380.4952153364244
6.940000000000004,0.00020625000000000003,380.5334404598742
6.9600000000000035,0.00020625000000000003,380.485830946761
6.980000000000004,0.00020625000000000003,380.3564517257539
7.0000000000000036,0.00020625000000000003,380.1839043300051
7.020000000000004,0.00020625000000000003,379.9888966910523
7.040000000000004,0.00020625000000000003,379.7787849851944
7.060000000000004,0.00020625000000000003,379.56226292850306
7.080000000000004,0.00020625000000000003,379.34289047367656
7.100000000000004,0.00020625000000000003,379.12327930571394
7.120000000000004,0.00020625000000000003,378.90555916709957
7.140000000000004,0.00020625000000000003,378.69047282320025
7.160000000000004,0.00020625000000000003,378.4790940760233
7.180000000000004,0.00020625000000000003,378.27169628029907
7.200000000000004,0.00020625000000000003,378.0686856808539
7.220000000000004,0.00020625000000000003,377.8702063728697
7.240000000000004,0.00020625000000000003,377.6763215926601
7.260000000000004,0.00020625000000000003,377.487099116194
7.280000000000004,0.00020625000000000003,377.30245924490316
7.300000000000004,0.00020625000000000003,377.1223993380849
7.320000000000004,0.00020625000000000003,376.9467962640187
7.340000000000004,0.00020625000000000003,376.77558808942666
7.360000000000004,0.00020625000000000003,376.6086481108372
7.380000000000004,0.00020625000000000003,376.445872838823
7.400000000000004,0.00020625000000000003,376.2871431217367
7.420000000000004,0.00020625000000000003,376.1323318905931
7.440000000000004,0.00020625000000000003,375.98132771596187
7.460000000000004,0.00020625000000000003,375.8339941475353
7.480000000000004,0.00020625000000000003,375.6902251476016
7.500000000000004,0.00020625000000000003,375.54988423274756
7.520000000000004,0.00020625000000000003,375.4128691002527
7.5400000000000045,0.00020625000000000003,375.27904833749557
7.560000000000004,0.00020625000000000003,375.1483230510034
7.5800000000000045,0.00020625000000000003,375.02056895310415
7.600000000000004,0.00020625000000000003,374.8956912536946
7.6200000000000045,0.00020625000000000003,374.7735729739255
7.640000000000004,0.00020625000000000003,374.6541246116174
7.660000000000005,0.00020625000000000003,374.53723573150836
7.680000000000004,0.00020625000000000003,374.42282334871885
7.700000000000005,0.00020625000000000003,374.31078247668415
7.720000000000004,0.00020625000000000003,374.201037641129
7.740000000000005,0.00020625000000000003,374.0934882417333
7.760000000000004,0.00020625000000000003,373.9880669428625
7.780000000000005,0.00020625000000000003,373.8846766749493
7.800000000000004,0.00020625000000000003,373.78325848357764
7.820000000000005,0.00020625000000000003,373.6837182345425
7.840000000000004,0.00020625000000000003,373.58600525679975
7.860000000000005,0.00020625000000000003,373.49002799995395
7.880000000000004,0.00020625000000000003,373.39574371386817
7.900000000000004,0.00020625000000000003,373.3030632749887
7.920000000000004,0.00020625000000000003,373.21195131019965
7.940000000000005,0.00020625000000000003,373.1223211012978
7.960000000000004,0.00020625000000000003,373.0341440036136
7.980000000000004,0.00020625000000000003,372.9473357625523
8.000000000000004,0.00020625000000000003,372.86187377206346
8.020000000000005,0.00020625000000000003,372.77767633320354
8.040000000000004,0.00020625000000000003,372.6947261953995
8.060000000000004,0.00020625000000000003,372.612944307112
8.080000000000005,0.00020625000000000003,372.532318129837
8.100000000000005,0.00020625000000000003,372.4527713282958
6.900000000000004,0.00022500000000000002,379.60654650000896
6.9200000000000035,0.00022500000000000002,379.6993562746765
6.940000000000004,0.00022500000000000002,379.762952840048
6.9600000000000035,0.00022500000000000002,379.7636081444876
6.980000000000004,0.00022500000000000002,379.69209908930105
7.0000000000000036,0.00022500000000000002,379.57191976600154
7.020000000000004,0.00022500000000000002,379.4241038004548
7.040000000000004,0.00022500000000000002,379.25712229222285
7.060000000000004,0.00022500000000000002,379.07870599336053
7.080000000000004,0.00022500000000000002,378.89387493328866
7.100000000000004,0.00022500000000000002,378.7053970999912
7.120000000000004,0.00022500000000000002,378.515856849762
7.140000000000004,0.00022500000000000002,378.3265664229247
7.160000000000004,0.00022500000000000002,378.1386944003478
7.180000000000004,0.00022500000000000002,377.95299829457696
7.200000000000004,0.00022500000000000002,377.76995896970743
7.220000000000004,0.00022500000000000002,377.59001363822097
7.240000000000004,0.00022500000000000002,377.4133430257635
7.260000000000004,0.00022500000000000002,377.240167013906
7.280000000000004,0.00022500000000000002,377.0705387089788
7.300000000000004,0.00022500000000000002,376.90453567491187
7.320000000000004,0.00022500000000000002,376.74215107564964
7.340000000000004,0.00022500000000000002,376.5833774915667
7.360000000000004,0.00022500000000000002,376.4281731267154
7.380000000000004,0.00022500000000000002,376.2764851703589
7.400000000000004,0.00022500000000000002,376.1282473459166
7.420000000000004,0.00022500000000000002,375.98338592834244
7.440000000000004,0.00022500000000000002,375.8418167016638
7.460000000000004,0.00022500000000000002,375.7034586756273
7.480000000000004,0.00022500000000000002,375.56821528882796
7.500000000000004,0.00022500000000000002,375.43600516493876
7.520000000000004,0.00022500000000000002,375.3067243901716
7.5400000000000045,0.00022500000000000002,375.18029432746823
7.560000000000004,0.00022500000000000002,375.05660784598604
7.5800000000000045,0.00022500000000000002,374.9355903409688
7.600000000000004,0.00022500000000000002,374.8171345583131
7.6200000000000045,0.00022500000000000002,374.7011704606683
7.640000000000004,0.00022500000000000002,374.58759273566255
7.660000000000005,0.00022500000000000002,374.47633620927695
7.680000000000004,0.00022500000000000002,374.367298702238
7.700000000000005,0.00022500000000000002,374.26042015940345
7.720000000000004,0.00022500000000000002,374.155602068335
7.740000000000005,0.00022500000000000002,374.0527897468001
7.760000000000004,0.00022500000000000002,373.951888441187
7.780000000000005,0.00022500000000000002,373.8528490696085
7.800000000000004,0.00022500000000000002,373.75558046981206
7.820000000000005,0.00022500000000000002,373.660039322945
7.840000000000004,0.00022500000000000002,373.5661377677739
7.860000000000005,0.00022500000000000002,373.47383831775386
7.880000000000004,0.00022500000000000002,373.3830560913196
7.900000000000004,0.00022500000000000002,373.29375939760865
7.920000000000004,0.00022500000000000002,373.2058660368234
7.940000000000005,0.00022500000000000002,373.1193499738354
7.960000000000004,0.00022500000000000002,373.03413144261356
7.980000000000004,0.00022500000000000002,372.95018983389815
8.000000000000004,0.00022500000000000002,372.8674476247681
8.020000000000005,0.00022500000000000002,372.7858893316187
8.040000000000004,0.00022500000000000002,372.70543953718527
8.060000000000004,0.00022500000000000002,372.62608753468203
8.080000000000005,0.00022500000000000002,372.5477599181792
8.100000000000005,0.00022500000000000002,372.4704503811933
6.900000000000004,0.00024375000000000002,378.816949826539
6.9200000000000035,0.00024375000000000002,378.9178655366182
6.940000000000004,0.00024375000000000002,378.9994393479602
6.9600000000000035,0.00024375000000000002,379.0357957673162
6.980000000000004,0.00024375000000000002,379.0120107966351
7.0000000000000036,0.00024375000000000002,378.93915198065747
7.020000000000004,0.00024375000000000002,378.8349398788809
7.040000000000004,0.00024375000000000002,378.70870145278604
7.060000000000004,0.00024375000000000002,378.5672546930845
7.080000000000004,0.00024375000000000002,378.4161348378136
7.100000000000004,0.00024375000000000002,378.25852867311033
7.120000000000004,0.00024375000000000002,378.09714405436995
7.140000000000004,0.00024375000000000002,377.93378674465714
7.160000000000004,0.00024375000000000002,377.76976379344336
7.180000000000004,0.00024375000000000002,377.6061272952317
7.200000000000004,0.00024375000000000002,377.44355109324124
7.220000000000004,0.00024375000000000002,377.2826209512186
7.240000000000004,0.00024375000000000002,377.12370975819044
7.260000000000004,0.00024375000000000002,376.96712059103214
7.280000000000004,0.00024375000000000002,376.81306211196176
7.300000000000004,0.00024375000000000002,376.6616736360613
7.320000000000004,0.00024375000000000002,376.51306111942915
7.340000000000004,0.00024375000000000002,376.36727183705904
7.360000000000004,0.00024375000000000002,376.22434297564325
7.380000000000004,0.00024375000000000002,376.0842703132849
7.400000000000004,0.00024375000000000002,375.9470448719767
7.420000000000004,0.00024375000000000002,375.812633017252
7.440000000000004,0.00024375000000000002,375.68099593290077
7.460000000000004,0.00024375000000000002,375.5520826260344
7.480000000000004,0.00024375000000000002,375.42583622508596
7.500000000000004,0.00024375000000000002,375.3021952956717
7.520000000000004,0.00024375000000000002,375.18109311998927
7.5400000000000045,0.00024375000000000002,375.0624621635034
7.560000000000004,0.00024375000000000002,374.9462313283192
7.5800000000000045,0.00024375000000000002,374.83232997348665
7.600000000000004,0.00024375000000000002,374.72068609471376
7.6200000000000045,0.00024375000000000002,374.6112281380716
7.640000000000004,0.00024375000000000002,374.50388530086593
7.660000000000005,0.00024375000000000002,374.3985867466785
7.680000000000004,0.00024375000000000002,374.29526409560515
7.700000000000005,0.00024375000000000002,374.1938484109237
7.720000000000004,0.00024375000000000002,374.09427440831024
7.740000000000005,0.00024375000000000002,373.9964758596654
7.760000000000004,0.00024375000000000002,373.90039092388
7.780000000000005,0.00024375000000000002,373.8059565830268
7.800000000000004,0.00024375000000000002,373.71311459982843
7.820000000000005,0.00024375000000000002,373.62180542449596
7.840000000000004,0.00024375000000000002,373.53197447741354
7.860000000000005,0.00024375000000000002,373.4435657515874
7.880000000000004,0.00024375000000000002,373.3565283158002
7.900000000000004,0.00024375000000000002,373.27080965090687
7.920000000000004,0.00024375000000000002,373.1863624240455
7.940000000000005,0.00024375000000000002,373.1031374643055
7.960000000000004,0.00024375000000000002,373.02109095728804
7.980000000000004,0.00024375000000000002,372.94017689140304
8.000000000000004,0.00024375000000000002,372.8603548665528
8.020000000000005,0.00024375000000000002,372.7815818184841
8.040000000000004,0.00024375000000000002,372.7038206365399
8.060000000000004,0.00024375000000000002,372.62703098697045
8.080000000000005,0.00024375000000000002,372.5511789062034
8.100000000000005,0.00024375000000000002,372.47622658099897
6.900000000000004,0.00026250000000000004,378.044638769527
6.9200000000000035,0.00026250000000000004,378.15237048260565
6.940000000000004,0.00026250000000000004,378.24701734662403
6.9600000000000035,0.00026250000000000004,378.3095926970007
6.980000000000004,0.00026250000000000004,378.32406952038235
7.0000000000000036,0.00026250000000000004,378.29266085216614
7.020000000000004,0.00026250000000000004,378.2281355718315
7.040000000000004,0.00026250000000000004,378.13968495762737
7.060000000000004,0.00026250000000000004,378.03345071594737
7.080000000000004,0.00026250000000000004,377.91481084342837
7.100000000000004,0.00026250000000000004,377.7873193418893
7.120000000000004,0.00026250000000000004,377.65370417065077
7.140000000000004,0.00026250000000000004,377.5160791697612
7.160000000000004,0.00026250000000000004,377.3759239822033
7.180000000000004,0.00026250000000000004,377.2344655870784
7.200000000000004,0.00026250000000000004,377.09257527178937
7.220000000000004,0.00026250000000000004,376.9509544452676
7.240000000000004,0.00026250000000000004,376.8101346024964
7.260000000000004,0.00026250000000000004,376.6705158719252
7.280000000000004,0.00026250000000000004,376.5324178393865
7.300000000000004,0.00026250000000000004,376.39606739105085
7.320000000000004,0.00026250000000000004,376.2616457299924
7.340000000000004,0.00026250000000000004,376.12927645986105
7.360000000000004,0.00026250000000000004,375.99905010799023
7.380000000000004,0.00026250000000000004,375.8710254756256
7.400000000000004,0.00026250000000000004,375.74523449859345
7.420000000000004,0.00026250000000000004,375.6216935217981
7.440000000000004,0.00026250000000000004,375.5003973133471
7.460000000000004,0.00026250000000000004,375.3813338434138
7.480000000000004,0.00026250000000000004,375.26447476076174
7.500000000000004,0.00026250000000000004,375.1497892332929
7.520000000000004,0.00026250000000000004,375.0372348718615
7.5400000000000045,0.00026250000000000004,374.92676885789604
7.560000000000004,0.00026250000000000004,374.81834060778885
7.5800000000000045,0.00026250000000000004,374.71190023953284
7.600000000000004,0.00026250000000000004,374.607392758175
7.6200000000000045,0.00026250000000000004,374.5047647427145
7.640000000000004,0.00026250000000000004,374.4039592716875
7.660000000000005,0.00026250000000000004,374.3049218503761
7.680000000000004,0.00026250000000000004,374.2075952907664
7.700000000000005,0.00026250000000000004,374.1119256936118
7.720000000000004,0.00026250000000000004,374.0178567260185
7.740000000000005,0.00026250000000000004,373.92533616886783
7.760000000000004,0.00026250000000000004,373.834309300329
7.780000000000005,0.00026250000000000004,373.744726249444
7.800000000000004,0.00026250000000000004,373.65653440186446
7.820000000000005,0.00026250000000000004,373.56968661510456
7.840000000000004,0.00026250000000000004,373.4841326880117
7.860000000000005,0.00026250000000000004,373.3998283943257
7.880000000000004,0.00026250000000000004,373.3167261090744
7.900000000000004,0.00026250000000000004,373.2347845849337
7.920000000000004,0.00026250000000000004,373.153958829318
7.940000000000005,0.00026250000000000004,373.07421055759437
7.960000000000004,0.00026250000000000004,372.99549738735885
7.980000000000004,0.00026250000000000004,372.917783931796
8.000000000000004,0.00026250000000000004,372.84103034096273
8.020000000000005,0.00026250000000000004,372.76520403164733
8.040000000000004,0.00026250000000000004,372.69026757161555
8.060000000000004,0.00026250000000000004,372.61619106960137
8.080000000000005,0.00026250000000000004,372.54293937393527
8.100000000000005,0.00026250000000000004,372.4704851634047
6.900000000000004,0.00028125000000000003,377.2905569335699
6.9200000000000035,0.00028125000000000003,377.4041899191047
6.940000000000004,0.00028125000000000003,377.50867818887673
6.9600000000000035,0.00028125000000000003,377.59053151808
6.980000000000004,0.00028125000000000003,377.6350229999987
7.0000000000000036,0.00028125000000000003,377.6389079839442
7.020000000000004,0.00028125000000000003,377.60986311833744
7.040000000000004,0.00028125000000000003,377.5559197383029
7.060000000000004,0.00028125000000000003,377.48263306601444
7.080000000000004,0.00028125000000000003,377.39488304765655
7.100000000000004,0.00028125000000000003,377.29635105020003
7.120000000000004,0.00028125000000000003,377.1897715074946
7.140000000000004,0.00028125000000000003,377.0773779854135
7.160000000000004,0.00028125000000000003,376.9608152296729
7.180000000000004,0.00028125000000000003,376.8414111066414
7.200000000000004,0.00028125000000000003,376.7201966322632
7.220000000000004,0.00028125000000000003,376.5979745915206
7.240000000000004,0.00028125000000000003,376.4753955453932
7.260000000000004,0.00028125000000000003,376.3529564972008
7.280000000000004,0.00028125000000000003,376.2310633333888
7.300000000000004,0.00028125000000000003,376.11002659282326
7.320000000000004,0.00028125000000000003,375.99009370129795
7.340000000000004,0.00028125000000000003,375.8714552410787
7.360000000000004,0.00028125000000000003,375.7542558492403
7.380000000000004,0.00028125000000000003,375.63860590558056
7.400000000000004,0.00028125000000000003,375.5245830461158
7.420000000000004,0.00028125000000000003,375.41224309819756
7.440000000000004,0.00028125000000000003,375.30161968175196
7.460000000000004,0.00028125000000000003,375.19273154958603
7.480000000000004,0.00028125000000000003,375.0855832193025
7.500000000000004,0.00028125000000000003,374.98016859792773
7.520000000000004,0.00028125000000000003,374.87647297366885
7.5400000000000045,0.00028125000000000003,374.774474014651
7.560000000000004,0.00028125000000000003,374.6741444770297
7.5800000000000045,0.00028125000000000003,374.5754518163565
7.600000000000004,0.00028125000000000003,374.4783609014936
7.6200000000000045,0.00028125000000000003,374.3828331536948
7.640000000000004,0.00028125000000000003,374.28882882343146
7.660000000000005,0.00028125000000000003,374.1963061625931
7.680000000000004,0.00028125000000000003,374.1052231146945
7.700000000000005,0.00028125000000000003,374.01553670440063
7.720000000000004,0.00028125000000000003,373.9272041930415
7.740000000000005,0.00028125000000000003,373.8401826783829
7.760000000000004,0.00028125000000000003,373.75442986284816
7.780000000000005,0.00028125000000000003,373.6699037742295
7.800000000000004,0.00028125000000000003,373.58656331080994
7.820000000000005,0.00028125000000000003,373.50436798176383
7.840000000000004,0.00028125000000000003,373.42327836627857
7.860000000000005,0.00028125000000000003,373.3432557953719
7.880000000000004,0.00028125000000000003,373.2642628190285
7.900000000000004,0.00028125000000000003,373.186262784423
7.920000000000004,0.00028125000000000003,373.1092203634564
7.940000000000005,0.00028125000000000003,373.03310101201237
7.960000000000004,0.00028125000000000003,372.9578715785407
7.980000000000004,0.00028125000000000003,372.88349964916245
8.000000000000004,0.00028125000000000003,372.8099542382479
8.020000000000005,0.00028125000000000003,372.7372050342767
8.040000000000004,0.00028125000000000003,372.665223164327
8.060000000000004,0.00028125000000000003,372.59398035741657
8.080000000000005,0.00028125000000000003,372.52344977361946
8.100000000000005,0.00028125000000000003,372.45360509803254
6.900000000000004,0.00030000000000000003,376.55557391532693
6.9200000000000035,0.00030000000000000003,376.6743925525606
6.940000000000004,0.00030000000000000003,376.78653077000877
6.9600000000000035,0.00030000000000000003,376.88264796453
6.980000000000004,0.00030000000000000003,376.95035106816204
7.0000000000000036,0.00030000000000000003,376.9835793810879
7.020000000000004,0.00030000000000000003,376.98566189221407
7.040000000000004,0.00030000000000000003,376.962791117693
7.060000000000004,0.00030000000000000003,376.919850162006
7.080000000000004,0.00030000000000000003,376.86108969846043
7.100000000000004,0.00030000000000000003,376.7900651418593
7.120000000000004,0.00030000000000000003,376.7094764712216
7.140000000000004,0.00030000000000000003,376.6215558017248
7.160000000000004,0.00030000000000000003,376.528049341009
7.180000000000004,0.00030000000000000003,376.4303501513847
7.200000000000004,0.00030000000000000003,376.3295905137567
7.220000000000004,0.00030000000000000003,376.2266630648237
7.240000000000004,0.00030000000000000003,376.1223008686267
7.260000000000004,0.00030000000000000003,376.0170875723832
7.280000000000004,0.00030000000000000003,375.9114974553181
7.300000000000004,0.00030000000000000003,375.8059135784885
7.320000000000004,0.00030000000000000003,375.7006416937184
7.340000000000004,0.00030000000000000003,375.5959299965211
7.360000000000004,0.00030000000000000003,375.49197290962064
7.380000000000004,0.00030000000000000003,375.38892642987946
7.400000000000004,0.00030000000000000003,375.2869100957287
7.420000000000004,0.00030000000000000003,375.1860166083388
7.440000000000004,0.00030000000000000003,375.0863143707896
7.460000000000004,0.00030000000000000003,374.98785273942735
7.480000000000004,0.00030000000000000003,374.89066493331444
7.500000000000004,0.00030000000000000003,374.79477081527995
7.520000000000004,0.00030000000000000003,374.70017944200555
7.5400000000000045,0.00030000000000000003,374.60689080995337
7.560000000000004,0.00030000000000000003,374.5148975839107
7.5800000000000045,0.00030000000000000003,374.42418658984263
7.600000000000004,0.00030000000000000003,374.3347396353441
7.6200000000000045,0.00030000000000000003,374.2465350404138
7.640000000000004,0.00030000000000000003,374.1595477034452
7.660000000000005,0.00030000000000000003,374.07375069446306
7.680000000000004,0.00030000000000000003,373.9891148041344
7.700000000000005,0.00030000000000000003,373.90561012770974
7.720000000000004,0.00030000000000000003,373.823205315899
7.740000000000005,0.00030000000000000003,373.7418690763238
7.760000000000004,0.00030000000000000003,373.6615692823273
7.780000000000005,0.00030000000000000003,373.5822743539864
7.800000000000004,0.00030000000000000003,373.5039523133216
7.820000000000005,0.00030000000000000003,373.42657204517286
7.840000000000004,0.00030000000000000003,373.3501023340929
7.860000000000005,0.00030000000000000003,373.2745130320709
7.880000000000004,0.00030000000000000003,373.1997740788387
7.900000000000004,0.00030000000000000003,373.12585661584865
7.920000000000004,0.00030000000000000003,373.05273197535007
7.940000000000005,0.00030000000000000003,372.98037278109587
7.960000000000004,0.00030000000000000003,372.9087518871323
7.980000000000004,0.00030000000000000003,372.83784349990816
8.000000000000004,0.00030000000000000003,372.76762205005997
8.020000000000005,0.00030000000000000003,372.69806336199775
8.040000000000004,0.00030000000000000003,372.6291434469481
8.060000000000004,0.00030000000000000003,372.56083973754914
8.080000000000005,0.00030000000000000003,372.49312979547983
8.100000000000005,0.00030000000000000003,372.4259926216911
6.900000000000004,0.00031875,375.8404900875857
6.9200000000000035,0.00031875,375.9639030774254
6.940000000000004,0.00031875,376.08218486125463
6.9600000000000035,0.00031875,376.1890026044549
6.980000000000004,0.00031875,376.27449953698533
7.0000000000000036,0.00031875,376.33163561589333
7.020000000000004,0.00031875,376.3605109298686
7.040000000000004,0.00031875,376.36522953471274
7.060000000000004,0.00031875,376.34983602321245
7.080000000000004,0.00031875,376.317922231757
7.100000000000004,0.00031875,376.27272024615917
7.120000000000004,0.00031875,376.2168237693516
7.140000000000004,0.00031875,376.15238660406015
7.160000000000004,0.00031875,376.08117851236284
7.180000000000004,0.00031875,376.00462543952415
7.200000000000004,0.00031875,375.9239106880575
7.220000000000004,0.00031875,375.8399923985853
7.240000000000004,0.00031875,375.7536611077158
7.260000000000004,0.00031875,375.6655655986683
7.280000000000004,0.00031875,375.5762369069794
7.300000000000004,0.00031875,375.48611393549214
7.320000000000004,0.00031875,375.3955542510167
7.340000000000004,0.00031875,375.3048524766279
7.360000000000004,0.00031875,375.2142479233534
7.380000000000004,0.00031875,375.1239354274785
7.400000000000004,0.00031875,375.0340723196954
7.420000000000004,0.00031875,374.9447841917053
7.440000000000004,0.00031875,374.8561709920956
7.460000000000004,0.00031875,374.76831016668774
7.480000000000004,0.00031875,374.6812614102911
7.500000000000004,0.00031875,374.59506868769483
7.520000000000004,0.00031875,374.50976356837094
7.5400000000000045,0.00031875,374.4253668030465
7.560000000000004,0.00031875,374.3418904912639
7.5800000000000045,0.00031875,374.259339411655
7.600000000000004,0.00031875,374.1777123807019
7.6200000000000045,0.00031875,374.097003345276
7.640000000000004,0.00031875,374.0172022522121
7.660000000000005,0.00031875,373.93829587903775
7.680000000000004,0.00031875,373.86026843867825
7.700000000000005,0.00031875,373.7831021500288
7.720000000000004,0.00031875,373.70677770839404
7.740000000000005,0.00031875,373.6312746290692
7.760000000000004,0.00031875,373.55657164603195
7.780000000000005,0.00031875,373.4826468795807
7.800000000000004,0.00031875,373.4094781860325
7.820000000000005,0.00031875,373.3370432031031
7.840000000000004,0.00031875,373.26531965529205
7.860000000000005,0.00031875,373.19428532306057
7.880000000000004,0.00031875,373.1239183037816
7.900000000000004,0.00031875,373.0541969386992
7.920000000000004,0.00031875,372.9851000307946
7.940000000000005,0.00031875,372.9166067513659
7.960000000000004,0.00031875,372.8486968193487
7.980000000000004,0.00031875,372.7813503994343
8.000000000000004,0.00031875,372.71454825004054
8.020000000000005,0.00031875,372.6482716179452
8.040000000000004,0.00031875,372.58250236333464
8.060000000000004,0.00031875,372.5172228518229
8.080000000000005,0.00031875,372.45241606486746
8.100000000000005,0.00031875,372.38806548811243
6.900000000000004,0.0003375,375.14602890855116
6.9200000000000035,0.0003375,375.2735155096393
6.940000000000004,0.0003375,375.3968518481197
6.9600000000000035,0.0003375,375.5118226938395
6.980000000000004,0.0003375,375.6109087681871
7.0000000000000036,0.0003375,375.68722149726494
7.020000000000004,0.0003375,375.73875450696454
7.040000000000004,0.0003375,375.7676317373196
7.060000000000004,0.0003375,375.77692288448804
7.080000000000004,0.0003375,375.769556511676
7.100000000000004,0.0003375,375.7483265022954
7.120000000000004,0.0003375,375.71563254758
7.140000000000004,0.0003375,375.67349879116597
7.160000000000004,0.0003375,375.62364734014426
7.180000000000004,0.0003375,375.5675006851505
7.200000000000004,0.0003375,375.5062530913352
7.220000000000004,0.0003375,375.4408981116861
7.240000000000004,0.0003375,375.3722619827741
7.260000000000004,0.0003375,375.30103649795365
7.280000000000004,0.0003375,375.2277955387047
7.300000000000004,0.0003375,375.1530195067793
7.320000000000004,0.0003375,375.0771073644659
7.340000000000004,0.0003375,375.0003914864642
7.360000000000004,0.0003375,374.92314794904127
7.380000000000004,0.0003375,374.8456051698731
7.400000000000004,0.0003375,374.76795215854463
7.420000000000004,0.0003375,374.6903440045386
7.440000000000004,0.0003375,374.61290783410703
7.460000000000004,0.0003375,374.5357468195578
7.480000000000004,0.0003375,374.4589441305872
7.500000000000004,0.0003375,374.3825661264486
7.520000000000004,0.0003375,374.30666485188243
7.5400000000000045,0.0003375,374.23128060579563
7.560000000000004,0.0003375,374.1564435078665
7.5800000000000045,0.0003375,374.0821755052685
7.600000000000004,0.0003375,374.0084913889351
7.6200000000000045,0.0003375,373.93540030249636
7.640000000000004,0.0003375,373.8629064352241
7.660000000000005,0.0003375,373.79101012408904
7.680000000000004,0.0003375,373.71970834137346
7.700000000000005,0.0003375,373.648995491773
7.720000000000004,0.0003375,373.57886375060406
7.740000000000005,0.0003375,373.5093036493912
7.760000000000004,0.0003375,373.44030429243577
7.780000000000005,0.0003375,373.3718538046921
7.800000000000004,0.0003375,373.3039394451534
7.820000000000005,0.0003375,373.2365479688473
7.840000000000004,0.0003375,373.16966565407125
7.860000000000005,0.0003375,373.10327861141667
7.880000000000004,0.0003375,373.0373727422168
7.900000000000004,0.0003375,372.9719340137368
7.920000000000004,0.0003375,372.90694836561863
7.940000000000005,0.0003375,372.84240196174676
7.960000000000004,0.0003375,372.77828105944553
7.980000000000004,0.0003375,372.7145722438709
8.000000000000004,0.0003375,372.6512622717712
8.020000000000005,0.0003375,372.5883382921364
8.040000000000004,0.0003375,372.5257876731198
8.060000000000004,0.0003375,372.46359821200195
8.080000000000005,0.0003375,372.4017579508767
8.100000000000005,0.0003375,372.34025537894007
6.900000000000004,0.00035625,374.47284644885855
6.9200000000000035,0.00035625,374.6039339891739
6.940000000000004,0.00035625,374.73151064143246
6.9600000000000035,0.00035625,374.8528179714017
6.980000000000004,0.00035625,374.9622961621171
7.0000000000000036,0.00035625,375.0538062796454
7.020000000000004,0.00035625,375.12418992900575
7.040000000000004,0.00035625,375.1739273168665
7.060000000000004,0.00035625,375.20506337763635
7.080000000000004,0.00035625,375.21986810330776
7.100000000000004,0.00035625,375.22064696446733
7.120000000000004,0.00035625,375.20952837718954
7.140000000000004,0.00035625,375.18836526213545
7.160000000000004,0.00035625,375.15877730764623
7.180000000000004,0.00035625,375.1221438651664
7.200000000000004,0.00035625,375.0796384782575
7.220000000000004,0.00035625,375.0322589417459
7.240000000000004,0.00035625,374.98084666889713
7.260000000000004,0.00035625,374.92611535387226
7.280000000000004,0.00035625,374.8686666398192
7.300000000000004,0.00035625,374.8090088845659
7.320000000000004,0.00035625,374.7475711099867
7.340000000000004,0.00035625,374.6847145328646
7.360000000000004,0.00035625,374.6207437907799
7.380000000000004,0.00035625,374.5559146364767
7.400000000000004,0.00035625,374.49044208647746
7.420000000000004,0.00035625,374.4245061109371
7.440000000000004,0.00035625,374.35825720995496
7.460000000000004,0.00035625,374.2918208036243
7.480000000000004,0.00035625,374.22530100680893
7.500000000000004,0.00035625,374.1587839750635
7.520000000000004,0.00035625,374.09234052856806
7.5400000000000045,0.00035625,374.0260286154284
7.560000000000004,0.00035625,373.95989521344063
7.5800000000000045,0.00035625,373.8939780807752
7.600000000000004,0.00035625,373.8283071818915
7.6200000000000045,0.00035625,373.76290590049985
7.640000000000004,0.00035625,373.6977921246169
7.660000000000005,0.00035625,373.6329790772217
7.680000000000004,0.00035625,373.5684761397007
7.700000000000005,0.00035625,373.5042894215633
7.720000000000004,0.00035625,373.44042237741706
7.740000000000005,0.00035625,373.3768762015381
7.760000000000004,0.00035625,373.31365028317435
7.780000000000005,0.00035625,373.25074248243095
7.800000000000004,0.00035625,373.1881494624434
7.820000000000005,0.00035625,373.12586688220915
7.840000000000004,0.00035625,373.06388963823173
7.860000000000005,0.00035625,373.00221199671165
7.880000000000004,0.00035625,372.9408277708995
7.900000000000004,0.00035625,372.8797304073712
7.920000000000004,0.00035625,372.8189131190309
7.940000000000005,0.00035625,372.7583689359614
7.960000000000004,0.00035625,372.6980908083783
7.980000000000004,0.00035625,372.638071630191
8.000000000000004,0.00035625,372.57830432167026
8.020000000000005,0.00035625,372.5187818323445
8.040000000000004,0.00035625,372.4594972097673
8.060000000000004,0.00035625,372.4004435872371
8.080000000000005,0.00035625,372.34161424272065
8.100000000000005,0.00035625,372.28300257585784
6.900000000000004,0.000375,373.8215237081578
6.9200000000000035,0.000375,373.9557726052581
6.940000000000004,0.000375,374.08694435950804
6.9600000000000035,0.000375,374.21326234216417
6.980000000000004,0.000375,374.33072001901076
7.0000000000000036,0.000375,374.43417289628826
7.020000000000004,0.000375,374.5200214704972
7.040000000000004,0.000375,374.58753021246906
7.060000000000004,0.000375,374.63777196233116
7.080000000000004,0.000375,374.67237340928324
7.100000000000004,0.000375,374.6931447117768
7.120000000000004,0.000375,374.70189073124465
7.140000000000004,0.000375,374.70025774532047
7.160000000000004,0.000375,374.68972409522934
7.180000000000004,0.000375,374.67158907519166
7.200000000000004,0.000375,374.6469781381642
7.220000000000004,0.000375,374.6168658660407
7.240000000000004,0.000375,374.58208796284987
7.260000000000004,0.000375,374.5433615527547
7.280000000000004,0.000375,374.5013001096171
7.300000000000004,0.000375,374.4564273898391
7.320000000000004,0.000375,374.40919080779025
7.340000000000004,0.000375,374.35997148908723
7.360000000000004,0.000375,374.3090943651193
7.380000000000004,0.000375,374.25683597444555
7.400000000000004,0.000375,374.2034315400883
7.420000000000004,0.000375,374.14908109825654
7.440000000000004,0.000375,374.0939544111235
7.460000000000004,0.000375,374.0381956592732
7.480000000000004,0.000375,373.98192692954353
7.500000000000004,0.000375,373.92525169878826
7.520000000000004,0.000375,373.8682573733047
7.5400000000000045,0.000375,373.8110178260001
7.560000000000004,0.000375,373.75359526410676
7.5800000000000045,0.000375,373.69604207201274
7.600000000000004,0.000375,373.63840217376134
7.6200000000000045,0.000375,373.5807123877325
7.640000000000004,0.000375,373.52300339867264
7.660000000000005,0.000375,373.46530077449853
7.680000000000004,0.000375,373.4076256379241
7.700000000000005,0.000375,373.34999544732216
7.720000000000004,0.000375,373.29242444226526
7.740000000000005,0.000375,373.2349242554675
7.760000000000004,0.000375,373.17750419271334
7.780000000000005,0.000375,373.12017172033086
7.800000000000004,0.000375,373.0629326267259
7.820000000000005,0.000375,373.00579141613395
7.840000000000004,0.000375,372.9487513869513
7.860000000000005,0.000375,372.89181495424816
7.880000000000004,0.000375,372.8349836700825
7.900000000000004,0.000375,372.77825849195386
7.920000000000004,0.000375,372.72163976261623
7.940000000000005,0.000375,372.66512743786484
7.960000000000004,0.000375,372.6087210378476
7.980000000000004,0.000375,372.5524198446028
8.000000000000004,0.000375,372.49622283313266
8.020000000000005,0.000375,372.44012884661913
8.040000000000004,0.000375,372.3841365130837
8.060000000000004,0.000375,372.32824440415607
8.080000000000005,0.000375,372.2724509415622
8.100000000000005,0.000375,372.21675454363776
6.900000000000004,0.00039375000000000006,373.19257755360445
6.9200000000000035,0.00039375000000000006,373.3295759177049
6.940000000000004,0.00039375000000000006,373.46381237085245
6.9600000000000035,0.00039375000000000006,373.5941611901811
6.980000000000004,0.00039375000000000006,373.71779478024155
7.0000000000000036,0.00039375000000000006,373.83058612382166
7.020000000000004,0.00039375000000000006,373.92897009450786
7.040000000000004,0.00039375000000000006,374.01142405205087
7.060000000000004,0.00039375000000000006,374.078182984394
7.080000000000004,0.00039375000000000006,374.13026632199416
7.100000000000004,0.00039375000000000006,374.16900860013476
7.120000000000004,0.00039375000000000006,374.19586693398753
7.140000000000004,0.00039375000000000006,374.2122536925783
7.160000000000004,0.00039375000000000006,374.2194796846369
7.180000000000004,0.00039375000000000006,374.2187336273459
7.200000000000004,0.00039375000000000006,374.21106911998584
7.220000000000004,0.00039375000000000006,374.1974143565854
7.240000000000004,0.00039375000000000006,374.17857957134794
7.260000000000004,0.00039375000000000006,374.15526861952554
7.280000000000004,0.00039375000000000006,374.1280917181802
7.300000000000004,0.00039375000000000006,374.0975757013844
7.320000000000004,0.00039375000000000006,374.06417543624957
7.340000000000004,0.00039375000000000006,374.02828270877694
7.360000000000004,0.00039375000000000006,373.9902349437663
7.380000000000004,0.00039375000000000006,373.9503225462532
7.400000000000004,0.00039375000000000006,373.9087953551559
7.420000000000004,0.00039375000000000006,373.8658683601623
7.440000000000004,0.00039375000000000006,373.8217265322911
7.460000000000004,0.00039375000000000006,373.7765290742317
7.480000000000004,0.00039375000000000006,373.73041308552934
7.500000000000004,0.00039375000000000006,373.6834966391137
7.520000000000004,0.00039375000000000006,373.63588156993234
7.5400000000000045,0.00039375000000000006,373.58765567942606
7.560000000000004,0.00039375000000000006,373.538894845382
7.5800000000000045,0.00039375000000000006,373.48966460080175
7.600000000000004,0.00039375000000000006,373.4400217186328
7.6200000000000045,0.00039375000000000006,373.39001534410573
7.640000000000004,0.00039375000000000006,373.3396881808611
7.660000000000005,0.00039375000000000006,373.28907730052487
7.680000000000004,0.00039375000000000006,373.2382150332726
7.700000000000005,0.00039375000000000006,373.18712954001586
7.720000000000004,0.00039375000000000006,373.1358454879977
7.740000000000005,0.00039375000000000006,373.0843844461984
7.760000000000004,0.00039375000000000006,373.0327654062752
7.780000000000005,0.00039375000000000006,372.98100504587853
7.800000000000004,0.00039375000000000006,372.92911813848406
7.820000000000005,0.00039375000000000006,372.8771177185009
7.840000000000004,0.00039375000000000006,372.8250154107254
7.860000000000005,0.00039375000000000006,372.7728215232119
7.880000000000004,0.00039375000000000006,372.7205453178351
7.900000000000004,0.00039375000000000006,372.6681950507569
7.920000000000004,0.00039375000000000006,372.61577819918546
7.940000000000005,0.00039375000000000006,372.5633014643839
7.960000000000004,0.00039375000000000006,372.51077096537085
7.980000000000004,0.00039375000000000006,372.45819221555865
8.000000000000004,0.00039375000000000006,372.4055702911851
8.020000000000005,0.00039375000000000006,372.3529097896741
8.040000000000004,0.00039375000000000006,372.30021497853977
8.060000000000004,0.00039375000000000006,372.2474897413231
8.080000000000005,0.00039375000000000006,372.1947377112264
8.100000000000005,0.00039375000000000006,372.14196220883736
6.900000000000004,0.00041250000000000005,372.58645445626905
6.9200000000000035,0.00041250000000000005,372.7258151979644
6.940000000000004,0.00041250000000000005,372.8626614069008
6.9600000000000035,0.00041250000000000005,372.9962904545449
6.980000000000004,0.00041250000000000005,373.12474215002925
7.0000000000000036,0.00041250000000000005,373.2448158705875
7.020000000000004,0.00041250000000000005,373.3532612941501
7.040000000000004,0.00041250000000000005,373.4481352184328
7.060000000000004,0.00041250000000000005,373.52901594578606
7.080000000000004,0.00041250000000000005,373.59637649007055
7.100000000000004,0.00041250000000000005,373.6511115903911
7.120000000000004,0.00041250000000000005,373.694330599724
7.140000000000004,0.00041250000000000005,373.72719619987026
7.160000000000004,0.00041250000000000005,373.7508348300686
7.180000000000004,0.00041250000000000005,373.76630280388247
7.200000000000004,0.00041250000000000005,373.7745615342209
7.220000000000004,0.00041250000000000005,373.7764743444662
7.240000000000004,0.00041250000000000005,373.77280812481644
7.260000000000004,0.00041250000000000005,373.7642387733543
7.280000000000004,0.00041250000000000005,373.7513593167503
7.300000000000004,0.00041250000000000005,373.7346882264905
7.320000000000004,0.00041250000000000005,373.71467737766363
7.340000000000004,0.00041250000000000005,373.6917205263862
7.360000000000004,0.00041250000000000005,373.66615978864394
7.380000000000004,0.00041250000000000005,373.63829299683806
7.400000000000004,0.00041250000000000005,373.608378738988
7.420000000000004,0.00041250000000000005,373.5766422722487
7.440000000000004,0.00041250000000000005,373.5432793413539
7.460000000000004,0.00041250000000000005,373.50846079545806
7.480000000000004,0.00041250000000000005,373.4723353856577
7.500000000000004,0.00041250000000000005,373.4350333621165
7.520000000000004,0.00041250000000000005,373.39666843577396
7.5400000000000045,0.00041250000000000005,373.3573406114419
7.560000000000004,0.00041250000000000005,373.3171374898021
7.5800000000000045,0.00041250000000000005,373.276136531939
7.600000000000004,0.00041250000000000005,373.2344058604038
7.6200000000000045,0.00041250000000000005,373.19200609647106
7.640000000000004,0.00041250000000000005,373.14899079298846
7.660000000000005,0.00041250000000000005,373.10540794684175
7.680000000000004,0.00041250000000000005,373.0613001674914
7.700000000000005,0.00041250000000000005,373.0167059408026
7.720000000000004,0.00041250000000000005,372.9716596108981
7.740000000000005,0.00041250000000000005,372.9261924530438
7.760000000000004,0.00041250000000000005,372.88033252530545
7.780000000000005,0.00041250000000000005,372.83410559432224
7.800000000000004,0.00041250000000000005,372.7875348975616
7.820000000000005,0.00041250000000000005,372.7406419549778
7.840000000000004,0.00041250000000000005,372.69344627145614
7.860000000000005,0.00041250000000000005,372.6459660587935
7.880000000000004,0.00041250000000000005,372.598217900077
7.900000000000004,0.00041250000000000005,372.5502173997635
7.920000000000004,0.00041250000000000005,372.50197882616675
7.940000000000005,0.00041250000000000005,372.4535157024004
7.960000000000004,0.00041250000000000005,372.404840439101
7.980000000000004,0.00041250000000000005,372.35596487531217
8.000000000000004,0.00041250000000000005,372.3068999105705
8.020000000000005,0.00041250000000000005,372.2576560021887
8.040000000000004,0.00041250000000000005,372.20824280351934
8.060000000000004,0.00041250000000000005,372.15866962229404
8.080000000000005,0.00041250000000000005,372.10894507009465
8.100000000000005,0.00041250000000000005,372.05907748515074
6.900000000000004,0.00043125000000000005,372.0035418833251
6.9200000000000035,0.00043125000000000005,372.1449026269697
6.940000000000004,0.00043125000000000005,372.2839595334428
6.9600000000000035,0.00043125000000000005,372.4202807451323
6.980000000000004,0.00043125000000000005,372.5525268499284
7.0000000000000036,0.00043125000000000005,372.67828062626523
7.020000000000004,0.00043125000000000005,372.79473970685757
7.040000000000004,0.00043125000000000005,372.89982343868087
7.060000000000004,0.00043125000000000005,372.9926478715102
7.080000000000004,0.00043125000000000005,373.073223275056
7.100000000000004,0.00043125000000000005,373.14205114446446
7.120000000000004,0.00043125000000000005,373.19991210874724
7.140000000000004,0.00043125000000000005,373.24771517760786
7.160000000000004,0.00043125000000000005,373.28639448451094
7.180000000000004,0.00043125000000000005,373.3168595971409
7.200000000000004,0.00043125000000000005,373.3399646500425
7.220000000000004,0.00043125000000000005,373.3564928929487
7.240000000000004,0.00043125000000000005,373.3671536117052
7.260000000000004,0.00043125000000000005,373.3725811522313
7.280000000000004,0.00043125000000000005,373.373339842859
7.300000000000004,0.00043125000000000005,373.3699285644236
7.320000000000004,0.00043125000000000005,373.3627873511107
7.340000000000004,0.00043125000000000005,373.35230307402713
7.360000000000004,0.00043125000000000005,373.3388158661453
7.380000000000004,0.00043125000000000005,373.322624156704
7.400000000000004,0.00043125000000000005,373.3039903267621
7.420000000000004,0.00043125000000000005,373.2831446587744
7.440000000000004,0.00043125000000000005,373.2602900557673
7.460000000000004,0.00043125000000000005,373.23560496921215
7.480000000000004,0.00043125000000000005,373.20924721640256
7.500000000000004,0.00043125000000000005,373.1813560727771
7.520000000000004,0.00043125000000000005,373.1520553169488
7.5400000000000045,0.00043125000000000005,373.12145467006115
7.560000000000004,0.00043125000000000005,373.0896522237551
7.5800000000000045,0.00043125000000000005,373.05673537821275
7.600000000000004,0.00043125000000000005,373.02278279590377
7.6200000000000045,0.00043125000000000005,372.9878649600239
7.640000000000004,0.00043125000000000005,372.9520457698687
7.660000000000005,0.00043125000000000005,372.9153828166527
7.680000000000004,0.00043125000000000005,372.87792870843316
7.700000000000005,0.00043125000000000005,372.83973113986656
7.720000000000004,0.00043125000000000005,372.8008340113377
7.740000000000005,0.00043125000000000005,372.7612773520907
7.760000000000004,0.00043125000000000005,372.72109828066056
7.780000000000005,0.00043125000000000005,372.68033082663925
7.800000000000004,0.00043125000000000005,372.63900676679214
7.820000000000005,0.00043125000000000005,372.5971553793263
7.840000000000004,0.00043125000000000005,372.5548041809477
7.860000000000005,0.00043125000000000005,372.5119786386403
7.880000000000004,0.00043125000000000005,372.4687028263108
7.900000000000004,0.00043125000000000005,372.4249991123982
7.920000000000004,0.00043125000000000005,372.38088874990257
7.940000000000005,0.00043125000000000005,372.3363915532045
7.960000000000004,0.00043125000000000005,372.29152643167726
7.980000000000004,0.00043125000000000005,372.2463110654772
8.000000000000004,0.00043125000000000005,372.2007623902957
8.020000000000005,0.00043125000000000005,372.15489627921164
8.040000000000004,0.00043125000000000005,372.108727984213
8.060000000000004,0.00043125000000000005,372.06227182924374
8.080000000000005,0.00043125000000000005,372.01554161270695
8.100000000000005,0.00043125000000000005,371.9685503154019
6.900000000000004,0.00045000000000000004,371.44416407013546
6.9200000000000035,0.00045000000000000004,371.58718707588804
6.940000000000004,0.00045000000000000004,371.7280983527628
6.9600000000000035,0.00045000000000000004,371.86663319202273
6.980000000000004,0.00045000000000000004,372.0018877915774
7.0000000000000036,0.00045000000000000004,372.1320746068051
7.020000000000004,0.00045000000000000004,372.25487758391114
7.040000000000004,0.00045000000000000004,372.36827258602494
7.060000000000004,0.00045000000000000004,372.47109569432996
7.080000000000004,0.00045000000000000004,372.56298996312086
7.100000000000004,0.00045000000000000004,372.6441200241296
7.120000000000004,0.00045000000000000004,372.71496699806585
7.140000000000004,0.00045000000000000004,372.77619582626244
7.160000000000004,0.00045000000000000004,372.8285458403253
7.180000000000004,0.00045000000000000004,372.87277462683215
7.200000000000004,0.00045000000000000004,372.90961707892086
7.220000000000004,0.00045000000000000004,372.9397668057899
7.240000000000004,0.00045000000000000004,372.96386250804596
7.260000000000004,0.00045000000000000004,372.98248736691977
7.280000000000004,0.00045000000000000004,372.9961654030546
7.300000000000004,0.00045000000000000004,373.00536786056966
7.320000000000004,0.00045000000000000004,373.01051316637194
7.340000000000004,0.00045000000000000004,373.01197513806085
7.360000000000004,0.00045000000000000004,373.01008392894386
7.380000000000004,0.00045000000000000004,373.00513406908675
7.400000000000004,0.00045000000000000004,372.9973852688663
7.420000000000004,0.00045000000000000004,372.9870696803387
7.440000000000004,0.00045000000000000004,372.97439215595443
7.460000000000004,0.00045000000000000004,372.95953662200606
7.480000000000004,0.00045000000000000004,372.94266574389775
7.500000000000004,0.00045000000000000004,372.9239264674216
7.520000000000004,0.00045000000000000004,372.9034491871923
7.5400000000000045,0.00045000000000000004,372.88135255780514
7.560000000000004,0.00045000000000000004,372.85774229874943
7.5800000000000045,0.00045000000000000004,372.832715383347
7.600000000000004,0.00045000000000000004,372.8063586042507
7.6200000000000045,0.00045000000000000004,372.7787522385588
7.640000000000004,0.00045000000000000004,372.7499684751365
7.660000000000005,0.00045000000000000004,372.720074639069
7.680000000000004,0.00045000000000000004,372.68913155886463
7.700000000000005,0.00045000000000000004,372.6571964171675
7.720000000000004,0.00045000000000000004,372.6243211165216
7.740000000000005,0.00045000000000000004,372.59055480853885
7.760000000000004,0.00045000000000000004,372.5559423016295
7.780000000000005,0.00045000000000000004,372.5205263087587
7.800000000000004,0.00045000000000000004,372.48434592866863
7.820000000000005,0.00045000000000000004,372.44743864311334
7.840000000000004,0.00045000000000000004,372.40983889385785
7.860000000000005,0.00045000000000000004,372.3715798535127
7.880000000000004,0.00045000000000000004,372.3326921134085
7.900000000000004,0.00045000000000000004,372.29320524731116
7.920000000000004,0.00045000000000000004,372.253146619723
7.940000000000005,0.00045000000000000004,372.21254275836196
7.960000000000004,0.00045000000000000004,372.1714182881587
7.980000000000004,0.00045000000000000004,372.1297971260159
8.000000000000004,0.00045000000000000004,372.08770154251266
8.020000000000005,0.00045000000000000004,372.0451531908042
8.040000000000004,0.00045000000000000004,372.0021722955828
8.060000000000004,0.00045000000000000004,371.95877852680303
8.080000000000005,0.00045000000000000004,371.9149903136193
8.100000000000005,0.00045000000000000004,371.87082557277523
6.900000000000004,0.00046875000000000004,370.90859240932025
6.9200000000000035,0.00046875000000000004,371.05296704644036
6.940000000000004,0.00046875000000000004,371.19541103530133
6.9600000000000035,0.00046875000000000004,371.335763157832
6.980000000000004,0.00046875000000000004,371.47341517829113
7.0000000000000036,0.00046875000000000004,371.60707075140596
7.020000000000004,0.00046875000000000004,371.7348733854135
7.040000000000004,0.00046875000000000004,371.854977804671
7.060000000000004,0.00046875000000000004,371.96608863789885
7.080000000000004,0.00046875000000000004,372.06758585794387
7.100000000000004,0.00046875000000000004,372.1593542715822
7.120000000000004,0.00046875000000000004,372.2416169054744
7.140000000000004,0.00046875000000000004,372.31480912567025
7.160000000000004,0.00046875000000000004,372.37948437711606
7.180000000000004,0.00046875000000000004,372.4362445215855
7.200000000000004,0.00046875000000000004,372.48570281597887
7.220000000000004,0.00046875000000000004,372.5284527605148
7.240000000000004,0.00046875000000000004,372.565057093174
7.260000000000004,0.00046875000000000004,372.5960360823259
7.280000000000004,0.00046875000000000004,372.6218680380223
7.300000000000004,0.00046875000000000004,372.6429856792175
7.320000000000004,0.00046875000000000004,372.6597814156792
7.340000000000004,0.00046875000000000004,372.6726065747443
7.360000000000004,0.00046875000000000004,372.68177815650483
7.380000000000004,0.00046875000000000004,372.68757880399266
7.400000000000004,0.00046875000000000004,372.69026353164566
7.420000000000004,0.00046875000000000004,372.6900596383019
7.440000000000004,0.00046875000000000004,372.68717284076604
7.460000000000004,0.00046875000000000004,372.6817868687634
7.480000000000004,0.00046875000000000004,372.6740688663987
7.500000000000004,0.00046875000000000004,372.6641686347509
7.520000000000004,0.00046875000000000004,372.6522233330234
7.5400000000000045,0.00046875000000000004,372.6383564266533
7.560000000000004,0.00046875000000000004,372.622681770383
7.5800000000000045,0.00046875000000000004,372.60530234885186
7.600000000000004,0.00046875000000000004,372.5863138283221
7.6200000000000045,0.00046875000000000004,372.56580317597536
7.640000000000004,0.00046875000000000004,372.5438517569863
7.660000000000005,0.00046875000000000004,372.5205339057575
7.680000000000004,0.00046875000000000004,372.49591963213305
7.700000000000005,0.00046875000000000004,372.47007320177653
7.720000000000004,0.00046875000000000004,372.4430555033115
7.740000000000005,0.00046875000000000004,372.4149226801521
7.760000000000004,0.00046875000000000004,372.3857282002176
7.780000000000005,0.00046875000000000004,372.35552156923126
7.800000000000004,0.00046875000000000004,372.32435013645386
7.820000000000005,0.00046875000000000004,372.2922579098579
7.840000000000004,0.00046875000000000004,372.25928712492566
7.860000000000005,0.00046875000000000004,372.22547717479
7.880000000000004,0.00046875000000000004,372.19086596425075
7.900000000000004,0.00046875000000000004,372.15548896248566
7.920000000000004,0.00046875000000000004,372.11938036078396
7.940000000000005,0.00046875000000000004,372.0825722513128
7.960000000000004,0.00046875000000000004,372.0450956043973
7.980000000000004,0.00046875000000000004,372.0069795737166
8.000000000000004,0.00046875000000000004,371.96825230704803
8.020000000000005,0.00046875000000000004,371.9289403759401
8.040000000000004,0.00046875000000000004,371.8890694324363
8.060000000000004,0.00046875000000000004,371.84866375956216
8.080000000000005,0.00046875000000000004,371.80774678551074
8.100000000000005,0.00046875000000000004,371.7663407500293
6.900000000000004,0.00048750000000000003,370.39704542327473
6.9200000000000035,0.00048750000000000003,370.5424849359665
6.940000000000004,0.00048750000000000003,370.6861742879845
6.9600000000000035,0.00048750000000000003,370.8280030616696
6.980000000000004,0.00048750000000000003,370.9675691457953
7.0000000000000036,0.00048750000000000003,371.10393853533157
7.020000000000004,0.00048750000000000003,371.23566898056646
7.040000000000004,0.00048750000000000003,371.36114554028416
7.060000000000004,0.00048750000000000003,371.4790646735106
7.080000000000004,0.00048750000000000003,371.58863036405114
7.100000000000004,0.00048750000000000003,371.68951745901336
7.120000000000004,0.00048750000000000003,371.78172507175907
7.140000000000004,0.00048750000000000003,371.8654907454869
7.160000000000004,0.00048750000000000003,371.94118631834345
7.180000000000004,0.00048750000000000003,372.0092693313076
7.200000000000004,0.00048750000000000003,372.07022356413177
7.220000000000004,0.00048750000000000003,372.12454517296834
7.240000000000004,0.00048750000000000003,372.17270894845666
7.260000000000004,0.00048750000000000003,372.2151721989982
7.280000000000004,0.00048750000000000003,372.2523549070033
7.300000000000004,0.00048750000000000003,372.28465079431686
7.320000000000004,0.00048750000000000003,372.31241448368564
7.340000000000004,0.00048750000000000003,372.3359747321862
7.360000000000004,0.00048750000000000003,372.35562496169655
7.380000000000004,0.00048750000000000003,372.3716364213589
7.400000000000004,0.00048750000000000003,372.38425040025106
7.420000000000004,0.00048750000000000003,372.39369035163253
7.440000000000004,0.00048750000000000003,372.4001551021119
7.460000000000004,0.00048750000000000003,372.40382957008774
7.480000000000004,0.00048750000000000003,372.4048787345185
7.500000000000004,0.00048750000000000003,372.40345686698316
7.520000000000004,0.00048750000000000003,372.39970220104965
7.5400000000000045,0.00048750000000000003,372.39374472742554
7.560000000000004,0.00048750000000000003,372.3857015647583
7.5800000000000045,0.00048750000000000003,372.3756834177886
7.600000000000004,0.00048750000000000003,372.3637906629448
7.6200000000000045,0.00048750000000000003,372.35011858190154
7.640000000000004,0.00048750000000000003,372.3347541703903
7.660000000000005,0.00048750000000000003,372.3177802561739
7.680000000000004,0.00048750000000000003,372.2992730290356
7.700000000000005,0.00048750000000000003,372.27930514363504
7.720000000000004,0.00048750000000000003,372.25794395758766
7.740000000000005,0.00048750000000000003,372.2352537104562
7.760000000000004,0.00048750000000000003,372.211294447087
7.780000000000005,0.00048750000000000003,372.1861233557842
7.800000000000004,0.00048750000000000003,372.15979434623085
7.820000000000005,0.00048750000000000003,372.13235862298114
7.840000000000004,0.00048750000000000003,372.10386488147725
7.860000000000005,0.00048750000000000003,372.074359187204
7.880000000000004,0.00048750000000000003,372.0438857493083
7.900000000000004,0.00048750000000000003,372.012486170879
7.920000000000004,0.00048750000000000003,371.9802007571591
7.940000000000005,0.00048750000000000003,371.9470671982328
7.960000000000004,0.00048750000000000003,371.91312236750457
7.980000000000004,0.00048750000000000003,371.87840049435755
8.000000000000004,0.00048750000000000003,371.8429354082239
8.020000000000005,0.00048750000000000003,371.80675825540266
8.040000000000004,0.00048750000000000003,371.7699001444361
8.060000000000004,0.00048750000000000003,371.7323894581188
8.080000000000005,0.00048750000000000003,371.694254856833
8.100000000000005,0.00048750000000000003,371.6555222338173
6.900000000000004,0.0005062500000000001,369.90969269840383
6.9200000000000035,0.0005062500000000001,370.0559446711716
6.940000000000004,0.0005062500000000001,370.2006145601183
6.9600000000000035,0.0005062500000000001,370.3436324287286
6.980000000000004,0.0005062500000000001,370.48471671385823
7.0000000000000036,0.0005062500000000001,370.62321582513243
7.020000000000004,0.0005062500000000001,370.7580186837599
7.040000000000004,0.0005062500000000001,370.887773282735
7.060000000000004,0.0005062500000000001,371.011231271965
7.080000000000004,0.0005062500000000001,371.12751869057524
7.100000000000004,0.0005062500000000001,371.2361461689075
7.120000000000004,0.0005062500000000001,371.3369460010121
7.140000000000004,0.0005062500000000001,371.4299724458161
7.160000000000004,0.0005062500000000001,371.5154452089781
7.180000000000004,0.0005062500000000001,371.59367297930214
7.200000000000004,0.0005062500000000001,371.66502540017586
7.220000000000004,0.0005062500000000001,371.72988867289763
7.240000000000004,0.0005062500000000001,371.7886582888492
7.260000000000004,0.0005062500000000001,371.841713668762
7.280000000000004,0.0005062500000000001,371.8894222479519
7.300000000000004,0.0005062500000000001,371.93212405046285
7.320000000000004,0.0005062500000000001,371.97014058908417
7.340000000000004,0.0005062500000000001,372.00376459571953
7.360000000000004,0.0005062500000000001,372.0332701722205
7.380000000000004,0.0005062500000000001,372.05890529866787
7.400000000000004,0.0005062500000000001,372.08090156554977
7.420000000000004,0.0005062500000000001,372.09946831520716
7.440000000000004,0.0005062500000000001,372.1148012705087
7.460000000000004,0.0005062500000000001,372.12707778684006
7.480000000000004,0.0005062500000000001,372.13646415541916
7.500000000000004,0.0005062500000000001,372.14311174233956
7.520000000000004,0.0005062500000000001,372.14716295044224
7.5400000000000045,0.0005062500000000001,372.1487481540311
7.560000000000004,0.0005062500000000001,372.14799038917755
7.5800000000000045,0.0005062500000000001,372.1450030435422
7.600000000000004,0.0005062500000000001,372.139893376128
7.6200000000000045,0.0005062500000000001,372.1327609361126
7.640000000000004,0.0005062500000000001,372.12370001961557
7.660000000000005,0.0005062500000000001,372.1127987913783
7.680000000000004,0.0005062500000000001,372.1001407823969
7.700000000000005,0.0005062500000000001,372.08580468345156
7.720000000000004,0.0005062500000000001,372.06986498017284
7.740000000000005,0.0005062500000000001,372.05239238187477
7.760000000000004,0.0005062500000000001,372.0334536827675
7.780000000000005,0.0005062500000000001,372.0131127847966
7.800000000000004,0.0005062500000000001,371.99142986641897
7.820000000000005,0.0005062500000000001,371.96846295467674
7.840000000000004,0.0005062500000000001,371.94426647650124
7.860000000000005,0.0005062500000000001,371.9188933330905
7.880000000000004,0.0005062500000000001,371.89239290303806
7.900000000000004,0.0005062500000000001,371.86481357110944
7.920000000000004,0.0005062500000000001,371.8362002474452
7.940000000000005,0.0005062500000000001,371.806597302868
7.960000000000004,0.0005062500000000001,371.7760456638308
7.980000000000004,0.0005062500000000001,371.74458610720524
8.000000000000004,0.0005062500000000001,371.71225598642127
8.020000000000005,0.0005062500000000001,371.6790928401465
8.040000000000004,0.0005062500000000001,371.6451308010703
8.060000000000004,0.0005062500000000001,371.61040447480735
8.080000000000005,0.0005062500000000001,371.5749450790063
8.100000000000005,0.0005062500000000001,371.53878455104314
6.900000000000004,0.0005250000000000001,369.4466684476737
6.9200000000000035,0.0005250000000000001,369.5934955296446
6.940000000000004,0.0005250000000000001,369.73892099768597
6.9600000000000035,0.0005250000000000001,369.882865570031
6.980000000000004,0.0005250000000000001,370.02515240085734
7.0000000000000036,0.0005250000000000001,370.16530861137784
7.020000000000004,0.0005250000000000001,370.3025148636845
7.040000000000004,0.0005250000000000001,370.4356450166972
7.060000000000004,0.0005250000000000001,370.56357803441267
7.080000000000004,0.0005250000000000001,370.68540551971154
7.100000000000004,0.0005250000000000001,370.8005510170694
7.120000000000004,0.0005250000000000001,370.9087010882505
7.140000000000004,0.0005250000000000001,371.00977559418124
7.160000000000004,0.0005250000000000001,371.10384362780394
7.180000000000004,0.0005250000000000001,371.19109264619334
7.200000000000004,0.0005250000000000001,371.27176924847157
7.220000000000004,0.0005250000000000001,371.34616547033545
7.240000000000004,0.0005250000000000001,371.4145847471884
7.260000000000004,0.0005250000000000001,371.47733803413064
7.280000000000004,0.0005250000000000001,371.534727321306
7.300000000000004,0.0005250000000000001,371.5870447188469
7.320000000000004,0.0005250000000000001,371.63456732565544
7.340000000000004,0.0005250000000000001,371.67755530192153
7.360000000000004,0.0005250000000000001,371.7162543720197
7.380000000000004,0.0005250000000000001,371.7508909791063
7.400000000000004,0.0005250000000000001,371.781680336584
7.420000000000004,0.0005250000000000001,371.8088179664069
7.440000000000004,0.0005250000000000001,371.8324920944004
7.460000000000004,0.0005250000000000001,371.8528714981537
7.480000000000004,0.0005250000000000001,371.870121491964
7.500000000000004,0.0005250000000000001,371.8843882989281
7.520000000000004,0.0005250000000000001,371.89581810020246
7.5400000000000045,0.0005250000000000001,371.90453826223023
7.560000000000004,0.0005250000000000001,371.91067904179516
7.5800000000000045,0.0005250000000000001,371.914352034552
7.600000000000004,0.0005250000000000001,371.9156741879602
7.6200000000000045,0.0005250000000000001,371.9147438368683
7.640000000000004,0.0005250000000000001,371.91166670994767
7.660000000000005,0.0005250000000000001,371.9065299027115
7.680000000000004,0.0005250000000000001,371.8994295847137
7.700000000000005,0.0005250000000000001,371.89044323904386
7.720000000000004,0.0005250000000000001,371.8796587947714
7.740000000000005,0.0005250000000000001,371.8671454385002
7.760000000000004,0.0005250000000000001,371.85298391272755
7.780000000000005,0.0005250000000000001,371.8372361811557
7.800000000000004,0.0005250000000000001,371.8199766500671
7.820000000000005,0.0005250000000000001,371.8012609455632
7.840000000000004,0.0005250000000000001,371.78115783201554
7.860000000000005,0.0005250000000000001,371.7597173365934
7.880000000000004,0.0005250000000000001,371.7370031562289
7.900000000000004,0.0005250000000000001,371.7130603429455
7.920000000000004,0.0005250000000000001,371.6879480082171
7.940000000000005,0.0005250000000000001,371.66170676185516
7.960000000000004,0.0005250000000000001,371.6343915399363
7.980000000000004,0.0005250000000000001,371.60603897033883
8.000000000000004,0.0005250000000000001,371.57670016730174
8.020000000000005,0.0005250000000000001,371.5464081782019
8.040000000000004,0.0005250000000000001,371.5152106040928
8.060000000000004,0.0005250000000000001,371.4831372649765
8.080000000000005,0.0005250000000000001,371.45023252120467
8.100000000000005,0.0005250000000000001,371.4165232783181
6.900000000000004,0.0005437500000000001,369.00805424971713
6.9200000000000035,0.0005437500000000001,369.1552679235346
6.940000000000004,0.0005437500000000001,369.3012306249668
6.9600000000000035,0.0005437500000000001,369.4458898334628
6.980000000000004,0.0005437500000000001,369.5891003423801
7.0000000000000036,0.0005437500000000001,369.73055235037896
7.020000000000004,0.0005437500000000001,369.8696194244331
7.040000000000004,0.0005437500000000001,370.00540748348277
7.060000000000004,0.0005437500000000001,370.1369145657557
7.080000000000004,0.0005437500000000001,370.26327530641595
7.100000000000004,0.0005437500000000001,370.3838490942786
7.120000000000004,0.0005437500000000001,370.49823719255903
7.140000000000004,0.0005437500000000001,370.60623552976523
7.160000000000004,0.0005437500000000001,370.70779988857106
7.180000000000004,0.0005437500000000001,370.80299591659985
7.200000000000004,0.0005437500000000001,370.8919672650227
7.220000000000004,0.0005437500000000001,370.97490694264934
7.240000000000004,0.0005437500000000001,371.05203528942326
7.260000000000004,0.0005437500000000001,371.1235900538901
7.280000000000004,0.0005437500000000001,371.18980952018126
7.300000000000004,0.0005437500000000001,371.2509354804398
7.320000000000004,0.0005437500000000001,371.30719733292585
7.340000000000004,0.0005437500000000001,371.35882349574626
7.360000000000004,0.0005437500000000001,371.40602421324
7.380000000000004,0.0005437500000000001,371.44900865284353
7.400000000000004,0.0005437500000000001,371.487965437782
7.420000000000004,0.0005437500000000001,371.52308382604366
7.440000000000004,0.0005437500000000001,371.55453167952476
7.460000000000004,0.0005437500000000001,371.582479772113
7.480000000000004,0.0005437500000000001,371.60707725706743
7.500000000000004,0.0005437500000000001,371.6284784812749
7.520000000000004,0.0005437500000000001,371.64681618184505
7.5400000000000045,0.0005437500000000001,371.66223034667547
7.560000000000004,0.0005437500000000001,371.67483944342325
7.5800000000000045,0.0005437500000000001,371.68477095000367
7.600000000000004,0.0005437500000000001,371.69213094017937
7.6200000000000045,0.0005437500000000001,371.69703595555285
7.640000000000004,0.0005437500000000001,371.6995812668452
7.660000000000005,0.0005437500000000001,371.69987379178286
7.680000000000004,0.0005437500000000001,371.6979993331262
7.700000000000005,0.0005437500000000001,371.69405627354854
7.720000000000004,0.0005437500000000001,371.6881220677286
7.740000000000005,0.0005437500000000001,371.6802874695152
7.760000000000004,0.0005437500000000001,371.67062252966736
7.780000000000005,0.0005437500000000001,371.6592111336123
7.800000000000004,0.0005437500000000001,371.6461167306134
7.820000000000005,0.0005437500000000001,371.63141698259335
7.840000000000004,0.0005437500000000001,371.61516942564015
7.860000000000005,0.0005437500000000001,371.5974460516362
7.880000000000004,0.0005437500000000001,371.57829907955886
7.900000000000004,0.0005437500000000001,371.557795311881
7.920000000000004,0.0005437500000000001,371.53598217132213
7.940000000000005,0.0005437500000000001,371.5129216930264
7.960000000000004,0.0005437500000000001,371.48865696232
7.980000000000004,0.0005437500000000001,371.4632456214736
8.000000000000004,0.0005437500000000001,371.43672682557616
8.020000000000005,0.0005437500000000001,371.409154159208
8.040000000000004,0.0005437500000000001,371.38056321070053
8.060000000000004,0.0005437500000000001,371.351003809287
8.080000000000005,0.0005437500000000001,371.3205083026788
8.100000000000005,0.0005437500000000001,371.28912303924466
6.900000000000004,0.0005625000000000001,368.59391579395617
6.9200000000000035,0.0005625000000000001,368.7413388524672
6.940000000000004,0.0005625000000000001,368.88765884835493
6.9600000000000035,0.0005625000000000001,369.0328370618719
6.980000000000004,0.0005625000000000001,369.1767435660615
7.0000000000000036,0.0005625000000000001,369.31919539764436
7.020000000000004,0.0005625000000000001,369.459694221503
7.040000000000004,0.0005625000000000001,369.59755919163746
7.060000000000004,0.0005625000000000001,369.7318911152858
7.080000000000004,0.0005625000000000001,369.8619278390626
7.100000000000004,0.0005625000000000001,369.98697188043747
7.120000000000004,0.0005625000000000001,370.1066087021848
7.140000000000004,0.0005625000000000001,370.22049874947555
7.160000000000004,0.0005625000000000001,370.3285486008874
7.180000000000004,0.0005625000000000001,370.4306698934796
7.200000000000004,0.0005625000000000001,370.5269637406631
7.220000000000004,0.0005625000000000001,370.6174768098271
7.240000000000004,0.0005625000000000001,370.7024067263064
7.260000000000004,0.0005625000000000001,370.78186049958265
7.280000000000004,0.0005625000000000001,370.8560752437736
7.300000000000004,0.0005625000000000001,370.92517797371227
7.320000000000004,0.0005625000000000001,370.9894159243878
7.340000000000004,0.0005625000000000001,371.048916457598
7.360000000000004,0.0005625000000000001,371.1039229568446
7.380000000000004,0.0005625000000000001,371.15455448213646
7.400000000000004,0.0005625000000000001,371.20104446794545
7.420000000000004,0.0005625000000000001,371.2435004943546
7.440000000000004,0.0005625000000000001,371.2821437750441
7.460000000000004,0.0005625000000000001,371.31706980270445
7.480000000000004,0.0005625000000000001,371.3484870742885
7.500000000000004,0.0005625000000000001,371.3764795144611
7.520000000000004,0.0005625000000000001,371.40124318443145
7.5400000000000045,0.0005625000000000001,371.4228513942448
7.560000000000004,0.0005625000000000001,371.4414883562352
7.5800000000000045,0.0005625000000000001,371.4572178335402
7.600000000000004,0.0005625000000000001,371.47021286859103
7.6200000000000045,0.0005625000000000001,371.48052872039506
7.640000000000004,0.0005625000000000001,371.48832794096387
7.660000000000005,0.0005625000000000001,371.4936582488363
7.680000000000004,0.0005625000000000001,371.4966723503702
7.700000000000005,0.0005625000000000001,371.4974112927219
7.720000000000004,0.0005625000000000001,371.4960185363854
7.740000000000005,0.0005625000000000001,371.4925292327694
7.760000000000004,0.0005625000000000001,371.48707815139664
7.780000000000005,0.0005625000000000001,371.47969523755455
7.800000000000004,0.0005625000000000001,371.47050708356363
7.820000000000005,0.0005625000000000001,371.45953904137133
7.840000000000004,0.0005625000000000001,371.4469100033791
7.860000000000005,0.0005625000000000001,371.43264127307293
7.880000000000004,0.0005625000000000001,371.4168444881065
7.900000000000004,0.0005625000000000001,371.3995373885373
7.920000000000004,0.0005625000000000001,371.3808247740819
7.940000000000005,0.0005625000000000001,371.3607212535669
7.960000000000004,0.0005625000000000001,371.33932518030696
7.980000000000004,0.0005625000000000001,371.3166484172953
8.000000000000004,0.0005625000000000001,371.292783240207
8.020000000000005,0.0005625000000000001,371.2677391099875
8.040000000000004,0.0005625000000000001,371.24160257269864
8.060000000000004,0.0005625000000000001,371.21438099388024
8.080000000000005,0.0005625000000000001,371.1861555189373
8.100000000000005,0.0005625000000000001,371.15693169140553
6.900000000000004,0.0005812500000000001,368.20429193492083
6.9200000000000035,0.0005812500000000001,368.3517546904102
6.940000000000004,0.0005812500000000001,368.4982985020843
6.9600000000000035,0.0005812500000000001,368.6437980741205
6.980000000000004,0.0005812500000000001,368.78823945605626
7.0000000000000036,0.0005812500000000001,368.93141817560706
7.020000000000004,0.0005812500000000001,369.07304375728785
7.040000000000004,0.0005812500000000001,369.21247809146865
7.060000000000004,0.0005812500000000001,369.3490593195485
7.080000000000004,0.0005812500000000001,369.4820017430919
7.100000000000004,0.0005812500000000001,369.61073169899976
7.120000000000004,0.0005812500000000001,369.73469017784305
7.140000000000004,0.0005812500000000001,369.8535898555424
7.160000000000004,0.0005812500000000001,369.96714080164713
7.180000000000004,0.0005812500000000001,370.0752870417675
7.200000000000004,0.0005812500000000001,370.17792348517423
7.220000000000004,0.0005812500000000001,370.27513573298876
7.240000000000004,0.0005812500000000001,370.3669239396753
7.260000000000004,0.0005812500000000001,370.4534498529905
7.280000000000004,0.0005812500000000001,370.5347676823398
7.300000000000004,0.0005812500000000001,370.61107600290495
7.320000000000004,0.0005812500000000001,370.6824540158112
7.340000000000004,0.0005812500000000001,370.749115144248
7.360000000000004,0.0005812500000000001,370.81114792171707
7.380000000000004,0.0005812500000000001,370.86876866764715
7.400000000000004,0.0005812500000000001,370.92206703734075
7.420000000000004,0.0005812500000000001,370.9712558155785
7.440000000000004,0.0005812500000000001,371.0164215780183
7.460000000000004,0.0005812500000000001,371.05777015065166
7.480000000000004,0.0005812500000000001,371.09538296994083
7.500000000000004,0.0005812500000000001,371.1294571312392
7.520000000000004,0.0005812500000000001,371.1600680226545
7.5400000000000045,0.0005812500000000001,371.1874031630397
7.560000000000004,0.0005812500000000001,371.211531607499
7.5800000000000045,0.0005812500000000001,371.2326309841164
7.600000000000004,0.0005812500000000001,371.2507640724243
7.6200000000000045,0.0005812500000000001,371.2660986077688
7.640000000000004,0.0005812500000000001,371.27869133854466
7.660000000000005,0.0005812500000000001,371.2887002919446
7.680000000000004,0.0005812500000000001,371.2961765290773
7.700000000000005,0.0005812500000000001,371.3012686654708
7.720000000000004,0.0005812500000000001,371.30402246725555
7.740000000000005,0.0005812500000000001,371.3045775008161
7.760000000000004,0.0005812500000000001,371.3029746476107
7.780000000000005,0.0005812500000000001,371.29934482435925
7.800000000000004,0.0005812500000000001,371.2937244376125
7.820000000000005,0.0005812500000000001,371.2862361719543
7.840000000000004,0.0005812500000000001,371.27691235692754
7.860000000000005,0.0005812500000000001,371.2658678680512
7.880000000000004,0.0005812500000000001,371.253131337077
7.900000000000004,0.0005812500000000001,371.238810250736
7.920000000000004,0.0005812500000000001,371.22292989962443
7.940000000000005,0.0005812500000000001,371.2055907936011
7.960000000000004,0.0005812500000000001,371.1868152142051
7.980000000000004,0.0005812500000000001,371.1666970943025
8.000000000000004,0.0005812500000000001,371.14525601325835
8.020000000000005,0.0005812500000000001,371.1225797124449
8.040000000000004,0.0005812500000000001,371.0986853509028
8.060000000000004,0.0005812500000000001,371.07365484818746
8.080000000000005,0.0005812500000000001,371.0475032005906
8.100000000000005,0.0005812500000000001,371.0203068589213
6.900000000000004,0.0006000000000000001,367.83910556334064
6.9200000000000035,0.0006000000000000001,367.9866290830754
6.940000000000004,0.0006000000000000001,368.13311471185153
6.9600000000000035,0.0006000000000000001,368.27893411082016
6.980000000000004,0.0006000000000000001,368.4236040588636
7.0000000000000036,0.0006000000000000001,368.5674598352828
7.020000000000004,0.0006000000000000001,368.7097926923311
7.040000000000004,0.0006000000000000001,368.8505602204629
7.060000000000004,0.0006000000000000001,368.9887398965504
7.080000000000004,0.0006000000000000001,369.12411735665546
7.100000000000004,0.0006000000000000001,369.25567632947434
7.120000000000004,0.0006000000000000001,369.38331988660485
7.140000000000004,0.0006000000000000001,369.50625443037245
7.160000000000004,0.0006000000000000001,369.6245873030468
7.180000000000004,0.0006000000000000001,369.73773897980846
7.200000000000004,0.0006000000000000001,369.8459750527536
7.220000000000004,0.0006000000000000001,369.94886869180186
7.240000000000004,0.0006000000000000001,370.0467831464542
7.260000000000004,0.0006000000000000001,370.1393916033469
7.280000000000004,0.0006000000000000001,370.2271101437302
7.300000000000004,0.0006000000000000001,370.30967670209174
7.320000000000004,0.0006000000000000001,370.3875313738607
7.340000000000004,0.0006000000000000001,370.46045481587237
7.360000000000004,0.0006000000000000001,370.5288933842593
7.380000000000004,0.0006000000000000001,370.59265683739375
7.400000000000004,0.0006000000000000001,370.65218696183115
7.420000000000004,0.0006000000000000001,370.7073140814535
7.440000000000004,0.0006000000000000001,370.758468821008
7.460000000000004,0.0006000000000000001,370.80549661093374
7.480000000000004,0.0006000000000000001,370.84881294010887
7.500000000000004,0.0006000000000000001,370.88827478546324
7.520000000000004,0.0006000000000000001,370.9242801787818
7.5400000000000045,0.0006000000000000001,370.9566952849947
7.560000000000004,0.0006000000000000001,370.9858994265426
7.5800000000000045,0.0006000000000000001,371.01176637599207
7.600000000000004,0.0006000000000000001,371.0346562002162
7.6200000000000045,0.0006000000000000001,371.0544492117943
7.640000000000004,0.0006000000000000001,371.0714861490069
7.660000000000005,0.0006000000000000001,371.08565313804587
7.680000000000004,0.0006000000000000001,371.0972718348824
7.700000000000005,0.0006000000000000001,371.106233680473
7.720000000000004,0.0006000000000000001,371.1128417096166
7.740000000000005,0.0006000000000000001,371.11699233001485
7.760000000000004,0.0006000000000000001,371.1189705589346
7.780000000000005,0.0006000000000000001,371.1186775213107
7.800000000000004,0.0006000000000000001,371.1163809120634
7.820000000000005,0.0006000000000000001,371.1119863865592
7.840000000000004,0.0006000000000000001,371.1057450678589
7.860000000000005,0.0006000000000000001,371.09756699326846
7.880000000000004,0.0006000000000000001,371.0876874937899
7.900000000000004,0.0006000000000000001,371.076020862049
7.920000000000004,0.0006000000000000001,371.06278742742154
7.940000000000005,0.0006000000000000001,371.0479056222415
7.960000000000004,0.0006000000000000001,371.0315815619196
7.980000000000004,0.0006000000000000001,371.01373770693806
8.000000000000004,0.0006000000000000001,370.99456673404296
8.020000000000005,0.0006000000000000001,370.97399502012155
8.040000000000004,0.0006000000000000001,370.9522025594392
8.060000000000004,0.0006000000000000001,370.92911953100685
8.080000000000005,0.0006000000000000001,370.9049139789682
8.100000000000005,0.0006000000000000001,370.87951976656433
6.900000000000004,0.00061875,367.49859166494247
6.9200000000000035,0.00061875,367.6457236120952
6.940000000000004,0.00061875,367.79238237174525
6.9600000000000035,0.00061875,367.93805034079384
6.980000000000004,0.00061875,368.0831594187862
7.0000000000000036,0.00061875,368.2271936796437
7.020000000000004,0.00061875,368.3703475169156
7.040000000000004,0.00061875,368.5118059304863
7.060000000000004,0.00061875,368.6514962140275
7.080000000000004,0.00061875,368.78847035075927
7.100000000000004,0.00061875,368.9225634763534
7.120000000000004,0.00061875,369.05289631721894
7.140000000000004,0.00061875,369.1794273424771
7.160000000000004,0.00061875,369.3014566546382
7.180000000000004,0.00061875,369.4190948857099
7.200000000000004,0.00061875,369.53181079512257
7.220000000000004,0.00061875,369.6398316315319
7.240000000000004,0.00061875,369.74275561223044
7.260000000000004,0.00061875,369.84088619327974
7.280000000000004,0.00061875,369.93391523092987
7.300000000000004,0.00061875,370.0221912624942
7.320000000000004,0.00061875,370.1054729575548
7.340000000000004,0.00061875,370.18413222694056
7.360000000000004,0.00061875,370.2579755442237
7.380000000000004,0.00061875,370.3273834891666
7.400000000000004,0.00061875,370.39219704049486
7.420000000000004,0.00061875,370.45279558277963
7.440000000000004,0.00061875,370.50904528845746
7.460000000000004,0.00061875,370.5613177886411
7.480000000000004,0.00061875,370.60949790225794
7.500000000000004,0.00061875,370.65394522147704
7.520000000000004,0.00061875,370.69455858896214
7.5400000000000045,0.00061875,370.7316828511197
7.560000000000004,0.00061875,370.76522759969686
7.5800000000000045,0.00061875,370.7955213340937
7.600000000000004,0.00061875,370.8224820693539
7.6200000000000045,0.00061875,370.84642113404425
7.640000000000004,0.00061875,370.8672633103084
7.660000000000005,0.00061875,370.8853024782292
7.680000000000004,0.00061875,370.9004690035859
7.700000000000005,0.00061875,370.91303942157504
7.720000000000004,0.00061875,370.92294883143467
7.740000000000005,0.00061875,370.9304567896922
7.760000000000004,0.00061875,370.9355025131512
7.780000000000005,0.00061875,370.9383291227563
7.800000000000004,0.00061875,370.9388795009571
7.820000000000005,0.00061875,370.9373809909423
7.840000000000004,0.00061875,370.93377980302563
7.860000000000005,0.00061875,370.92828823021335
7.880000000000004,0.00061875,370.9208555518262
7.900000000000004,0.00061875,370.91167977552624
7.920000000000004,0.00061875,370.9007130449525
7.940000000000005,0.00061875,370.8881398611971
7.960000000000004,0.00061875,370.87391506442685
7.980000000000004,0.00061875,370.85821042527414
8.000000000000004,0.00061875,370.84098333758527
8.020000000000005,0.00061875,370.82239360333807
8.040000000000004,0.00061875,370.8024010439727
8.060000000000004,0.00061875,370.78115423231475
8.080000000000005,0.00061875,370.75861530256947
8.100000000000005,0.00061875,370.7349223102806
6.900000000000004,0.0006375,367.1821149275567
6.9200000000000035,0.0006375,367.3296218647063
6.940000000000004,0.0006375,367.4755236270693
6.9600000000000035,0.0006375,367.6217470953238
6.980000000000004,0.0006375,367.76639771140077
7.0000000000000036,0.0006375,367.9112522859358
7.020000000000004,0.0006375,368.0542906813843
7.040000000000004,0.0006375,368.1969165187868
7.060000000000004,0.0006375,368.3370613332825
7.080000000000004,0.0006375,368.4758940120213
7.100000000000004,0.0006375,368.61131806069983
7.120000000000004,0.0006375,368.74440190478174
7.140000000000004,0.0006375,368.8732201361673
7.160000000000004,0.0006375,368.99885855241035
7.180000000000004,0.0006375,369.1196204467998
7.200000000000004,0.0006375,369.23662959170974
7.220000000000004,0.0006375,369.34840383332596
7.240000000000004,0.0006375,369.4560900359815
7.260000000000004,0.0006375,369.55838843007456
7.280000000000004,0.0006375,369.6564475499733
7.300000000000004,0.0006375,369.74911853933816
7.320000000000004,0.0006375,369.8375327749747
7.340000000000004,0.0006375,369.9206660947058
7.360000000000004,0.0006375,369.9996184305766
7.380000000000004,0.0006375,370.0734695528212
7.400000000000004,0.0006375,370.14327795174114
7.420000000000004,0.0006375,370.2082111391128
7.440000000000004,0.0006375,370.26927967313054
7.460000000000004,0.0006375,370.32572618381903
7.480000000000004,0.0006375,370.37850950824026
7.500000000000004,0.0006375,370.4269374785384
7.520000000000004,0.0006375,370.4719154351726
7.5400000000000045,0.0006375,370.5128085277554
7.560000000000004,0.0006375,370.5504682895039
7.5800000000000045,0.0006375,370.5843108231804
7.600000000000004,0.0006375,370.6151345853922
7.6200000000000045,0.0006375,370.6424014082922
7.640000000000004,0.0006375,370.66685812310044
7.660000000000005,0.0006375,370.68800792857195
7.680000000000004,0.0006375,370.706547962768
7.700000000000005,0.0006375,370.72201908431856
7.720000000000004,0.0006375,370.7350709742162
7.740000000000005,0.0006375,370.7452789503409
7.760000000000004,0.0006375,370.7532476468941
7.780000000000005,0.0006375,370.75858403664523
7.800000000000004,0.0006375,370.7618501975143
7.820000000000005,0.0006375,370.76268226840074
7.840000000000004,0.0006375,370.76160227445956
7.860000000000005,0.0006375,370.75827328801535
7.880000000000004,0.0006375,370.7531797506433
7.900000000000004,0.0006375,370.7460096471998
7.920000000000004,0.0006375,370.73721223792194
7.940000000000005,0.0006375,370.7264985779082
7.960000000000004,0.0006375,370.71428505963064
7.980000000000004,0.0006375,370.70030411951103
8.000000000000004,0.0006375,370.68494149340347
8.020000000000005,0.0006375,370.6679494440594
8.040000000000004,0.0006375,370.64968515149314
8.060000000000004,0.0006375,370.6299192684671
8.080000000000005,0.0006375,370.60898240583526
8.100000000000005,0.0006375,370.58666227651133
6.900000000000004,0.00065625,366.89084722598227
6.9200000000000035,0.00065625,367.0371170624338
6.940000000000004,0.00065625,367.18367587006475
6.9600000000000035,0.00065625,367.32891924754136
6.980000000000004,0.00065625,367.47444041337155
7.0000000000000036,0.00065625,367.6186399586766
7.020000000000004,0.00065625,367.762735131406
7.040000000000004,0.00065625,367.90502520649255
7.060000000000004,0.00065625,368.04659344822863
7.080000000000004,0.00065625,368.18570547070215
7.100000000000004,0.00065625,368.3231852235709
7.120000000000004,0.00065625,368.45735832300136
7.140000000000004,0.00065625,368.5889687042284
7.160000000000004,0.00065625,368.71650300042756
7.180000000000004,0.00065625,368.84072005090303
7.200000000000004,0.00065625,368.96029580372203
7.220000000000004,0.00065625,369.07602655721854
7.240000000000004,0.00065625,369.1867678544356
7.260000000000004,0.00065625,369.29334567106895
7.280000000000004,0.00065625,369.3947721745245
7.300000000000004,0.00065625,369.49188641982204
7.320000000000004,0.00065625,369.58383236305775
7.340000000000004,0.00065625,369.67144551023074
7.360000000000004,0.00065625,369.75397920946796
7.380000000000004,0.00065625,369.83225176275295
7.400000000000004,0.00065625,369.9056071370694
7.420000000000004,0.00065625,369.97483633363163
7.440000000000004,0.00065625,370.03935872438547
7.460000000000004,0.00065625,370.09993113847054
7.480000000000004,0.00065625,370.15603620564997
7.500000000000004,0.00065625,370.20839233289274
7.520000000000004,0.00065625,370.25653575060664
7.5400000000000045,0.00065625,370.3011442012205
7.560000000000004,0.00065625,370.3417998200954
7.5800000000000045,0.00065625,370.3791389207508
7.600000000000004,0.00065625,370.41278336942037
7.6200000000000045,0.00065625,370.44332833953763
7.640000000000004,0.00065625,370.4704304267174
7.660000000000005,0.00065625,370.49464467939947
7.680000000000004,0.00065625,370.51565832390327
7.700000000000005,0.00065625,370.5339877799556
7.720000000000004,0.00065625,370.54934750322354
7.740000000000005,0.00065625,370.56221708191936
7.760000000000004,0.00065625,370.5723353416947
7.780000000000005,0.00065625,370.5801470068199
7.800000000000004,0.00065625,370.5854128385439
7.820000000000005,0.00065625,370.58854474202275
7.840000000000004,0.00065625,370.5893233165268
7.860000000000005,0.00065625,370.5881297048453
7.880000000000004,0.00065625,370.5847625169337
7.900000000000004,0.00065625,370.5795741569697
7.920000000000004,0.00065625,370.57237963798366
7.940000000000005,0.00065625,370.5635045863013
7.960000000000004,0.00065625,370.552778991567
7.980000000000004,0.00065625,370.5405035807928
8.000000000000004,0.00065625,370.52652204522315
8.020000000000005,0.00065625,370.51111199739773
8.040000000000004,0.00065625,370.4941296834874
8.060000000000004,0.00065625,370.47583128673375
8.080000000000005,0.00065625,370.4560845717246
8.100000000000005,0.00065625,370.435125875818
6.900000000000004,0.000675,366.62259440587343
6.9200000000000035,0.000675,366.7702400034621
6.940000000000004,0.000675,366.914807906154
6.9600000000000035,0.000675,367.0615025562421
6.980000000000004,0.000675,367.2054329361107
7.0000000000000036,0.000675,367.351204965704
7.020000000000004,0.000675,367.4939847694915
7.040000000000004,0.000675,367.63790955824
7.060000000000004,0.000675,367.7785951014549
7.080000000000004,0.000675,367.9196647866442
7.100000000000004,0.000675,368.05689528597395
7.120000000000004,0.000675,368.193540732239
7.140000000000004,0.000675,368.32563016029025
7.160000000000004,0.000675,368.45618071680093
7.180000000000004,0.000675,368.58155316395795
7.200000000000004,0.000675,368.7045979513929
7.220000000000004,0.000675,368.8220278400513
7.240000000000004,0.000675,368.93655242376803
7.260000000000004,0.000675,369.04522079364205
7.280000000000004,0.000675,369.15060619449304
7.300000000000004,0.000675,369.25006320061914
7.320000000000004,0.000675,369.3460260201735
7.340000000000004,0.000675,369.4361202539924
7.360000000000004,0.000675,369.52263784684243
7.380000000000004,0.000675,369.60344265961334
7.400000000000004,0.000675,369.6806830980655
7.420000000000004,0.000675,369.75243215054945
7.440000000000004,0.000675,369.82069588301135
7.460000000000004,0.000675,369.88373127483476
7.480000000000004,0.000675,369.9434054493296
7.500000000000004,0.000675,369.9981379433151
7.520000000000004,0.000675,370.04966200996
7.5400000000000045,0.000675,370.09654150582173
7.560000000000004,0.000675,370.1403820318277
7.5800000000000045,0.000675,370.17987619618253
7.600000000000004,0.000675,370.216508860746
7.6200000000000045,0.000675,370.24908801623224
7.640000000000004,0.000675,370.27898504310383
7.660000000000005,0.000675,370.30511175016426
7.680000000000004,0.000675,370.3287333797476
7.700000000000005,0.000675,370.34885547924534
7.720000000000004,0.000675,370.36664439862915
7.740000000000005,0.000675,370.38119057382045
7.760000000000004,0.000675,370.3935684865132
7.780000000000005,0.000675,370.40294563763734
7.800000000000004,0.000675,370.4103113630303
7.820000000000005,0.000675,370.41490327040964
7.840000000000004,0.000675,370.41763192281945
7.860000000000005,0.000675,370.4177988131819
7.880000000000004,0.000675,370.4162417308835
7.900000000000004,0.000675,370.4123204656767
7.920000000000004,0.000675,370.40680565015816
7.940000000000005,0.000675,370.39911033185325
7.960000000000004,0.000675,370.3899432239492
7.980000000000004,0.000675,370.37876607326234
8.000000000000004,0.000675,370.36623054168365
8.020000000000005,0.000675,370.3518429404521
8.040000000000004,0.000675,370.3362023939796
8.060000000000004,0.000675,370.31885601894464
8.080000000000005,0.000675,370.3003545796441
8.100000000000005,0.000675,370.28028257466616
6.900000000000004,0.00069375,366.38070288497676
6.9200000000000035,0.00069375,366.52565968273876
6.940000000000004,0.00069375,366.67203520157705
6.9600000000000035,0.00069375,366.8164537717695
6.980000000000004,0.00069375,366.9622984768856
7.0000000000000036,0.00069375,367.1061650281743
7.020000000000004,0.00069375,367.25076092117297
7.040000000000004,0.00069375,367.39303785049987
7.060000000000004,0.00069375,367.5356491071961
7.080000000000004,0.00069375,367.6755079810728
7.100000000000004,0.00069375,367.8149408924379
7.120000000000004,0.00069375,367.95096317723824
7.140000000000004,0.00069375,368.08562772261996
7.160000000000004,0.00069375,368.2161700300913
7.180000000000004,0.00069375,368.34447172990855
7.200000000000004,0.00069375,368.46804955209745
7.220000000000004,0.00069375,368.58867644348453
7.240000000000004,0.00069375,368.70415864477076
7.260000000000004,0.00069375,368.8161860645061
7.280000000000004,0.00069375,368.92283367204294
7.300000000000004,0.00069375,369.025713982756
7.320000000000004,0.00069375,369.12313894346687
7.340000000000004,0.00069375,369.21664144015745
7.360000000000004,0.00069375,369.3047373999326
7.380000000000004,0.00069375,369.38887624946824
7.400000000000004,0.00069375,369.46774786114173
7.420000000000004,0.00069375,369.54271541026765
7.440000000000004,0.00069375,369.6126169562911
7.460000000000004,0.00069375,369.6787284418388
7.480000000000004,0.00069375,369.7400146296791
7.500000000000004,0.00069375,369.7976650152237
7.520000000000004,0.00069375,369.85075334877746
7.5400000000000045,0.00069375,369.9003848937256
7.560000000000004,0.00069375,369.9457278086901
7.5800000000000045,0.00069375,369.987806377403
7.600000000000004,0.00069375,370.02587112650116
7.6200000000000045,0.00069375,370.06086929671034
7.640000000000004,0.00069375,370.092123771573
7.660000000000005,0.00069375,370.12050908523855
7.680000000000004,0.00069375,370.1454120827776
7.700000000000005,0.00069375,370.1676391125326
7.720000000000004,0.00069375,370.18663387466336
7.740000000000005,0.00069375,370.20313908072933
7.760000000000004,0.00069375,370.21664921354034
7.780000000000005,0.00069375,370.2278478163675
7.800000000000004,0.00069375,370.23627491842035
7.820000000000005,0.00069375,370.2425592099382
7.840000000000004,0.00069375,370.24628171301555
7.860000000000005,0.00069375,370.24802038091946
7.880000000000004,0.00069375,370.24739323843744
7.900000000000004,0.00069375,370.24493139214445
7.920000000000004,0.00069375,370.240286349183
7.940000000000005,0.00069375,370.23394602113706
7.960000000000004,0.00069375,370.2255922732945
7.980000000000004,0.00069375,370.21567323216834
8.000000000000004,0.00069375,370.2038983344144
8.020000000000005,0.00069375,370.1906790929478
8.040000000000004,0.00069375,370.1757500192476
8.060000000000004,0.00069375,370.1594889532827
8.080000000000005,0.00069375,370.1416532366567
8.100000000000005,0.00069375,370.12258975657096
6.900000000000004,0.0007125,366.16026187884006
6.9200000000000035,0.0007125,366.3079519163883
6.940000000000004,0.0007125,366.45086317299723
6.9600000000000035,0.0007125,366.5980231439764
6.980000000000004,0.0007125,366.7409406144429
7.0000000000000036,0.0007125,366.8874508862566
7.020000000000004,0.0007125,367.0292896353714
7.040000000000004,0.0007125,367.1740664867173
7.060000000000004,0.0007125,367.31432246170027
7.080000000000004,0.0007125,367.4566560673146
7.100000000000004,0.0007125,367.5942415727674
7.120000000000004,0.0007125,367.73284854022836
7.140000000000004,0.0007125,367.86622405528516
7.160000000000004,0.0007125,367.99951551257726
7.180000000000004,0.0007125,368.1270536748577
7.200000000000004,0.0007125,368.2535236585295
7.220000000000004,0.0007125,368.3738295951515
7.240000000000004,0.0007125,368.4922894314551
7.260000000000004,0.0007125,368.6043415673038
7.280000000000004,0.0007125,368.71398814659057
7.300000000000004,0.0007125,368.817148513891
7.320000000000004,0.0007125,368.91753750977057
7.340000000000004,0.0007125,369.0114997854103
7.360000000000004,0.0007125,369.1024812410763
7.380000000000004,0.0007125,369.1872000167552
7.400000000000004,0.0007125,369.26884769121983
7.420000000000004,0.0007125,369.34447014992037
7.440000000000004,0.0007125,369.41701829544525
7.460000000000004,0.0007125,369.48382635978476
7.480000000000004,0.0007125,369.54761821446584
7.500000000000004,0.0007125,369.6059828160462
7.520000000000004,0.0007125,369.66143082442625
7.5400000000000045,0.0007125,369.71177725107464
7.560000000000004,0.0007125,369.7593334073032
7.5800000000000045,0.0007125,369.8021158190992
7.600000000000004,0.0007125,369.842250145078
7.6200000000000045,0.0007125,369.87793329067387
7.640000000000004,0.0007125,369.911118592441
7.660000000000005,0.0007125,369.9401650040944
7.680000000000004,0.0007125,369.96686635111945
7.700000000000005,0.0007125,369.9897276222391
7.720000000000004,0.0007125,370.01039531688406
7.740000000000005,0.0007125,370.02750637541
7.760000000000004,0.0007125,370.0425714660857
7.780000000000005,0.0007125,370.0543470186588
7.800000000000004,0.0007125,370.0642186442912
7.820000000000005,0.0007125,370.071051174688
7.840000000000004,0.0007125,370.0761152113525
7.860000000000005,0.0007125,370.07837407756614
7.880000000000004,0.0007125,370.0789926979656
7.900000000000004,0.0007125,370.0770239939672
7.920000000000004,0.0007125,370.07353585545957
7.940000000000005,0.0007125,370.06766279451017
7.960000000000004,0.0007125,370.0603836494125
7.980000000000004,0.0007125,370.05090729305016
8.000000000000004,0.0007125,370.04013087254066
8.020000000000005,0.0007125,370.02733107884126
8.040000000000004,0.0007125,370.0133301440457
8.060000000000004,0.0007125,369.9974666449871
8.080000000000005,0.0007125,369.9804941297416
8.100000000000005,0.0007125,369.9618076739642
6.900000000000004,0.00073125,365.9675798333571
6.9200000000000035,0.00073125,366.110919252299
6.940000000000004,0.00073125,366.25711509994056
6.9600000000000035,0.00073125,366.4005669009132
6.980000000000004,0.00073125,366.5467345979497
7.0000000000000036,0.00073125,366.68989816548816
7.020000000000004,0.00073125,366.83446129132005
7.040000000000004,0.00073125,366.9763293509586
7.060000000000004,0.00073125,367.1190802157698
7.080000000000004,0.00073125,367.2589137420614
7.100000000000004,0.00073125,367.39890421491447
7.120000000000004,0.00073125,367.53544258990775
7.140000000000004,0.00073125,367.6712186320873
7.160000000000004,0.00073125,367.8028654801141
7.180000000000004,0.00073125,367.9328232802385
7.200000000000004,0.00073125,368.05802758971004
7.220000000000004,0.00073125,368.1807571902132
7.240000000000004,0.00073125,368.2982680893286
7.260000000000004,0.00073125,368.4127182445549
7.280000000000004,0.00073125,368.5216696728379
7.300000000000004,0.00073125,368.6271722115029
7.320000000000004,0.00073125,368.72706421637884
7.340000000000004,0.00073125,368.8232880841396
7.360000000000004,0.00073125,368.9139249129998
7.380000000000004,0.00073125,369.00080698594195
7.400000000000004,0.00073125,369.08222616719564
7.420000000000004,0.00073125,369.15990245614034
7.440000000000004,0.00073125,369.2323102339272
7.460000000000004,0.00073125,369.30105685471113
7.480000000000004,0.00073125,369.36477510252314
7.500000000000004,0.00073125,369.42496127037174
7.520000000000004,0.00073125,369.480386254182
7.5400000000000045,0.00073125,369.5324385017367
7.560000000000004,0.00073125,369.5800100052027
7.5800000000000045,0.00073125,369.6243857845514
7.600000000000004,0.00073125,369.66456462002134
7.6200000000000045,0.00073125,369.70173331573653
7.640000000000004,0.00073125,369.7349853345102
7.660000000000005,0.00073125,369.7654149351545
7.680000000000004,0.00073125,369.7921999409019
7.700000000000005,0.00073125,369.8163479364542
7.720000000000004,0.00073125,369.8371122298433
7.740000000000005,0.00073125,369.85541961511063
7.760000000000004,0.00073125,369.8705911898839
7.780000000000005,0.00073125,369.8834787212625
7.800000000000004,0.00073125,369.8934643727687
7.820000000000005,0.00073125,369.9013304401271
7.840000000000004,0.00073125,369.9065142365881
7.860000000000005,0.00073125,369.9097338780547
7.880000000000004,0.00073125,369.91047658965203
7.900000000000004,0.00073125,369.90940130290005
7.920000000000004,0.00073125,369.90604049270263
7.940000000000005,0.00073125,369.9009985903962
7.960000000000004,0.00073125,369.89384915218534
7.980000000000004,0.00073125,369.8851464789431
8.000000000000004,0.00073125,369.8745014668313
8.020000000000005,0.00073125,369.86242234638576
8.040000000000004,0.00073125,369.84855398508734
8.060000000000004,0.00073125,369.83336230391706
8.080000000000005,0.00073125,369.81652310065914
8.100000000000005,0.00073125,369.7984634618225
6.900000000000004,0.00075,365.7949704857946
6.9200000000000035,0.00075,365.9416969389851
6.940000000000004,0.00075,366.0839073947646
6.9600000000000035,0.00075,366.23054039051163
6.980000000000004,0.00075,366.3735432119034
7.0000000000000036,0.00075,366.51925115424234
7.020000000000004,0.00075,366.6607545026474
7.040000000000004,0.00075,366.8050288760716
7.060000000000004,0.00075,366.9449289805549
7.080000000000004,0.00075,367.0870282861789
7.100000000000004,0.00075,367.2244131479464
7.120000000000004,0.00075,367.36310065400073
7.140000000000004,0.00075,367.4965314053883
7.160000000000004,0.00075,367.63022791088247
7.180000000000004,0.00075,367.7580943530314
7.200000000000004,0.00075,367.88525397807774
7.220000000000004,0.00075,368.00612640045193
7.240000000000004,0.00075,368.12549682680384
7.260000000000004,0.00075,368.2382991840979
7.280000000000004,0.00075,368.34901127474
7.300000000000004,0.00075,368.45305051906195
7.320000000000004,0.00075,368.5546021739686
7.340000000000004,0.00075,368.64952454186835
7.360000000000004,0.00075,368.7417196602792
7.380000000000004,0.00075,368.82744218515063
7.400000000000004,0.00075,368.91031975954894
7.420000000000004,0.00075,368.986961445354
7.440000000000004,0.00075,369.0607306697604
7.460000000000004,0.00075,369.1285531462672
7.480000000000004,0.00075,369.1935399242568
7.500000000000004,0.00075,369.25290005553205
7.520000000000004,0.00075,369.3095053897772
7.5400000000000045,0.00075,369.3608191263308
7.560000000000004,0.00075,369.4094879391351
7.5800000000000045,0.00075,369.45320360550346
7.600000000000004,0.00075,369.4944020177697
7.6200000000000045,0.00075,369.53098106752304
7.640000000000004,0.00075,369.56518024056226
7.660000000000005,0.00075,369.5950837207617
7.680000000000004,0.00075,369.62274865241676
7.700000000000005,0.00075,369.64642793643515
7.720000000000004,0.00075,369.66800992765576
7.740000000000005,0.00075,369.6859005879146
7.760000000000004,0.00075,369.7018323899558
7.780000000000005,0.00075,369.7143503505546
7.800000000000004,0.00075,369.72504324582064
7.820000000000005,0.00075,369.7325825708518
7.840000000000004,0.00075,369.7384248315511
7.860000000000005,0.00075,369.7413566721755
7.880000000000004,0.00075,369.7427129873082
7.900000000000004,0.00075,369.74138533758423
7.920000000000004,0.00075,369.7385969089133
7.940000000000005,0.00075,369.7333349152905
7.960000000000004,0.00075,369.726720004907
7.980000000000004,0.00075,369.7178266446713
8.000000000000004,0.00075,369.7076814172896
8.020000000000005,0.00075,369.69543841306114
8.040000000000004,0.00075,369.68203796064796
8.060000000000004,0.00075,369.6667068360238
8.080000000000005,0.00075,369.650306304871
8.100000000000005,0.00075,369.6321295140377
