时间 (s),薄膜厚度 (m),温度 (K)
2.700000000000001,0.0,380.0
2.720000000000001,0.0,373.065274216922
2.740000000000001,0.0,373.10354375122716
2.760000000000001,0.0,369.7943150495011
2.780000000000001,0.0,369.8116748867738
2.800000000000001,0.0,367.46302692379726
2.820000000000001,0.0,367.4514067356675
2.840000000000001,0.0,365.6089472103567
2.860000000000001,0.0,365.56987252717244
2.8800000000000012,0.0,364.056383326633
2.9000000000000012,0.0,363.9940186079103
2.9200000000000013,0.0,362.7167431638994
2.9400000000000013,0.0,362.63502066104644
2.9600000000000013,0.0,361.5380840070244
2.9800000000000013,0.0,361.44151082311373
3.0000000000000013,0.0,360.47887159153765
3.0200000000000014,0.0,360.3792694932489
3.0400000000000014,0.0,359.5290467154852
3.0600000000000014,0.0,359.42443645237154
3.0800000000000014,0.0,358.6681679038173
3.1000000000000014,0.0,358.5596663684731
3.1200000000000014,0.0,357.8828916001606
3.1400000000000015,0.0,357.7718149872724
3.1600000000000015,0.0,357.1630759796545
3.1800000000000015,0.0,357.0506189256869
3.200000000000001,0.0,356.5006884717456
3.2200000000000015,0.0,356.3878644853065
3.240000000000001,0.0,355.88919739078403
3.2600000000000016,0.0,355.7768396367326
3.280000000000001,0.0,355.32318079224626
3.3000000000000016,0.0,355.21195965365894
3.320000000000001,0.0,354.79805968017973
3.3400000000000016,0.0,354.68850414568647
3.360000000000001,0.0,354.30990959389493
3.3800000000000017,0.0,354.2024281316484
3.4000000000000012,0.0,353.8553242445484
3.4200000000000017,0.0,353.75022374453465
3.4400000000000013,0.0,353.4313149151828
3.4600000000000017,0.0,353.3288173553711
3.4800000000000013,0.0,353.035235033808
3.5000000000000018,0.0,352.93549192370267
3.5200000000000014,0.0,352.66472278353865
3.5400000000000014,0.0,352.56782757562934
3.5600000000000014,0.0,352.3176568150781
3.5800000000000014,0.0,352.2236555096937
3.6000000000000014,0.0,351.9921215839349
3.6200000000000014,0.0,351.90102174933475
3.6400000000000015,0.0,351.6863798275686
3.6600000000000015,0.0,351.5981582400146
3.6800000000000015,0.0,351.3988503888238
3.7000000000000015,0.0,351.3134594767604
3.7200000000000015,0.0,351.1280900807548
3.7400000000000015,0.0,351.04546333670436
3.7600000000000016,0.0,350.8727786374286
3.7800000000000016,0.0,350.792835142021
3.8000000000000016,0.0,350.6317060471851
3.8200000000000016,0.0,350.554354232217
3.8400000000000016,0.0,350.4037617474213
3.8600000000000017,0.0,350.32890250898106
3.8800000000000017,0.0,350.1879252929214
3.9000000000000017,0.0,350.11545455134967
3.9200000000000017,0.0,349.9832582068661
3.9400000000000017,0.0,349.91306899755597
3.9600000000000017,0.0,349.7888967948461
3.9800000000000018,0.0,349.72088096250735
4.000000000000002,0.0,349.60404575451895
2.700000000000001,1.8750000000000002e-05,378.22394150506346
2.720000000000001,1.8750000000000002e-05,374.2740923692624
2.740000000000001,1.8750000000000002e-05,372.10692035907863
2.760000000000001,1.8750000000000002e-05,370.7336833404785
2.780000000000001,1.8750000000000002e-05,369.09658208176927
2.800000000000001,1.8750000000000002e-05,368.2362768615155
2.820000000000001,1.8750000000000002e-05,366.9075565564082
2.840000000000001,1.8750000000000002e-05,366.2643363614305
2.860000000000001,1.8750000000000002e-05,365.1461951954602
2.8800000000000012,1.8750000000000002e-05,364.6226943138219
2.9000000000000012,1.8750000000000002e-05,363.66042344094484
2.9200000000000013,1.8750000000000002e-05,363.2132715914554
2.9400000000000013,1.8750000000000002e-05,362.37185946198525
2.9600000000000013,1.8750000000000002e-05,361.9784228493957
2.9800000000000013,1.8750000000000002e-05,361.23459792275776
3.0000000000000013,1.8750000000000002e-05,360.87678566215425
3.0200000000000014,1.8750000000000002e-05,360.21552460666203
3.0400000000000014,1.8750000000000002e-05,359.89087130596414
3.0600000000000014,1.8750000000000002e-05,359.29678568319616
3.0800000000000014,1.8750000000000002e-05,358.99940407629055
3.1000000000000014,1.8750000000000002e-05,358.46242623098743
3.1200000000000014,1.8750000000000002e-05,358.1880500131875
3.1400000000000015,1.8750000000000002e-05,357.70039972779136
3.1600000000000015,1.8750000000000002e-05,357.4458625094512
3.1800000000000015,1.8750000000000002e-05,357.0012907765243
3.200000000000001,1.8750000000000002e-05,356.76417067254357
3.2200000000000015,1.8750000000000002e-05,356.35754513422495
3.240000000000001,1.8750000000000002e-05,356.13593508108437
3.2600000000000016,1.8750000000000002e-05,355.7629694323476
3.280000000000001,1.8750000000000002e-05,355.5553265749688
3.3000000000000016,1.8750000000000002e-05,355.2123916697912
3.320000000000001,1.8750000000000002e-05,355.01743649203513
3.3400000000000016,1.8750000000000002e-05,354.70142355733793
3.360000000000001,1.8750000000000002e-05,354.51807101110154
3.3800000000000017,1.8750000000000002e-05,354.22629011528977
3.4000000000000012,1.8750000000000002e-05,354.0536018321725
3.4200000000000017,1.8750000000000002e-05,353.78370508863816
3.4400000000000013,1.8750000000000002e-05,353.62085577397136
3.4600000000000017,1.8750000000000002e-05,353.37077833806075
3.4800000000000013,1.8750000000000002e-05,353.217031863298
3.5000000000000018,1.8750000000000002e-05,352.9849459673316
3.5200000000000014,1.8750000000000002e-05,352.83963817575176
3.5400000000000014,1.8750000000000002e-05,352.6239168564845
3.5600000000000014,1.8750000000000002e-05,352.4864430564348
3.5800000000000014,1.8750000000000002e-05,352.2856311751908
3.6000000000000014,1.8750000000000002e-05,352.15543692622714
3.6200000000000014,1.8750000000000002e-05,351.96822773527504
3.6400000000000015,1.8750000000000002e-05,351.8448019574392
3.6600000000000015,1.8750000000000002e-05,351.67001792726944
3.6800000000000015,1.8750000000000002e-05,351.5528876547817
3.7000000000000015,1.8750000000000002e-05,351.3894646075903
3.7200000000000015,1.8750000000000002e-05,351.27819091017636
3.7400000000000015,1.8750000000000002e-05,351.12516474471204
3.7600000000000016,1.8750000000000002e-05,351.01933948111076
3.7800000000000016,1.8750000000000002e-05,350.8758349496327
3.8000000000000016,1.8750000000000002e-05,350.7750781172588
3.8200000000000016,1.8750000000000002e-05,350.64029924480485
3.8400000000000016,1.8750000000000002e-05,350.54425675969134
3.8600000000000017,1.8750000000000002e-05,350.4174785918692
3.8800000000000017,1.8750000000000002e-05,350.32582038255714
3.9000000000000017,1.8750000000000002e-05,350.2063818196772
3.9200000000000017,1.8750000000000002e-05,350.1188001536639
3.9400000000000017,1.8750000000000002e-05,350.00609768272375
3.9600000000000017,1.8750000000000002e-05,349.92230566868403
3.9800000000000018,1.8750000000000002e-05,349.8157878451822
4.000000000000002,1.8750000000000002e-05,349.7355180714494
2.700000000000001,3.7500000000000003e-05,376.40588740103027
2.720000000000001,3.7500000000000003e-05,374.2408293633739
2.740000000000001,3.7500000000000003e-05,371.7274713395574
2.760000000000001,3.7500000000000003e-05,370.5685796949535
2.780000000000001,3.7500000000000003e-05,369.02495928673403
2.800000000000001,3.7500000000000003e-05,368.04432256097346
2.820000000000001,3.7500000000000003e-05,366.95945429665835
2.840000000000001,3.7500000000000003e-05,366.07622374193187
2.860000000000001,3.7500000000000003e-05,365.25737927446994
2.8800000000000012,3.7500000000000003e-05,364.4494947758562
2.9000000000000012,3.7500000000000003e-05,363.80183000132007
2.9200000000000013,3.7500000000000003e-05,363.0590373173243
2.9400000000000013,3.7500000000000003e-05,362.5286455172535
2.9600000000000013,3.7500000000000003e-05,361.84422570766327
2.9800000000000013,3.7500000000000003e-05,361.3983017731485
3.0000000000000013,3.7500000000000003e-05,360.76436778994605
3.0200000000000014,3.7500000000000003e-05,360.38094674070913
3.0400000000000014,3.7500000000000003e-05,359.7973416230179
3.0600000000000014,3.7500000000000003e-05,359.4616394597459
3.0800000000000014,3.7500000000000003e-05,358.92322262390985
3.1000000000000014,3.7500000000000003e-05,358.6252269910608
3.1200000000000014,3.7500000000000003e-05,358.12784702478376
3.1400000000000015,3.7500000000000003e-05,357.86027508739875
3.1600000000000015,3.7500000000000003e-05,357.40034400787385
3.1800000000000015,3.7500000000000003e-05,357.157781949423
3.200000000000001,3.7500000000000003e-05,356.73211381551397
3.2200000000000015,3.7500000000000003e-05,356.5104646417437
3.240000000000001,3.7500000000000003e-05,356.1161937252261
3.2600000000000016,3.7500000000000003e-05,355.9123044292161
3.280000000000001,3.7500000000000003e-05,355.5468349138313
3.3000000000000016,3.7500000000000003e-05,355.35823892093674
3.320000000000001,3.7500000000000003e-05,355.0192095027209
3.3400000000000016,3.7500000000000003e-05,354.84394578999314
3.360000000000001,3.7500000000000003e-05,354.5292024229715
3.3800000000000017,3.7500000000000003e-05,354.3656867907825
3.4000000000000012,3.7500000000000003e-05,354.07326050479105
3.4200000000000017,3.7500000000000003e-05,353.92019294903344
3.4400000000000013,3.7500000000000003e-05,353.64828118448963
3.4600000000000017,3.7500000000000003e-05,353.5045786121657
3.4800000000000013,3.7500000000000003e-05,353.25152918946145
3.5000000000000018,3.7500000000000003e-05,353.1162761277665
3.5200000000000014,3.7500000000000003e-05,352.88057329081425
3.5400000000000014,3.7500000000000003e-05,352.75298548847366
3.5600000000000014,3.7500000000000003e-05,352.5332376315367
3.5800000000000014,3.7500000000000003e-05,352.41263496724844
3.6000000000000014,3.7500000000000003e-05,352.20756375431336
3.6200000000000014,3.7500000000000003e-05,352.0933499075264
3.6400000000000015,3.7500000000000003e-05,351.9017805595021
3.6600000000000015,3.7500000000000003e-05,351.7934276228828
3.6800000000000015,3.7500000000000003e-05,351.6142801952574
3.7000000000000015,3.7500000000000003e-05,351.51131691792375
3.7200000000000015,3.7500000000000003e-05,351.34359842720187
3.7400000000000015,3.7500000000000003e-05,351.2456011397871
3.7600000000000016,3.7500000000000003e-05,351.08839842467256
3.7800000000000016,3.7500000000000003e-05,350.99498395615734
3.8000000000000016,3.7500000000000003e-05,350.8474571809947
3.8200000000000016,3.7500000000000003e-05,350.7582772634566
3.8400000000000016,3.7500000000000003e-05,350.6196539883107
3.8600000000000017,3.7500000000000003e-05,350.5343907802689
3.8800000000000017,3.7500000000000003e-05,350.4039605352092
3.9000000000000017,3.7500000000000003e-05,350.32232299184307
3.9200000000000017,3.7500000000000003e-05,350.1994323032634
3.9400000000000017,3.7500000000000003e-05,350.1211531928418
3.9600000000000017,3.7500000000000003e-05,350.00520101769575
3.9800000000000018,3.7500000000000003e-05,349.93003443541755
4.000000000000002,3.7500000000000003e-05,349.82046796555545
2.700000000000001,5.6250000000000005e-05,374.6680979542364
2.720000000000001,5.6250000000000005e-05,373.4224351937131
2.740000000000001,5.6250000000000005e-05,371.3517417969303
2.760000000000001,5.6250000000000005e-05,370.03916218409296
2.780000000000001,5.6250000000000005e-05,368.818291536111
2.800000000000001,5.6250000000000005e-05,367.6994005883905
2.820000000000001,5.6250000000000005e-05,366.7973592539361
2.840000000000001,5.6250000000000005e-05,365.85359611472325
2.860000000000001,5.6250000000000005e-05,365.11377250284147
2.8800000000000012,5.6250000000000005e-05,364.3107414178717
2.9000000000000012,5.6250000000000005e-05,363.67068687315566
2.9200000000000013,5.6250000000000005e-05,362.97930459413465
2.9400000000000013,5.6250000000000005e-05,362.4090857489922
2.9600000000000013,5.6250000000000005e-05,361.8068838943791
2.9800000000000013,5.6250000000000005e-05,361.29045932879995
3.0000000000000013,5.6250000000000005e-05,360.75905641131266
3.0200000000000014,5.6250000000000005e-05,360.2855514145511
3.0400000000000014,5.6250000000000005e-05,359.8146108028087
3.0600000000000014,5.6250000000000005e-05,359.3786662919565
3.0800000000000014,5.6250000000000005e-05,358.95734090026315
3.1000000000000014,5.6250000000000005e-05,358.5544195312176
3.1200000000000014,5.6250000000000005e-05,358.17474373759734
3.1400000000000015,5.6250000000000005e-05,357.80124702554343
3.1600000000000015,5.6250000000000005e-05,357.4570442581529
3.1800000000000015,5.6250000000000005e-05,357.1100555363307
3.200000000000001,5.6250000000000005e-05,356.7964132566962
3.2200000000000015,5.6250000000000005e-05,356.4735008064326
3.240000000000001,5.6250000000000005e-05,356.1864428558724
3.2600000000000016,5.6250000000000005e-05,355.88552764347605
3.280000000000001,5.6250000000000005e-05,355.6217891232561
3.3000000000000016,5.6250000000000005e-05,355.3410567900632
3.320000000000001,5.6250000000000005e-05,355.09792243153044
3.3400000000000016,5.6250000000000005e-05,354.83576383533295
3.360000000000001,5.6250000000000005e-05,354.61094905343623
3.3800000000000017,5.6250000000000005e-05,354.3659192207973
3.4000000000000012,5.6250000000000005e-05,354.15748113555725
3.4200000000000017,5.6250000000000005e-05,353.92827025693464
3.4400000000000013,5.6250000000000005e-05,353.73454030203436
3.4600000000000017,5.6250000000000005e-05,353.5199527400442
3.4800000000000013,5.6250000000000005e-05,353.3394850834141
3.5000000000000018,5.6250000000000005e-05,353.13842379927416
3.5200000000000014,5.6250000000000005e-05,352.96995548394466
3.5400000000000014,5.6250000000000005e-05,352.7814101798892
3.5600000000000014,5.6250000000000005e-05,352.62383003265137
3.5800000000000014,5.6250000000000005e-05,352.446867875665
3.6000000000000014,5.6250000000000005e-05,352.29919202614917
3.6200000000000014,5.6250000000000005e-05,352.13295018716184
3.6400000000000015,5.6250000000000005e-05,351.9943026063966
3.6600000000000015,5.6250000000000005e-05,351.83798209329973
3.6800000000000015,5.6250000000000005e-05,351.7075789702241
3.7000000000000015,5.6250000000000005e-05,351.5604393972239
3.7200000000000015,5.6250000000000005e-05,351.4375764704208
3.7400000000000015,5.6250000000000005e-05,351.2989315177591
3.7600000000000016,5.6250000000000005e-05,351.182973699443
3.7800000000000016,5.6250000000000005e-05,351.0521870937783
3.8000000000000016,5.6250000000000005e-05,350.94255988555085
3.8200000000000016,5.6250000000000005e-05,350.81904178363186
3.8400000000000016,5.6250000000000005e-05,350.71522410423773
3.8600000000000017,5.6250000000000005e-05,350.59842779842126
3.8800000000000017,5.6250000000000005e-05,350.49994593379483
3.9000000000000017,5.6250000000000005e-05,350.3893648226058
3.9200000000000017,5.6250000000000005e-05,350.2957872759325
3.9400000000000017,5.6250000000000005e-05,350.1909520596619
3.9600000000000017,5.6250000000000005e-05,350.10188512986974
3.9800000000000018,5.6250000000000005e-05,350.0023612026608
4.000000000000002,5.6250000000000005e-05,349.91744515801724
2.700000000000001,7.500000000000001e-05,372.87815434003505
2.720000000000001,7.500000000000001e-05,372.2539679460833
2.740000000000001,7.500000000000001e-05,370.6745298741829
2.760000000000001,7.500000000000001e-05,369.4035987290246
2.780000000000001,7.500000000000001e-05,368.3273628429036
2.800000000000001,7.500000000000001e-05,367.293236709639
2.820000000000001,7.500000000000001e-05,366.40719226465876
2.840000000000001,7.500000000000001e-05,365.5670701761264
2.860000000000001,7.500000000000001e-05,364.7979084754473
2.8800000000000012,7.500000000000001e-05,364.0946176904772
2.9000000000000012,7.500000000000001e-05,363.4142622143678
2.9200000000000013,7.500000000000001e-05,362.8086506781849
2.9400000000000013,7.500000000000001e-05,362.20152767621937
2.9600000000000013,7.500000000000001e-05,361.6680458198848
2.9800000000000013,7.500000000000001e-05,361.12347531206024
3.0000000000000013,7.500000000000001e-05,360.6446293131732
3.0200000000000014,7.500000000000001e-05,360.1531497009896
3.0400000000000014,7.500000000000001e-05,359.71890806548674
3.0600000000000014,7.500000000000001e-05,359.2750412513541
3.0800000000000014,7.500000000000001e-05,358.87723083861704
3.1000000000000014,7.500000000000001e-05,358.47504665308605
3.1200000000000014,7.500000000000001e-05,358.108088765183
3.1400000000000015,7.500000000000001e-05,357.74249340475774
3.1600000000000015,7.500000000000001e-05,357.4023024995525
3.1800000000000015,7.500000000000001e-05,357.06895624005915
3.200000000000001,7.500000000000001e-05,356.7524204974016
3.2200000000000015,7.500000000000001e-05,356.44760976287273
3.240000000000001,7.500000000000001e-05,356.1522800601877
3.2600000000000016,7.500000000000001e-05,355.8728098879794
3.280000000000001,7.500000000000001e-05,355.5966995829266
3.3000000000000016,7.500000000000001e-05,355.3398071724389
3.320000000000001,7.500000000000001e-05,355.0812592662539
3.3400000000000016,7.500000000000001e-05,354.8445441822241
3.360000000000001,7.500000000000001e-05,354.60214171529543
3.3800000000000017,7.500000000000001e-05,354.3835090457524
3.4000000000000012,7.500000000000001e-05,354.15601398219917
3.4200000000000017,7.500000000000001e-05,353.95362772187735
3.4400000000000013,7.500000000000001e-05,353.739938899152
3.4600000000000017,7.500000000000001e-05,353.5521835155057
3.4800000000000013,7.500000000000001e-05,353.35130747357795
3.5000000000000018,7.500000000000001e-05,353.1767560788927
3.5200000000000014,7.500000000000001e-05,352.98778664034944
3.5400000000000014,7.500000000000001e-05,352.8251745253252
3.5600000000000014,7.500000000000001e-05,352.6472783400142
3.5800000000000014,7.500000000000001e-05,352.4954808733299
3.6000000000000014,7.500000000000001e-05,352.32788703385125
3.6200000000000014,7.500000000000001e-05,352.18590112642687
3.6400000000000015,7.500000000000001e-05,352.02789356235667
3.6600000000000015,7.500000000000001e-05,351.894822049706
3.6800000000000015,7.500000000000001e-05,351.7457338176029
3.7000000000000015,7.500000000000001e-05,351.62077223794165
3.7200000000000015,7.500000000000001e-05,351.479981104139
3.7400000000000015,7.500000000000001e-05,351.36240645008263
3.7600000000000016,7.500000000000001e-05,351.22933135552114
3.7800000000000016,7.500000000000001e-05,351.1184924578555
3.8000000000000016,7.500000000000001e-05,350.9925905863669
3.8200000000000016,7.500000000000001e-05,350.88789985325377
3.8400000000000016,7.500000000000001e-05,350.7686641155263
3.8600000000000017,7.500000000000001e-05,350.6695904025683
3.8800000000000017,7.500000000000001e-05,350.55654721026974
3.9000000000000017,7.500000000000001e-05,350.4626096386411
3.9200000000000017,7.500000000000001e-05,350.35531688567056
3.9400000000000017,7.500000000000001e-05,350.26607945902674
3.9600000000000017,7.500000000000001e-05,350.16412465566094
3.9800000000000018,7.500000000000001e-05,350.07919155342995
4.000000000000002,7.500000000000001e-05,349.9821900785144
2.700000000000001,9.375e-05,371.1417977680735
2.720000000000001,9.375e-05,370.8250474185313
2.740000000000001,9.375e-05,369.76242662729067
2.760000000000001,9.375e-05,368.60105041979165
2.780000000000001,9.375e-05,367.6677021119757
2.800000000000001,9.375e-05,366.7262414098389
2.820000000000001,9.375e-05,365.90415001828103
2.840000000000001,9.375e-05,365.12374713889494
2.860000000000001,9.375e-05,364.4027076180314
2.8800000000000012,9.375e-05,363.73131222152136
2.9000000000000012,9.375e-05,363.09660358537724
2.9200000000000013,9.375e-05,362.504288007028
2.9400000000000013,9.375e-05,361.9415123186704
2.9600000000000013,9.375e-05,361.41059265170026
2.9800000000000013,9.375e-05,360.90757486705377
3.0000000000000013,9.375e-05,360.42648756339406
3.0200000000000014,9.375e-05,359.9725226368644
3.0400000000000014,9.375e-05,359.5340408056223
3.0600000000000014,9.375e-05,359.1225459987449
3.0800000000000014,9.375e-05,358.72113501546625
3.1000000000000014,9.375e-05,358.34577358076757
3.1200000000000014,9.375e-05,357.9770936594488
3.1400000000000015,9.375e-05,357.6328715627818
3.1600000000000015,9.375e-05,357.29335510441206
3.1800000000000015,9.375e-05,356.9763013754575
3.200000000000001,9.375e-05,356.66294382768035
3.2200000000000015,9.375e-05,356.3698489595233
3.240000000000001,9.375e-05,356.0800741368109
3.2600000000000016,9.375e-05,355.80830157622574
3.280000000000001,9.375e-05,355.5398695559779
3.3000000000000016,9.375e-05,355.28721949379536
3.320000000000001,9.375e-05,355.0381613651683
3.3400000000000016,9.375e-05,354.8027712291815
3.360000000000001,9.375e-05,354.57134141123305
3.3800000000000017,9.375e-05,354.3516124801887
3.4000000000000012,9.375e-05,354.1362528819064
3.4200000000000017,9.375e-05,353.9307957249831
3.4400000000000013,9.375e-05,353.7301081135709
3.4600000000000017,9.375e-05,353.5377017159133
3.4800000000000013,9.375e-05,353.3504259243224
3.5000000000000018,9.375e-05,353.16998682262323
3.5200000000000014,9.375e-05,352.9949832100773
3.5400000000000014,9.375e-05,352.82554198328336
3.5600000000000014,9.375e-05,352.66177706017487
3.5800000000000014,9.375e-05,352.50246024612335
3.6000000000000014,9.375e-05,352.34899469969963
3.6200000000000014,9.375e-05,352.19901073030326
3.6400000000000015,9.375e-05,352.05498930527233
3.6600000000000015,9.375e-05,351.913617430753
3.6800000000000015,9.375e-05,351.77826026804854
3.7000000000000015,9.375e-05,351.6448417155735
3.7200000000000015,9.375e-05,351.51743685650115
3.7400000000000015,9.375e-05,351.39136766905506
3.7600000000000016,9.375e-05,351.2712645057365
3.7800000000000016,9.375e-05,351.15198965351624
3.8000000000000016,9.375e-05,351.03859315940275
3.8200000000000016,9.375e-05,350.92560162317415
3.8400000000000016,9.375e-05,350.818367235763
3.8600000000000017,9.375e-05,350.7111878400514
3.8800000000000017,9.375e-05,350.6096168960361
3.9000000000000017,9.375e-05,350.50781472748014
3.9200000000000017,9.375e-05,350.41145037139137
3.9400000000000017,9.375e-05,350.3146236597408
3.9600000000000017,9.375e-05,350.2230471626452
3.9800000000000018,9.375e-05,350.1308245327941
4.000000000000002,9.375e-05,350.04365196938545
2.700000000000001,0.00011250000000000001,369.4051817647467
2.720000000000001,0.00011250000000000001,369.2935642770161
2.740000000000001,0.00011250000000000001,368.61374738154746
2.760000000000001,0.00011250000000000001,367.6725553757792
2.780000000000001,0.00011250000000000001,366.8386151118949
2.800000000000001,0.00011250000000000001,366.0335504550433
2.820000000000001,0.00011250000000000001,365.26778729749975
2.840000000000001,0.00011250000000000001,364.5688697587278
2.860000000000001,0.00011250000000000001,363.89217049093907
2.8800000000000012,0.00011250000000000001,363.27293212011955
2.9000000000000012,0.00011250000000000001,362.67429572636195
2.9200000000000013,0.00011250000000000001,362.1193356578059
2.9400000000000013,0.00011250000000000001,361.5849462312104
2.9600000000000013,0.00011250000000000001,361.0840035466938
2.9800000000000013,0.00011250000000000001,360.60245485629355
3.0000000000000013,0.00011250000000000001,360.14768329494234
3.0200000000000014,0.00011250000000000001,359.7096644288353
3.0400000000000014,0.00011250000000000001,359.29496718776545
3.0600000000000014,0.00011250000000000001,358.89478656295057
3.0800000000000014,0.00011250000000000001,358.5154858082125
3.1000000000000014,0.00011250000000000001,358.1480393453436
3.1200000000000014,0.00011250000000000001,357.799941519982
3.1400000000000015,0.00011250000000000001,357.4612882485881
3.1600000000000015,0.00011250000000000001,357.1407954323137
3.1800000000000015,0.00011250000000000001,356.8277878518889
3.200000000000001,0.00011250000000000001,356.5318352178771
3.2200000000000015,0.00011250000000000001,356.2418812615185
3.240000000000001,0.00011250000000000001,355.9678526311973
3.2600000000000016,0.00011250000000000001,355.6987630175902
3.280000000000001,0.00011250000000000001,355.4444138974618
3.3000000000000016,0.00011250000000000001,355.194300897483
3.320000000000001,0.00011250000000000001,354.95769375330684
3.3400000000000016,0.00011250000000000001,354.72490231504617
3.360000000000001,0.00011250000000000001,354.5043534933564
3.3800000000000017,0.00011250000000000001,354.2874134036071
3.4000000000000012,0.00011250000000000001,354.0814500240253
3.4200000000000017,0.00011250000000000001,353.8790420194967
3.4400000000000013,0.00011250000000000001,353.6863671009641
3.4600000000000017,0.00011250000000000001,353.4972983507591
3.4800000000000013,0.00011250000000000001,353.31676262743576
3.5000000000000018,0.00011250000000000001,353.1399485739009
3.5200000000000014,0.00011250000000000001,352.9705276971329
3.5400000000000014,0.00011250000000000001,352.80497825067135
3.5600000000000014,0.00011250000000000001,352.64575430327176
3.5800000000000014,0.00011250000000000001,352.4905630486498
3.6000000000000014,0.00011250000000000001,352.3407094999158
3.6200000000000014,0.00011250000000000001,352.195045011017
3.6400000000000015,0.00011250000000000001,352.05381441203434
3.6600000000000015,0.00011250000000000001,351.91691306575933
3.6800000000000015,0.00011250000000000001,351.7836269261433
3.7000000000000015,0.00011250000000000001,351.654786803257
3.7200000000000015,0.00011250000000000001,351.5288272057999
3.7400000000000015,0.00011250000000000001,351.4074027990494
3.7600000000000016,0.00011250000000000001,351.28820540159484
3.7800000000000016,0.00011250000000000001,351.17360294053884
3.8000000000000016,0.00011250000000000001,351.06065108851004
3.8200000000000016,0.00011250000000000001,350.9523243503732
3.8400000000000016,0.00011250000000000001,350.8451440821346
3.8600000000000017,0.00011250000000000001,350.74259059817524
3.8800000000000017,0.00011250000000000001,350.6407463717205
3.9000000000000017,0.00011250000000000001,350.5435039654716
3.9200000000000017,0.00011250000000000001,350.4465949713703
3.9400000000000017,0.00011250000000000001,350.35423858306524
3.9600000000000017,0.00011250000000000001,350.2618955370838
3.9800000000000018,0.00011250000000000001,350.17403430054355
4.000000000000002,0.00011250000000000001,350.085916631704
2.700000000000001,0.00013125000000000002,367.69187983719144
2.720000000000001,0.00013125000000000002,367.70190647158296
2.740000000000001,0.00013125000000000002,367.30958055035427
2.760000000000001,0.00013125000000000002,366.60226161505415
2.780000000000001,0.00013125000000000002,365.8903831420047
2.800000000000001,0.00013125000000000002,365.20511343838814
2.820000000000001,0.00013125000000000002,364.52786085089207
2.840000000000001,0.00013125000000000002,363.89658513666075
2.860000000000001,0.00013125000000000002,363.28753722627835
2.8800000000000012,0.00013125000000000002,362.7132343712384
2.9000000000000012,0.00013125000000000002,362.16626983747113
2.9200000000000013,0.00013125000000000002,361.6452003820868
2.9400000000000013,0.00013125000000000002,361.15077979889816
2.9600000000000013,0.00013125000000000002,360.6772418336657
2.9800000000000013,0.00013125000000000002,360.227445373293
3.0000000000000013,0.00013125000000000002,359.7955642338179
3.0200000000000014,0.00013125000000000002,359.38384618119994
3.0400000000000014,0.00013125000000000002,358.9882662143255
3.0600000000000014,0.00013125000000000002,358.61034527618443
3.0800000000000014,0.00013125000000000002,358.2470645795768
3.1000000000000014,0.00013125000000000002,357.89908261233603
3.1200000000000014,0.00013125000000000002,357.5643816042414
3.1400000000000015,0.00013125000000000002,357.2431467125697
3.1600000000000015,0.00013125000000000002,356.9338712357396
3.1800000000000015,0.00013125000000000002,356.6366716302603
3.200000000000001,0.00013125000000000002,356.35016562998493
3.2200000000000015,0.00013125000000000002,356.0746603461941
3.240000000000001,0.00013125000000000002,355.8086694815862
3.2600000000000016,0.00013125000000000002,355.5528151798017
3.280000000000001,0.00013125000000000002,355.3054042221972
3.3000000000000016,0.00013125000000000002,355.06740203238746
3.320000000000001,0.00013125000000000002,354.8368900469194
3.3400000000000016,0.00013125000000000002,354.615145266204
3.360000000000001,0.00013125000000000002,354.40005600562876
3.3800000000000017,0.00013125000000000002,354.1931467043589
3.4000000000000012,0.00013125000000000002,353.9921708992948
3.4200000000000017,0.00013125000000000002,353.7988229787006
3.4400000000000013,0.00013125000000000002,353.61078963563676
3.4600000000000017,0.00013125000000000002,353.4298566928482
3.4800000000000013,0.00013125000000000002,353.2537111152689
3.5000000000000018,0.00013125000000000002,353.0841579666717
3.5200000000000014,0.00013125000000000002,352.9189447607931
3.5400000000000014,0.00013125000000000002,352.75983379652905
3.5600000000000014,0.00013125000000000002,352.6046835643192
3.5800000000000014,0.00013125000000000002,352.4551633249955
3.6000000000000014,0.00013125000000000002,352.30928208731666
3.6200000000000014,0.00013125000000000002,352.1685776066662
3.6400000000000015,0.00013125000000000002,352.03123825527393
3.6600000000000015,0.00013125000000000002,351.89864282194117
3.6800000000000015,0.00013125000000000002,351.76917808876163
3.7000000000000015,0.00013125000000000002,351.6440461603363
3.7200000000000015,0.00013125000000000002,351.521842731688
3.7400000000000015,0.00013125000000000002,351.4035837934381
3.7600000000000016,0.00013125000000000002,351.28807729838496
3.7800000000000016,0.00013125000000000002,351.1761505037354
3.8000000000000016,0.00013125000000000002,351.06682117941983
3.8200000000000016,0.00013125000000000002,350.9607306430916
3.8400000000000016,0.00013125000000000002,350.857099533126
3.8600000000000017,0.00013125000000000002,350.7563901738095
3.8800000000000017,0.00013125000000000002,350.6580157541989
3.9000000000000017,0.00013125000000000002,350.56226960369247
3.9200000000000017,0.00013125000000000002,350.4687447583827
3.9400000000000017,0.00013125000000000002,350.37757766974323
3.9600000000000017,0.00013125000000000002,350.2885269577346
3.9800000000000018,0.00013125000000000002,350.2015856572242
4.000000000000002,0.00013125000000000002,350.11666282747746
2.700000000000001,0.00015000000000000001,366.0024829317516
2.720000000000001,0.00015000000000000001,366.0885464670115
2.740000000000001,0.00015000000000000001,365.9012192521412
2.760000000000001,0.00015000000000000001,365.41304920274666
2.780000000000001,0.00015000000000000001,364.8374803041152
2.800000000000001,0.00015000000000000001,364.26555145873476
2.820000000000001,0.00015000000000000001,363.68635065256785
2.840000000000001,0.00015000000000000001,363.12758962888887
2.860000000000001,0.00015000000000000001,362.5883000748562
2.8800000000000012,0.00015000000000000001,362.0680625107051
2.9000000000000012,0.00015000000000000001,361.57200220588095
2.9200000000000013,0.00015000000000000001,361.09412265694897
2.9400000000000013,0.00015000000000000001,360.6384864460861
2.9600000000000013,0.00015000000000000001,360.2004498045363
2.9800000000000013,0.00015000000000000001,359.7815405248114
3.0000000000000013,0.00015000000000000001,359.3793249627555
3.0200000000000014,0.00015000000000000001,358.9932704988076
3.0400000000000014,0.00015000000000000001,358.6227484195268
3.0600000000000014,0.00015000000000000001,358.2665113959668
3.0800000000000014,0.00015000000000000001,357.92462761662017
3.1000000000000014,0.00015000000000000001,357.5953569001843
3.1200000000000014,0.00015000000000000001,357.27916809616283
3.1400000000000015,0.00015000000000000001,356.9742733240183
3.1600000000000015,0.00015000000000000001,356.68124086679126
3.1800000000000015,0.00015000000000000001,356.3984092303677
3.200000000000001,0.00015000000000000001,356.1263449866475
3.2200000000000015,0.00015000000000000001,355.8635279282555
3.240000000000001,0.00015000000000000001,355.6105250556715
3.2600000000000016,0.00015000000000000001,355.3659104397939
3.280000000000001,0.00015000000000000001,355.13028844453663
3.3000000000000016,0.00015000000000000001,354.9022696797498
3.320000000000001,0.00015000000000000001,354.68253326176165
3.3400000000000016,0.00015000000000000001,354.4696803263714
3.360000000000001,0.00015000000000000001,354.2644886499154
3.3800000000000017,0.00015000000000000001,354.0655227306816
3.4000000000000012,0.00015000000000000001,353.87366620136885
3.4200000000000017,0.00015000000000000001,353.6874382267055
3.4400000000000013,0.00015000000000000001,353.5078206081689
3.4600000000000017,0.00015000000000000001,353.33329337645114
3.4800000000000013,0.00015000000000000001,353.1649177074097
3.5000000000000018,0.00015000000000000001,353.0011511144354
3.5200000000000014,0.00015000000000000001,352.8431083522739
3.5400000000000014,0.00015000000000000001,352.68924719555935
3.5600000000000014,0.00015000000000000001,352.5407068433838
3.5800000000000014,0.00015000000000000001,352.3959707253444
3.6000000000000014,0.00015000000000000001,352.25617292967434
3.6200000000000014,0.00015000000000000001,352.1198478504057
3.6400000000000015,0.00015000000000000001,351.9880966146937
3.6600000000000015,0.00015000000000000001,351.85952791667114
3.6800000000000015,0.00015000000000000001,351.73518518347475
3.7000000000000015,0.00015000000000000001,351.6137715758937
3.7200000000000015,0.00015000000000000001,351.49625200346446
3.7400000000000015,0.00015000000000000001,351.3814404499756
3.7600000000000016,0.00015000000000000001,351.27020675834694
3.7800000000000016,0.00015000000000000001,351.1614880581003
3.8000000000000016,0.00015000000000000001,351.0560468532046
3.8200000000000016,0.00015000000000000001,350.95295178227553
3.8400000000000016,0.00015000000000000001,350.85284978933953
3.8600000000000017,0.00015000000000000001,350.75494569900815
3.8800000000000017,0.00015000000000000001,350.65976635209796
3.9000000000000017,0.00015000000000000001,350.56665414343286
3.9200000000000017,0.00015000000000000001,350.4760144888827
3.9400000000000017,0.00015000000000000001,350.3873259009047
3.9600000000000017,0.00015000000000000001,350.3008737800485
3.9800000000000018,0.00015000000000000001,350.21626894245884
4.000000000000002,0.00015000000000000001,350.13368042467226
2.700000000000001,0.00016875,364.33870688170026
2.720000000000001,0.00016875,364.4769822454431
2.740000000000001,0.00016875,364.43114695735795
2.760000000000001,0.00016875,364.13129864186106
2.780000000000001,0.00016875,363.6961952645288
2.800000000000001,0.00016875,363.2345882299067
2.820000000000001,0.00016875,362.75412341173586
2.840000000000001,0.00016875,362.2739867860553
2.860000000000001,0.00016875,361.80427050851
2.8800000000000012,0.00016875,361.34456658145035
2.9000000000000012,0.00016875,360.90047774138344
2.9200000000000013,0.00016875,360.4705535215462
2.9400000000000013,0.00016875,360.0559985615571
2.9600000000000013,0.00016875,359.6566790568171
2.9800000000000013,0.00016875,359.27159883877164
3.0000000000000013,0.00016875,358.90125501235957
3.0200000000000014,0.00016875,358.54390883025303
3.0400000000000014,0.00016875,358.20014502107887
3.0600000000000014,0.00016875,357.8685556709901
3.0800000000000014,0.00016875,357.54945896165975
3.1000000000000014,0.00016875,357.24164273006767
3.1200000000000014,0.00016875,356.94516559190134
3.1400000000000015,0.00016875,356.6591261622953
3.1600000000000015,0.00016875,356.38337018571724
3.1800000000000015,0.00016875,356.1172451502883
3.200000000000001,0.00016875,355.8604763619141
3.2200000000000015,0.00016875,355.612572109213
3.240000000000001,0.00016875,355.3732121077208
3.2600000000000016,0.00016875,355.1419994534082
3.280000000000001,0.00016875,354.9186125806774
3.3000000000000016,0.00016875,354.7027109380017
3.320000000000001,0.00016875,354.4939908726049
3.3400000000000016,0.00016875,354.29215067387935
3.360000000000001,0.00016875,354.0969076144734
3.3800000000000017,0.00016875,353.90799419532914
3.4000000000000012,0.00016875,353.7251431053005
3.4200000000000017,0.00016875,353.54812286774154
3.4400000000000013,0.00016875,353.3766729190861
3.4600000000000017,0.00016875,353.21060172400394
3.4800000000000013,0.00016875,353.04964691674417
3.5000000000000018,0.00016875,352.89366038569557
3.5200000000000014,0.00016875,352.7423712489116
3.5400000000000014,0.00016875,352.59567661362223
3.5600000000000014,0.00016875,352.4532928705679
3.5800000000000014,0.00016875,352.31516204857735
3.6000000000000014,0.00016875,352.1809861271144
3.6200000000000014,0.00016875,352.0507497629943
3.6400000000000015,0.00016875,351.9241410411378
3.6600000000000015,0.00016875,351.8011833115509
3.6800000000000015,0.00016875,351.681553000045
3.7000000000000015,0.00016875,351.56530703010014
3.7200000000000015,0.00016875,351.4521136066997
3.7400000000000015,0.00016875,351.34205738343087
3.7600000000000016,0.00016875,351.2348025055894
3.7800000000000016,0.00016875,351.13045520322714
3.8000000000000016,0.00016875,351.0286800366838
3.8200000000000016,0.00016875,350.92959868958366
3.8400000000000016,0.00016875,350.8328805997263
3.8600000000000017,0.00016875,350.7386570741591
3.8800000000000017,0.00016875,350.6466066350849
3.9000000000000017,0.00016875,350.5568648621558
3.9200000000000017,0.00016875,350.46912314515083
3.9400000000000017,0.00016875,350.3835165850364
3.9600000000000017,0.00016875,350.29975269392196
3.9800000000000018,0.00016875,350.2179620073255
4.000000000000002,0.00016875,350.1378708328984
2.700000000000001,0.0001875,362.7048800055114
2.720000000000001,0.0001875,362.87918573506164
2.740000000000001,0.0001875,362.93211047510624
2.760000000000001,0.0001875,362.7833656484789
2.780000000000001,0.0001875,362.48434012755047
2.800000000000001,0.0001875,362.12913657273884
2.820000000000001,0.0001875,361.74548373309
2.840000000000001,0.0001875,361.34617647370175
2.860000000000001,0.0001875,360.9471290619258
2.8800000000000012,0.0001875,360.55010176337703
2.9000000000000012,0.0001875,360.16083406431284
2.9200000000000013,0.0001875,359.7804846637967
2.9400000000000013,0.0001875,359.4103272710675
2.9600000000000013,0.0001875,359.0511834991348
2.9800000000000013,0.0001875,358.70303821644774
3.0000000000000013,0.0001875,358.3660725624059
3.0200000000000014,0.0001875,358.0400718515927
3.0400000000000014,0.0001875,357.72468375187077
3.0600000000000014,0.0001875,357.41998177466144
3.0800000000000014,0.0001875,357.1253481429848
3.1000000000000014,0.0001875,356.8408639607399
3.1200000000000014,0.0001875,356.5657771556772
3.1400000000000015,0.0001875,356.3001871527471
3.1600000000000015,0.0001875,356.0433393356923
3.1800000000000015,0.0001875,355.7952981387595
3.200000000000001,0.0001875,355.55538216771146
3.2200000000000015,0.0001875,355.32359495638076
3.240000000000001,0.0001875,355.0993530882636
3.2600000000000016,0.0001875,354.88259914818457
3.280000000000001,0.0001875,354.67284487474865
3.3000000000000016,0.0001875,354.46998384276856
3.320000000000001,0.0001875,354.2736096095441
3.3400000000000016,0.0001875,354.08358105593965
3.360000000000001,0.0001875,353.8995588351655
3.3800000000000017,0.0001875,353.72137919696803
3.4000000000000012,0.0001875,353.5487576238478
3.4200000000000017,0.0001875,353.3815161122231
3.4400000000000013,0.0001875,353.2194161159445
3.4600000000000017,0.0001875,353.0622702826668
3.4800000000000013,0.0001875,352.9098801979031
3.5000000000000018,0.0001875,352.7620514607789
3.5200000000000014,0.0001875,352.61862210802974
3.5400000000000014,0.0001875,352.4793913727704
3.5600000000000014,0.0001875,352.34423133653326
3.5800000000000014,0.0001875,352.2129347821775
3.6000000000000014,0.0001875,352.08540598239716
3.6200000000000014,0.0001875,351.9614310451871
3.6400000000000015,0.0001875,351.8409446302309
3.6600000000000015,0.0001875,351.72372620446055
3.6800000000000015,0.0001875,351.60973876156925
3.7000000000000015,0.0001875,351.4987556263087
3.7200000000000015,0.0001875,351.3907656912661
3.7400000000000015,0.0001875,351.2855371653436
3.7600000000000016,0.0001875,351.1830820081287
3.7800000000000016,0.0001875,351.0831648309954
3.8000000000000016,0.0001875,350.9858174935971
3.8200000000000016,0.0001875,350.89080292616813
3.8400000000000016,0.0001875,350.79816949021404
3.8600000000000017,0.0001875,350.7076806271747
3.8800000000000017,0.0001875,350.61939769115475
3.9000000000000017,0.0001875,350.53308697445755
3.9200000000000017,0.0001875,350.4488193226017
3.9400000000000017,0.0001875,350.3663662447636
3.9600000000000017,0.0001875,350.28580469168963
3.9800000000000018,0.0001875,350.20691367695497
4.000000000000002,0.0001875,350.12977307403713
2.700000000000001,0.00020625000000000003,361.103131872066
2.720000000000001,0.00020625000000000003,361.3048574419508
2.740000000000001,0.00020625000000000003,361.4263765142634
2.760000000000001,0.00020625000000000003,361.3951617575666
2.780000000000001,0.00020625000000000003,361.21875438183264
2.800000000000001,0.00020625000000000003,360.9660649133517
2.820000000000001,0.00020625000000000003,360.6740563323243
2.840000000000001,0.00020625000000000003,360.3560373209844
2.860000000000001,0.00020625000000000003,360.0272674100533
2.8800000000000012,0.00020625000000000003,359.6940542980755
2.9000000000000012,0.00020625000000000003,359.3609331258957
2.9200000000000013,0.00020625000000000003,359.03172210760727
2.9400000000000013,0.00020625000000000003,358.7076093774714
2.9600000000000013,0.00020625000000000003,358.39054042124855
2.9800000000000013,0.00020625000000000003,358.08086767914915
3.0000000000000013,0.00020625000000000003,357.77933684989387
3.0200000000000014,0.00020625000000000003,357.48603141010335
3.0400000000000014,0.00020625000000000003,357.20107387916715
3.0600000000000014,0.00020625000000000003,356.92451559828044
3.0800000000000014,0.00020625000000000003,356.6563061922776
3.1000000000000014,0.00020625000000000003,356.3963341414763
3.1200000000000014,0.00020625000000000003,356.1444475758435
3.1400000000000015,0.00020625000000000003,355.90043623704827
3.1600000000000015,0.00020625000000000003,355.66413625616224
3.1800000000000015,0.00020625000000000003,355.4352662546588
3.200000000000001,0.00020625000000000003,355.2136782441232
3.2200000000000015,0.00020625000000000003,354.99905203186415
3.240000000000001,0.00020625000000000003,354.79125486821346
3.2600000000000016,0.00020625000000000003,354.58995562863555
3.280000000000001,0.00020625000000000003,354.3950296413037
3.3000000000000016,0.00020625000000000003,354.20615372793344
3.320000000000001,0.00020625000000000003,354.02320571842137
3.3400000000000016,0.00020625000000000003,353.8458808406544
3.360000000000001,0.00020625000000000003,353.67405695981665
3.3800000000000017,0.00020625000000000003,353.50745212103567
3.4000000000000012,0.00020625000000000003,353.34594413631
3.4200000000000017,0.00020625000000000003,353.1892746097492
3.4400000000000013,0.00020625000000000003,353.03732245583785
3.4600000000000017,0.00020625000000000003,352.8898517096065
3.4800000000000013,0.00020625000000000003,352.7467438865465
3.5000000000000018,0.00020625000000000003,352.6077836173881
3.5200000000000014,0.00020625000000000003,352.47285631510357
3.5400000000000014,0.00020625000000000003,352.3417653165541
3.5600000000000014,0.00020625000000000003,352.21440078141325
3.5800000000000014,0.00020625000000000003,352.0905831109159
3.6000000000000014,0.00020625000000000003,351.97020756953196
3.6200000000000014,0.00020625000000000003,351.8531103163377
3.6400000000000015,0.00020625000000000003,351.7391916566812
3.6600000000000015,0.00020625000000000003,351.62830250806365
3.6800000000000015,0.00020625000000000003,351.52034784855545
3.7000000000000015,0.00020625000000000003,351.4151925835508
3.7200000000000015,0.00020625000000000003,351.31274581701626
3.7400000000000015,0.00020625000000000003,351.2128858114359
3.7600000000000016,0.00020625000000000003,351.1155251819875
3.7800000000000016,0.00020625000000000003,351.0205549779358
3.8000000000000016,0.00020625000000000003,350.92789072923495
3.8200000000000016,0.00020625000000000003,350.8374357017984
3.8400000000000016,0.00020625000000000003,350.7491078214643
3.8600000000000017,0.00020625000000000003,350.66282196133653
3.8800000000000017,0.00020625000000000003,350.57849803659
3.9000000000000017,0.00020625000000000003,350.49606185809415
3.9200000000000017,0.00020625000000000003,350.41543505083
3.9400000000000017,0.00020625000000000003,350.3365536286037
3.9600000000000017,0.00020625000000000003,350.2593407731661
3.9800000000000018,0.00020625000000000003,350.1837419067157
4.000000000000002,0.00020625000000000003,350.1096817302045
2.700000000000001,0.00022500000000000002,359.5364048127886
2.720000000000001,0.00022500000000000002,359.7596790858782
2.740000000000001,0.00022500000000000002,359.9299324902033
2.760000000000001,0.00022500000000000002,359.98766141407447
2.780000000000001,0.00022500000000000002,359.9170444044494
2.800000000000001,0.00022500000000000002,359.7599748018197
2.820000000000001,0.00022500000000000002,359.5541825778866
2.840000000000001,0.00022500000000000002,359.3148006988445
2.860000000000001,0.00022500000000000002,359.05567224332515
2.8800000000000012,0.00022500000000000002,358.785545118188
2.9000000000000012,0.00022500000000000002,358.5094152624801
2.9200000000000013,0.00022500000000000002,358.2317514970443
2.9400000000000013,0.00022500000000000002,357.95493805743547
2.9600000000000013,0.00022500000000000002,357.6809251981041
2.9800000000000013,0.00022500000000000002,357.41110568800104
3.0000000000000013,0.00022500000000000002,357.1462014625154
3.0200000000000014,0.00022500000000000002,356.88700543094427
3.0400000000000014,0.00022500000000000002,356.63369014711856
3.0600000000000014,0.00022500000000000002,356.3867146956393
3.0800000000000014,0.00022500000000000002,356.1461056610387
3.1000000000000014,0.00022500000000000002,355.9120619975638
3.1200000000000014,0.00022500000000000002,355.68448359281695
3.1400000000000015,0.00022500000000000002,355.46341620341695
3.1600000000000015,0.00022500000000000002,355.2486997461827
3.1800000000000015,0.00022500000000000002,355.04029438549884
3.200000000000001,0.00022500000000000002,354.8380037490024
3.2200000000000015,0.00022500000000000002,354.64174784112885
3.240000000000001,0.00022500000000000002,354.4513052651677
3.2600000000000016,0.00022500000000000002,354.26658125316845
3.280000000000001,0.00022500000000000002,354.08733889250135
3.3000000000000016,0.00022500000000000002,353.91348058527075
3.320000000000001,0.00022500000000000002,353.7447629151988
3.3400000000000016,0.00022500000000000002,353.5810900261746
3.360000000000001,0.00022500000000000002,353.42221975554247
3.3800000000000017,0.00022500000000000002,353.2680591675263
3.4000000000000012,0.00022500000000000002,353.11837328125506
3.4200000000000017,0.00022500000000000002,352.9730720309735
3.4400000000000013,0.00022500000000000002,352.8319316409142
3.4600000000000017,0.00022500000000000002,352.6948646302025
3.4800000000000013,0.00022500000000000002,352.5616608040656
3.5000000000000018,0.00022500000000000002,352.4322350974954
3.5200000000000014,0.00022500000000000002,352.3063920159711
3.5400000000000014,0.00022500000000000002,352.1840489050801
3.5600000000000014,0.00022500000000000002,352.0650252248551
3.5800000000000014,0.00022500000000000002,351.9492408253807
3.6000000000000014,0.00022500000000000002,351.8365298377347
3.6200000000000014,0.00022500000000000002,351.72681472735434
3.6400000000000015,0.00022500000000000002,351.619943717476
3.6600000000000015,0.00022500000000000002,351.5158419553861
3.6800000000000015,0.00022500000000000002,351.414371044414
3.7000000000000015,0.00022500000000000002,351.3154588048569
3.7200000000000015,0.00022500000000000002,351.21897947210596
3.7400000000000015,0.00022500000000000002,351.12486345074666
3.7600000000000016,0.00022500000000000002,351.0329968742606
3.7800000000000016,0.00022500000000000002,350.94331257644694
3.8000000000000016,0.00022500000000000002,350.8557078879424
3.8200000000000016,0.00022500000000000002,350.77011787345697
3.8400000000000016,0.00022500000000000002,350.68645039367834
3.8600000000000017,0.00022500000000000002,350.6046425285945
3.8800000000000017,0.00022500000000000002,350.5246120276101
3.9000000000000017,0.00022500000000000002,350.44629777702573
3.9200000000000017,0.00022500000000000002,350.36962678866394
3.9400000000000017,0.00022500000000000002,350.29453957222114
3.9600000000000017,0.00022500000000000002,350.22097178093844
3.9800000000000018,0.00022500000000000002,350.14886540466426
4.000000000000002,0.00022500000000000002,350.07816411546935
2.700000000000001,0.00024375000000000002,358.0070169102222
2.720000000000001,0.00024375000000000002,358.2483147114365
2.740000000000001,0.00024375000000000002,358.4539181444012
2.760000000000001,0.00024375000000000002,358.57828782545215
2.780000000000001,0.00024375000000000002,358.5953233088948
2.800000000000001,0.00024375000000000002,358.5249940292727
2.820000000000001,0.00024375000000000002,358.3990094426139
2.840000000000001,0.00024375000000000002,358.2341637994181
2.860000000000001,0.00024375000000000002,358.0426269714766
2.8800000000000012,0.00024375000000000002,357.8342274621
2.9000000000000012,0.00024375000000000002,357.6145946636514
2.9200000000000013,0.00024375000000000002,357.38854682760393
2.9400000000000013,0.00024375000000000002,357.15924604472
2.9600000000000013,0.00024375000000000002,356.9290051161576
2.9800000000000013,0.00024375000000000002,356.6996437408967
3.0000000000000013,0.00024375000000000002,356.4723402798674
3.0200000000000014,0.00024375000000000002,356.24806754456694
3.0400000000000014,0.00024375000000000002,356.02744869430995
3.0600000000000014,0.00024375000000000002,355.81098140908205
3.0800000000000014,0.00024375000000000002,355.5990574668937
3.1000000000000014,0.00024375000000000002,355.39190128446415
3.1200000000000014,0.00024375000000000002,355.18970558649454
3.1400000000000015,0.00024375000000000002,354.9925291033266
3.1600000000000015,0.00024375000000000002,354.8004420399187
3.1800000000000015,0.00024375000000000002,354.61341030766494
3.200000000000001,0.00024375000000000002,354.4314235478914
3.2200000000000015,0.00024375000000000002,354.2543970678159
3.240000000000001,0.00024375000000000002,354.0822687192187
3.2600000000000016,0.00024375000000000002,353.91492548614315
3.280000000000001,0.00024375000000000002,353.7522743821827
3.3000000000000016,0.00024375000000000002,353.5941860960195
3.320000000000001,0.00024375000000000002,353.44055144477375
3.3400000000000016,0.00024375000000000002,353.2912320435075
3.360000000000001,0.00024375000000000002,353.1461121368033
3.3800000000000017,0.00024375000000000002,353.00504919347793
3.4000000000000012,0.00024375000000000002,352.86792683243027
3.4200000000000017,0.00024375000000000002,352.7346020306895
3.4400000000000013,0.00024375000000000002,352.6049612317757
3.4600000000000017,0.00024375000000000002,352.4788636899205
3.4800000000000013,0.00024375000000000002,352.3562005342574
3.5000000000000018,0.00024375000000000002,352.23683534282935
3.5200000000000014,0.00024375000000000002,352.1206648344904
3.5400000000000014,0.00024375000000000002,352.00755834031384
3.5600000000000014,0.00024375000000000002,351.8974185247377
3.5800000000000014,0.00024375000000000002,351.7901213837243
3.6000000000000014,0.00024375000000000002,351.68557558213814
3.6200000000000014,0.00024375000000000002,351.58366427831106
3.6400000000000015,0.00024375000000000002,351.48430203186285
3.6600000000000015,0.00024375000000000002,351.38737934647986
3.6800000000000015,0.00024375000000000002,351.2928164854012
3.7000000000000015,0.00024375000000000002,351.2005112557111
3.7200000000000015,0.00024375000000000002,351.1103893854364
3.7400000000000015,0.00024375000000000002,351.0223557928193
3.7600000000000016,0.00024375000000000002,350.93634140251925
3.7800000000000016,0.00024375000000000002,350.85225795971206
3.8000000000000016,0.00024375000000000002,350.7700412976416
3.8200000000000016,0.00024375000000000002,350.68960965499053
3.8400000000000016,0.00024375000000000002,350.61090347169903
3.8600000000000017,0.00024375000000000002,350.5338471267641
3.8800000000000017,0.00024375000000000002,350.4583853563712
3.9000000000000017,0.00024375000000000002,350.3844483256414
3.9200000000000017,0.00024375000000000002,350.31198475337794
3.9400000000000017,0.00024375000000000002,350.2409302464493
3.9600000000000017,0.00024375000000000002,350.17123719502194
3.9800000000000018,0.00024375000000000002,350.1028463183646
4.000000000000002,0.00024375000000000002,350.03571337454855
2.700000000000001,0.00026250000000000004,356.51734499480085
2.720000000000001,0.00026250000000000004,356.7740917383276
2.740000000000001,0.00026250000000000004,357.00617832173504
2.760000000000001,0.00026250000000000004,357.1801880995651
2.780000000000001,0.00026250000000000004,357.26803871430513
2.800000000000001,0.00026250000000000004,357.27394933134923
2.820000000000001,0.00026250000000000004,357.22085738343696
2.840000000000001,0.00026250000000000004,357.12528824068875
2.860000000000001,0.00026250000000000004,356.9982863645572
2.8800000000000012,0.00026250000000000004,356.84941273237587
2.9000000000000012,0.00026250000000000004,356.6849961453642
2.9200000000000013,0.00026250000000000004,356.5098681382076
2.9400000000000013,0.00026250000000000004,356.32778592632576
2.9600000000000013,0.00026250000000000004,356.1413421293156
2.9800000000000013,0.00026250000000000004,355.9527106289516
3.0000000000000013,0.00026250000000000004,355.76339487580907
3.0200000000000014,0.00026250000000000004,355.57462088030763
3.0400000000000014,0.00026250000000000004,355.38727092583804
3.0600000000000014,0.00026250000000000004,355.2020449526192
3.0800000000000014,0.00026250000000000004,355.01949170592644
3.1000000000000014,0.00026250000000000004,354.8400289270877
3.1200000000000014,0.00026250000000000004,354.6639536148181
3.1400000000000015,0.00026250000000000004,354.49149518361156
3.1600000000000015,0.00026250000000000004,354.3227903448412
3.1800000000000015,0.00026250000000000004,354.1579516446019
3.200000000000001,0.00026250000000000004,353.9970127647111
3.2200000000000015,0.00026250000000000004,353.84001163557406
3.240000000000001,0.00026250000000000004,353.6869173572877
3.2600000000000016,0.00026250000000000004,353.53771866477217
3.280000000000001,0.00026250000000000004,353.3923454015561
3.3000000000000016,0.00026250000000000004,353.25075385971564
3.320000000000001,0.00026250000000000004,353.1128508238638
3.3400000000000016,0.00026250000000000004,352.9785719518625
3.360000000000001,0.00026250000000000004,352.8478111938688
3.3800000000000017,0.00026250000000000004,352.72049208095547
3.4000000000000012,0.00026250000000000004,352.5965022177676
3.4200000000000017,0.00026250000000000004,352.4757590735032
3.4400000000000013,0.00026250000000000004,352.35814810560714
3.4600000000000017,0.00026250000000000004,352.2435849231649
3.4800000000000013,0.00026250000000000004,352.13195562041744
3.5000000000000018,0.00026250000000000004,352.02317674326525
3.5200000000000014,0.00026250000000000004,351.917136905269
3.5400000000000014,0.00026250000000000004,351.8137553569359
3.5600000000000014,0.00026250000000000004,351.7129245098954
3.5800000000000014,0.00026250000000000004,351.6145673585876
3.6000000000000014,0.00026250000000000004,351.5185809648799
3.6200000000000014,0.00026250000000000004,351.4248926089208
3.6400000000000015,0.00026250000000000004,351.3334045404737
3.6600000000000015,0.00026250000000000004,351.24404853941695
3.6800000000000015,0.00026250000000000004,351.1567323437654
3.7000000000000015,0.00026250000000000004,351.0713922392432
3.7200000000000015,0.00026250000000000004,350.987941572889
3.7400000000000015,0.00026250000000000004,350.9063210159202
3.7600000000000016,0.00026250000000000004,350.82644951122836
3.7800000000000016,0.00026250000000000004,350.7482719221045
3.8000000000000016,0.00026250000000000004,350.6717126771174
3.8200000000000016,0.00026250000000000004,350.596720599057
3.8400000000000016,0.00026250000000000004,350.52322542478515
3.8600000000000017,0.00026250000000000004,350.4511796858133
3.8800000000000017,0.00026250000000000004,350.3805182062802
3.9000000000000017,0.00026250000000000004,350.311196970138
3.9200000000000017,0.00026250000000000004,350.24315564224815
3.9400000000000017,0.00026250000000000004,350.17635340487004
3.9600000000000017,0.00026250000000000004,350.1107345048581
3.9800000000000018,0.00026250000000000004,350.0462610754945
4.000000000000002,0.00026250000000000004,349.9828816841483
2.700000000000001,0.00028125000000000003,355.06951977079586
2.720000000000001,0.00028125000000000003,355.33984517169984
2.740000000000001,0.00028125000000000003,355.59244955652235
2.760000000000001,0.00028125000000000003,355.8036256113531
2.780000000000001,0.00028125000000000003,355.947528975302
2.800000000000001,0.00028125000000000003,356.01868814104927
2.820000000000001,0.00028125000000000003,356.03097413255557
2.840000000000001,0.00028125000000000003,355.99886296795296
2.860000000000001,0.00028125000000000003,355.93236568683636
2.8800000000000012,0.00028125000000000003,355.84021125971736
2.9000000000000012,0.00028125000000000003,355.7289559036432
2.9200000000000013,0.00028125000000000003,355.6034696669635
2.9400000000000013,0.00028125000000000003,355.46771703161255
2.9600000000000013,0.00028125000000000003,355.32461014736185
2.9800000000000013,0.00028125000000000003,355.17649159633044
3.0000000000000013,0.00028125000000000003,355.0251752389553
3.0200000000000014,0.00028125000000000003,354.8720590453411
3.0400000000000014,0.00028125000000000003,354.7182666245294
3.0600000000000014,0.00028125000000000003,354.5646522869496
3.0800000000000014,0.00028125000000000003,354.41193241154104
3.1000000000000014,0.00028125000000000003,354.2606560066713
3.1200000000000014,0.00028125000000000003,354.1112602527681
3.1400000000000015,0.00028125000000000003,353.9640768491891
3.1600000000000015,0.00028125000000000003,353.8193605979382
3.1800000000000015,0.00028125000000000003,353.6772999196798
3.200000000000001,0.00028125000000000003,353.5380306773506
3.2200000000000015,0.00028125000000000003,353.40164526324776
3.240000000000001,0.00028125000000000003,353.26820216634553
3.2600000000000016,0.00028125000000000003,353.1377290351743
3.280000000000001,0.00028125000000000003,353.01023383278806
3.3000000000000016,0.00028125000000000003,352.88570111256433
3.320000000000001,0.00028125000000000003,352.76410580760074
3.3400000000000016,0.00028125000000000003,352.64540454920143
3.360000000000001,0.00028125000000000003,352.52955093007637
3.3800000000000017,0.00028125000000000003,352.41648423220397
3.4000000000000012,0.00028125000000000003,352.3061447328242
3.4200000000000017,0.00028125000000000003,352.19846164305653
3.4400000000000013,0.00028125000000000003,352.093367540836
3.4600000000000017,0.00028125000000000003,351.99078651319604
3.4800000000000013,0.00028125000000000003,351.89064739684636
3.5000000000000018,0.00028125000000000003,351.79287247609403
3.5200000000000014,0.00028125000000000003,351.6973896199004
3.5400000000000014,0.00028125000000000003,351.60412151208766
3.5600000000000014,0.00028125000000000003,351.51299696234
3.5800000000000014,0.00028125000000000003,351.42394049140466
3.6000000000000014,0.00028125000000000003,351.3368831221179
3.6200000000000014,0.00028125000000000003,351.2517521280181
3.6400000000000015,0.00028125000000000003,351.1684815519599
3.6600000000000015,0.00028125000000000003,351.08700197970353
3.6800000000000015,0.00028125000000000003,351.0072509445158
3.7000000000000015,0.00028125000000000003,350.92916265899595
3.7200000000000015,0.00028125000000000003,350.8526783785041
3.7400000000000015,0.00028125000000000003,350.77773608806393
3.7600000000000016,0.00028125000000000003,350.7042808314208
3.7800000000000016,0.00028125000000000003,350.6322543945799
3.8000000000000016,0.00028125000000000003,350.56160556470843
3.8200000000000016,0.00028125000000000003,350.49227987662204
3.8400000000000016,0.00028125000000000003,350.42422974390155
3.8600000000000017,0.00028125000000000003,350.35740434307405
3.8800000000000017,0.00028125000000000003,350.2917595529163
3.9000000000000017,0.00028125000000000003,350.2272480482957
3.9200000000000017,0.00028125000000000003,350.163828987083
3.9400000000000017,0.00028125000000000003,350.1014583765093
3.9600000000000017,0.00028125000000000003,350.04009845566435
3.9800000000000018,0.00028125000000000003,349.97970838561315
4.000000000000002,0.00028125000000000003,349.92025328570213
2.700000000000001,0.00030000000000000003,353.6655287106128
2.720000000000001,0.00030000000000000003,353.9478969930008
2.740000000000001,0.00030000000000000003,354.216903880984
2.760000000000001,0.00030000000000000003,354.45615451901074
2.780000000000001,0.00030000000000000003,354.64390056578645
2.800000000000001,0.00030000000000000003,354.76963971661036
2.820000000000001,0.00030000000000000003,354.8395153835034
2.840000000000001,0.00030000000000000003,354.8647245416447
2.860000000000001,0.00030000000000000003,354.85409858143964
2.8800000000000012,0.00030000000000000003,354.81527088878994
2.9000000000000012,0.00030000000000000003,354.754596173029
2.9200000000000013,0.00030000000000000003,354.6768889483022
2.9400000000000013,0.00030000000000000003,354.5861249907653
2.9600000000000013,0.00030000000000000003,354.48540124555217
2.9800000000000013,0.00030000000000000003,354.37718676212603
3.0000000000000013,0.00030000000000000003,354.26347868213963
3.0200000000000014,0.00030000000000000003,354.145847221111
3.0400000000000014,0.00030000000000000003,354.025568129471
3.0600000000000014,0.00030000000000000003,353.90365791905714
3.0800000000000014,0.00030000000000000003,353.7809479161515
3.1000000000000014,0.00030000000000000003,353.65812056372516
3.1200000000000014,0.00030000000000000003,353.53571502588545
3.1400000000000015,0.00030000000000000003,353.4141721071292
3.1600000000000015,0.00030000000000000003,353.29383283114737
3.1800000000000015,0.00030000000000000003,353.17497420936166
3.200000000000001,0.00030000000000000003,353.05780396557674
3.2200000000000015,0.00030000000000000003,352.94248738856504
3.240000000000001,0.00030000000000000003,352.8291419331145
3.2600000000000016,0.00030000000000000003,352.7178567390669
3.280000000000001,0.00030000000000000003,352.6086876122737
3.3000000000000016,0.00030000000000000003,352.50167214564823
3.320000000000001,0.00030000000000000003,352.39682402281215
3.3400000000000016,0.00030000000000000003,352.29414630547893
3.360000000000001,0.00030000000000000003,352.19362420958527
3.3800000000000017,0.00030000000000000003,352.09523801991793
3.4000000000000012,0.00030000000000000003,351.9989541680001
3.4200000000000017,0.00030000000000000003,351.90473828999257
3.4400000000000013,0.00030000000000000003,351.812544921454
3.4600000000000017,0.00030000000000000003,351.72233068616987
3.4800000000000013,0.00030000000000000003,351.6340430994411
3.5000000000000018,0.00030000000000000003,351.54763368982185
3.5200000000000014,0.00030000000000000003,351.46304636714484
3.5400000000000014,0.00030000000000000003,351.3802302854089
3.5600000000000014,0.00030000000000000003,351.2991281055923
3.5800000000000014,0.00030000000000000003,351.21968848564336
3.6000000000000014,0.00030000000000000003,351.1418544334399
3.6200000000000014,0.00030000000000000003,351.0655753901657
3.6400000000000015,0.00030000000000000003,350.99079576444643
3.6600000000000015,0.00030000000000000003,350.9174666302216
3.6800000000000015,0.00030000000000000003,350.84553446859155
3.7000000000000015,0.00030000000000000003,350.7749525264511
3.7200000000000015,0.00030000000000000003,350.70566976226075
3.7400000000000015,0.00030000000000000003,350.6376419138227
3.7600000000000016,0.00030000000000000003,350.57082063723874
3.7800000000000016,0.00030000000000000003,350.5051643206632
3.8000000000000016,0.00030000000000000003,350.4406274116499
3.8200000000000016,0.00030000000000000003,350.37717099663814
3.8400000000000016,0.00030000000000000003,350.3147523227462
3.8600000000000017,0.00030000000000000003,350.25333514581456
3.8800000000000017,0.00030000000000000003,350.19287946342035
3.9000000000000017,0.00030000000000000003,350.13335162062094
3.9200000000000017,0.00030000000000000003,350.07471427899185
3.9400000000000017,0.00030000000000000003,350.0169362599022
3.9600000000000017,0.00030000000000000003,349.9599827789646
3.9800000000000018,0.00030000000000000003,349.9038250016358
4.000000000000002,0.00030000000000000003,349.84843057376236
2.700000000000001,0.00031875,352.3071879741639
2.720000000000001,0.00031875,352.60029037614925
2.740000000000001,0.00031875,352.8827874329194
2.760000000000001,0.00031875,353.1435876073692
2.780000000000001,0.00031875,353.36539741266074
2.800000000000001,0.00031875,353.5359458537638
2.820000000000001,0.00031875,353.6556242683775
2.840000000000001,0.00031875,353.7319111064303
2.860000000000001,0.00031875,353.7721465207232
2.8800000000000012,0.00031875,353.7828121033431
2.9000000000000012,0.00031875,353.76970177586736
2.9200000000000013,0.00031875,353.73745286142275
2.9400000000000013,0.00031875,353.6899077094949
2.9600000000000013,0.00031875,353.6302152170176
2.9800000000000013,0.00031875,353.56090653836657
3.0000000000000013,0.00031875,353.48407823052247
3.0200000000000014,0.00031875,353.4014216244601
3.0400000000000014,0.00031875,353.3143252166394
3.0600000000000014,0.00031875,353.22392400714216
3.0800000000000014,0.00031875,353.13115260562654
3.1000000000000014,0.00031875,353.0367898715077
3.1200000000000014,0.00031875,352.9414715861778
3.1400000000000015,0.00031875,352.84572045428393
3.1600000000000015,0.00031875,352.7499619008654
3.1800000000000015,0.00031875,352.6545416996122
3.200000000000001,0.00031875,352.5597395845122
3.2200000000000015,0.00031875,352.4657787442874
3.240000000000001,0.00031875,352.3728375403494
3.2600000000000016,0.00031875,352.2810541834032
3.280000000000001,0.00031875,352.1905362169358
3.3000000000000016,0.00031875,352.1013629653913
3.320000000000001,0.00031875,352.0135926188887
3.3400000000000016,0.00031875,351.92726378734864
3.360000000000001,0.00031875,351.8424005558415
3.3800000000000017,0.00031875,351.7590135632482
3.4000000000000012,0.00031875,351.67710365430395
3.4200000000000017,0.00031875,351.5966624999544
3.4400000000000013,0.00031875,351.51767543191295
3.4600000000000017,0.00031875,351.44012154748987
3.4800000000000013,0.00031875,351.3639761390775
3.5000000000000018,0.00031875,351.28921027949343
3.5200000000000014,0.00031875,351.21579307924515
3.5400000000000014,0.00031875,351.1436908151046
3.5600000000000014,0.00031875,351.0728691173419
3.5800000000000014,0.00031875,351.0032917422928
3.6000000000000014,0.00031875,350.934922717193
3.6200000000000014,0.00031875,350.86772486367926
3.6400000000000015,0.00031875,350.8016618959765
3.6600000000000015,0.00031875,350.73669678747905
3.6800000000000015,0.00031875,350.6727938115591
3.7000000000000015,0.00031875,350.6099168197852
3.7200000000000015,0.00031875,350.5480312196469
3.7400000000000015,0.00031875,350.4871022092805
3.7600000000000016,0.00031875,350.4270966941399
3.7800000000000016,0.00031875,350.3679815039508
3.8000000000000016,0.00031875,350.30972525642034
3.8200000000000016,0.00031875,350.25229656892583
3.8400000000000016,0.00031875,350.1956658803244
3.8600000000000017,0.00031875,350.13980366217805
3.8800000000000017,0.00031875,350.08468220980734
3.9000000000000017,0.00031875,350.0302738543537
3.9200000000000017,0.00031875,349.97655273229265
3.9400000000000017,0.00031875,349.92349299889315
3.9600000000000017,0.00031875,349.8710705824422
3.9800000000000018,0.00031875,349.8192614004397
4.000000000000002,0.00031875,349.76804310158093
2.700000000000001,0.0003375,350.9961390559126
2.720000000000001,0.0003375,351.29879292923846
2.740000000000001,0.0003375,351.5926091764956
2.760000000000001,0.0003375,351.8702265271337
2.780000000000001,0.0003375,352.118461878115
2.800000000000001,0.0003375,352.3252797164079
2.820000000000001,0.0003375,352.4873105891678
2.840000000000001,0.0003375,352.6085021543035
2.860000000000001,0.0003375,352.69445728157814
2.8800000000000012,0.0003375,352.7504866645921
2.9000000000000012,0.0003375,352.7816181274925
2.9200000000000013,0.0003375,352.7921522222615
2.9400000000000013,0.0003375,352.7857078230961
2.9600000000000013,0.0003375,352.76535521556593
2.9800000000000013,0.0003375,352.7336253306638
3.0000000000000013,0.0003375,352.69263911474604
3.0200000000000014,0.0003375,352.6441572922422
3.0400000000000014,0.0003375,352.58963804662966
3.0600000000000014,0.0003375,352.5302987135368
3.0800000000000014,0.0003375,352.4671509926033
3.1000000000000014,0.0003375,352.4010478847098
3.1200000000000014,0.0003375,352.3326994321578
3.1400000000000015,0.0003375,352.2626976987932
3.1600000000000015,0.0003375,352.19153461125524
3.1800000000000015,0.0003375,352.1196182061492
3.200000000000001,0.0003375,352.04728597052593
3.2200000000000015,0.0003375,351.9748160465931
3.240000000000001,0.0003375,351.9024364840264
3.2600000000000016,0.0003375,351.83033364283835
3.280000000000001,0.0003375,351.7586579711306
3.3000000000000016,0.0003375,351.6875308869819
3.320000000000001,0.0003375,351.6170479373843
3.3400000000000016,0.0003375,351.54728461607726
3.360000000000001,0.0003375,351.4782978025797
3.3800000000000017,0.0003375,351.41013064327285
3.4000000000000012,0.0003375,351.34281296101614
3.4200000000000017,0.0003375,351.27636529953423
3.4400000000000013,0.0003375,351.2107987258491
3.4600000000000017,0.0003375,351.1461181890453
3.4800000000000013,0.0003375,351.0823219321598
3.5000000000000018,0.0003375,351.01940434399813
3.5200000000000014,0.0003375,350.9573550794134
3.5400000000000014,0.0003375,350.89616157076
3.5600000000000014,0.0003375,350.8358079042522
3.5800000000000014,0.0003375,350.7762771215916
3.6000000000000014,0.0003375,350.7175498856322
3.6200000000000014,0.0003375,350.6596066610633
3.6400000000000015,0.0003375,350.6024262027502
3.6600000000000015,0.0003375,350.54598766853456
3.6800000000000015,0.0003375,350.4902689660825
3.7000000000000015,0.0003375,350.4352488252337
3.7200000000000015,0.0003375,350.38090503909723
3.7400000000000015,0.0003375,350.3272165076351
3.7600000000000016,0.0003375,350.2741614054751
3.7800000000000016,0.0003375,350.2217192002476
3.8000000000000016,0.0003375,350.1698687741847
3.8200000000000016,0.0003375,350.11859041742804
3.8400000000000016,0.0003375,350.0678639243946
3.8600000000000017,0.0003375,350.01767056156933
3.8800000000000017,0.0003375,349.96799115396163
3.9000000000000017,0.0003375,349.9188080272049
3.9200000000000017,0.0003375,349.8701030948222
3.9400000000000017,0.0003375,349.8218597749071
3.9600000000000017,0.0003375,349.774061085578
3.9800000000000018,0.0003375,349.7266915366553
4.000000000000002,0.0003375,349.6797352385408
2.700000000000001,0.00035625,349.7338661327843
2.720000000000001,0.00035625,350.0449796397407
2.740000000000001,0.00035625,350.34843329870966
2.760000000000001,0.00035625,350.63942950813345
2.780000000000001,0.00035625,350.90823065591877
2.800000000000001,0.00035625,351.1441000058977
2.820000000000001,0.00035625,351.34159915236535
2.840000000000001,0.00035625,351.5017404822816
2.860000000000001,0.00035625,351.6282966374694
2.8800000000000012,0.00035625,351.72540934144615
2.9000000000000012,0.00035625,351.7972461470224
2.9200000000000013,0.00035625,351.84763239683804
2.9400000000000013,0.00035625,351.8798876049253
2.9600000000000013,0.00035625,351.896905314478
2.9800000000000013,0.00035625,351.90114431193325
3.0000000000000013,0.00035625,351.89469343206696
3.0200000000000014,0.00035625,351.8793256189072
3.0400000000000014,0.00035625,351.8565317079349
3.0600000000000014,0.00035625,351.8275726907315
3.0800000000000014,0.00035625,351.7935121951794
3.1000000000000014,0.00035625,351.75525287140044
3.1200000000000014,0.00035625,351.71355915774967
3.1400000000000015,0.00035625,351.66907549561535
3.1600000000000015,0.00035625,351.622346349031
3.1800000000000015,0.00035625,351.5738297324117
3.200000000000001,0.00035625,351.5239114940125
3.2200000000000015,0.00035625,351.47291546272817
3.240000000000001,0.00035625,351.42111336627545
3.2600000000000016,0.00035625,351.36873251592925
3.280000000000001,0.00035625,351.31596260626264
3.3000000000000016,0.00035625,351.2629615121009
3.320000000000001,0.00035625,351.20986003334497
3.3400000000000016,0.00035625,351.1567661375756
3.360000000000001,0.00035625,351.10376841106614
3.3800000000000017,0.00035625,351.05093904189226
3.4000000000000012,0.00035625,350.9983364327795
3.4200000000000017,0.00035625,350.9460072253522
3.4400000000000013,0.00035625,350.89398832260235
3.4600000000000017,0.00035625,350.84230822834013
3.4800000000000013,0.00035625,350.7909886193809
3.5000000000000018,0.00035625,350.7400452175216
3.5200000000000014,0.00035625,350.6894890064022
3.5400000000000014,0.00035625,350.6393267897597
3.5600000000000014,0.00035625,350.58956213053773
3.5800000000000014,0.00035625,350.54019569546693
3.6000000000000014,0.00035625,350.4912259843517
3.6200000000000014,0.00035625,350.44264952295777
3.6400000000000015,0.00035625,350.39446144063953
3.6600000000000015,0.00035625,350.3466555498163
3.6800000000000015,0.00035625,350.2992248189008
3.7000000000000015,0.00035625,350.25216136333614
3.7200000000000015,0.00035625,350.20545684931255
3.7400000000000015,0.00035625,350.1591024143487
3.7600000000000016,0.00035625,350.1130890269238
3.7800000000000016,0.00035625,350.0674073509182
3.8000000000000016,0.00035625,350.022048077882
3.8200000000000016,0.00035625,349.9770017473873
3.8400000000000016,0.00035625,349.9322590624725
3.8600000000000017,0.00035625,349.8878106761598
3.8800000000000017,0.00035625,349.8436474964031
3.9000000000000017,0.00035625,349.799760447326
3.9200000000000017,0.00035625,349.75614076738236
3.9400000000000017,0.00035625,349.7127797521871
3.9600000000000017,0.00035625,349.6696690480919
3.9800000000000018,0.00035625,349.6268003819241
4.000000000000002,0.00035625,349.5841658513522
2.700000000000001,0.000375,348.5216796173392
2.720000000000001,0.000375,348.84022702840576
2.740000000000001,0.000375,349.1519415640265
2.760000000000001,0.000375,349.4537500707618
2.780000000000001,0.000375,349.7386451324144
2.800000000000001,0.000375,349.99762566725235
2.820000000000001,0.000375,350.22444563228396
2.840000000000001,0.000375,350.4179402771563
2.860000000000001,0.000375,350.58014302465574
2.8800000000000012,0.000375,350.7140486586682
2.9000000000000012,0.000375,350.82294795025024
2.9200000000000013,0.000375,350.9100958158463
2.9400000000000013,0.000375,350.9784481070738
2.9600000000000013,0.000375,351.0306508632901
2.9800000000000013,0.000375,351.0690243744081
3.0000000000000013,0.000375,351.0955757241843
3.0200000000000014,0.000375,351.1120404454403
3.0400000000000014,0.000375,351.1199035059348
3.0600000000000014,0.000375,351.12043627811124
3.0800000000000014,0.000375,351.1147260462682
3.1000000000000014,0.000375,351.10370334225087
3.1200000000000014,0.000375,351.0881656834204
3.1400000000000015,0.000375,351.0687939785746
3.1600000000000015,0.000375,351.0461700309618
3.1800000000000015,0.000375,351.0207902322206
3.200000000000001,0.000375,350.9930779636156
3.2200000000000015,0.000375,350.96339434989744
3.240000000000001,0.000375,350.9320469995623
3.2600000000000016,0.000375,350.8992982120373
3.280000000000001,0.000375,350.86537119394336
3.3000000000000016,0.000375,350.83045615853615
3.320000000000001,0.000375,350.794714839553
3.3400000000000016,0.000375,350.7582849336204
3.360000000000001,0.000375,350.721283417684
3.3800000000000017,0.000375,350.6838097697762
3.4000000000000012,0.000375,350.64594839203176
3.4200000000000017,0.000375,350.60777097410175
3.4400000000000013,0.000375,350.56933822383934
3.4600000000000017,0.000375,350.53070164195486
3.4800000000000013,0.000375,350.491904717208
3.5000000000000018,0.000375,350.4529842941949
3.5200000000000014,0.000375,350.4139713631756
3.5400000000000014,0.000375,350.3748921394644
3.5600000000000014,0.000375,350.3357685545238
3.5800000000000014,0.000375,350.29661912479264
3.6000000000000014,0.000375,350.25745922746995
3.6200000000000014,0.000375,350.2183018124441
3.6400000000000015,0.000375,350.1791575247421
3.6600000000000015,0.000375,350.1400352989605
3.6800000000000015,0.000375,350.100942372414
3.7000000000000015,0.000375,350.0618847924325
3.7200000000000015,0.000375,350.02286735050336
3.7400000000000015,0.000375,349.98389402632034
3.7600000000000016,0.000375,349.9449678634887
3.7800000000000016,0.000375,349.9060913689348
3.8000000000000016,0.000375,349.86726634428817
3.8200000000000016,0.000375,349.8284942548031
3.8400000000000016,0.000375,349.78977602637855
3.8600000000000017,0.000375,349.75111239439735
3.8800000000000017,0.000375,349.7125036737471
3.9000000000000017,0.000375,349.67395009489763
3.9200000000000017,0.000375,349.6354515526532
3.9400000000000017,0.000375,349.59700793438503
3.9600000000000017,0.000375,349.5586188521164
3.9800000000000018,0.000375,349.5202839660713
4.000000000000002,0.000375,349.48200270385
2.700000000000001,0.00039375000000000006,347.36074142511853
2.720000000000001,0.00039375000000000006,347.6857556315035
2.740000000000001,0.00039375000000000006,348.0045655872245
2.760000000000001,0.00039375000000000006,348.3152378266444
2.780000000000001,0.00039375000000000006,348.6128351281639
2.800000000000001,0.00039375000000000006,348.89013600955724
2.820000000000001,0.00039375000000000006,349.1409311685076
2.840000000000001,0.00039375000000000006,349.3626386548824
2.860000000000001,0.00039375000000000006,349.5557893983861
2.8800000000000012,0.00039375000000000006,349.7222918969153
2.9000000000000012,0.00039375000000000006,349.8645913142687
2.9200000000000013,0.00039375000000000006,349.9853266403842
2.9400000000000013,0.00039375000000000006,350.0870400717634
2.9600000000000013,0.00039375000000000006,350.17208218805007
2.9800000000000013,0.00039375000000000006,350.2425796057239
3.0000000000000013,0.00039375000000000006,350.30041455791417
3.0200000000000014,0.00039375000000000006,350.34724301171843
3.0400000000000014,0.00039375000000000006,350.3845077878805
3.0600000000000014,0.00039375000000000006,350.4134602356419
3.0800000000000014,0.00039375000000000006,350.4351842476066
3.1000000000000014,0.00039375000000000006,350.4506164860046
3.1200000000000014,0.00039375000000000006,350.46056790159093
3.1400000000000015,0.00039375000000000006,350.4657392231664
3.1600000000000015,0.00039375000000000006,350.466735467632
3.1800000000000015,0.00039375000000000006,350.4640789455942
3.200000000000001,0.00039375000000000006,350.4582203872295
3.2200000000000015,0.00039375000000000006,350.44954901494265
3.240000000000001,0.00039375000000000006,350.43840092648134
3.2600000000000016,0.00039375000000000006,350.42506668620075
3.280000000000001,0.00039375000000000006,350.4097976163154
3.3000000000000016,0.00039375000000000006,350.392811374224
3.320000000000001,0.00039375000000000006,350.3742966903821
3.3400000000000016,0.00039375000000000006,350.3544174137359
3.360000000000001,0.00039375000000000006,350.33331606313703
3.3800000000000017,0.00039375000000000006,350.3111167658108
3.4000000000000012,0.00039375000000000006,350.28792789027574
3.4200000000000017,0.00039375000000000006,350.2638441983242
3.4400000000000013,0.00039375000000000006,350.2389487767076
3.4600000000000017,0.00039375000000000006,350.21331462429475
3.4800000000000013,0.00039375000000000006,350.1870060620094
3.5000000000000018,0.00039375000000000006,350.16007990555426
3.5200000000000014,0.00039375000000000006,350.13258649620906
3.5400000000000014,0.00039375000000000006,350.1045705641778
3.5600000000000014,0.00039375000000000006,350.0760719878394
3.5800000000000014,0.00039375000000000006,350.0471264246293
3.6000000000000014,0.00039375000000000006,350.01776587650073
3.6200000000000014,0.00039375000000000006,349.9880191467171
3.6400000000000015,0.00039375000000000006,349.957912266217
3.6600000000000015,0.00039375000000000006,349.9274688212193
3.6800000000000015,0.00039375000000000006,349.8967102786476
3.7000000000000015,0.00039375000000000006,349.86565621884296
3.7200000000000015,0.00039375000000000006,349.8343245868856
3.7400000000000015,0.00039375000000000006,349.80273185617233
3.7600000000000016,0.00039375000000000006,349.770893224891
3.7800000000000016,0.00039375000000000006,349.73882272938306
3.8000000000000016,0.00039375000000000006,349.7065333999191
3.8200000000000016,0.00039375000000000006,349.6740373374862
3.8400000000000016,0.00039375000000000006,349.64134583946037
3.8600000000000017,0.00039375000000000006,349.6084694495058
3.8800000000000017,0.00039375000000000006,349.57541806116365
3.9000000000000017,0.00039375000000000006,349.5422009477076
3.9200000000000017,0.00039375000000000006,349.50882684971424
3.9400000000000017,0.00039375000000000006,349.475303989716
3.9600000000000017,0.00039375000000000006,349.4416401483284
3.9800000000000018,0.00039375000000000006,349.4078426671541
4.000000000000002,0.00039375000000000006,349.3739185168565
2.700000000000001,0.00041250000000000005,346.25205072730756
2.720000000000001,0.00041250000000000005,346.5826201084404
2.740000000000001,0.00041250000000000005,346.9075033434052
2.760000000000001,0.00041250000000000005,347.22550427523106
2.780000000000001,0.00041250000000000005,347.5332059623241
2.800000000000001,0.00041250000000000005,347.8250082764285
2.820000000000001,0.00041250000000000005,348.09523720182415
2.840000000000001,0.00041250000000000005,348.34054427492424
2.860000000000001,0.00041250000000000005,348.5602784008492
2.8800000000000012,0.00041250000000000005,348.7553681257691
2.9000000000000012,0.00041250000000000005,348.92747325955645
2.9200000000000013,0.00041250000000000005,349.07861464393875
2.9400000000000013,0.00041250000000000005,349.2108908257451
2.9600000000000013,0.00041250000000000005,349.3263260495933
2.9800000000000013,0.00041250000000000005,349.42681315809847
3.0000000000000013,0.00041250000000000005,349.5140728859389
3.0200000000000014,0.00041250000000000005,349.5896473963609
3.0400000000000014,0.00041250000000000005,349.65490493668625
3.0600000000000014,0.00041250000000000005,349.71104958228955
3.0800000000000014,0.00041250000000000005,349.75913689641635
3.1000000000000014,0.00041250000000000005,349.8000888347083
3.1200000000000014,0.00041250000000000005,349.8347115459154
3.1400000000000015,0.00041250000000000005,349.86370956904636
3.1600000000000015,0.00041250000000000005,349.8876974288459
3.1800000000000015,0.00041250000000000005,349.9072113798649
3.200000000000001,0.00041250000000000005,349.9227192576388
3.2200000000000015,0.00041250000000000005,349.93462953001386
3.240000000000001,0.00041250000000000005,349.94329913926026
3.2600000000000016,0.00041250000000000005,349.94904041974183
3.280000000000001,0.00041250000000000005,349.95212710640254
3.3000000000000016,0.00041250000000000005,349.95279954256614
3.320000000000001,0.00041250000000000005,349.95126920959353
3.3400000000000016,0.00041250000000000005,349.9477226135741
3.360000000000001,0.00041250000000000005,349.94232465907675
3.3800000000000017,0.00041250000000000005,349.9352215467886
3.4000000000000012,0.00041250000000000005,349.9265432619523
3.4200000000000017,0.00041250000000000005,349.9164057377688
3.4400000000000013,0.00041250000000000005,349.90491268071384
3.4600000000000017,0.00041250000000000005,349.8921571869062
3.4800000000000013,0.00041250000000000005,349.8782230795396
3.5000000000000018,0.00041250000000000005,349.8631861163861
3.5200000000000014,0.00041250000000000005,349.84711497147555
3.5400000000000014,0.00041250000000000005,349.83007213767246
3.5600000000000014,0.00041250000000000005,349.81211464897405
3.5800000000000014,0.00041250000000000005,349.7932947572207
3.6000000000000014,0.00041250000000000005,349.7736604641642
3.6200000000000014,0.00041250000000000005,349.7532560322779
3.6400000000000015,0.00041250000000000005,349.7321223761895
3.6600000000000015,0.00041250000000000005,349.71029745252184
3.6800000000000015,0.00041250000000000005,349.68781654663854
3.7000000000000015,0.00041250000000000005,349.66471257460114
3.7200000000000015,0.00041250000000000005,349.64101629168607
3.7400000000000015,0.00041250000000000005,349.61675653049525
3.7600000000000016,0.00041250000000000005,349.5919603508936
3.7800000000000016,0.00041250000000000005,349.56665323159706
3.8000000000000016,0.00041250000000000005,349.540859176229
3.8200000000000016,0.00041250000000000005,349.51460087079596
3.8400000000000016,0.00041250000000000005,349.487899756867
3.8600000000000017,0.00041250000000000005,349.46077616388345
3.8800000000000017,0.00041250000000000005,349.43324935762405
3.9000000000000017,0.00041250000000000005,349.40533765386135
3.9200000000000017,0.00041250000000000005,349.37705844813735
3.9400000000000017,0.00041250000000000005,349.34842831554704
3.9600000000000017,0.00041250000000000005,349.3194630262402
3.9800000000000018,0.00041250000000000005,349.29017763487553
4.000000000000002,0.00041250000000000005,349.26058648508797
2.700000000000001,0.00043125000000000005,345.19647077988253
2.720000000000001,0.00043125000000000005,345.5317401743282
2.740000000000001,0.00043125000000000005,345.861784997783
2.760000000000001,0.00043125000000000005,346.1858763541104
2.780000000000001,0.00043125000000000005,346.50168301518016
2.800000000000001,0.00043125000000000005,346.80497453234585
2.820000000000001,0.00043125000000000005,347.0908507874092
2.840000000000001,0.00043125000000000005,347.35569885624494
2.860000000000001,0.00043125000000000005,347.59803145731223
2.8800000000000012,0.00043125000000000005,347.8179439862473
2.9000000000000012,0.00043125000000000005,348.01639206621513
2.9200000000000013,0.00043125000000000005,348.19480904552665
2.9400000000000013,0.00043125000000000005,348.3548419616684
2.9600000000000013,0.00043125000000000005,348.49817262200725
2.9800000000000013,0.00043125000000000005,348.62643454811337
3.0000000000000013,0.00043125000000000005,348.7411583891186
3.0200000000000014,0.00043125000000000005,348.8437452403726
3.0400000000000014,0.00043125000000000005,348.9354616964996
3.0600000000000014,0.00043125000000000005,349.0174404836539
3.0800000000000014,0.00043125000000000005,349.0906866779387
3.1000000000000014,0.00043125000000000005,349.1560881314665
3.1200000000000014,0.00043125000000000005,349.2144296317191
3.1400000000000015,0.00043125000000000005,349.26640451679947
3.1600000000000015,0.00043125000000000005,349.31262388700515
3.1800000000000015,0.00043125000000000005,349.3536265685172
3.200000000000001,0.00043125000000000005,349.3898876307423
3.2200000000000015,0.00043125000000000005,349.4218262194779
3.240000000000001,0.00043125000000000005,349.44981268221864
3.2600000000000016,0.00043125000000000005,349.4741746970665
3.280000000000001,0.00043125000000000005,349.49520283629164
3.3000000000000016,0.00043125000000000005,349.5131553118916
3.320000000000001,0.00043125000000000005,349.5282621884172
3.3400000000000016,0.00043125000000000005,349.54072900950115
3.360000000000001,0.00043125000000000005,349.55073994951584
3.3800000000000017,0.00043125000000000005,349.55846055300293
3.4000000000000012,0.00043125000000000005,349.56404008506877
3.4200000000000017,0.00043125000000000005,349.5676135828773
3.4400000000000013,0.00043125000000000005,349.5693036101362
3.4600000000000017,0.00043125000000000005,349.5692217855968
3.4800000000000013,0.00043125000000000005,349.5674700957908
3.5000000000000018,0.00043125000000000005,349.5641420323235
3.5200000000000014,0.00043125000000000005,349.559323576631
3.5400000000000014,0.00043125000000000005,349.55309404797407
3.5600000000000014,0.00043125000000000005,349.5455268441949
3.5800000000000014,0.00043125000000000005,349.53669007707134
3.6000000000000014,0.00043125000000000005,349.5266471314788
3.6200000000000014,0.00043125000000000005,349.51545714463083
3.6400000000000015,0.00043125000000000005,349.50317543024414
3.6600000000000015,0.00043125000000000005,349.4898538428706
3.6800000000000015,0.00043125000000000005,349.4755411018978
3.7000000000000015,0.00043125000000000005,349.4602830708645
3.7200000000000015,0.00043125000000000005,349.4441230072692
3.7400000000000015,0.00043125000000000005,349.42710177858754
3.7600000000000016,0.00043125000000000005,349.40925805713664
3.7800000000000016,0.00043125000000000005,349.3906284886725
3.8000000000000016,0.00043125000000000005,349.3712478464732
3.8200000000000016,0.00043125000000000005,349.351149164213
3.8400000000000016,0.00043125000000000005,349.33036385963123
3.8600000000000017,0.00043125000000000005,349.30892184034354
3.8800000000000017,0.00043125000000000005,349.2868516046769
3.9000000000000017,0.00043125000000000005,349.2641803268546
3.9200000000000017,0.00043125000000000005,349.2409339405291
3.9400000000000017,0.00043125000000000005,349.2171372081575
3.9600000000000017,0.00043125000000000005,349.1928137912742
3.9800000000000018,0.00043125000000000005,349.1679863076485
4.000000000000002,0.00043125000000000005,349.1426763912927
2.700000000000001,0.00045000000000000004,344.19471856289493
2.720000000000001,0.00045000000000000004,344.53389154460103
2.740000000000001,0.00045000000000000004,344.86827376145925
2.760000000000001,0.00045000000000000004,345.1974227204489
2.780000000000001,0.00045000000000000004,345.51976355679346
2.800000000000001,0.00045000000000000004,345.8321676203812
2.820000000000001,0.00045000000000000004,346.13057588385306
2.840000000000001,0.00045000000000000004,346.4114585689735
2.860000000000001,0.00045000000000000004,346.6728138713565
2.8800000000000012,0.00045000000000000004,346.91407600386844
2.9000000000000012,0.00045000000000000004,347.1355922573109
2.9200000000000013,0.00045000000000000004,347.33826092966063
2.9400000000000013,0.00045000000000000004,347.52329056474724
2.9600000000000013,0.00045000000000000004,347.6920176680484
2.9800000000000013,0.00045000000000000004,347.8458037930449
3.0000000000000013,0.00045000000000000004,347.98596975945566
3.0200000000000014,0.00045000000000000004,348.1137548917743
3.0400000000000014,0.00045000000000000004,348.23030293502745
3.0600000000000014,0.00045000000000000004,348.3366548386597
3.0800000000000014,0.00045000000000000004,348.4337459673847
3.1000000000000014,0.00045000000000000004,348.5224129315359
3.1200000000000014,0.00045000000000000004,348.6034043658519
3.1400000000000015,0.00045000000000000004,348.6773888484666
3.1600000000000015,0.00045000000000000004,348.7449621299117
3.1800000000000015,0.00045000000000000004,348.80665513493295
3.200000000000001,0.00045000000000000004,348.8629408709918
3.2200000000000015,0.00045000000000000004,348.91424111730356
3.240000000000001,0.00045000000000000004,348.9609325284049
3.2600000000000016,0.00045000000000000004,349.00335197910056
3.280000000000001,0.00045000000000000004,349.0418014983097
3.3000000000000016,0.00045000000000000004,349.07655248692066
3.320000000000001,0.00045000000000000004,349.10784951381885
3.3400000000000016,0.00045000000000000004,349.1359136012049
3.360000000000001,0.00045000000000000004,349.16094508886
3.3800000000000017,0.00045000000000000004,349.18312615336765
3.4000000000000012,0.00045000000000000004,349.20262296213355
3.4200000000000017,0.00045000000000000004,349.21958757980946
3.4400000000000013,0.00045000000000000004,349.23415959229203
3.4600000000000017,0.00045000000000000004,349.24646753884406
3.4800000000000013,0.00045000000000000004,349.25663014021285
3.5000000000000018,0.00045000000000000004,349.26475737355275
3.5200000000000014,0.00045000000000000004,349.2709514031686
3.5400000000000014,0.00045000000000000004,349.2753073910232
3.5600000000000014,0.00045000000000000004,349.2779142035037
3.5800000000000014,0.00045000000000000004,349.2788550275623
3.6000000000000014,0.00045000000000000004,349.27820790904525
3.6200000000000014,0.00045000000000000004,349.2760462258326
3.6400000000000015,0.00045000000000000004,349.2724390999966
3.6600000000000015,0.00045000000000000004,349.26745176510616
3.6800000000000015,0.00045000000000000004,349.26114588424986
3.7000000000000015,0.00045000000000000004,349.2535798384087
3.7200000000000015,0.00045000000000000004,349.24480897436024
3.7400000000000015,0.00045000000000000004,349.2348858337435
3.7600000000000016,0.00045000000000000004,349.2238603486416
3.7800000000000016,0.00045000000000000004,349.2117800258183
3.8000000000000016,0.00045000000000000004,349.1986901030368
3.8200000000000016,0.00045000000000000004,349.18463369924086
3.8400000000000016,0.00045000000000000004,349.16965194113624
3.8600000000000017,0.00045000000000000004,349.153784087394
3.8800000000000017,0.00045000000000000004,349.13706763244113
3.9000000000000017,0.00045000000000000004,349.11953841073614
3.9200000000000017,0.00045000000000000004,349.1012306828638
3.9400000000000017,0.00045000000000000004,349.08217722443794
3.9600000000000017,0.00045000000000000004,349.06240939824113
3.9800000000000018,0.00045000000000000004,349.04195723116135
4.000000000000002,0.00045000000000000004,349.020849475207
2.700000000000001,0.00046875000000000004,343.24739144558725
2.720000000000001,0.00046875000000000004,343.58973285730957
2.740000000000001,0.00046875000000000004,343.9277052821244
2.760000000000001,0.00046875000000000004,344.2610342069398
2.780000000000001,0.00046875000000000004,344.5886596709829
2.800000000000001,0.00046875000000000004,344.9083052826188
2.820000000000001,0.00046875000000000004,345.2167129251251
2.840000000000001,0.00046875000000000004,345.5106485808325
2.860000000000001,0.00046875000000000004,345.7878667099868
2.8800000000000012,0.00046875000000000004,346.0473198013249
2.9000000000000012,0.00046875000000000004,346.28885255534465
2.9200000000000013,0.00046875000000000004,346.51289447843925
2.9400000000000013,0.00046875000000000004,346.72024577246214
2.9600000000000013,0.00046875000000000004,346.91190708258966
2.9800000000000013,0.00046875000000000004,347.08896628220367
3.0000000000000013,0.00046875000000000004,347.2525233162526
3.0200000000000014,0.00046875000000000004,347.4036414631053
3.0400000000000014,0.00046875000000000004,347.5433262824852
3.0600000000000014,0.00046875000000000004,347.6725104189207
3.0800000000000014,0.00046875000000000004,347.79204333558937
3.1000000000000014,0.00046875000000000004,347.9026960312412
3.1200000000000014,0.00046875000000000004,348.0051681561009
3.1400000000000015,0.00046875000000000004,348.1000915850085
3.1600000000000015,0.00046875000000000004,348.18803612502853
3.1800000000000015,0.00046875000000000004,348.26951532561714
3.200000000000001,0.00046875000000000004,348.3449916627422
3.2200000000000015,0.00046875000000000004,348.41488214397384
3.240000000000001,0.00046875000000000004,348.47956313913
3.2600000000000016,0.00046875000000000004,348.5393749648999
3.280000000000001,0.00046875000000000004,348.5946260372769
3.3000000000000016,0.00046875000000000004,348.6455964908548
3.320000000000001,0.00046875000000000004,348.6925415031359
3.3400000000000016,0.00046875000000000004,348.735694131495
3.360000000000001,0.00046875000000000004,348.77526787213935
3.3800000000000017,0.00046875000000000004,348.81145886692315
3.4000000000000012,0.00046875000000000004,348.84444784369066
3.4200000000000017,0.00046875000000000004,348.8744018165334
3.4400000000000013,0.00046875000000000004,348.9014755549336
3.4600000000000017,0.00046875000000000004,348.92581288360367
3.4800000000000013,0.00046875000000000004,348.94754780004035
3.5000000000000018,0.00046875000000000004,348.9668054647619
3.5200000000000014,0.00046875000000000004,348.98370305711217
3.5400000000000014,0.00046875000000000004,348.99835053069336
3.5600000000000014,0.00046875000000000004,349.01085127342816
3.5800000000000014,0.00046875000000000004,349.02130268727433
3.6000000000000014,0.00046875000000000004,349.02979670111625
3.6200000000000014,0.00046875000000000004,349.0364202198675
3.6400000000000015,0.00046875000000000004,349.0412555262736
3.6600000000000015,0.00046875000000000004,349.04438063300023
3.6800000000000015,0.00046875000000000004,349.0458696003746
3.7000000000000015,0.00046875000000000004,349.04579281612087
3.7200000000000015,0.00046875000000000004,349.0442172493757
3.7400000000000015,0.00046875000000000004,349.0412066760438
3.7600000000000016,0.00046875000000000004,349.03682188440155
3.7800000000000016,0.00046875000000000004,349.03112085916064
3.8000000000000016,0.00046875000000000004,349.02415895017856
3.8200000000000016,0.00046875000000000004,349.01598902479066
3.8400000000000016,0.00046875000000000004,349.0066616082605
3.8600000000000017,0.00046875000000000004,348.9962250114361
3.8800000000000017,0.00046875000000000004,348.98472544936897
3.9000000000000017,0.00046875000000000004,348.9722071495538
3.9200000000000017,0.00046875000000000004,348.9587124535111
3.9400000000000017,0.00046875000000000004,348.94428190955676
3.9600000000000017,0.00046875000000000004,348.9289543609146
3.9800000000000018,0.00046875000000000004,348.9127670260219
4.000000000000002,0.00046875000000000004,348.8957555758325
2.700000000000001,0.00048750000000000003,342.3549607925487
2.720000000000001,0.00048750000000000003,342.6997992390758
2.740000000000001,0.00048750000000000003,343.04068448379184
2.760000000000001,0.00048750000000000003,343.37743218604203
2.780000000000001,0.00048750000000000003,343.7093242874172
2.800000000000001,0.00048750000000000003,344.0347246184608
2.820000000000001,0.00048750000000000003,344.3510818995704
2.840000000000001,0.00048750000000000003,344.65556562912786
2.860000000000001,0.00048750000000000003,344.9458931408713
2.8800000000000012,0.00048750000000000003,345.2207044223436
2.9000000000000012,0.00048750000000000003,345.47945083643447
2.9200000000000013,0.00048750000000000003,345.7221662167953
2.9400000000000013,0.00048750000000000003,345.9492846260594
2.9600000000000013,0.00048750000000000003,346.1614909221666
2.9800000000000013,0.00048750000000000003,346.3596064114912
3.0000000000000013,0.00048750000000000003,346.5445068562986
3.0200000000000014,0.00048750000000000003,346.71707157015817
3.0400000000000014,0.00048750000000000003,346.8781581521641
3.0600000000000014,0.00048750000000000003,347.0285782260078
3.0800000000000014,0.00048750000000000003,347.16908241793453
3.1000000000000014,0.00048750000000000003,347.3003649180551
3.1200000000000014,0.00048750000000000003,347.42306561458764
3.1400000000000015,0.00048750000000000003,347.5377695642181
3.1600000000000015,0.00048750000000000003,347.6450116127866
3.1800000000000015,0.00048750000000000003,347.7452795856896
3.200000000000001,0.00048750000000000003,347.83901800286475
3.2200000000000015,0.00048750000000000003,347.9266324695163
3.240000000000001,0.00048750000000000003,348.0084931251805
3.2600000000000016,0.00048750000000000003,348.0849385084336
3.280000000000001,0.00048750000000000003,348.15627874872195
3.3000000000000016,0.00048750000000000003,348.2227986086063
3.320000000000001,0.00048750000000000003,348.28476022131787
3.3400000000000016,0.00048750000000000003,348.34240544668535
3.360000000000001,0.00048750000000000003,348.395958072192
3.3800000000000017,0.00048750000000000003,348.4456256514741
3.4000000000000012,0.00048750000000000003,348.49160120615664
3.4200000000000017,0.00048750000000000003,348.5340646702854
3.4400000000000013,0.00048750000000000003,348.5731841840399
3.4600000000000017,0.00048750000000000003,348.6091172296253
3.4800000000000013,0.00048750000000000003,348.642011613942
3.5000000000000018,0.00048750000000000003,348.67200635973114
3.5200000000000014,0.00048750000000000003,348.69923245895365
3.5400000000000014,0.00048750000000000003,348.7238135705745
3.5600000000000014,0.00048750000000000003,348.74586660628904
3.5800000000000014,0.00048750000000000003,348.76550227767535
3.6000000000000014,0.00048750000000000003,348.7828255582595
3.6200000000000014,0.00048750000000000003,348.79793611527447
3.6400000000000015,0.00048750000000000003,348.81092867892386
3.6600000000000015,0.00048750000000000003,348.82189338698055
3.6800000000000015,0.00048750000000000003,348.8309160830769
3.7000000000000015,0.00048750000000000003,348.8380785960443
3.7200000000000015,0.00048750000000000003,348.8434589830556
3.7400000000000015,0.00048750000000000003,348.8471317601568
3.7600000000000016,0.00048750000000000003,348.8491681021105
3.7800000000000016,0.00048750000000000003,348.8496360361707
3.8000000000000016,0.00048750000000000003,348.84860060771894
3.8200000000000016,0.00048750000000000003,348.8461240459528
3.8400000000000016,0.00048750000000000003,348.84226590243094
3.8600000000000017,0.00048750000000000003,348.83708319485555
3.8800000000000017,0.00048750000000000003,348.83063052409824
3.9000000000000017,0.00048750000000000003,348.82296020052945
3.9200000000000017,0.00048750000000000003,348.8141223438784
3.9400000000000017,0.00048750000000000003,348.8041649953437
3.9600000000000017,0.00048750000000000003,348.79313420366947
3.9800000000000018,0.00048750000000000003,348.78107412545796
4.000000000000002,0.00048750000000000003,348.76802710005285
2.700000000000001,0.0005062500000000001,341.51779736985225
2.720000000000001,0.0005062500000000001,341.86452686857126
2.740000000000001,0.0005062500000000001,342.2077139849852
2.760000000000001,0.0005062500000000001,342.54721469653566
2.780000000000001,0.0005062500000000001,342.8825329076171
2.800000000000001,0.0005062500000000001,343.21250165252803
2.820000000000001,0.0005062500000000001,343.5351594057128
2.840000000000001,0.0005062500000000001,343.848110863349
2.860000000000001,0.0005062500000000001,344.1491794054929
2.8800000000000012,0.0005062500000000001,344.4368397955817
2.9000000000000012,0.0005062500000000001,344.710256782909
2.9200000000000013,0.0005062500000000001,344.96914391073653
2.9400000000000013,0.0005062500000000001,345.2136188142026
2.9600000000000013,0.0005062500000000001,345.4440792629908
2.9800000000000013,0.0005062500000000001,345.6610941243265
3.0000000000000013,0.0005062500000000001,345.86531812717976
3.0200000000000014,0.0005062500000000001,346.0574449691311
3.0400000000000014,0.0005062500000000001,346.23817962512464
3.0600000000000014,0.0005062500000000001,346.4082033676054
3.0800000000000014,0.0005062500000000001,346.56815865971924
3.1000000000000014,0.0005062500000000001,346.71865502337323
3.1200000000000014,0.0005062500000000001,346.8602638192568
3.1400000000000015,0.0005062500000000001,346.99351523476776
3.1600000000000015,0.0005062500000000001,347.11890180534084
3.1800000000000015,0.0005062500000000001,347.236878509577
3.200000000000001,0.0005062500000000001,347.3478657066741
3.2200000000000015,0.0005062500000000001,347.4522518009919
3.240000000000001,0.0005062500000000001,347.55039554766387
3.2600000000000016,0.0005062500000000001,347.64262909074205
3.280000000000001,0.0005062500000000001,347.7292600881966
3.3000000000000016,0.0005062500000000001,347.8105742490182
3.320000000000001,0.0005062500000000001,347.88683731163377
3.3400000000000016,0.0005062500000000001,347.95829697999903
3.360000000000001,0.0005062500000000001,348.0251846575965
3.3800000000000017,0.0005062500000000001,348.0877169142003
3.4000000000000012,0.0005062500000000001,348.14609691557956
3.4200000000000017,0.0005062500000000001,348.2005155612509
3.4400000000000013,0.0005062500000000001,348.25115261434377
3.4600000000000017,0.0005062500000000001,348.29817760697284
3.4800000000000013,0.0005062500000000001,348.3417507143351
3.5000000000000018,0.0005062500000000001,348.38202348642704
3.5200000000000014,0.0005062500000000001,348.4191395226727
3.5400000000000014,0.0005062500000000001,348.4532350664468
3.5600000000000014,0.0005062500000000001,348.48443953221874
3.5800000000000014,0.0005062500000000001,348.5128759884278
3.6000000000000014,0.0005062500000000001,348.5386615782788
3.6200000000000014,0.0005062500000000001,348.56190791141614
3.6400000000000015,0.0005062500000000001,348.58272140809646
3.6600000000000015,0.0005062500000000001,348.60120361721556
3.6800000000000015,0.0005062500000000001,348.61745150420495
3.7000000000000015,0.0005062500000000001,348.63155771059905
3.7200000000000015,0.0005062500000000001,348.64361079922236
3.7400000000000015,0.0005062500000000001,348.65369546811337
3.7600000000000016,0.0005062500000000001,348.66189276209354
3.7800000000000016,0.0005062500000000001,348.6682802514529
3.8000000000000016,0.0005062500000000001,348.6729322161992
3.8200000000000016,0.0005062500000000001,348.6759197976422
3.8400000000000016,0.0005062500000000001,348.6773111599436
3.8600000000000017,0.0005062500000000001,348.6771716207389
3.8800000000000017,0.0005062500000000001,348.6755637935794
3.9000000000000017,0.0005062500000000001,348.67254770209394
3.9200000000000017,0.0005062500000000001,348.66818090628203
3.9400000000000017,0.0005062500000000001,348.66251860341777
3.9600000000000017,0.0005062500000000001,348.65561374069813
3.9800000000000018,0.0005062500000000001,348.6475171051576
4.000000000000002,0.0005062500000000001,348.6382774248036
2.700000000000001,0.0005250000000000001,340.7361685971831
2.720000000000001,0.0005250000000000001,341.0842494929012
2.740000000000001,0.0005250000000000001,341.42919109184515
2.760000000000001,0.0005250000000000001,341.7708579838419
2.780000000000001,0.0005250000000000001,342.1088951104588
2.800000000000001,0.0005250000000000001,342.44247230862055
2.820000000000001,0.0005250000000000001,342.77009982451244
2.840000000000001,0.0005250000000000001,343.0898015206845
2.860000000000001,0.0005250000000000001,343.39959443104544
2.8800000000000012,0.0005250000000000001,343.6979059637005
2.9000000000000012,0.0005250000000000001,343.9837123419617
2.9200000000000013,0.0005250000000000001,344.25648012929554
2.9400000000000013,0.0005250000000000001,344.51606344556694
2.9600000000000013,0.0005250000000000001,344.76260763249263
2.9800000000000013,0.0005250000000000001,344.996448045981
3.0000000000000013,0.0005250000000000001,345.21802655482304
3.0200000000000014,0.0005250000000000001,345.42785575718096
3.0400000000000014,0.0005250000000000001,345.6264874820277
3.0600000000000014,0.0005250000000000001,345.814466129455
3.0800000000000014,0.0005250000000000001,345.99232093794916
3.1000000000000014,0.0005250000000000001,346.1605720226035
3.1200000000000014,0.0005250000000000001,346.3197153836665
3.1400000000000015,0.0005250000000000001,346.4702206990388
3.1600000000000015,0.0005250000000000001,346.6125323718987
3.1800000000000015,0.0005250000000000001,346.74706687954136
3.200000000000001,0.0005250000000000001,346.874215491063
3.2200000000000015,0.0005250000000000001,346.9943445271969
3.240000000000001,0.0005250000000000001,347.1077971332446
3.2600000000000016,0.0005250000000000001,347.2148950837777
3.280000000000001,0.0005250000000000001,347.3159399814863
3.3000000000000016,0.0005250000000000001,347.41121527805984
3.320000000000001,0.0005250000000000001,347.5009873273302
3.3400000000000016,0.0005250000000000001,347.58550706837985
3.360000000000001,0.0005250000000000001,347.66501105216645
3.3800000000000017,0.0005250000000000001,347.7397227083345
3.4000000000000012,0.0005250000000000001,347.8098533102225
3.4200000000000017,0.0005250000000000001,347.8756029181068
3.4400000000000013,0.0005250000000000001,347.93716122502457
3.4600000000000017,0.0005250000000000001,347.9947082881327
3.4800000000000013,0.0005250000000000001,348.0484152252161
3.5000000000000018,0.0005250000000000001,348.0984448152814
3.5200000000000014,0.0005250000000000001,348.1449520466845
3.5400000000000014,0.0005250000000000001,348.1880846339993
3.5600000000000014,0.0005250000000000001,348.22798343807005
3.5800000000000014,0.0005250000000000001,348.2647829224665
3.6000000000000014,0.0005250000000000001,348.29861147295827
3.6200000000000014,0.0005250000000000001,348.3295918040211
3.6400000000000015,0.0005250000000000001,348.35784120429406
3.6600000000000015,0.0005250000000000001,348.383471898245
3.6800000000000015,0.0005250000000000001,348.40659123930544
3.7000000000000015,0.0005250000000000001,348.4273020305183
3.7200000000000015,0.0005250000000000001,348.445702681122
3.7400000000000015,0.0005250000000000001,348.4618874903772
3.7600000000000016,0.0005250000000000001,348.4759467780485
3.7800000000000016,0.0005250000000000001,348.4879671362432
3.8000000000000016,0.0005250000000000001,348.4980315401579
3.8200000000000016,0.0005250000000000001,348.506219573089
3.8400000000000016,0.0005250000000000001,348.5126075210446
3.8600000000000017,0.0005250000000000001,348.51726857595276
3.8800000000000017,0.0005250000000000001,348.5202729160657
3.9000000000000017,0.0005250000000000001,348.5216878919035
3.9200000000000017,0.0005250000000000001,348.52157809351576
3.9400000000000017,0.0005250000000000001,348.52000552294345
3.9600000000000017,0.0005250000000000001,348.51702964910623
3.9800000000000018,0.0005250000000000001,348.51270756973764
4.000000000000002,0.0005250000000000001,348.50709405461885
2.700000000000001,0.0005437500000000001,340.01026174321044
2.720000000000001,0.0005437500000000001,340.3592205972917
2.740000000000001,0.0005437500000000001,340.7054306778517
2.760000000000001,0.0005437500000000001,341.04874651084486
2.780000000000001,0.0005437500000000001,341.38890284616514
2.800000000000001,0.0005437500000000001,341.7253065911416
2.820000000000001,0.0005437500000000001,342.0568308063102
2.840000000000001,0.0005437500000000001,342.3818748295333
2.860000000000001,0.0005437500000000001,342.6986920564478
2.8800000000000012,0.0005437500000000001,343.0057493877838
2.9000000000000012,0.0005437500000000001,343.30191975600144
2.9200000000000013,0.0005437500000000001,343.5864908935847
2.9400000000000013,0.0005437500000000001,343.8591065876087
2.9600000000000013,0.0005437500000000001,344.1196979222455
2.9800000000000013,0.0005437500000000001,344.3683882771169
3.0000000000000013,0.0005437500000000001,344.6054188590775
3.0200000000000014,0.0005437500000000001,344.83113176479594
3.0400000000000014,0.0005437500000000001,345.0459279289826
3.0600000000000014,0.0005437500000000001,345.25021072123
3.0800000000000014,0.0005437500000000001,345.4443962512288
3.1000000000000014,0.0005437500000000001,345.62891281945065
3.1200000000000014,0.0005437500000000001,345.8041763226184
3.1400000000000015,0.0005437500000000001,345.97059290410886
3.1600000000000015,0.0005437500000000001,346.1285542814478
3.1800000000000015,0.0005437500000000001,346.2784345454356
3.200000000000001,0.0005437500000000001,346.4205921467135
3.2200000000000015,0.0005437500000000001,346.5553674279737
3.240000000000001,0.0005437500000000001,346.6830847654546
3.2600000000000016,0.0005437500000000001,346.8040521520566
3.280000000000001,0.0005437500000000001,346.91856236037535
3.3000000000000016,0.0005437500000000001,347.0268937513753
3.320000000000001,0.0005437500000000001,347.1293108463846
3.3400000000000016,0.0005437500000000001,347.2260654819755
3.360000000000001,0.0005437500000000001,347.3173972229634
3.3800000000000017,0.0005437500000000001,347.40353439761907
3.4000000000000012,0.0005437500000000001,347.4846945516476
3.4200000000000017,0.0005437500000000001,347.561085222378
3.4400000000000013,0.0005437500000000001,347.6329044656983
3.4600000000000017,0.0005437500000000001,347.70034138994265
3.4800000000000013,0.0005437500000000001,347.7635767169224
3.5000000000000018,0.0005437500000000001,347.8227831477573
3.5200000000000014,0.0005437500000000001,347.8781259085315
3.5400000000000014,0.0005437500000000001,347.9297630178089
3.5600000000000014,0.0005437500000000001,347.97784578198684
3.5800000000000014,0.0005437500000000001,348.02251901341225
3.6000000000000014,0.0005437500000000001,348.06392145979225
3.6200000000000014,0.0005437500000000001,348.10218600020966
3.6400000000000015,0.0005437500000000001,348.13744000820105
3.6600000000000015,0.0005437500000000001,348.16980553695
3.6800000000000015,0.0005437500000000001,348.1993996247245
3.7000000000000015,0.0005437500000000001,348.2263344709804
3.7200000000000015,0.0005437500000000001,348.2507176965308
3.7400000000000015,0.0005437500000000001,348.27265250793874
3.7600000000000016,0.0005437500000000001,348.2922379248151
3.7800000000000016,0.0005437500000000001,348.3095689288857
3.8000000000000016,0.0005437500000000001,348.32473666883095
3.8200000000000016,0.0005437500000000001,348.33782859124193
3.8400000000000016,0.0005437500000000001,348.34892863066864
3.8600000000000017,0.0005437500000000001,348.3581173212172
3.8800000000000017,0.0005437500000000001,348.3654719767294
3.9000000000000017,0.0005437500000000001,348.3710667833578
3.9200000000000017,0.0005437500000000001,348.3749729725089
3.9400000000000017,0.0005437500000000001,348.37725889597766
3.9600000000000017,0.0005437500000000001,348.37799019259484
3.9800000000000018,0.0005437500000000001,348.3772298483234
4.000000000000002,0.0005437500000000001,348.37503835645856
2.700000000000001,0.0005625000000000001,339.340184274833
2.720000000000001,0.0005625000000000001,339.6896125038534
2.740000000000001,0.0005625000000000001,340.03666343010013
2.760000000000001,0.0005625000000000001,340.3811727084877
2.780000000000001,0.0005625000000000001,340.7229352592097
2.800000000000001,0.0005625000000000001,341.06151977480187
2.820000000000001,0.0005625000000000001,341.3960682196838
2.840000000000001,0.0005625000000000001,341.7253006759493
2.860000000000001,0.0005625000000000001,342.0477168919575
2.8800000000000012,0.0005625000000000001,342.36188111992595
2.9000000000000012,0.0005625000000000001,342.66663249539005
2.9200000000000013,0.0005625000000000001,342.9611400420438
2.9400000000000013,0.0005625000000000001,343.244888536669
2.9600000000000013,0.0005625000000000001,343.51763350663606
2.9800000000000013,0.0005625000000000001,343.77930789909504
3.0000000000000013,0.0005625000000000001,344.0299680738839
3.0200000000000014,0.0005625000000000001,344.26980219204836
3.0400000000000014,0.0005625000000000001,344.4990624482711
3.0600000000000014,0.0005625000000000001,344.7180103408015
3.0800000000000014,0.0005625000000000001,344.9269545488136
3.1000000000000014,0.0005625000000000001,345.12623007657993
3.1200000000000014,0.0005625000000000001,345.3161708188888
3.1400000000000015,0.0005625000000000001,345.4971187355643
3.1600000000000015,0.0005625000000000001,345.6694092961072
3.1800000000000015,0.0005625000000000001,345.83337264407857
3.200000000000001,0.0005625000000000001,345.98933131106094
3.2200000000000015,0.0005625000000000001,346.13759734678047
3.240000000000001,0.0005625000000000001,346.278473859028
3.2600000000000016,0.0005625000000000001,346.41225258010485
3.280000000000001,0.0005625000000000001,346.53921529551997
3.3000000000000016,0.0005625000000000001,346.6596330085014
3.320000000000001,0.0005625000000000001,346.7737664180488
3.3400000000000016,0.0005625000000000001,346.88186632684955
3.360000000000001,0.0005625000000000001,346.98417343528126
3.3800000000000017,0.0005625000000000001,347.0809193564185
3.4000000000000012,0.0005625000000000001,347.17232614700697
3.4200000000000017,0.0005625000000000001,347.25860745796837
3.4400000000000013,0.0005625000000000001,347.33996808290226
3.4600000000000017,0.0005625000000000001,347.4166050009357
3.4800000000000013,0.0005625000000000001,347.48870706005425
3.5000000000000018,0.0005625000000000001,347.5564558363599
3.5200000000000014,0.0005625000000000001,347.6200254612243
3.5400000000000014,0.0005625000000000001,347.6795833123769
3.5600000000000014,0.0005625000000000001,347.7352899427547
3.5800000000000014,0.0005625000000000001,347.78729965417693
3.6000000000000014,0.0005625000000000001,347.83576047347225
3.6200000000000014,0.0005625000000000001,347.8808146622862
3.6400000000000015,0.0005625000000000001,347.9225986941499
3.6600000000000015,0.0005625000000000001,347.9612437419741
3.6800000000000015,0.0005625000000000001,347.99687562524696
3.7000000000000015,0.0005625000000000001,348.02961530086145
3.7200000000000015,0.0005625000000000001,348.0595787652273
3.7400000000000015,0.0005625000000000001,348.0868775598899
3.7600000000000016,0.0005625000000000001,348.1116186255602
3.7800000000000016,0.0005625000000000001,348.13390482372694
3.8000000000000016,0.0005625000000000001,348.15383474754213
3.8200000000000016,0.0005625000000000001,348.1715032545439
3.8400000000000016,0.0005625000000000001,348.1870012433072
3.8600000000000017,0.0005625000000000001,348.2004161898832
3.8800000000000017,0.0005625000000000001,348.21183190001176
3.9000000000000017,0.0005625000000000001,348.22132904192773
3.9200000000000017,0.0005625000000000001,348.22898488280674
3.9400000000000017,0.0005625000000000001,348.2348738122057
3.9600000000000017,0.0005625000000000001,348.2390670691015
3.9800000000000018,0.0005625000000000001,348.2416332527162
4.000000000000002,0.0005625000000000001,348.2426380437143
2.700000000000001,0.0005812500000000001,338.72598402064386
2.720000000000001,0.0005812500000000001,339.0755356925726
2.740000000000001,0.0005812500000000001,339.4230547461098
2.760000000000001,0.0005812500000000001,339.7683589570304
2.780000000000001,0.0005812500000000001,340.1112893707004
2.800000000000001,0.0005812500000000001,340.4515181942417
2.820000000000001,0.0005812500000000001,340.7883791643356
2.840000000000001,0.0005812500000000001,341.12085713548583
2.860000000000001,0.0005812500000000001,341.4476847005987
2.8800000000000012,0.0005812500000000001,341.76755737566185
2.9000000000000012,0.0005812500000000001,342.0793326343438
2.9200000000000013,0.0005812500000000001,342.38211179106617
2.9400000000000013,0.0005812500000000001,342.67526852251393
2.9600000000000013,0.0005812500000000001,342.95841994539177
2.9800000000000013,0.0005812500000000001,343.23132708359344
3.0000000000000013,0.0005812500000000001,343.4938822280643
3.0200000000000014,0.0005812500000000001,343.7461410383198
3.0400000000000014,0.0005812500000000001,343.9882059179669
3.0600000000000014,0.0005812500000000001,344.22020104341544
3.0800000000000014,0.0005812500000000001,344.4423390026096
3.1000000000000014,0.0005812500000000001,344.6548586428939
3.1200000000000014,0.0005812500000000001,344.8580150828374
3.1400000000000015,0.0005812500000000001,345.05208585537883
3.1600000000000015,0.0005812500000000001,345.2373487592768
3.1800000000000015,0.0005812500000000001,345.41409016402565
3.200000000000001,0.0005812500000000001,345.5825943827148
3.2200000000000015,0.0005812500000000001,345.74314444734534
3.240000000000001,0.0005812500000000001,345.89602035267717
3.2600000000000016,0.0005812500000000001,346.04149596448934
3.280000000000001,0.0005812500000000001,346.1798407778922
3.3000000000000016,0.0005812500000000001,346.31131638274184
3.320000000000001,0.0005812500000000001,346.43617865112816
3.3400000000000016,0.0005812500000000001,346.554675225619
3.360000000000001,0.0005812500000000001,346.66704702652595
3.3800000000000017,0.0005812500000000001,346.77352696769026
3.4000000000000012,0.0005812500000000001,346.8743406892305
3.4200000000000017,0.0005812500000000001,346.9697061875914
3.4400000000000013,0.0005812500000000001,347.05983403814975
3.4600000000000017,0.0005812500000000001,347.1449275309676
3.4800000000000013,0.0005812500000000001,347.2251826830997
3.5000000000000018,0.0005812500000000001,347.30078855215663
3.5200000000000014,0.0005812500000000001,347.3719272552681
3.5400000000000014,0.0005812500000000001,347.43877425549283
3.5600000000000014,0.0005812500000000001,347.50149850312397
3.5800000000000014,0.0005812500000000001,347.5602625975638
3.6000000000000014,0.0005812500000000001,347.6152230859042
3.6200000000000014,0.0005812500000000001,347.6665304779588
3.6400000000000015,0.0005812500000000001,347.7143296856174
3.6600000000000015,0.0005812500000000001,347.7587599123236
3.6800000000000015,0.0005812500000000001,347.79995519099464
3.7000000000000015,0.0005812500000000001,347.8380441886286
3.7200000000000015,0.0005812500000000001,347.87315079336526
3.7400000000000015,0.0005812500000000001,347.9053938782432
3.7600000000000016,0.0005812500000000001,347.93488789217736
3.7800000000000016,0.0005812500000000001,347.9617426209787
3.8000000000000016,0.0005812500000000001,347.9860637470574
3.8200000000000016,0.0005812500000000001,348.00795263564146
3.8400000000000016,0.0005812500000000001,348.0275068400445
3.8600000000000017,0.0005812500000000001,348.04481992980635
3.8800000000000017,0.0005812500000000001,348.05998192999743
3.9000000000000017,0.0005812500000000001,348.0730791976782
3.9200000000000017,0.0005812500000000001,348.0841947936614
3.9400000000000017,0.0005812500000000001,348.0934084052039
3.9600000000000017,0.0005812500000000001,348.1007966563427
3.9800000000000018,0.0005812500000000001,348.10643306845805
4.000000000000002,0.0005812500000000001,348.11038832067845
2.700000000000001,0.0006000000000000001,338.1676520626658
2.720000000000001,0.0006000000000000001,338.5170394609943
2.740000000000001,0.0006000000000000001,338.8647042001904
2.760000000000001,0.0006000000000000001,339.2104577620104
2.780000000000001,0.0006000000000000001,339.5541825634519
2.800000000000001,0.0006000000000000001,339.89560433487094
2.820000000000001,0.0006000000000000001,340.23419137221
2.840000000000001,0.0006000000000000001,340.5691401332786
2.860000000000001,0.0006000000000000001,340.89938971841497
2.8800000000000012,0.0006000000000000001,341.22378180195034
2.9000000000000012,0.0006000000000000001,341.5412279241883
2.9200000000000013,0.0006000000000000001,341.8508020760762
2.9400000000000013,0.0006000000000000001,342.1518119113793
2.9600000000000013,0.0006000000000000001,342.44376720054197
2.9800000000000013,0.0006000000000000001,342.7262709578778
3.0000000000000013,0.0006000000000000001,342.9990797308768
3.0200000000000014,0.0006000000000000001,343.2621402815142
3.0400000000000014,0.0006000000000000001,343.5153959488578
3.0600000000000014,0.0006000000000000001,343.7588512316344
3.0800000000000014,0.0006000000000000001,343.9926333031582
3.1000000000000014,0.0006000000000000001,344.21688266496943
3.1200000000000014,0.0006000000000000001,344.4317838682228
3.1400000000000015,0.0006000000000000001,344.6375490948801
3.1600000000000015,0.0006000000000000001,344.8343999989628
3.1800000000000015,0.0006000000000000001,345.02258073822463
3.200000000000001,0.0006000000000000001,345.20233541196455
3.2200000000000015,0.0006000000000000001,345.3739200296291
3.240000000000001,0.0006000000000000001,345.5375885990071
3.2600000000000016,0.0006000000000000001,345.69359838333105
3.280000000000001,0.0006000000000000001,345.8422039806037
3.3000000000000016,0.0006000000000000001,345.9836579005782
3.320000000000001,0.0006000000000000001,346.1182090759497
3.3400000000000016,0.0006000000000000001,346.2461016403555
3.360000000000001,0.0006000000000000001,346.36757497813744
3.3800000000000017,0.0006000000000000001,346.4828626117714
3.4000000000000012,0.0006000000000000001,346.59219216432814
3.4200000000000017,0.0006000000000000001,346.69578521263105
3.4400000000000013,0.0006000000000000001,346.7938565218101
3.4600000000000017,0.0006000000000000001,346.88661501782184
3.4800000000000013,0.0006000000000000001,346.9742622324386
3.5000000000000018,0.0006000000000000001,347.05699419037427
3.5200000000000014,0.0006000000000000001,347.13499926773943
3.5400000000000014,0.0006000000000000001,347.2084606674039
3.5600000000000014,0.0006000000000000001,347.27755396358026
3.5800000000000014,0.0006000000000000001,347.3424498514492
3.6000000000000014,0.0006000000000000001,347.4033116182506
3.6200000000000014,0.0006000000000000001,347.46029792679167
3.6400000000000015,0.0006000000000000001,347.5135603798098
3.6600000000000015,0.0006000000000000001,347.56324618731196
3.6800000000000015,0.0006000000000000001,347.6094959108878
3.7000000000000015,0.0006000000000000001,347.65244594822093
3.7200000000000015,0.0006000000000000001,347.69222647474464
3.7400000000000015,0.0006000000000000001,347.7289637447834
3.7600000000000016,0.0006000000000000001,347.762778196177
3.7800000000000016,0.0006000000000000001,347.7937866137203
3.8000000000000016,0.0006000000000000001,347.8221003288471
3.8200000000000016,0.0006000000000000001,347.8478273188015
3.8400000000000016,0.0006000000000000001,347.8710704160075
3.8600000000000017,0.0006000000000000001,347.8919294289323
3.8800000000000017,0.0006000000000000001,347.91049927103296
3.9000000000000017,0.0006000000000000001,347.92687219027584
3.9200000000000017,0.0006000000000000001,347.9411357320853
3.9400000000000017,0.0006000000000000001,347.9533751574612
3.9600000000000017,0.0006000000000000001,347.96367116497805
3.9800000000000018,0.0006000000000000001,347.97210256541973
4.000000000000002,0.0006000000000000001,347.97874370203294
2.700000000000001,0.00061875,337.665138930611
2.720000000000001,0.00061875,338.0141281436226
2.740000000000001,0.00061875,338.36166038441974
2.760000000000001,0.00061875,338.7075698971808
2.780000000000001,0.00061875,339.0517729920315
2.800000000000001,0.00061875,339.3940062166582
2.820000000000001,0.00061875,339.7338335327112
2.840000000000001,0.00061875,340.0706158881551
2.860000000000001,0.00061875,340.4034637511838
2.8800000000000012,0.00061875,340.73136959061503
2.9000000000000012,0.00061875,341.05331517126075
2.9200000000000013,0.00061875,341.3683820383324
2.9400000000000013,0.00061875,341.67584979267536
2.9600000000000013,0.00061875,341.9751466217397
2.9800000000000013,0.00061875,342.26572036767686
3.0000000000000013,0.00061875,342.5472388641275
3.0200000000000014,0.00061875,342.8195530807986
3.0400000000000014,0.00061875,343.0824327735627
3.0600000000000014,0.00061875,343.33579827278453
3.0800000000000014,0.00061875,343.5796949971915
3.1000000000000014,0.00061875,343.8141654823141
3.1200000000000014,0.00061875,344.0393388063338
3.1400000000000015,0.00061875,344.2553548765529
3.1600000000000015,0.00061875,344.4623903814911
3.1800000000000015,0.00061875,344.66064293850974
3.200000000000001,0.00061875,344.8503214825737
3.2200000000000015,0.00061875,345.03165370610543
3.240000000000001,0.00061875,345.2048686987738
3.2600000000000016,0.00061875,345.3702071342051
3.280000000000001,0.00061875,345.5279081379558
3.3000000000000016,0.00061875,345.67821503999977
3.320000000000001,0.00061875,345.8213690758099
3.3400000000000016,0.00061875,345.9576099809714
3.360000000000001,0.00061875,346.087175301844
3.3800000000000017,0.00061875,346.21029738136156
3.4000000000000012,0.00061875,346.327206094727
3.4200000000000017,0.00061875,346.4381241068235
3.4400000000000013,0.00061875,346.54327107340714
3.4600000000000017,0.00061875,346.6428586599635
3.4800000000000013,0.00061875,346.7370948278905
3.5000000000000018,0.00061875,346.82617955589427
3.5200000000000014,0.00061875,346.91030840865244
3.5400000000000014,0.00061875,346.98966941817633
3.5600000000000014,0.00061875,347.06444558729623
3.5800000000000014,0.00061875,347.1348130341556
3.6000000000000014,0.00061875,347.2009423951375
3.6200000000000014,0.00061875,347.2629981086958
3.6400000000000015,0.00061875,347.32113887178923
3.6600000000000015,0.00061875,347.37551781466226
3.6800000000000015,0.00061875,347.4262822615902
3.7000000000000015,0.00061875,347.47357449741145
3.7200000000000015,0.00061875,347.5175311160127
3.7400000000000015,0.00061875,347.5582840773817
3.7600000000000016,0.00061875,347.595959919047
3.7800000000000016,0.00061875,347.63068082973257
3.8000000000000016,0.00061875,347.66256396719064
3.8200000000000016,0.00061875,347.6917223172527
3.8400000000000016,0.00061875,347.7182643182281
3.8600000000000017,0.00061875,347.74229432279463
3.8800000000000017,0.00061875,347.76391268238064
3.9000000000000017,0.00061875,347.78321567783627
3.9200000000000017,0.00061875,347.800296171977
3.9400000000000017,0.00061875,347.8152429197492
3.9600000000000017,0.00061875,347.82814185619713
3.9800000000000018,0.00061875,347.8390747360103
4.000000000000002,0.00061875,347.8481210889917
2.700000000000001,0.0006375,337.21836065265893
2.720000000000001,0.0006375,337.5667601823303
2.740000000000001,0.0006375,337.9139229708399
2.760000000000001,0.0006375,338.25974513737924
2.780000000000001,0.0006375,338.6041619725815
2.800000000000001,0.0006375,338.94687810918174
2.820000000000001,0.0006375,339.28754226845035
2.840000000000001,0.0006375,339.62562491106485
2.860000000000001,0.0006375,339.96038403065256
2.8800000000000012,0.0006375,340.29094875194676
2.9000000000000012,0.0006375,340.6163814544328
2.9200000000000013,0.0006375,340.93579166910314
2.9400000000000013,0.0006375,341.2484730586945
2.9600000000000013,0.0006375,341.55377553506736
2.9800000000000013,0.0006375,341.85099475736126
3.0000000000000013,0.0006375,342.1397787130507
3.0200000000000014,0.0006375,342.41986944156974
3.0400000000000014,0.0006375,342.69085129278255
3.0600000000000014,0.0006375,342.9526227641834
3.0800000000000014,0.0006375,343.205122552212
3.1000000000000014,0.0006375,343.44832151837704
3.1200000000000014,0.0006375,343.68229404530933
3.1400000000000015,0.0006375,343.907110990883
3.1600000000000015,0.0006375,344.1229130897546
3.1800000000000015,0.0006375,344.3298490410429
3.200000000000001,0.0006375,344.5280991802857
3.2200000000000015,0.0006375,344.71786229377926
3.240000000000001,0.0006375,344.899343880426
3.2600000000000016,0.0006375,345.07277058741533
3.280000000000001,0.0006375,345.2383629991524
3.3000000000000016,0.0006375,345.3963600384172
3.320000000000001,0.0006375,345.54698958394766
3.3400000000000016,0.0006375,345.69049259592947
3.360000000000001,0.0006375,345.82709814345134
3.3800000000000017,0.0006375,345.95704281263943
3.4000000000000012,0.0006375,346.0805521827065
3.4200000000000017,0.0006375,346.1978546523237
3.4400000000000013,0.0006375,346.3091688493249
3.4600000000000017,0.0006375,346.4147128817856
3.4800000000000013,0.0006375,346.514695985096
3.5000000000000018,0.0006375,346.60932497282266
3.5200000000000014,0.0006375,346.6987980773057
3.5400000000000014,0.0006375,346.783310503329
3.5600000000000014,0.0006375,346.8630485271233
3.5800000000000014,0.0006375,346.93819585029274
3.6000000000000014,0.0006375,347.0089263471663
3.6200000000000014,0.0006375,347.07541256660244
3.6400000000000015,0.0006375,347.1378159165326
3.6600000000000015,0.0006375,347.1962982765026
3.6800000000000015,0.0006375,347.25100880210897
3.7000000000000015,0.0006375,347.30209924990373
3.7200000000000015,0.0006375,347.3497069338432
3.7400000000000015,0.0006375,347.3939740537983
3.7600000000000016,0.0006375,347.4350266253021
3.7800000000000016,0.0006375,347.4729978525408
3.8000000000000016,0.0006375,347.50800307903376
3.8200000000000016,0.0006375,347.5401670548396
3.8400000000000016,0.0006375,347.5695951237505
3.8600000000000017,0.0006375,347.5964040966716
3.8800000000000017,0.0006375,347.6206900081148
3.9000000000000017,0.0006375,347.64256221534293
3.9200000000000017,0.0006375,347.66210813199655
3.9400000000000017,0.0006375,347.6794301173637
3.9600000000000017,0.0006375,347.6946076362901
3.9800000000000018,0.0006375,347.7077364768905
4.000000000000002,0.0006375,347.7188888011561
2.700000000000001,0.00065625,336.8272075007893
2.720000000000001,0.00065625,337.17486319515587
2.740000000000001,0.00065625,337.5214515192535
2.760000000000001,0.00065625,337.86700128294706
2.780000000000001,0.00065625,338.21140388488874
2.800000000000001,0.00065625,338.5543240081955
2.820000000000001,0.00065625,338.8954847411091
2.840000000000001,0.00065625,339.23441982288705
2.860000000000001,0.00065625,339.5705124393972
2.8800000000000012,0.00065625,339.9030106201547
2.9000000000000012,0.00065625,340.2310513630165
2.9200000000000013,0.00065625,340.5537946065371
2.9400000000000013,0.00065625,340.8705812514927
2.9600000000000013,0.00065625,341.1806689748159
2.9800000000000013,0.00065625,341.48319497682024
3.0000000000000013,0.00065625,341.7779110812829
3.0200000000000014,0.00065625,342.06435066230796
3.0400000000000014,0.00065625,342.3419661254514
3.0600000000000014,0.00065625,342.6106816548564
3.0800000000000014,0.00065625,342.87029221862076
3.1000000000000014,0.00065625,343.1207468240447
3.1200000000000014,0.00065625,343.3620477865728
3.1400000000000015,0.00065625,343.59421311040154
3.1600000000000015,0.00065625,343.8173553969083
3.1800000000000015,0.00065625,344.031567314647
3.200000000000001,0.00065625,344.2370204976439
3.2200000000000015,0.00065625,344.43386847655256
3.240000000000001,0.00065625,344.62231427376713
3.2600000000000016,0.00065625,344.8025540634343
3.280000000000001,0.00065625,344.974806482207
3.3000000000000016,0.00065625,345.1392937473262
3.320000000000001,0.00065625,345.29624063157524
3.3400000000000016,0.00065625,345.4458821626759
3.360000000000001,0.00065625,345.58844332688915
3.3800000000000017,0.00065625,345.7241621531094
3.4000000000000012,0.00065625,345.8532600487701
3.4200000000000017,0.00065625,345.9759711465094
3.4400000000000013,0.00065625,346.0925108254062
3.4600000000000017,0.00065625,346.20310471248877
3.4800000000000013,0.00065625,346.307960590272
3.5000000000000018,0.00065625,346.4072926894842
3.5200000000000014,0.00065625,346.50130022429823
3.5400000000000014,0.00065625,346.59018439005945
3.5600000000000014,0.00065625,346.6741352734528
3.5800000000000014,0.00065625,346.75334028377824
3.6000000000000014,0.00065625,346.82798011081996
3.6200000000000014,0.00065625,346.8982282419136
3.6400000000000015,0.00065625,346.9642559057256
3.6600000000000015,0.00065625,347.02622294454915
3.6800000000000015,0.00065625,347.08429120744233
3.7000000000000015,0.00065625,347.13860743485475
3.7200000000000015,0.00065625,347.18932428091995
3.7400000000000015,0.00065625,347.2365760888402
3.7600000000000016,0.00065625,347.2805065748041
3.7800000000000016,0.00065625,347.32123847680583
3.8000000000000016,0.00065625,347.35890687970425
3.8200000000000016,0.00065625,347.3936237444838
3.8400000000000016,0.00065625,347.42551586415607
3.8600000000000017,0.00065625,347.45468525222816
3.8800000000000017,0.00065625,347.48125076973264
3.9000000000000017,0.00065625,347.5053052905914
3.9200000000000017,0.00065625,347.5269601147575
3.9400000000000017,0.00065625,347.54629974831494
3.9600000000000017,0.00065625,347.56342830505474
3.9800000000000018,0.00065625,347.5784226502863
4.000000000000002,0.00065625,347.59138008530704
2.700000000000001,0.000675,336.4915573295283
2.720000000000001,0.000675,336.8383227335899
2.740000000000001,0.000675,337.1841788480957
2.760000000000001,0.000675,337.5293191280744
2.780000000000001,0.000675,337.8735122907198
2.800000000000001,0.000675,338.2163930709044
2.820000000000001,0.000675,338.5577671056718
2.840000000000001,0.000675,338.89716055304086
2.860000000000001,0.000675,339.23410741966444
2.8800000000000012,0.000675,339.5679022134355
2.9000000000000012,0.000675,339.8977963331086
2.9200000000000013,0.000675,340.22296420646654
2.9400000000000013,0.000675,340.54289053124177
2.9600000000000013,0.000675,340.8566105249408
2.9800000000000013,0.000675,341.1632024828906
3.0000000000000013,0.000675,341.46261664963424
3.0200000000000014,0.000675,341.75400635608804
3.0400000000000014,0.000675,342.0368488769047
3.0600000000000014,0.000675,342.3110814548817
3.0800000000000014,0.000675,342.57632735692135
3.1000000000000014,0.000675,342.83259436517216
3.1200000000000014,0.000675,343.0797448052253
3.1400000000000015,0.000675,343.3178218196418
3.1600000000000015,0.000675,343.546858093017
3.1800000000000015,0.000675,343.7669393338628
3.200000000000001,0.000675,343.9782022845853
3.2200000000000015,0.000675,344.1807775142059
3.240000000000001,0.000675,344.3748581952398
3.2600000000000016,0.000675,344.5606158564533
3.280000000000001,0.000675,344.73826846599417
3.3000000000000016,0.000675,344.9080214750112
3.320000000000001,0.000675,345.07009755499354
3.3400000000000016,0.000675,345.22472815605886
3.360000000000001,0.000675,345.3721284649577
3.3800000000000017,0.000675,345.512548338499
3.4000000000000012,0.000675,345.64618856668125
3.4200000000000017,0.000675,345.77331069962077
3.4400000000000013,0.000675,345.89409767074767
3.4600000000000017,0.000675,346.00881706645276
3.4800000000000013,0.000675,346.1176327125856
3.5000000000000018,0.000675,346.22081362131155
3.5200000000000014,0.000675,346.3185046304366
3.5400000000000014,0.000675,346.4109725189263
3.5600000000000014,0.000675,346.49834406721135
3.5800000000000014,0.000675,346.5808809874889
3.6000000000000014,0.000675,346.6586933757262
3.6200000000000014,0.000675,346.73203573925434
3.6400000000000015,0.000675,346.80100306540277
3.6600000000000015,0.000675,346.8658410930615
3.6800000000000015,0.000675,346.9266313278969
3.7000000000000015,0.000675,346.98360964451336
3.7200000000000015,0.000675,347.03684565212143
3.7400000000000015,0.000675,347.0865646414561
3.7600000000000016,0.000675,347.13282581498254
3.7800000000000016,0.000675,347.1758434594586
3.8000000000000016,0.000675,347.21566773682554
3.8200000000000016,0.000675,347.2525017456089
3.8400000000000016,0.000675,347.2863878386163
3.8600000000000017,0.000675,347.31751792550983
3.8800000000000017,0.000675,347.345927645632
3.9000000000000017,0.000675,347.3717978602244
3.9200000000000017,0.000675,347.39515846052024
3.9400000000000017,0.000675,347.4161795063803
3.9600000000000017,0.000675,347.4348859849521
3.9800000000000018,0.000675,347.45143748054335
4.000000000000002,0.000675,347.4658548096287
2.700000000000001,0.00069375,336.2112610643673
2.720000000000001,0.00069375,336.55700944972097
2.740000000000001,0.00069375,336.9020036975311
2.760000000000001,0.00069375,337.24667437153664
2.780000000000001,0.00069375,337.59044637813855
2.800000000000001,0.00069375,337.93311763054663
2.820000000000001,0.00069375,338.2744276471913
2.840000000000001,0.00069375,338.6139587463523
2.860000000000001,0.00069375,338.95133386691367
2.8800000000000012,0.00069375,339.2858760544082
2.9000000000000012,0.00069375,339.61695963312894
2.9200000000000013,0.00069375,339.9437337026271
2.9400000000000013,0.00069375,340.2659720791334
2.9600000000000013,0.00069375,340.5821894125171
2.9800000000000013,0.00069375,340.8917254323194
3.0000000000000013,0.00069375,341.1946869537741
3.0200000000000014,0.00069375,341.4896212505132
3.0400000000000014,0.00069375,341.776381979168
3.0600000000000014,0.00069375,342.054696260834
3.0800000000000014,0.00069375,342.32414875394437
3.1000000000000014,0.00069375,342.5847937197815
3.1200000000000014,0.00069375,342.83631711815576
3.1400000000000015,0.00069375,343.07888634923165
3.1600000000000015,0.00069375,343.3123471849916
3.1800000000000015,0.00069375,343.5369057210616
3.200000000000001,0.00069375,343.7525525006249
3.2200000000000015,0.00069375,343.95950153286935
3.240000000000001,0.00069375,344.1578569960171
3.2600000000000016,0.00069375,344.3478267196152
3.280000000000001,0.00069375,344.52959773704845
3.3000000000000016,0.00069375,344.70336504950336
3.320000000000001,0.00069375,344.86937263689805
3.3400000000000016,0.00069375,345.02779976535027
3.360000000000001,0.00069375,345.1789269593063
3.3800000000000017,0.00069375,345.3229168712371
3.4000000000000012,0.00069375,345.4600710760343
3.4200000000000017,0.00069375,345.59053586632734
3.4400000000000013,0.00069375,345.7146223844402
3.4600000000000017,0.00069375,345.83246143902414
3.4800000000000013,0.00069375,345.944365401572
3.5000000000000018,0.00069375,346.0504507889724
3.5200000000000014,0.00069375,346.15102527308136
3.5400000000000014,0.00069375,346.24619240075685
3.5600000000000014,0.00069375,346.3362510352898
3.5800000000000014,0.00069375,346.4212930911491
3.6000000000000014,0.00069375,346.50160587490825
3.6200000000000014,0.00069375,346.5772709551316
3.6400000000000015,0.00069375,346.6485623426314
3.6600000000000015,0.00069375,346.7155524582968
3.6800000000000015,0.00069375,346.7785010204572
3.7000000000000015,0.00069375,346.837472394441
3.7200000000000015,0.00069375,346.89271155053575
3.7400000000000015,0.00069375,346.94427577881964
3.7600000000000016,0.00069375,346.9923952360699
3.7800000000000016,0.00069375,347.03712100739386
3.8000000000000016,0.00069375,347.0786686475832
3.8200000000000016,0.00069375,347.11708380315173
3.8400000000000016,0.00069375,347.15256783097703
3.8600000000000017,0.00069375,347.18516160987883
3.8800000000000017,0.00069375,347.21505283259
3.9000000000000017,0.00069375,347.24227819506035
3.9200000000000017,0.00069375,347.26701234271974
3.9400000000000017,0.00069375,347.2892882969427
3.9600000000000017,0.00069375,347.3092683213753
3.9800000000000018,0.00069375,347.32698220375454
4.000000000000002,0.00069375,347.3425805149115
2.700000000000001,0.0007125,335.9861819199069
2.720000000000001,0.0007125,336.33073391267936
2.740000000000001,0.0007125,336.6748457489288
2.760000000000001,0.0007125,337.0189966565675
2.780000000000001,0.0007125,337.3621408027168
2.800000000000001,0.0007125,337.70449594602974
2.820000000000001,0.0007125,338.04544287682376
2.840000000000001,0.0007125,338.3848800774872
2.860000000000001,0.0007125,338.7222549154605
2.8800000000000012,0.0007125,339.0571019106211
2.9000000000000012,0.0007125,339.3887389758796
2.9200000000000013,0.0007125,339.7164065001037
2.9400000000000013,0.0007125,340.0402460816751
2.9600000000000013,0.0007125,340.3577574763727
2.9800000000000013,0.0007125,340.6693373027915
3.0000000000000013,0.0007125,340.9746519526159
3.0200000000000014,0.0007125,341.2717709499008
3.0400000000000014,0.0007125,341.561213969887
3.0600000000000014,0.0007125,341.84214895943074
3.0800000000000014,0.0007125,342.1144480300727
3.1000000000000014,0.0007125,342.3780182681907
3.1200000000000014,0.0007125,342.6324561342871
3.1400000000000015,0.0007125,342.87811815985015
3.1600000000000015,0.0007125,343.1144897804518
3.1800000000000015,0.0007125,343.34220001699254
3.200000000000001,0.0007125,343.5607010796879
3.2200000000000015,0.0007125,343.77078121426257
3.240000000000001,0.0007125,343.971897289404
3.2600000000000016,0.0007125,344.1649221123735
3.280000000000001,0.0007125,344.34933553014196
3.3000000000000016,0.0007125,344.52604514604076
3.320000000000001,0.0007125,344.6945621452041
3.3400000000000016,0.0007125,344.85579585284313
3.360000000000001,0.0007125,345.00929196924676
3.3800000000000017,0.0007125,345.15593988769996
3.4000000000000012,0.0007125,345.2953202784176
3.4200000000000017,0.0007125,345.4282888364805
3.4400000000000013,0.0007125,345.5544602362167
3.4600000000000017,0.0007125,345.6746481698259
3.4800000000000013,0.0007125,345.78849963254964
3.5000000000000018,0.0007125,345.896781782141
3.5200000000000014,0.0007125,345.9991719201665
3.5400000000000014,0.0007125,346.09638872737423
3.5600000000000014,0.0007125,346.1881376796474
3.5800000000000014,0.0007125,346.27508879355935
3.6000000000000014,0.0007125,346.3569735886328
3.6200000000000014,0.0007125,346.4344143977567
3.6400000000000015,0.0007125,346.50716671987027
3.6600000000000015,0.0007125,346.5758069382345
3.6800000000000015,0.0007125,346.6401125678707
3.7000000000000015,0.0007125,346.700616239029
3.7200000000000015,0.0007125,346.7571156371011
3.7400000000000015,0.0007125,346.81010209502057
3.7600000000000016,0.0007125,346.8593917468329
3.7800000000000016,0.0007125,346.9054372017961
3.8000000000000016,0.0007125,346.9480714452362
3.8200000000000016,0.0007125,346.9877109576075
3.8400000000000016,0.0007125,347.024204099346
3.8600000000000017,0.0007125,347.05793377314063
3.8800000000000017,0.0007125,347.0887623544417
3.9000000000000017,0.0007125,347.11704163282957
3.9200000000000017,0.0007125,347.142646748561
3.9400000000000017,0.0007125,347.16590072977556
3.9600000000000017,0.0007125,347.1866903345372
3.9800000000000018,0.0007125,347.205312052877
4.000000000000002,0.0007125,347.2216632100239
2.700000000000001,0.00073125,335.81624583179195
2.720000000000001,0.00073125,336.1591809287232
2.740000000000001,0.00073125,336.50275150255493
2.760000000000001,0.00073125,336.84606849052017
2.780000000000001,0.00073125,337.18861894918604
2.800000000000001,0.00073125,337.53040476011876
2.820000000000001,0.00073125,337.87082139948797
2.840000000000001,0.00073125,338.2098918969141
2.860000000000001,0.00073125,338.54690159140915
2.8800000000000012,0.00073125,338.8816558158169
2.9000000000000012,0.00073125,339.21323215766523
2.9200000000000013,0.00073125,339.54118227630454
2.9400000000000013,0.00073125,339.86601807581576
2.9600000000000013,0.00073125,340.1834389430433
2.9800000000000013,0.00073125,340.49655447292986
3.0000000000000013,0.00073125,340.802772623125
3.0200000000000014,0.00073125,341.10086597131067
3.0400000000000014,0.00073125,341.39183261334256
3.0600000000000014,0.00073125,341.6737483192014
3.0800000000000014,0.00073125,341.94787792745626
3.1000000000000014,0.00073125,342.21249988725725
3.1200000000000014,0.00073125,342.468919278823
3.1400000000000015,0.00073125,342.71569279043774
3.1600000000000015,0.00073125,342.9541012197151
3.1800000000000015,0.00073125,343.1829563696601
3.200000000000001,0.00073125,343.40348716450717
3.2200000000000015,0.00073125,343.6147200104691
3.240000000000001,0.00073125,343.817817924037
3.2600000000000016,0.00073125,344.0119825207686
3.280000000000001,0.00073125,344.19830384094126
3.3000000000000016,0.00073125,344.3761249627402
3.320000000000001,0.00073125,344.546460210085
3.3400000000000016,0.00073125,344.70876656495597
3.360000000000001,0.00073125,344.8639827744078
3.3800000000000017,0.00073125,345.01165768291054
3.4000000000000012,0.00073125,345.15265651291065
3.4200000000000017,0.00073125,345.28660249326134
3.4400000000000013,0.00073125,345.41429059508005
3.4600000000000017,0.00073125,345.5354046003328
3.4800000000000013,0.00073125,345.6506732243459
3.5000000000000018,0.00073125,345.7598298379506
3.5200000000000014,0.00073125,345.86354126415875
3.5400000000000014,0.00073125,345.9615817362156
3.5600000000000014,0.00073125,346.05456067037176
3.5800000000000014,0.00073125,346.14228617921606
3.6000000000000014,0.00073125,346.22531471427544
3.6200000000000014,0.00073125,346.3034826445143
3.6400000000000015,0.00073125,346.3772977480162
3.6600000000000015,0.00073125,346.44662009198936
3.6800000000000015,0.00073125,346.5119128560208
3.7000000000000015,0.00073125,346.573056085249
3.7200000000000015,0.00073125,346.6304721830198
3.7400000000000015,0.00073125,346.68405811519887
3.7600000000000016,0.00073125,346.7341990622024
3.7800000000000016,0.00073125,346.78080638170064
3.8000000000000016,0.00073125,346.82423131280274
3.8200000000000016,0.00073125,346.8643974998561
3.8400000000000016,0.00073125,346.9016252566549
3.8600000000000017,0.00073125,346.9358487514928
3.8800000000000017,0.00073125,346.96736013476493
3.9000000000000017,0.00073125,346.9961026145947
3.9200000000000017,0.00073125,347.0223427005434
3.9400000000000017,0.00073125,347.0460313847599
3.9600000000000017,0.00073125,347.0674118355158
3.9800000000000018,0.00073125,347.08644176154394
4.000000000000002,0.00073125,347.1033430832133
2.700000000000001,0.00075,335.70110164667767
2.720000000000001,0.00075,336.0421981370961
2.740000000000001,0.00075,336.38570469281547
2.760000000000001,0.00075,336.7276301560256
2.780000000000001,0.00075,337.0699637663146
2.800000000000001,0.00075,337.4105615947206
2.820000000000001,0.00075,337.75069172114377
2.840000000000001,0.00075,338.08872675759494
2.860000000000001,0.00075,338.42543949675843
2.8800000000000012,0.00075,338.75931745481284
2.9000000000000012,0.00075,339.09065174403577
2.9200000000000013,0.00075,339.41791014633685
2.9400000000000013,0.00075,339.7437731420137
2.9600000000000013,0.00075,340.0586559633603
2.9800000000000013,0.00075,340.3745064970281
3.0000000000000013,0.00075,340.67809242096985
3.0200000000000014,0.00075,340.97826259893685
3.0400000000000014,0.00075,341.2672352866694
3.0600000000000014,0.00075,341.5509041701281
3.0800000000000014,0.00075,341.8234758563124
3.1000000000000014,0.00075,342.089629427316
3.1200000000000014,0.00075,342.3448128346888
3.1400000000000015,0.00075,342.5929467334695
3.1600000000000015,0.00075,342.8303647009039
3.1800000000000015,0.00075,343.0604392346181
3.200000000000001,0.00075,343.2801703559632
3.2200000000000015,0.00075,343.4925022667817
3.240000000000001,0.00075,343.6949507950504
3.2600000000000016,0.00075,343.89010968376436
3.280000000000001,0.00075,344.0759013623504
3.3000000000000016,0.00075,344.2546244653287
3.320000000000001,0.00075,344.42452646549253
3.3400000000000016,0.00075,344.58765290782065
3.360000000000001,0.00075,344.742514214678
3.3800000000000017,0.00075,344.8909362535057
3.4000000000000012,0.00075,345.0316444294311
3.4200000000000017,0.00075,345.16627237025864
3.4400000000000013,0.00075,345.2937229505938
3.4600000000000017,0.00075,345.41546059571994
3.4800000000000013,0.00075,345.5305359819121
3.5000000000000018,0.00075,345.64026397262086
3.5200000000000014,0.00075,345.74381933548307
3.5400000000000014,0.00075,345.84238429801576
3.5600000000000014,0.00075,345.9352385808829
3.5800000000000014,0.00075,346.0234464751575
3.6000000000000014,0.00075,346.1063770602137
3.6200000000000014,0.00075,346.1849895300344
3.6400000000000015,0.00075,346.258729502412
3.6600000000000015,0.00075,346.3284623383644
3.6800000000000015,0.00075,346.3936995658999
3.7000000000000015,0.00075,346.45522262998105
3.7200000000000015,0.00075,346.5126000890411
3.7400000000000015,0.00075,346.5665382281448
3.7600000000000016,0.00075,346.6166551635664
3.7800000000000016,0.00075,346.66358977083206
3.8000000000000016,0.00075,346.7070033940251
3.8200000000000016,0.00075,346.747474374043
3.8400000000000016,0.00075,346.7847018882138
3.8600000000000017,0.00075,346.8192098529344
3.8800000000000017,0.00075,346.85073065626113
3.9000000000000017,0.00075,346.8797392300478
3.9200000000000017,0.00075,346.9059971925395
3.9400000000000017,0.00075,346.9299353421816
3.9600000000000017,0.00075,346.9513410844486
3.9800000000000018,0.00075,346.97060541692036
4.000000000000002,0.00075,346.98753854245194
