时间 (s),薄膜厚度 (m),温度 (K)
0.7000000000000003,0.0,380.0
0.7200000000000003,0.0,368.3854489828981
0.7400000000000003,0.0,368.5272290223004
0.7600000000000003,0.0,362.96997744062344
0.7800000000000004,0.0,363.1037918668854
0.8000000000000004,0.0,359.15158857903333
0.8200000000000004,0.0,359.24994975542785
0.8400000000000003,0.0,356.1451409015364
0.8600000000000003,0.0,356.2035974969385
0.8800000000000003,0.0,353.65113583307203
0.9000000000000004,0.0,353.6725451995494
0.9200000000000004,0.0,351.5180718768054
0.9400000000000004,0.0,351.50757684483574
0.9600000000000004,0.0,349.6569079007217
0.9800000000000004,0.0,349.6200189778944
1.0000000000000004,0.0,348.0101177491022
1.0200000000000005,0.0,347.9519681086393
1.0400000000000005,0.0,346.5380004794109
1.0600000000000005,0.0,346.4630958083171
1.0800000000000005,0.0,345.21178135908
1.1000000000000005,0.0,345.1239615206273
1.1200000000000006,0.0,344.0097976654228
1.1400000000000006,0.0,343.9122834485846
1.1600000000000006,0.0,342.91523612418297
1.1800000000000006,0.0,342.8107038938404
1.2000000000000006,0.0,341.91471379073056
1.2200000000000006,0.0,341.80445418758734
1.2400000000000007,0.0,340.9905588836078
1.2600000000000007,0.0,340.8836468938612
1.2800000000000007,0.0,340.1446265825631
1.3000000000000007,0.0,340.0385278826614
1.3200000000000007,0.0,339.36637601003156
1.3400000000000007,0.0,339.26117691172385
1.3600000000000008,0.0,338.6487790630678
1.3800000000000008,0.0,338.5448608878093
1.4000000000000008,0.0,337.9860003143039
1.4200000000000008,0.0,337.88376865510133
1.4400000000000008,0.0,337.3730099678587
1.4600000000000009,0.0,337.27282682599764
1.4800000000000009,0.0,336.80539838126987
1.5000000000000009,0.0,336.70756334746915
1.5200000000000007,0.0,336.2792562611478
1.5400000000000007,0.0,336.1840041999911
1.5600000000000007,0.0,335.7910889266584
1.5800000000000007,0.0,335.6985940380766
1.6000000000000008,0.0,335.33775199269934
1.6200000000000008,0.0,335.2481343058914
1.6400000000000008,0.0,334.91640166628775
1.6600000000000008,0.0,334.82973422963215
1.6800000000000008,0.0,334.5244554465443
1.7000000000000006,0.0,334.44077140540304
1.7200000000000006,0.0,334.1595604360815
1.7400000000000007,0.0,334.07885962341845
1.7600000000000007,0.0,333.81956733572105
1.7800000000000007,0.0,333.74182221651415
1.8000000000000007,0.0,333.50250875636743
1.8200000000000007,0.0,333.42766967893607
1.8400000000000007,0.0,333.20658086233635
1.8600000000000008,0.0,333.1345806286028
1.8800000000000008,0.0,332.9301276249999
1.9000000000000008,0.0,332.8608854219424
0.7000000000000003,1.8750000000000002e-05,376.8546989255614
0.7200000000000003,1.8750000000000002e-05,370.332690657343
0.7400000000000003,1.8750000000000002e-05,366.67764459428173
0.7600000000000003,1.8750000000000002e-05,364.4739408237708
0.7800000000000004,1.8750000000000002e-05,361.72212775813887
0.8000000000000004,1.8750000000000002e-05,360.3806233205183
0.8200000000000004,1.8750000000000002e-05,358.1544207862502
0.8400000000000003,1.8750000000000002e-05,357.1774777549201
0.8600000000000003,1.8750000000000002e-05,355.3103979357138
0.8800000000000003,1.8750000000000002e-05,354.53341798133147
0.9000000000000004,1.8750000000000002e-05,352.9323358644724
0.9200000000000004,1.8750000000000002e-05,352.28165693518844
0.9400000000000004,1.8750000000000002e-05,350.8875984586404
0.9600000000000004,1.8750000000000002e-05,350.3243506854494
0.9800000000000004,1.8750000000000002e-05,349.0969579174148
1.0000000000000004,1.8750000000000002e-05,348.59834575477197
1.0200000000000005,1.8750000000000002e-05,347.5084772043284
1.0400000000000005,1.8750000000000002e-05,347.0600960917189
1.0600000000000005,1.8750000000000002e-05,346.085859623274
1.0800000000000005,1.8750000000000002e-05,345.6780786474402
1.1000000000000005,1.8750000000000002e-05,344.80251896919583
1.1200000000000006,1.8750000000000002e-05,344.4286017546641
1.1400000000000006,1.8750000000000002e-05,343.63826405346634
1.1600000000000006,1.8750000000000002e-05,343.2933168453551
1.1800000000000006,1.8750000000000002e-05,342.5773087664348
1.2000000000000006,1.8750000000000002e-05,342.2576559188396
1.2200000000000006,1.8750000000000002e-05,341.6064860469747
1.2400000000000007,1.8750000000000002e-05,341.30564130584924
1.2600000000000007,1.8750000000000002e-05,340.7141375810981
1.2800000000000007,1.8750000000000002e-05,340.43456312973336
1.3000000000000007,1.8750000000000002e-05,339.8942492983234
1.3200000000000007,1.8750000000000002e-05,339.63394838362166
1.3400000000000007,1.8750000000000002e-05,339.13924321052747
1.3600000000000008,1.8750000000000002e-05,338.89647760601287
1.3800000000000008,1.8750000000000002e-05,338.4427430310442
1.4000000000000008,1.8750000000000002e-05,338.21601945816764
1.4200000000000008,1.8750000000000002e-05,337.79925649266676
1.4400000000000008,1.8750000000000002e-05,337.5872780086708
1.4600000000000009,1.8750000000000002e-05,337.20398641631533
1.4800000000000009,1.8750000000000002e-05,337.00561071993064
1.5000000000000009,1.8750000000000002e-05,336.6526982390685
1.5200000000000007,1.8750000000000002e-05,336.4669059960916
1.5400000000000007,1.8750000000000002e-05,336.14162213060735
1.5600000000000007,1.8750000000000002e-05,335.96749361953516
1.5800000000000007,1.8750000000000002e-05,335.6673787480707
1.6000000000000008,1.8750000000000002e-05,335.5040766966692
1.6200000000000008,1.8750000000000002e-05,335.2269217642055
1.6400000000000008,1.8750000000000002e-05,335.0736786383496
1.6600000000000008,1.8750000000000002e-05,334.8174925538806
1.6800000000000008,1.8750000000000002e-05,334.67360101603805
1.7000000000000006,1.8750000000000002e-05,334.4365838442919
1.7200000000000006,1.8750000000000002e-05,334.3013894653216
1.7400000000000007,1.8750000000000002e-05,334.08191007373273
1.7600000000000007,1.8750000000000002e-05,333.95480564996944
1.7800000000000007,1.8750000000000002e-05,333.75138284238807
1.8000000000000007,1.8750000000000002e-05,333.63180386107047
1.8200000000000007,1.8750000000000002e-05,333.44309028165526
1.8400000000000007,1.8750000000000002e-05,333.3305112127564
1.8600000000000008,1.8750000000000002e-05,333.15527948087856
1.8800000000000008,1.8750000000000002e-05,333.04921066862266
1.9000000000000008,1.8750000000000002e-05,332.8863413334389
0.7000000000000003,3.7500000000000003e-05,373.8399745644833
0.7200000000000003,3.7500000000000003e-05,370.0158606514719
0.7400000000000003,3.7500000000000003e-05,366.04886437198803
0.7600000000000003,3.7500000000000003e-05,363.95966146146293
0.7800000000000004,3.7500000000000003e-05,361.59378917473595
0.8000000000000004,3.7500000000000003e-05,359.8377745033822
0.8200000000000004,3.7500000000000003e-05,358.2211352093852
0.8400000000000003,3.7500000000000003e-05,356.65380752468536
0.8600000000000003,3.7500000000000003e-05,355.4665856336387
0.8800000000000003,3.7500000000000003e-05,354.0451326014643
0.9000000000000004,3.7500000000000003e-05,353.1307320195575
0.9200000000000004,3.7500000000000003e-05,351.83389499653975
0.9400000000000004,3.7500000000000003e-05,351.10414286821356
0.9600000000000004,3.7500000000000003e-05,349.9177193733063
0.9800000000000004,3.7500000000000003e-05,349.3185461793218
1.0000000000000004,3.7500000000000003e-05,348.231451029818
1.0200000000000005,3.7500000000000003e-05,347.72776334835993
1.0400000000000005,3.7500000000000003e-05,346.73065603558365
1.0600000000000005,3.7500000000000003e-05,346.2987443842644
1.0800000000000005,3.7500000000000003e-05,345.3834581567467
1.1000000000000005,3.7500000000000003e-05,345.00681862131717
1.1200000000000006,3.7500000000000003e-05,344.1660837293207
1.1400000000000006,3.7500000000000003e-05,343.83295586358196
1.1600000000000006,3.7500000000000003e-05,343.0602428294249
1.1800000000000006,3.7500000000000003e-05,342.7620817294013
1.2000000000000006,3.7500000000000003e-05,342.05149786198126
1.2200000000000006,3.7500000000000003e-05,341.78168833363935
1.2400000000000007,3.7500000000000003e-05,341.12565526133903
1.2600000000000007,3.7500000000000003e-05,340.87965969468047
1.2800000000000007,3.7500000000000003e-05,340.2769584998586
1.3000000000000007,3.7500000000000003e-05,340.05102912797554
1.3200000000000007,3.7500000000000003e-05,339.4964187322131
1.3400000000000007,3.7500000000000003e-05,339.28799639506406
1.3600000000000008,3.7500000000000003e-05,338.77711132755655
1.3800000000000008,3.7500000000000003e-05,338.58411895809667
1.4000000000000008,3.7500000000000003e-05,338.1131398998638
1.4200000000000008,3.7500000000000003e-05,337.93386654178835
1.4400000000000008,3.7500000000000003e-05,337.49938676494423
1.4600000000000009,3.7500000000000003e-05,337.33240753365527
1.4800000000000009,3.7500000000000003e-05,336.9313578997496
1.5000000000000009,3.7500000000000003e-05,336.7754716190108
1.5200000000000007,3.7500000000000003e-05,336.40507057621926
1.5400000000000007,3.7500000000000003e-05,336.25925178819824
1.5600000000000007,3.7500000000000003e-05,335.91696859540616
1.5800000000000007,3.7500000000000003e-05,335.78033103290636
1.6000000000000008,3.7500000000000003e-05,335.4638569768889
1.6200000000000008,3.7500000000000003e-05,335.33562584750234
1.6400000000000008,3.7500000000000003e-05,335.0428507507403
1.6600000000000008,3.7500000000000003e-05,334.9223416700392
1.6800000000000008,3.7500000000000003e-05,334.6513341431072
1.7000000000000006,3.7500000000000003e-05,334.53793704514925
1.7200000000000006,3.7500000000000003e-05,334.2869275282118
1.7400000000000007,3.7500000000000003e-05,334.18009429269574
1.7600000000000007,3.7500000000000003e-05,333.9474602587751
1.7800000000000007,3.7500000000000003e-05,333.8466951146379
1.8000000000000007,3.7500000000000003e-05,333.6309480024817
1.8200000000000007,3.7500000000000003e-05,333.5358000100756
1.8400000000000007,3.7500000000000003e-05,333.33557357711805
1.8600000000000008,3.7500000000000003e-05,333.24563067182345
1.8800000000000008,3.7500000000000003e-05,333.0596705383402
1.9000000000000008,3.7500000000000003e-05,332.97455475240474
0.7000000000000003,5.6250000000000005e-05,370.64485717205645
0.7200000000000003,5.6250000000000005e-05,368.68260577232655
0.7400000000000003,5.6250000000000005e-05,365.16067346407283
0.7600000000000003,5.6250000000000005e-05,363.09407759141084
0.7800000000000004,5.6250000000000005e-05,361.0111952091012
0.8000000000000004,5.6250000000000005e-05,359.26595454503945
0.8200000000000004,5.6250000000000005e-05,357.7312110109824
0.8400000000000003,5.6250000000000005e-05,356.2736034952667
0.8600000000000003,5.6250000000000005e-05,355.022214272893
0.8800000000000003,5.6250000000000005e-05,353.7940694922953
0.9000000000000004,5.6250000000000005e-05,352.7192171977909
0.9200000000000004,5.6250000000000005e-05,351.6719282818248
0.9400000000000004,5.6250000000000005e-05,350.7218485095534
0.9600000000000004,5.6250000000000005e-05,349.81824963933235
0.9800000000000004,5.6250000000000005e-05,348.9642816487534
1.0000000000000004,5.6250000000000005e-05,348.17634128316837
1.0200000000000005,5.6250000000000005e-05,347.40083582951013
1.0400000000000005,5.6250000000000005e-05,346.70729936171807
1.0600000000000005,5.6250000000000005e-05,345.9983933431074
1.0800000000000005,5.6250000000000005e-05,345.38296630875254
1.1000000000000005,5.6250000000000005e-05,344.7320925268986
1.1200000000000006,5.6250000000000005e-05,344.18212427848425
1.1400000000000006,5.6250000000000005e-05,343.5827282689788
1.1600000000000006,5.6250000000000005e-05,343.0882695731008
1.1800000000000006,5.6250000000000005e-05,342.5351033296125
1.2000000000000006,5.6250000000000005e-05,342.0882290396086
1.2200000000000006,5.6250000000000005e-05,341.57676874067096
1.2400000000000007,5.6250000000000005e-05,341.1697110290868
1.2600000000000007,5.6250000000000005e-05,340.6956635117138
1.2800000000000007,5.6250000000000005e-05,340.32546583570956
1.3000000000000007,5.6250000000000005e-05,339.88648515517474
1.3200000000000007,5.6250000000000005e-05,339.548131450754
1.3400000000000007,5.6250000000000005e-05,339.1414596307027
1.3600000000000008,5.6250000000000005e-05,338.831188690842
1.3800000000000008,5.6250000000000005e-05,338.45423568366016
1.4000000000000008,5.6250000000000005e-05,338.16897564788445
1.4200000000000008,5.6250000000000005e-05,337.8193765169845
1.4400000000000008,5.6250000000000005e-05,337.5565362542195
1.4600000000000009,5.6250000000000005e-05,337.2321386175993
1.4800000000000009,5.6250000000000005e-05,336.98949333942454
1.5000000000000009,5.6250000000000005e-05,336.68833392142494
1.5200000000000007,5.6250000000000005e-05,336.4639500186084
1.5400000000000007,5.6250000000000005e-05,336.18423235023835
1.5600000000000007,5.6250000000000005e-05,335.97641353779846
1.5800000000000007,5.6250000000000005e-05,335.7164890161227
1.6000000000000008,5.6250000000000005e-05,335.52373590448974
1.6200000000000008,5.6250000000000005e-05,335.2820880895553
1.6400000000000008,5.6250000000000005e-05,335.1030669471849
1.6600000000000008,5.6250000000000005e-05,334.8782985031409
1.6800000000000008,5.6250000000000005e-05,334.71181662486487
1.7000000000000006,5.6250000000000005e-05,334.50263831871223
1.7200000000000006,5.6250000000000005e-05,334.34762428866816
1.7400000000000007,5.6250000000000005e-05,334.15284557204933
1.7600000000000007,5.6250000000000005e-05,334.00833323000774
1.7800000000000007,5.6250000000000005e-05,333.82685404474876
1.8000000000000007,5.6250000000000005e-05,333.69196929918013
1.8200000000000007,5.6250000000000005e-05,333.52277284164757
1.8400000000000007,5.6250000000000005e-05,333.39672269983515
1.8600000000000008,5.6250000000000005e-05,333.23886895062043
1.8800000000000008,5.6250000000000005e-05,333.120932295651
1.9000000000000008,5.6250000000000005e-05,332.9735521733966
0.7000000000000003,7.500000000000001e-05,367.6306839421729
0.7200000000000003,7.500000000000001e-05,366.51735058922935
0.7400000000000003,7.500000000000001e-05,364.01128149598316
0.7600000000000003,7.500000000000001e-05,361.83351907577025
0.7800000000000004,7.500000000000001e-05,360.1708442503121
0.8000000000000004,7.500000000000001e-05,358.4002657275781
0.8200000000000004,7.500000000000001e-05,357.05450440259176
0.8400000000000003,7.500000000000001e-05,355.61772233697036
0.8600000000000003,7.500000000000001e-05,354.46408213802005
0.8800000000000003,7.500000000000001e-05,353.2643883406761
0.9000000000000004,7.500000000000001e-05,352.25466601513136
0.9200000000000004,7.500000000000001e-05,351.2256556834082
0.9400000000000004,7.500000000000001e-05,350.3332889979352
0.9600000000000004,7.500000000000001e-05,349.4315224935442
0.9800000000000004,7.500000000000001e-05,348.6382514441803
1.0000000000000004,7.500000000000001e-05,347.83494123198994
1.0200000000000005,7.500000000000001e-05,347.1266985783541
1.0400000000000005,7.500000000000001e-05,346.402267921536
1.0600000000000005,7.500000000000001e-05,345.76762089432555
1.0800000000000005,7.500000000000001e-05,345.10836560850896
1.1000000000000005,7.500000000000001e-05,344.5377869637762
1.1200000000000006,7.500000000000001e-05,343.9338233990798
1.1400000000000006,7.500000000000001e-05,343.41927384229416
1.1600000000000006,7.500000000000001e-05,342.8632553108122
1.1800000000000006,7.500000000000001e-05,342.39790218290904
1.2000000000000006,7.500000000000001e-05,341.88419969381033
1.2200000000000006,7.500000000000001e-05,341.46210915718285
1.2400000000000007,7.500000000000001e-05,340.9854388862994
1.2600000000000007,7.500000000000001e-05,340.6008474590159
1.2800000000000007,7.500000000000001e-05,340.1587779412101
1.3000000000000007,7.500000000000001e-05,339.8085308625697
1.3200000000000007,7.500000000000001e-05,339.3977561943541
1.3400000000000007,7.500000000000001e-05,339.0780508545726
1.3600000000000008,7.500000000000001e-05,338.6959884447257
1.3800000000000008,7.500000000000001e-05,338.4034918676014
1.4000000000000008,7.500000000000001e-05,338.0479054468156
1.4200000000000008,7.500000000000001e-05,337.77973531963016
1.4400000000000008,7.500000000000001e-05,337.4486302577754
1.4600000000000009,7.500000000000001e-05,337.2022831114792
1.4800000000000009,7.500000000000001e-05,336.89385449550724
1.5000000000000009,7.500000000000001e-05,336.6671423348798
1.5200000000000007,7.500000000000001e-05,336.3797417856381
1.5400000000000007,7.500000000000001e-05,336.17074120256063
1.5600000000000007,7.500000000000001e-05,335.90285348583365
1.5800000000000007,7.500000000000001e-05,335.7098650488447
1.6000000000000008,7.500000000000001e-05,335.4600908228903
1.6200000000000008,7.500000000000001e-05,335.2816063588177
1.6400000000000008,7.500000000000001e-05,335.048649056025
1.6600000000000008,7.500000000000001e-05,334.8833249774315
1.6800000000000008,7.500000000000001e-05,334.6659805526946
1.7000000000000006,7.500000000000001e-05,334.5126158700745
1.7200000000000006,7.500000000000001e-05,334.309764563985
1.7400000000000007,7.500000000000001e-05,334.1672825774043
1.7600000000000007,7.500000000000001e-05,333.97788210873506
1.7800000000000007,7.500000000000001e-05,333.84531502619296
1.8000000000000007,7.500000000000001e-05,333.668394808602
1.8200000000000007,7.500000000000001e-05,333.5448707189784
1.8400000000000007,7.500000000000001e-05,333.3795268217579
1.8600000000000008,7.500000000000001e-05,333.2642585814701
1.8800000000000008,7.500000000000001e-05,333.10964924114415
1.9000000000000008,7.500000000000001e-05,333.0019249306341
0.7000000000000003,9.375e-05,364.55087022759903
0.7200000000000003,9.375e-05,364.07632635305055
0.7400000000000003,9.375e-05,362.32568974221016
0.7600000000000003,9.375e-05,360.44491030905203
0.7800000000000004,9.375e-05,358.9158975867032
0.8000000000000004,9.375e-05,357.407287880339
0.8200000000000004,9.375e-05,356.0675459053962
0.8400000000000003,9.375e-05,354.8312940232692
0.8600000000000003,9.375e-05,353.6624387649887
0.8800000000000003,9.375e-05,352.6102728718134
0.9000000000000004,9.375e-05,351.5870097105909
0.9200000000000004,9.375e-05,350.6678760707292
0.9400000000000004,9.375e-05,349.76581197457773
0.9600000000000004,9.375e-05,348.94947651294115
0.9800000000000004,9.375e-05,348.147961178803
1.0000000000000004,9.375e-05,347.4151743381107
1.0200000000000005,9.375e-05,346.6975661942898
1.0400000000000005,9.375e-05,346.0351046871288
1.0600000000000005,9.375e-05,345.38822047664
1.0800000000000005,9.375e-05,344.7863757776124
1.1000000000000005,9.375e-05,344.1997967146868
1.1200000000000006,9.375e-05,343.6510515169851
1.1400000000000006,9.375e-05,343.11650056062393
1.1600000000000006,9.375e-05,342.61479480763126
1.1800000000000006,9.375e-05,342.12563379046344
1.2000000000000006,9.375e-05,341.6659343999333
1.2200000000000006,9.375e-05,341.21671989997446
1.2400000000000007,9.375e-05,340.79424411147676
1.2600000000000007,9.375e-05,340.3798501418364
1.2800000000000007,9.375e-05,339.9913916544597
1.3000000000000007,9.375e-05,339.60914301908565
1.3200000000000007,9.375e-05,339.25155803647226
1.3400000000000007,9.375e-05,338.89820474826774
1.3600000000000008,9.375e-05,338.56869088215507
1.3800000000000008,9.375e-05,338.24148381729566
1.4000000000000008,9.375e-05,337.93751553112196
1.4200000000000008,9.375e-05,337.63410084650496
1.4400000000000008,9.375e-05,337.35340750937377
1.4600000000000009,9.375e-05,337.07173300457094
1.4800000000000009,9.375e-05,336.8122722348783
1.5000000000000009,9.375e-05,336.5505235101557
1.5200000000000007,9.375e-05,336.31045454729133
1.5400000000000007,9.375e-05,336.0670105140763
1.5600000000000007,9.375e-05,335.8446702420842
1.5800000000000007,9.375e-05,335.61807085822807
1.6000000000000008,9.375e-05,335.41195304811725
1.6200000000000008,9.375e-05,335.2008751099988
1.6400000000000008,9.375e-05,335.00961266715507
1.6600000000000008,9.375e-05,334.81285113891886
1.6800000000000008,9.375e-05,334.6352009267766
1.7000000000000006,9.375e-05,334.4516542011107
1.7200000000000006,9.375e-05,334.2864840047089
1.7400000000000007,9.375e-05,334.1151420251366
1.7600000000000007,9.375e-05,333.96141927538974
1.7800000000000007,9.375e-05,333.80135378268284
1.8000000000000007,9.375e-05,333.65813573092703
1.8200000000000007,9.375e-05,333.5084921131463
1.8400000000000007,9.375e-05,333.37491720784493
1.8600000000000008,9.375e-05,333.2349075801661
1.8800000000000008,9.375e-05,333.11018784899807
1.9000000000000008,9.375e-05,332.9790850912646
0.7000000000000003,0.00011250000000000001,361.54544340855784
0.7200000000000003,0.00011250000000000001,361.40157931492405
0.7400000000000003,0.00011250000000000001,360.318797834773
0.7600000000000003,0.00011250000000000001,358.7859096720754
0.7800000000000004,0.00011250000000000001,357.45097837903694
0.8000000000000004,0.00011250000000000001,356.146660566947
0.8200000000000004,0.00011250000000000001,354.9294287212689
0.8400000000000003,0.00011250000000000001,353.80337988484735
0.8600000000000003,0.00011250000000000001,352.73751820379744
0.8800000000000003,0.00011250000000000001,351.74502406921084
0.9000000000000004,0.00011250000000000001,350.81125189909386
0.9200000000000004,0.00011250000000000001,349.92620723711826
0.9400000000000004,0.00011250000000000001,349.100759858252
0.9600000000000004,0.00011250000000000001,348.3058706534739
0.9800000000000004,0.00011250000000000001,347.56911079862317
1.0000000000000004,0.00011250000000000001,346.85149603375703
1.0200000000000005,0.00011250000000000001,346.1884339050791
1.0400000000000005,0.00011250000000000001,345.5378371398082
1.0600000000000005,0.00011250000000000001,344.9371609164564
1.0800000000000005,0.00011250000000000001,344.3451453081338
1.1000000000000005,0.00011250000000000001,343.79821659658774
1.1200000000000006,0.00011250000000000001,343.2577323275005
1.1400000000000006,0.00011250000000000001,342.7578130928466
1.1600000000000006,0.00011250000000000001,342.2629181011693
1.1800000000000006,0.00011250000000000001,341.8046224723262
1.2000000000000006,0.00011250000000000001,341.35027703421747
1.2200000000000006,0.00011250000000000001,340.929161160935
1.2400000000000007,0.00011250000000000001,340.51075738458246
1.2600000000000007,0.00011250000000000001,340.1225691399029
1.2800000000000007,0.00011250000000000001,339.73650025210435
1.3000000000000007,0.00011250000000000001,339.37881884353794
1.3200000000000007,0.00011250000000000001,339.02219075301286
1.3400000000000007,0.00011250000000000001,338.69219126961366
1.3600000000000008,0.00011250000000000001,338.3622637801627
1.3800000000000008,0.00011250000000000001,338.05749817361357
1.4000000000000008,0.00011250000000000001,337.7518307204606
1.4200000000000008,0.00011250000000000001,337.4701310760871
1.4400000000000008,0.00011250000000000001,337.1865691117782
1.4600000000000009,0.00011250000000000001,336.9259881132625
1.4800000000000009,0.00011250000000000001,336.6626239992457
1.5000000000000009,0.00011250000000000001,336.4213986936871
1.5200000000000007,0.00011250000000000001,336.17653385981583
1.5400000000000007,0.00011250000000000001,335.95306068477754
1.5600000000000007,0.00011250000000000001,335.72517378699973
1.5800000000000007,0.00011250000000000001,335.5179897138995
1.6000000000000008,0.00011250000000000001,335.3057107368157
1.6200000000000008,0.00011250000000000001,335.1134781974899
1.6400000000000008,0.00011250000000000001,334.91556751213346
1.6600000000000008,0.00011250000000000001,334.7370618969175
1.6800000000000008,0.00011250000000000001,334.5523932548318
1.7000000000000006,0.00011250000000000001,334.3864922709672
1.7200000000000006,0.00011250000000000001,334.2140388820565
1.7400000000000007,0.00011250000000000001,334.0597133175316
1.7600000000000007,0.00011250000000000001,333.8985363401994
1.7800000000000007,0.00011250000000000001,333.75484192574174
1.8000000000000007,0.00011250000000000001,333.6040808510804
1.8200000000000007,0.00011250000000000001,333.4701510053587
1.8400000000000007,0.00011250000000000001,333.32901553781494
1.8600000000000008,0.00011250000000000001,333.20405484160716
1.8800000000000008,0.00011250000000000001,333.0718179711003
1.9000000000000008,0.00011250000000000001,332.9550962572348
0.7000000000000003,0.00013125000000000002,358.5753449547608
0.7200000000000003,0.00013125000000000002,358.64626506439834
0.7400000000000003,0.00013125000000000002,358.0446660559581
0.7600000000000003,0.00013125000000000002,356.9130996338903
0.7800000000000004,0.00013125000000000002,355.777722276256
0.8000000000000004,0.00013125000000000002,354.68459025705806
0.8200000000000004,0.00013125000000000002,353.6076569183542
0.8400000000000003,0.00013125000000000002,352.6063086656434
0.8600000000000003,0.00013125000000000002,351.64370245004716
0.8800000000000003,0.00013125000000000002,350.7386446005822
0.9000000000000004,0.00013125000000000002,349.87982681666944
0.9200000000000004,0.00013125000000000002,349.0643825715345
0.9400000000000004,0.00013125000000000002,348.2931372998676
0.9600000000000004,0.00013125000000000002,347.5574913994631
0.9800000000000004,0.00013125000000000002,346.86036910960576
1.0000000000000004,0.00013125000000000002,346.1946321890511
1.0200000000000005,0.00013125000000000002,345.56122935783895
1.0400000000000005,0.00013125000000000002,344.9565364066407
1.0600000000000005,0.00013125000000000002,344.378721492795
1.0800000000000005,0.00013125000000000002,343.82749242371534
1.1000000000000005,0.00013125000000000002,343.2987380789543
1.1200000000000006,0.00013125000000000002,342.7946086768287
1.1400000000000006,0.00013125000000000002,342.3095363867572
1.1600000000000006,0.00013125000000000002,341.8471830513063
1.1800000000000006,0.00013125000000000002,341.40126436231776
1.2000000000000006,0.00013125000000000002,340.9762152551763
1.2200000000000006,0.00013125000000000002,340.5655546441123
1.2400000000000007,0.00013125000000000002,340.1738353411814
1.2600000000000007,0.00013125000000000002,339.7946564981899
1.2800000000000007,0.00013125000000000002,339.4329123638051
1.3000000000000007,0.00013125000000000002,339.08273004724265
1.3200000000000007,0.00013125000000000002,338.7485123559798
1.3400000000000007,0.00013125000000000002,338.4247332687813
1.3600000000000008,0.00013125000000000002,338.1156022969487
1.3800000000000008,0.00013125000000000002,337.8159200283958
1.4000000000000008,0.00013125000000000002,337.5296908783578
1.4200000000000008,0.00013125000000000002,337.25203478842326
1.4400000000000008,0.00013125000000000002,336.98676178428445
1.4600000000000009,0.00013125000000000002,336.7292659040178
1.4800000000000009,0.00013125000000000002,336.48320534034156
1.5000000000000009,0.00013125000000000002,336.24418402117
1.5200000000000007,0.00013125000000000002,336.01576262018267
1.5400000000000007,0.00013125000000000002,335.7936895304193
1.5600000000000007,0.00013125000000000002,335.5814800175059
1.5800000000000007,0.00013125000000000002,335.3749698478969
1.6000000000000008,0.00013125000000000002,335.17767199326795
1.6200000000000008,0.00013125000000000002,334.9854646185592
1.6400000000000008,0.00013125000000000002,334.80189021188676
1.6600000000000008,0.00013125000000000002,334.6228370331196
1.6800000000000008,0.00013125000000000002,334.45189769026126
1.7000000000000006,0.00013125000000000002,334.28494985624377
1.7200000000000006,0.00013125000000000002,334.1256469004056
1.7400000000000007,0.00013125000000000002,333.96984511830703
1.7600000000000007,0.00013125000000000002,333.8212610133642
1.7800000000000007,0.00013125000000000002,333.67572669147154
1.8000000000000007,0.00013125000000000002,333.5370176627563
1.8200000000000007,0.00013125000000000002,333.4009451679036
1.8400000000000007,0.00013125000000000002,333.271334751899
1.8600000000000008,0.00013125000000000002,333.14398460186834
1.8800000000000008,0.00013125000000000002,333.02275793867454
1.9000000000000008,0.00013125000000000002,332.9034507827826
0.7000000000000003,0.00015000000000000001,355.65469331695516
0.7200000000000003,0.00015000000000000001,355.861561393046
0.7400000000000003,0.00015000000000000001,355.6060086557325
0.7600000000000003,0.00015000000000000001,354.84705030694
0.7800000000000004,0.00015000000000000001,353.94059591283207
0.8000000000000004,0.00015000000000000001,353.0411599211499
0.8200000000000004,0.00015000000000000001,352.1284632666723
0.8400000000000003,0.00015000000000000001,351.25097753352003
0.8600000000000003,0.00015000000000000001,350.4051758841441
0.8800000000000003,0.00015000000000000001,349.5919059763739
0.9000000000000004,0.00015000000000000001,348.8185047516174
0.9200000000000004,0.00015000000000000001,348.07567744385653
0.9400000000000004,0.00015000000000000001,347.3698467148752
0.9600000000000004,0.00015000000000000001,346.69312018376917
0.9800000000000004,0.00015000000000000001,346.04854790132833
1.0000000000000004,0.00015000000000000001,345.4311720567724
1.0200000000000005,0.00015000000000000001,344.84171652917274
1.0400000000000005,0.00015000000000000001,344.27706572870227
1.0600000000000005,0.00015000000000000001,343.7371129930362
1.0800000000000005,0.00015000000000000001,343.2193512012684
1.1000000000000005,0.00015000000000000001,342.7238846389906
1.1200000000000006,0.00015000000000000001,342.24802757771505
1.1400000000000006,0.00015000000000000001,341.7926114160933
1.1600000000000006,0.00015000000000000001,341.3544172657036
1.1800000000000006,0.00015000000000000001,340.9351473638913
1.2000000000000006,0.00015000000000000001,340.53098007735144
1.2200000000000006,0.00015000000000000001,340.1444126606149
1.2400000000000007,0.00015000000000000001,339.7710093026465
1.2600000000000007,0.00015000000000000001,339.4138260466309
1.2800000000000007,0.00015000000000000001,339.068241119396
1.3000000000000007,0.00015000000000000001,338.7380088961392
1.3200000000000007,0.00015000000000000001,338.4181272129435
1.3400000000000007,0.00015000000000000001,338.1125566998802
1.3600000000000008,0.00015000000000000001,337.8162122553095
1.3800000000000008,0.00015000000000000001,337.5332108410358
1.4000000000000008,0.00015000000000000001,337.25843731195425
1.4200000000000008,0.00015000000000000001,336.99610850832744
1.4400000000000008,0.00015000000000000001,336.74112802568237
1.4600000000000009,0.00015000000000000001,336.4977570000196
1.4800000000000009,0.00015000000000000001,336.2609553456312
1.5000000000000009,0.00015000000000000001,336.03498939550764
1.5200000000000007,0.00015000000000000001,335.81489594849904
1.5400000000000007,0.00015000000000000001,335.60492538561095
1.5600000000000007,0.00015000000000000001,335.4001972304683
1.5800000000000007,0.00015000000000000001,335.20493846808705
1.6000000000000008,0.00015000000000000001,335.0143472942144
1.6200000000000008,0.00015000000000000001,334.832628418904
1.6400000000000008,0.00015000000000000001,334.6550493659421
1.6600000000000008,0.00015000000000000001,334.4857979540564
1.6800000000000008,0.00015000000000000001,334.32019991107404
1.7000000000000006,0.00015000000000000001,334.1624327231538
1.7200000000000006,0.00015000000000000001,334.0078697767386
1.7400000000000007,0.00015000000000000001,333.860683976283
1.7600000000000007,0.00015000000000000001,333.71628780234886
1.7800000000000007,0.00015000000000000001,333.5788534002326
1.8000000000000007,0.00015000000000000001,333.44382645165393
1.8200000000000007,0.00015000000000000001,333.3153797369623
1.8400000000000007,0.00015000000000000001,333.18898911472905
1.8600000000000008,0.00015000000000000001,333.06882688499854
1.8800000000000008,0.00015000000000000001,332.9503988043566
1.9000000000000008,0.00015000000000000001,332.8378732504521
0.7000000000000003,0.00016875,352.7883629891905
0.7200000000000003,0.00016875,353.0873596388113
0.7400000000000003,0.00016875,353.0742466730833
0.7600000000000003,0.00016875,352.6333927739607
0.7800000000000004,0.00016875,351.96546664322415
0.8000000000000004,0.00016875,351.2521530557969
0.8200000000000004,0.00016875,350.5070075346426
0.8400000000000003,0.00016875,349.761726381025
0.8600000000000003,0.00016875,349.0338683687136
0.8800000000000003,0.00016875,348.3220832580469
0.9000000000000004,0.00016875,347.6365396433547
0.9200000000000004,0.00016875,346.97396249103997
0.9400000000000004,0.00016875,346.33724830827094
0.9600000000000004,0.00016875,345.7252681173047
0.9800000000000004,0.00016875,345.13724307280495
1.0000000000000004,0.00016875,344.5731646071381
1.0200000000000005,0.00016875,344.03115405598453
1.0400000000000005,0.00016875,343.51128761296064
1.0600000000000005,0.00016875,343.011785592124
1.0800000000000005,0.00016875,342.53239764484624
1.1000000000000005,0.00016875,342.0717960155071
1.1200000000000006,0.00016875,341.6293905473982
1.1400000000000006,0.00016875,341.20427489931353
1.1600000000000006,0.00016875,340.7956592915335
1.1800000000000006,0.00016875,340.40290864276085
1.2000000000000006,0.00016875,340.0251903426502
1.2200000000000006,0.00016875,339.6619849656195
1.2400000000000007,0.00016875,339.3124803900826
1.2600000000000007,0.00016875,338.9760904379485
1.2800000000000007,0.00016875,338.6522391555017
1.3000000000000007,0.00016875,338.34048210226905
1.3200000000000007,0.00016875,338.04039264905146
1.3400000000000007,0.00016875,337.75134557802863
1.3600000000000008,0.00016875,337.47309791731925
1.3800000000000008,0.00016875,337.20493685345457
1.4000000000000008,0.00016875,336.94676553259745
1.4200000000000008,0.00016875,336.6978100625683
1.4400000000000008,0.00016875,336.45809933006495
1.4600000000000009,0.00016875,336.22681196679173
1.4800000000000009,0.00016875,336.00408267769154
1.5000000000000009,0.00016875,335.78905703910823
1.5200000000000007,0.00016875,335.581954552201
1.5400000000000007,0.00016875,335.381902488725
1.5600000000000007,0.00016875,335.18918550974
1.5800000000000007,0.00016875,335.00292546859293
1.6000000000000008,0.00016875,334.82345577872684
1.6200000000000008,0.00016875,334.6499026799795
1.6400000000000008,0.00016875,334.4826357798012
1.6600000000000008,0.00016875,334.3207922192615
1.6800000000000008,0.00016875,334.1647688830502
1.7000000000000006,0.00016875,334.01371742001777
1.7200000000000006,0.00016875,333.8680561092834
1.7400000000000007,0.00016875,333.72695243359885
1.7600000000000007,0.00016875,333.59084249232103
1.7800000000000007,0.00016875,333.458909312759
1.8000000000000007,0.00016875,333.3316048589393
1.8200000000000007,0.00016875,333.20812639454243
1.8400000000000007,0.00016875,333.08894082537205
1.8600000000000008,0.00016875,332.97325781063586
1.8800000000000008,0.00016875,332.8615588462997
1.9000000000000008,0.00016875,332.7530639820447
0.7000000000000003,0.0001875,349.9822784603153
0.7200000000000003,0.0001875,350.34661571894196
0.7400000000000003,0.0001875,350.5027961072565
0.7600000000000003,0.0001875,350.31860796442055
0.7800000000000004,0.0001875,349.88068829499605
0.8000000000000004,0.0001875,349.3478109997085
0.8200000000000004,0.0001875,348.7659292200617
0.8400000000000003,0.0001875,348.15740479490785
0.8600000000000003,0.0001875,347.5483490882776
0.8800000000000003,0.0001875,346.94240145973197
0.9000000000000004,0.0001875,346.34865809111625
0.9200000000000004,0.0001875,345.7696406513947
0.9400000000000004,0.0001875,345.2069670283199
0.9600000000000004,0.0001875,344.66256553173963
0.9800000000000004,0.0001875,344.1358899657497
1.0000000000000004,0.0001875,343.62780585346167
1.0200000000000005,0.0001875,343.137563636924
1.0400000000000005,0.0001875,342.6650937817338
1.0600000000000005,0.0001875,342.209894303184
1.0800000000000005,0.0001875,341.771327344794
1.1000000000000005,0.0001875,341.3490990748555
1.1200000000000006,0.0001875,340.9423289684057
1.1400000000000006,0.0001875,340.5508116979259
1.1600000000000006,0.0001875,340.17362721239584
1.1800000000000006,0.0001875,339.81057995613173
1.2000000000000006,0.0001875,339.4608044238973
1.2200000000000006,0.0001875,339.1240856005503
1.2400000000000007,0.0001875,338.79960234845674
1.2600000000000007,0.0001875,338.48706946317424
1.2800000000000007,0.0001875,338.1857601106919
1.3000000000000007,0.0001875,337.8955441672316
1.3200000000000007,0.0001875,337.6157691937441
1.3400000000000007,0.0001875,337.3462737122656
1.3600000000000008,0.0001875,337.08640283527717
1.3800000000000008,0.0001875,336.83605735679356
1.4000000000000008,0.0001875,336.59456134112673
1.4200000000000008,0.0001875,336.36189171940856
1.4400000000000008,0.0001875,336.13734854872047
1.4600000000000009,0.0001875,335.9209865400401
1.4800000000000009,0.0001875,335.7120798347875
1.5000000000000009,0.0001875,335.51075962257227
1.5200000000000007,0.0001875,335.3162737280005
1.5400000000000007,0.0001875,335.1288258657873
1.5600000000000007,0.0001875,334.9476393913355
1.5800000000000007,0.0001875,334.7729843388417
1.6000000000000008,0.0001875,334.60406328006144
1.6200000000000008,0.0001875,334.4412050371208
1.6400000000000008,0.0001875,334.2835960560167
1.6600000000000008,0.0001875,334.1316160462344
1.6800000000000008,0.0001875,333.98444015078945
1.7000000000000006,0.0001875,333.8424914181454
1.7200000000000006,0.0001875,333.7049381140659
1.7400000000000007,0.0001875,333.57223986284765
1.7600000000000007,0.0001875,333.4435617761571
1.7800000000000007,0.0001875,333.3193942661056
1.8000000000000007,0.0001875,333.19890220659033
1.8200000000000007,0.0001875,333.08260200268313
1.8400000000000007,0.0001875,332.96966043010633
1.8600000000000008,0.0001875,332.8606159978958
1.8800000000000008,0.0001875,332.75463885338417
1.9000000000000008,0.0001875,332.65228648527767
0.7000000000000003,0.00020625000000000003,347.2415746068877
0.7200000000000003,0.00020625000000000003,347.65542512111824
0.7400000000000003,0.00020625000000000003,347.93034185652004
0.7600000000000003,0.00020625000000000003,347.94567486874513
0.7800000000000004,0.00020625000000000003,347.7155635088769
0.8000000000000004,0.00020625000000000003,347.3558461673068
0.8200000000000004,0.00020625000000000003,346.92896358432705
0.8400000000000003,0.00020625000000000003,346.4572971573774
0.8600000000000003,0.00020625000000000003,345.9667993176522
0.8800000000000003,0.00020625000000000003,345.46795980860514
0.9000000000000004,0.00020625000000000003,344.96867002590034
0.9200000000000004,0.00020625000000000003,344.47520795970314
0.9400000000000004,0.00020625000000000003,343.9897810684475
0.9600000000000004,0.00020625000000000003,343.51553350963354
0.9800000000000004,0.00020625000000000003,343.0532277062379
1.0000000000000004,0.00020625000000000003,342.6040158623101
1.0200000000000005,0.00020625000000000003,342.1682664639506
1.0400000000000005,0.00020625000000000003,341.7461138921194
1.0600000000000005,0.00020625000000000003,341.3377034304673
1.0800000000000005,0.00020625000000000003,340.9427540784714
1.1000000000000005,0.00020625000000000003,340.5612099802801
1.1200000000000006,0.00020625000000000003,340.192672187126
1.1400000000000006,0.00020625000000000003,339.83691883831347
1.1600000000000006,0.00020625000000000003,339.4935493559042
1.1800000000000006,0.00020625000000000003,339.1622297217283
1.2000000000000006,0.00020625000000000003,338.8425873316563
1.2200000000000006,0.00020625000000000003,338.53422792964386
1.2400000000000007,0.00020625000000000003,338.23678395162756
1.2600000000000007,0.00020625000000000003,337.9497984614731
1.2800000000000007,0.00020625000000000003,337.6729184410451
1.3000000000000007,0.00020625000000000003,337.4057878773914
1.3200000000000007,0.00020625000000000003,337.1481213143508
1.3400000000000007,0.00020625000000000003,336.89955066123
1.3600000000000008,0.00020625000000000003,336.65977242043414
1.3800000000000008,0.00020625000000000003,336.4284485019638
1.4000000000000008,0.00020625000000000003,336.2052746236693
1.4200000000000008,0.00020625000000000003,335.9899385634634
1.4400000000000008,0.00020625000000000003,335.7821476523198
1.4600000000000009,0.00020625000000000003,335.58161134911387
1.4800000000000009,0.00020625000000000003,335.38805448438467
1.5000000000000009,0.00020625000000000003,335.2012048462324
1.5200000000000007,0.00020625000000000003,335.0208081408558
1.5400000000000007,0.00020625000000000003,334.8466071325785
1.5600000000000007,0.00020625000000000003,334.67837064800426
1.5800000000000007,0.00020625000000000003,334.51585325036064
1.6000000000000008,0.00020625000000000003,334.3588482050986
1.6200000000000008,0.00020625000000000003,334.2071192274752
1.6400000000000008,0.00020625000000000003,334.0604844270392
1.6600000000000008,0.00020625000000000003,333.91871472693055
1.6800000000000008,0.00020625000000000003,333.78165266755667
1.7000000000000006,0.00020625000000000003,333.649075118873
1.7200000000000006,0.00020625000000000003,333.5208479991673
1.7400000000000007,0.00020625000000000003,333.39675341839774
1.7600000000000007,0.00020625000000000003,333.2766791885699
1.7800000000000007,0.00020625000000000003,333.1604123433534
1.8000000000000007,0.00020625000000000003,333.0478608675808
1.8200000000000007,0.00020625000000000003,332.93881663920735
1.8400000000000007,0.00020625000000000003,332.83320601595364
1.8600000000000008,0.00020625000000000003,332.7308257543635
1.8800000000000008,0.00020625000000000003,332.63161882052657
1.9000000000000008,0.00020625000000000003,332.53538691002785
0.7000000000000003,0.00022500000000000002,344.5712388431387
0.7200000000000003,0.00022500000000000002,345.02436257726964
0.7400000000000003,0.00022500000000000002,345.3836687674218
0.7600000000000003,0.00022500000000000002,345.5505450437186
0.7800000000000004,0.00022500000000000002,345.4993934951975
0.8000000000000004,0.00022500000000000002,345.3013579191168
0.8200000000000004,0.00022500000000000002,345.0198414155754
0.8400000000000003,0.00022500000000000002,344.68072890415516
0.8600000000000003,0.00022500000000000002,344.307265570058
0.8800000000000003,0.00022500000000000002,343.9144665940938
0.9000000000000004,0.00022500000000000002,343.5106471574027
0.9200000000000004,0.00022500000000000002,343.10358002666936
0.9400000000000004,0.00022500000000000002,342.6971440194294
0.9600000000000004,0.00022500000000000002,342.29485157677215
0.9800000000000004,0.00022500000000000002,341.89890034082833
1.0000000000000004,0.00022500000000000002,341.5107214288252
1.0200000000000005,0.00022500000000000002,341.13155453373173
1.0400000000000005,0.00022500000000000002,340.7619249415496
1.0600000000000005,0.00022500000000000002,340.40242997376777
1.0800000000000005,0.00022500000000000002,340.05321494884356
1.1000000000000005,0.00022500000000000002,339.71446174881777
1.1200000000000006,0.00022500000000000002,339.3861418340265
1.1400000000000006,0.00022500000000000002,339.06819325712337
1.1600000000000006,0.00022500000000000002,338.76048903654765
1.1800000000000006,0.00022500000000000002,338.46284054039046
1.2000000000000006,0.00022500000000000002,338.1750533748201
1.2200000000000006,0.00022500000000000002,337.89688238077565
1.2400000000000007,0.00022500000000000002,337.62807269548273
1.2600000000000007,0.00022500000000000002,337.36832975501846
1.2800000000000007,0.00022500000000000002,337.1173524565502
1.3000000000000007,0.00022500000000000002,336.87490089674503
1.3200000000000007,0.00022500000000000002,336.6407153864778
1.3400000000000007,0.00022500000000000002,336.4145578139113
1.3600000000000008,0.00022500000000000002,336.1961386438876
1.3800000000000008,0.00022500000000000002,335.98522908847167
1.4000000000000008,0.00022500000000000002,335.78153669085987
1.4200000000000008,0.00022500000000000002,335.5848407895016
1.4400000000000008,0.00022500000000000002,335.394856854998
1.4600000000000009,0.00022500000000000002,335.21137494388375
1.4800000000000009,0.00022500000000000002,335.03412199198976
1.5000000000000009,0.00022500000000000002,334.86290116978654
1.5200000000000007,0.00022500000000000002,334.6974519206232
1.5400000000000007,0.00022500000000000002,334.53759209584973
1.5600000000000007,0.00022500000000000002,334.3830735134435
1.5800000000000007,0.00022500000000000002,334.23372974745445
1.6000000000000008,0.00022500000000000002,334.0893241398143
1.6200000000000008,0.00022500000000000002,333.9497067234998
1.6400000000000008,0.00022500000000000002,333.81465111203573
1.6600000000000008,0.00022500000000000002,333.6840242809162
1.6800000000000008,0.00022500000000000002,333.55760872421666
1.7000000000000006,0.00022500000000000002,333.4352885749079
1.7200000000000006,0.00022500000000000002,333.3168538690937
1.7400000000000007,0.00022500000000000002,333.2022058283922
1.7600000000000007,0.00022500000000000002,333.0911408579774
1.7800000000000007,0.00022500000000000002,332.98357692623784
1.8000000000000007,0.00022500000000000002,332.8793158474463
1.8200000000000007,0.00022500000000000002,332.7782917578773
1.8400000000000007,0.00022500000000000002,332.6803111357127
1.8600000000000008,0.00022500000000000002,332.58532352075383
1.8800000000000008,0.00022500000000000002,332.49313949992563
1.9000000000000008,0.00022500000000000002,332.40372312321887
0.7000000000000003,0.00024375000000000002,341.9759030754819
0.7200000000000003,0.00024375000000000002,342.461402719629
0.7400000000000003,0.00024375000000000002,342.88210677235696
0.7600000000000003,0.00024375000000000002,343.1624455976911
0.7800000000000004,0.00024375000000000002,343.25964118252386
0.8000000000000004,0.00024375000000000002,343.2079294695632
0.8200000000000004,0.00024375000000000002,343.060932532477
0.8400000000000003,0.00024375000000000002,342.84712971451665
0.8600000000000003,0.00024375000000000002,342.5872294957093
0.8800000000000003,0.00024375000000000002,342.29788074484804
0.9000000000000004,0.00024375000000000002,341.9887061701452
0.9200000000000004,0.00024375000000000002,341.6678766188944
0.9400000000000004,0.00024375000000000002,341.3408120088779
0.9600000000000004,0.00024375000000000002,341.01143556615256
0.9800000000000004,0.00024375000000000002,340.6828873796236
1.0000000000000004,0.00024375000000000002,340.3571646147684
1.0200000000000005,0.00024375000000000002,340.03600268434195
1.0400000000000005,0.00024375000000000002,339.7204889643455
1.0600000000000005,0.00024375000000000002,339.411512169563
1.0800000000000005,0.00024375000000000002,339.1096696454026
1.1000000000000005,0.00024375000000000002,338.8153637583106
1.1200000000000006,0.00024375000000000002,338.52888977637355
1.1400000000000006,0.00024375000000000002,338.25037992258984
1.1600000000000006,0.00024375000000000002,337.9799297950427
1.1800000000000006,0.00024375000000000002,337.7175226814366
1.2000000000000006,0.00024375000000000002,337.4631218148333
1.2200000000000006,0.00024375000000000002,337.2166261576541
1.2400000000000007,0.00024375000000000002,336.9779074016971
1.2600000000000007,0.00024375000000000002,336.74679346368
1.2800000000000007,0.00024375000000000002,336.52308841700886
1.3000000000000007,0.00024375000000000002,336.30661838539305
1.3200000000000007,0.00024375000000000002,336.09721042583845
1.3400000000000007,0.00024375000000000002,335.894684166309
1.3600000000000008,0.00024375000000000002,335.6988389955772
1.3800000000000008,0.00024375000000000002,335.50948026909197
1.4000000000000008,0.00024375000000000002,335.32640234624205
1.4200000000000008,0.00024375000000000002,335.1494034060175
1.4400000000000008,0.00024375000000000002,334.9782806845797
1.4600000000000009,0.00024375000000000002,334.812832967291
1.4800000000000009,0.00024375000000000002,334.6528639338829
1.5000000000000009,0.00024375000000000002,334.49817786240504
1.5200000000000007,0.00024375000000000002,334.3485869459173
1.5400000000000007,0.00024375000000000002,334.20390373620427
1.5600000000000007,0.00024375000000000002,334.0639500868115
1.5800000000000007,0.00024375000000000002,333.92854835135205
1.6000000000000008,0.00024375000000000002,333.79753056267117
1.6200000000000008,0.00024375000000000002,333.6707296118808
1.6400000000000008,0.00024375000000000002,333.5479878465337
1.6600000000000008,0.00024375000000000002,333.42914888414276
1.6800000000000008,0.00024375000000000002,333.3140653126258
1.7000000000000006,0.00024375000000000002,333.2025912788781
1.7200000000000006,0.00024375000000000002,333.094589427518
1.7400000000000007,0.00024375000000000002,332.9899239773085
1.7600000000000007,0.00024375000000000002,332.88846738445113
1.7800000000000007,0.00024375000000000002,332.79009332358373
1.8000000000000007,0.00024375000000000002,332.694683774256
1.8200000000000007,0.00024375000000000002,332.6021211723995
1.8400000000000007,0.00024375000000000002,332.51229669510064
1.8600000000000008,0.00024375000000000002,332.42510082482295
1.8800000000000008,0.00024375000000000002,332.34043357510205
1.9000000000000008,0.00024375000000000002,332.2581927792267
0.7000000000000003,0.00026250000000000004,339.4597610527356
0.7200000000000003,0.00026250000000000004,339.9725373174601
0.7400000000000003,0.00026250000000000004,340.4389738873055
0.7600000000000003,0.00026250000000000004,340.80374300799616
0.7800000000000004,0.00026250000000000004,341.02055518123274
0.8000000000000004,0.00026250000000000004,341.09727276712266
0.8200000000000004,0.00026250000000000004,341.07283241510595
0.8400000000000003,0.00026250000000000004,340.97533922364465
0.8600000000000003,0.00026250000000000004,340.82359436821173
0.8800000000000003,0.00026250000000000004,340.63388618770415
0.9000000000000004,0.00026250000000000004,340.41697858646864
0.9200000000000004,0.00026250000000000004,340.18114353320345
0.9400000000000004,0.00026250000000000004,339.932761241514
0.9600000000000004,0.00026250000000000004,339.6762962638865
0.9800000000000004,0.00026250000000000004,339.4154367688059
1.0000000000000004,0.00026250000000000004,339.1527937166261
1.0200000000000005,0.00026250000000000004,338.8904623253476
1.0400000000000005,0.00026250000000000004,338.63002600656245
1.0600000000000005,0.00026250000000000004,338.37267086525003
1.0800000000000005,0.00026250000000000004,338.1193453290311
1.1000000000000005,0.00026250000000000004,337.87071661124116
1.1200000000000006,0.00026250000000000004,337.62732198427926
1.1400000000000006,0.00026250000000000004,337.3895221661074
1.1600000000000006,0.00026250000000000004,337.15758712081805
1.1800000000000006,0.00026250000000000004,336.9316870646346
1.2000000000000006,0.00026250000000000004,336.7119205507186
1.2200000000000006,0.00026250000000000004,336.4983336664413
1.2400000000000007,0.00026250000000000004,336.2909127299195
1.2600000000000007,0.00026250000000000004,336.08960671250264
1.2800000000000007,0.00026250000000000004,335.89431872398995
1.3000000000000007,0.00026250000000000004,335.70495473141233
1.3200000000000007,0.00026250000000000004,335.5214142013074
1.3400000000000007,0.00026250000000000004,335.3435874135635
1.3600000000000008,0.00026250000000000004,335.1713423826082
1.3800000000000008,0.00026250000000000004,335.0045422118795
1.4000000000000008,0.00026250000000000004,334.8430393821394
1.4200000000000008,0.00026250000000000004,334.6866827456491
1.4400000000000008,0.00026250000000000004,334.53531710713935
1.4600000000000009,0.00026250000000000004,334.38878692319895
1.4800000000000009,0.00026250000000000004,334.2469348703085
1.5000000000000009,0.00026250000000000004,334.10960674034044
1.5200000000000007,0.00026250000000000004,333.9766470170716
1.5400000000000007,0.00026250000000000004,333.84790616413443
1.5600000000000007,0.00026250000000000004,333.723233071169
1.5800000000000007,0.00026250000000000004,333.60248483132597
1.6000000000000008,0.00026250000000000004,333.4855163613851
1.6200000000000008,0.00026250000000000004,333.37219247549984
1.6400000000000008,0.00026250000000000004,333.2623750666726
1.6600000000000008,0.00026250000000000004,333.1559371941114
1.6800000000000008,0.00026250000000000004,333.05274821350105
1.7000000000000006,0.00026250000000000004,332.95268958592277
1.7200000000000006,0.00026250000000000004,332.85563829009794
1.7400000000000007,0.00026250000000000004,332.76148411766593
1.7600000000000007,0.00026250000000000004,332.6701115972858
1.7800000000000007,0.00026250000000000004,332.58141864558127
1.8000000000000007,0.00026250000000000004,332.4952971025382
1.8200000000000007,0.00026250000000000004,332.4116527299288
1.8400000000000007,0.00026250000000000004,332.3303843279418
1.8600000000000008,0.00026250000000000004,332.2514051853982
1.8800000000000008,0.00026250000000000004,332.1746206413229
1.9000000000000008,0.00026250000000000004,332.0999511754931
0.7000000000000003,0.00028125000000000003,337.0266114165781
0.7200000000000003,0.00028125000000000003,337.56266716270346
0.7400000000000003,0.00028125000000000003,338.06410640314795
0.7600000000000003,0.00028125000000000003,338.49174180895955
0.7800000000000004,0.00028125000000000003,338.80294878993226
0.8000000000000004,0.00028125000000000003,338.98925244588213
0.8200000000000004,0.00028125000000000003,339.0744546468528
0.8400000000000003,0.00028125000000000003,339.0832151273233
0.8600000000000003,0.00028125000000000003,339.03265157513545
0.8800000000000003,0.00028125000000000003,338.9376507525407
0.9000000000000004,0.00028125000000000003,338.8094087061031
0.9200000000000004,0.00028125000000000003,338.6562467346637
0.9400000000000004,0.00028125000000000003,338.4849409718134
0.9600000000000004,0.00028125000000000003,338.30047089702697
0.9800000000000004,0.00028125000000000003,338.10685089929655
1.0000000000000004,0.00028125000000000003,337.90718712696196
1.0200000000000005,0.00028125000000000003,337.7038956746751
1.0400000000000005,0.00028125000000000003,337.4989290618474
1.0600000000000005,0.00028125000000000003,337.2937774280911
1.0800000000000005,0.00028125000000000003,337.08965616669377
1.1000000000000005,0.00028125000000000003,336.8874948479482
1.1200000000000006,0.00028125000000000003,336.68803439603573
1.1400000000000006,0.00028125000000000003,336.49184640620933
1.1600000000000006,0.00028125000000000003,336.29936582131916
1.1800000000000006,0.00028125000000000003,336.11092640598446
1.2000000000000006,0.00028125000000000003,335.92676471932475
1.2200000000000006,0.00028125000000000003,335.7470533692801
1.2400000000000007,0.00028125000000000003,335.57189661513627
1.2600000000000007,0.00028125000000000003,335.4013482996758
1.2800000000000007,0.00028125000000000003,335.23541347263705
1.3000000000000007,0.00028125000000000003,335.07407527245806
1.3200000000000007,0.00028125000000000003,334.9173070244628
1.3400000000000007,0.00028125000000000003,334.76506453258446
1.3600000000000008,0.00028125000000000003,334.61728340605737
1.3800000000000008,0.00028125000000000003,334.47388320156523
1.4000000000000008,0.00028125000000000003,334.3347734113865
1.4200000000000008,0.00028125000000000003,334.1998525130128
1.4400000000000008,0.00028125000000000003,334.0690138751864
1.4600000000000009,0.00028125000000000003,333.9421451686517
1.4800000000000009,0.00028125000000000003,333.8191315054008
1.5000000000000009,0.00028125000000000003,333.6998560547217
1.5200000000000007,0.00028125000000000003,333.5842011534363
1.5400000000000007,0.00028125000000000003,333.47204953026915
1.5600000000000007,0.00028125000000000003,333.36328436144674
1.5800000000000007,0.00028125000000000003,333.25779059079133
1.6000000000000008,0.00028125000000000003,333.1554545573888
1.6200000000000008,0.00028125000000000003,333.0561651231182
1.6400000000000008,0.00028125000000000003,332.9598132395344
1.6600000000000008,0.00028125000000000003,332.8662927319457
1.6800000000000008,0.00028125000000000003,332.77550001608915
1.7000000000000006,0.00028125000000000003,332.68733447450046
1.7200000000000006,0.00028125000000000003,332.6016984261007
1.7400000000000007,0.00028125000000000003,332.51849709605784
1.7600000000000007,0.00028125000000000003,332.43763886219426
1.7800000000000007,0.00028125000000000003,332.3590348672677
1.8000000000000007,0.00028125000000000003,332.28259951338896
1.8200000000000007,0.00028125000000000003,332.2082497921726
1.8400000000000007,0.00028125000000000003,332.13590597214204
1.8600000000000008,0.00028125000000000003,332.06549072736675
1.8800000000000008,0.00028125000000000003,331.9969299594363
1.9000000000000008,0.00028125000000000003,331.93015179325886
0.7000000000000003,0.00030000000000000003,334.67980908024475
0.7200000000000003,0.00030000000000000003,335.2357584508683
0.7400000000000003,0.00030000000000000003,335.7645442402981
0.7600000000000003,0.00030000000000000003,336.23917063592694
0.7800000000000004,0.00030000000000000003,336.6237648085312
0.8000000000000004,0.00030000000000000003,336.90135395181557
0.8200000000000004,0.00030000000000000003,337.08277167926263
0.8400000000000003,0.00030000000000000003,337.18720385495686
0.8600000000000003,0.00030000000000000003,337.2297873103499
0.8800000000000003,0.00030000000000000003,337.2235961255622
0.9000000000000004,0.00030000000000000003,337.17949276321133
0.9200000000000004,0.00030000000000000003,337.1057258234106
0.9400000000000004,0.00030000000000000003,337.009093163668
0.9600000000000004,0.00030000000000000003,336.8949019630936
0.9800000000000004,0.00030000000000000003,336.767377672317
1.0000000000000004,0.00030000000000000003,336.629948435989
1.0200000000000005,0.00030000000000000003,336.485311082039
1.0400000000000005,0.00030000000000000003,336.3356792537818
1.0600000000000005,0.00030000000000000003,336.18281183419435
1.0800000000000005,0.00030000000000000003,336.02813960828087
1.1000000000000005,0.00030000000000000003,335.8728166546861
1.1200000000000006,0.00030000000000000003,335.71776672216487
1.1400000000000006,0.00030000000000000003,335.5637395910564
1.1600000000000006,0.00030000000000000003,335.4113257445755
1.1800000000000006,0.00030000000000000003,335.26099981500306
1.2000000000000006,0.00030000000000000003,335.11312905602864
1.2200000000000006,0.00030000000000000003,334.9679997207594
1.2400000000000007,0.00030000000000000003,334.8258256022788
1.2600000000000007,0.00030000000000000003,334.68675806786615
1.2800000000000007,0.00030000000000000003,334.5508961393326
1.3000000000000007,0.00030000000000000003,334.41830156134176
1.3200000000000007,0.00030000000000000003,334.2890168643463
1.3400000000000007,0.00030000000000000003,334.1630626832725
1.3600000000000008,0.00030000000000000003,334.04043642804135
1.3800000000000008,0.00030000000000000003,333.9211150878878
1.4000000000000008,0.00030000000000000003,333.8050608739724
1.4200000000000008,0.00030000000000000003,333.6922228952561
1.4400000000000008,0.00030000000000000003,333.5825403650384
1.4600000000000009,0.00030000000000000003,333.4759452203271
1.4800000000000009,0.00030000000000000003,333.37236306213356
1.5000000000000009,0.00030000000000000003,333.2717158819728
1.5200000000000007,0.00030000000000000003,333.1739220611483
1.5400000000000007,0.00030000000000000003,333.0788986468866
1.5600000000000007,0.00030000000000000003,332.98656105799853
1.5800000000000007,0.00030000000000000003,332.8968248379742
1.6000000000000008,0.00030000000000000003,332.8096052693174
1.6200000000000008,0.00030000000000000003,332.7248187177105
1.6400000000000008,0.00030000000000000003,332.64238218574394
1.6600000000000008,0.00030000000000000003,332.5622143969976
1.6800000000000008,0.00030000000000000003,332.48423526175037
1.7000000000000006,0.00030000000000000003,332.4083668401144
1.7200000000000006,0.00030000000000000003,332.3345326733248
1.7400000000000007,0.00030000000000000003,332.26265874454344
1.7600000000000007,0.00030000000000000003,332.1926726278219
1.7800000000000007,0.00030000000000000003,332.1245045403877
1.8000000000000007,0.00030000000000000003,332.0580862703944
1.8200000000000007,0.00030000000000000003,331.9933523879052
1.8400000000000007,0.00030000000000000003,331.9302389268049
1.8600000000000008,0.00030000000000000003,331.8686847966148
1.8800000000000008,0.00030000000000000003,331.8086302084968
1.9000000000000008,0.00030000000000000003,331.7500183095707
0.7000000000000003,0.00031875,332.42232144905483
0.7200000000000003,0.00031875,332.9951714181667
0.7400000000000003,0.00031875,333.5456968731817
0.7600000000000003,0.00031875,334.05573007973373
0.7800000000000004,0.00031875,334.496779215006
0.8000000000000004,0.00031875,334.8488251522219
0.8200000000000004,0.00031875,335.1130330795943
0.8400000000000003,0.00031875,335.30235043595724
0.8600000000000003,0.00031875,335.4294167501529
0.8800000000000003,0.00031875,335.50537467754367
0.9000000000000004,0.00031875,335.5401586043758
0.9200000000000004,0.00031875,335.54172118405097
0.9400000000000004,0.00031875,335.51664858515466
0.9600000000000004,0.00031875,335.4703359309215
0.9800000000000004,0.00031875,335.407122781693
1.0000000000000004,0.00031875,335.3306026299876
1.0200000000000005,0.00031875,335.24368103219877
1.0400000000000005,0.00031875,335.14875279327305
1.0600000000000005,0.00031875,335.04778210086755
1.0800000000000005,0.00031875,334.9423764987954
1.1000000000000005,0.00031875,334.8338655125505
1.1200000000000006,0.00031875,334.7233333022428
1.1400000000000006,0.00031875,334.61167523660185
1.1600000000000006,0.00031875,334.49962030142024
1.1800000000000006,0.00031875,334.3877646864479
1.2000000000000006,0.00031875,334.27659197766434
1.2200000000000006,0.00031875,334.1664912167542
1.2400000000000007,0.00031875,334.05777374776227
1.2600000000000007,0.00031875,333.95068103163464
1.2800000000000007,0.00031875,333.845396994737
1.3000000000000007,0.00031875,333.74205951866776
1.3200000000000007,0.00031875,333.64077682944804
1.3400000000000007,0.00031875,333.54163100231506
1.3600000000000008,0.00031875,333.44467740521765
1.3800000000000008,0.00031875,333.34994784387305
1.4000000000000008,0.00031875,333.2574553347504
1.4200000000000008,0.00031875,333.1671973147967
1.4400000000000008,0.00031875,333.07915817127724
1.4600000000000009,0.00031875,332.9933123755744
1.4800000000000009,0.00031875,332.90962588521944
1.5000000000000009,0.00031875,332.8280583997296
1.5200000000000007,0.00031875,332.7485644385393
1.5400000000000007,0.00031875,332.6710947443193
1.5600000000000007,0.00031875,332.5955971996777
1.5800000000000007,0.00031875,332.5220176493623
1.6000000000000008,0.00031875,332.4503006526793
1.6200000000000008,0.00031875,332.38038995445083
1.6400000000000008,0.00031875,332.31222906700623
1.6600000000000008,0.00031875,332.24576153985635
1.6800000000000008,0.00031875,332.18093138129643
1.7000000000000006,0.00031875,332.1176832185325
1.7200000000000006,0.00031875,332.0559625785344
1.7400000000000007,0.00031875,331.99571599240295
1.7600000000000007,0.00031875,331.9368911600507
1.7800000000000007,0.00031875,331.87943702711107
1.8000000000000007,0.00031875,331.823303860633
1.8200000000000007,0.00031875,331.76844330982004
1.8400000000000007,0.00031875,331.7148084203567
1.8600000000000008,0.00031875,331.6623536799887
1.8800000000000008,0.00031875,331.6110349971534
1.9000000000000008,0.00031875,331.5608097275421
0.7000000000000003,0.0003375,330.2566775109105
0.7200000000000003,0.0003375,330.8436865802318
0.7400000000000003,0.0003375,331.41161529990137
0.7600000000000003,0.0003375,331.94849856180343
0.7800000000000004,0.0003375,332.4326585358161
0.8000000000000004,0.0003375,332.84439473312415
0.8200000000000004,0.0003375,333.17852227345236
0.8400000000000003,0.0003375,333.4420543676291
0.8600000000000003,0.0003375,333.64470834763
0.8800000000000003,0.0003375,333.7956594614302
0.9000000000000004,0.0003375,333.903557685464
0.9200000000000004,0.0003375,333.97579268935374
0.9400000000000004,0.0003375,334.0185775041309
0.9600000000000004,0.0003375,334.0371787256702
0.9800000000000004,0.0003375,334.0359365566149
1.0000000000000004,0.0003375,334.0184876868146
1.0200000000000005,0.0003375,333.9878525706942
1.0400000000000005,0.0003375,333.9465409883443
1.0600000000000005,0.0003375,333.8966529480473
1.0800000000000005,0.0003375,333.8399308932105
1.1000000000000005,0.0003375,333.77783412139337
1.1200000000000006,0.0003375,333.7115762124805
1.1400000000000006,0.0003375,333.64216989888035
1.1600000000000006,0.0003375,333.5704587692837
1.1800000000000006,0.0003375,333.4971429784873
1.2000000000000006,0.0003375,333.42280468497245
1.2200000000000006,0.0003375,333.3479239954251
1.2400000000000007,0.0003375,333.2728971167994
1.2600000000000007,0.0003375,333.19804646761236
1.2800000000000007,0.0003375,333.12363196363594
1.3000000000000007,0.0003375,333.04986219998585
1.3200000000000007,0.0003375,332.97690728131874
1.3400000000000007,0.0003375,332.90490632474825
1.3600000000000008,0.0003375,332.83396868525654
1.3800000000000008,0.0003375,332.76417757436235
1.4000000000000008,0.0003375,332.69559435370275
1.4200000000000008,0.0003375,332.6282623547812
1.4400000000000008,0.0003375,332.5622094956307
1.4600000000000009,0.0003375,332.4974513134343
1.4800000000000009,0.0003375,332.43399292051777
1.5000000000000009,0.0003375,332.3718309701459
1.5200000000000007,0.0003375,332.3109552374635
1.5400000000000007,0.0003375,332.2513498696545
1.5600000000000007,0.0003375,332.1929945889802
1.5800000000000007,0.0003375,332.1358655386096
1.6000000000000008,0.0003375,332.07993613395655
1.6200000000000008,0.0003375,332.02517767585016
1.6400000000000008,0.0003375,331.9715599155918
1.6600000000000008,0.0003375,331.9190515219362
1.6800000000000008,0.0003375,331.8676204306086
1.7000000000000006,0.0003375,331.81723421129976
1.7200000000000006,0.0003375,331.76786026185954
1.7400000000000007,0.0003375,331.71946610254014
1.7600000000000007,0.0003375,331.6720194616311
1.7800000000000007,0.0003375,331.625488514551
1.8000000000000007,0.0003375,331.57984189545516
1.8200000000000007,0.0003375,331.53504889390643
1.8400000000000007,0.0003375,331.491079416536
1.8600000000000008,0.0003375,331.44790415193364
1.8800000000000008,0.0003375,331.4054944977682
1.9000000000000008,0.0003375,331.3638227038856
0.7000000000000003,0.00035625,328.18502966988683
0.7200000000000003,0.00035625,328.7836536998327
0.7400000000000003,0.00035625,329.3655110428147
0.7600000000000003,0.00035625,329.9228858239427
0.7800000000000004,0.00035625,330.43981193451134
0.8000000000000004,0.00035625,330.8986934072605
0.8200000000000004,0.00035625,331.2908238487004
0.8400000000000003,0.00035625,331.6182665478812
0.8600000000000003,0.00035625,331.88765393786366
0.8800000000000003,0.00035625,332.1061886718773
0.9000000000000004,0.00035625,332.28107262451886
0.9200000000000004,0.00035625,332.4188943910277
0.9400000000000004,0.00035625,332.52536325516024
0.9600000000000004,0.00035625,332.6054478896347
0.9800000000000004,0.00035625,332.66336686000506
1.0000000000000004,0.00035625,332.7027013268872
1.0200000000000005,0.00035625,332.72649082557666
1.0400000000000005,0.00035625,332.7372959580538
1.0600000000000005,0.00035625,332.7372876086019
1.0800000000000005,0.00035625,332.7282959124273
1.1000000000000005,0.00035625,332.7118683039112
1.1200000000000006,0.00035625,332.68931220140695
1.1400000000000006,0.00035625,332.661730435727
1.1600000000000006,0.00035625,332.63005528592106
1.1800000000000006,0.00035625,332.59507192179103
1.2000000000000006,0.00035625,332.5574429727292
1.2200000000000006,0.00035625,332.5177257533985
1.2400000000000007,0.00035625,332.47638889622914
1.2600000000000007,0.00035625,332.43382505853344
1.2800000000000007,0.00035625,332.39036129894174
1.3000000000000007,0.00035625,332.34626966616696
1.3200000000000007,0.00035625,332.3017773990025
1.3400000000000007,0.00035625,332.25707566129853
1.3600000000000008,0.00035625,332.21232346299644
1.3800000000000008,0.00035625,332.1676515427114
1.4000000000000008,0.00035625,332.1231666425808
1.4200000000000008,0.00035625,332.07895528999427
1.4400000000000008,0.00035625,332.0350867963917
1.4600000000000009,0.00035625,331.9916160167142
1.4800000000000009,0.00035625,331.94858568850066
1.5000000000000009,0.00035625,331.9060282920534
1.5200000000000007,0.00035625,331.86396782073774
1.5400000000000007,0.00035625,331.8224210905458
1.5600000000000007,0.00035625,331.7813990080743
1.5800000000000007,0.00035625,331.7409075346194
1.6000000000000008,0.00035625,331.70094856694107
1.6200000000000008,0.00035625,331.6615206566444
1.6400000000000008,0.00035625,331.62261961646055
1.6600000000000008,0.00035625,331.58423905332444
1.6800000000000008,0.00035625,331.5463707866409
1.7000000000000006,0.00035625,331.5090052371692
1.7200000000000006,0.00035625,331.47213171762667
1.7400000000000007,0.00035625,331.4357387106814
1.7600000000000007,0.00035625,331.39981407270216
1.7800000000000007,0.00035625,331.3643452276014
1.8000000000000007,0.00035625,331.32931931097806
1.8200000000000007,0.00035625,331.2947233012157
1.8400000000000007,0.00035625,331.26054412200864
1.8600000000000008,0.00035625,331.2267687277686
1.8800000000000008,0.00035625,331.19338417627324
1.9000000000000008,0.00035625,331.160377681804
0.7000000000000003,0.000375,326.20911528310927
0.7200000000000003,0.000375,326.8169778257916
0.7400000000000003,0.000375,327.40985022004253
0.7600000000000003,0.000375,327.9828613147398
0.7800000000000004,0.000375,328.52456475545
0.8000000000000004,0.000375,329.0202079017134
0.8200000000000004,0.000375,329.4596724964934
0.8400000000000003,0.000375,329.84133371596624
0.8600000000000003,0.000375,330.1688833533488
0.8800000000000003,0.000375,330.4475828580682
0.9000000000000004,0.000375,330.6831514429245
0.9200000000000004,0.000375,330.8812128196992
0.9400000000000004,0.000375,331.0468599226228
0.9600000000000004,0.000375,331.18464180601853
0.9800000000000004,0.000375,331.2985405242558
1.0000000000000004,0.000375,331.39199646543835
1.0200000000000005,0.000375,331.4679827673245
1.0400000000000005,0.000375,331.52904612372566
1.0600000000000005,0.000375,331.5773705678029
1.0800000000000005,0.000375,331.6148247041198
1.1000000000000005,0.000375,331.6430047277989
1.1200000000000006,0.000375,331.6632759205237
1.1400000000000006,0.000375,331.6768031327454
1.1600000000000006,0.000375,331.6845819068586
1.1800000000000006,0.000375,331.6874617869188
1.2000000000000006,0.000375,331.68616811311176
1.2200000000000006,0.000375,331.6813201675881
1.2400000000000007,0.000375,331.67344648079575
1.2600000000000007,0.000375,331.66299865166974
1.2800000000000007,0.000375,331.6503616370332
1.3000000000000007,0.000375,331.63586294262836
1.3200000000000007,0.000375,331.6197809252048
1.3400000000000007,0.000375,331.60235350413586
1.3600000000000008,0.000375,331.5837845484096
1.3800000000000008,0.000375,331.5642482566156
1.4000000000000008,0.000375,331.543893293404
1.4200000000000008,0.000375,331.5228465010686
1.4400000000000008,0.000375,331.5012160605659
1.4600000000000009,0.000375,331.4790941348801
1.4800000000000009,0.000375,331.4565592876574
1.5000000000000009,0.000375,331.43367840567134
1.5200000000000007,0.000375,331.41050845085385
1.5400000000000007,0.000375,331.3870979007524
1.5600000000000007,0.000375,331.3634879921615
1.5800000000000007,0.000375,331.3397137998832
1.6000000000000008,0.000375,331.31580512390457
1.6200000000000008,0.000375,331.29178728714686
1.6400000000000008,0.000375,331.2676817759916
1.6600000000000008,0.000375,331.2435068232007
1.6800000000000008,0.000375,331.21927787499664
1.7000000000000006,0.000375,331.1950080135981
1.7200000000000006,0.000375,331.17070829980906
1.7400000000000007,0.000375,331.1463880780339
1.7600000000000007,0.000375,331.1220552279531
1.7800000000000007,0.000375,331.09771638469465
1.8000000000000007,0.000375,331.07337712313284
1.8200000000000007,0.000375,331.0490421176045
1.8400000000000007,0.000375,331.02471527568616
1.8600000000000008,0.000375,331.0003998553322
1.8800000000000008,0.000375,330.9760985604454
1.9000000000000008,0.000375,330.95181362831414
0.7000000000000003,0.00039375000000000006,324.3303240410803
0.7200000000000003,0.00039375000000000006,324.9452108469903
0.7400000000000003,0.00039375000000000006,325.54659599512894
0.7600000000000003,0.00039375000000000006,326.1314736384008
0.7800000000000004,0.00039375000000000006,326.6918160053364
0.8000000000000004,0.00039375000000000006,327.21579305895614
0.8200000000000004,0.00039375000000000006,327.6932891405316
0.8400000000000003,0.00039375000000000006,328.120258486434
0.8600000000000003,0.00039375000000000006,328.4978425708077
0.8800000000000003,0.00039375000000000006,328.8294579092323
0.9000000000000004,0.00039375000000000006,329.1193881008062
0.9200000000000004,0.00039375000000000006,329.3722110110019
0.9400000000000004,0.00039375000000000006,329.5923157441863
0.9600000000000004,0.00039375000000000006,329.78374764269694
0.9800000000000004,0.00039375000000000006,329.95015688639717
1.0000000000000004,0.00039375000000000006,330.0947681152308
1.0200000000000005,0.00039375000000000006,330.2204158712491
1.0400000000000005,0.00039375000000000006,330.329570985608
1.0600000000000005,0.00039375000000000006,330.42437872858375
1.0800000000000005,0.00039375000000000006,330.50669889726487
1.1000000000000005,0.00039375000000000006,330.578138277025
1.1200000000000006,0.00039375000000000006,330.64008566486353
1.1400000000000006,0.00039375000000000006,330.69373939765086
1.1600000000000006,0.00039375000000000006,330.7401337115837
1.1800000000000006,0.00039375000000000006,330.78016127609004
1.2000000000000006,0.00039375000000000006,330.81459246123603
1.2200000000000006,0.00039375000000000006,330.844092913857
1.2400000000000007,0.00039375000000000006,330.86923822105325
1.2600000000000007,0.00039375000000000006,330.8905276290685
1.2800000000000007,0.00039375000000000006,330.9083943856208
1.3000000000000007,0.00039375000000000006,330.9232130362258
1.3200000000000007,0.00039375000000000006,330.9353060532661
1.3400000000000007,0.00039375000000000006,330.9449524396562
1.3600000000000008,0.00039375000000000006,330.9523959056472
1.3800000000000008,0.00039375000000000006,330.9578498169829
1.4000000000000008,0.00039375000000000006,330.961501034851
1.4200000000000008,0.00039375000000000006,330.96351359183865
1.4400000000000008,0.00039375000000000006,330.9640317989501
1.4600000000000009,0.00039375000000000006,330.9631828334625
1.4800000000000009,0.00039375000000000006,330.9610791036394
1.5000000000000009,0.00039375000000000006,330.9578202099393
1.5200000000000007,0.00039375000000000006,330.95349465345873
1.5400000000000007,0.00039375000000000006,330.9481813288703
1.5600000000000007,0.00039375000000000006,330.94195076700726
1.5800000000000007,0.00039375000000000006,330.93486624717684
1.6000000000000008,0.00039375000000000006,330.9269847171814
1.6200000000000008,0.00039375000000000006,330.91835761064107
1.6400000000000008,0.00039375000000000006,330.9090315346969
1.6600000000000008,0.00039375000000000006,330.8990488691952
1.6800000000000008,0.00039375000000000006,330.8884482818774
1.7000000000000006,0.00039375000000000006,330.87726516966865
1.7200000000000006,0.00039375000000000006,330.8655320445782
1.7400000000000007,0.00039375000000000006,330.85327886112975
1.7600000000000007,0.00039375000000000006,330.8405333055493
1.7800000000000007,0.00039375000000000006,330.8273210407791
1.8000000000000007,0.00039375000000000006,330.81366592361445
1.8200000000000007,0.00039375000000000006,330.7995901897258
1.8400000000000007,0.00039375000000000006,330.78511461729755
1.8600000000000008,0.00039375000000000006,330.77025866810214
1.8800000000000008,0.00039375000000000006,330.7550406115179
1.9000000000000008,0.00039375000000000006,330.7394776331686
0.7000000000000003,0.00041250000000000005,322.5496712181827
0.7200000000000003,0.00041250000000000005,323.1695326698425
0.7400000000000003,0.00041250000000000005,323.77723323881037
0.7600000000000003,0.00041250000000000005,324.3709583436028
0.7800000000000004,0.00041250000000000005,324.94518053185044
0.8000000000000004,0.00041250000000000005,325.4907316894193
0.8200000000000004,0.00041250000000000005,325.99833507350934
0.8400000000000003,0.00041250000000000005,326.4626107794601
0.8600000000000003,0.00041250000000000005,326.8826820825231
0.8800000000000003,0.00041250000000000005,327.2602943764073
0.9000000000000004,0.00041250000000000005,327.5983922453061
0.9200000000000004,0.00041250000000000005,327.9004999752468
0.9400000000000004,0.00041250000000000005,328.17024904981656
0.9600000000000004,0.00041250000000000005,328.41112610012397
0.9800000000000004,0.00041250000000000005,328.6263791822972
1.0000000000000004,0.00041250000000000005,328.8189534455792
1.0200000000000005,0.00041250000000000005,328.99148582051305
1.0400000000000005,0.00041250000000000005,329.1463158880914
1.0600000000000005,0.00041250000000000005,329.2855033655109
1.0800000000000005,0.00041250000000000005,329.41085636420286
1.1000000000000005,0.00041250000000000005,329.5239557835871
1.1200000000000006,0.00041250000000000005,329.6261820345484
1.1400000000000006,0.00041250000000000005,329.71873911254477
1.1600000000000006,0.00041250000000000005,329.8026763440405
1.1800000000000006,0.00041250000000000005,329.8789087372524
1.2000000000000006,0.00041250000000000005,329.9482341581318
1.2200000000000006,0.00041250000000000005,330.01134932330206
1.2400000000000007,0.00041250000000000005,330.06886395321345
1.2600000000000007,0.00041250000000000005,330.1213139428642
1.2800000000000007,0.00041250000000000005,330.1691711349497
1.3000000000000007,0.00041250000000000005,330.21284839367166
1.3200000000000007,0.00041250000000000005,330.25270469454773
1.3400000000000007,0.00041250000000000005,330.2890541228111
1.3600000000000008,0.00041250000000000005,330.32217516705333
1.3800000000000008,0.00041250000000000005,330.352315901698
1.4000000000000008,0.00041250000000000005,330.3796975261367
1.4200000000000008,0.00041250000000000005,330.40451795724067
1.4400000000000008,0.00041250000000000005,330.42695474884584
1.4600000000000009,0.00041250000000000005,330.44716759795574
1.4800000000000009,0.00041250000000000005,330.4653006113797
1.5000000000000009,0.00041250000000000005,330.48148422182123
1.5200000000000007,0.00041250000000000005,330.4958368602241
1.5400000000000007,0.00041250000000000005,330.50846642343663
1.5600000000000007,0.00041250000000000005,330.5194715173811
1.5800000000000007,0.00041250000000000005,330.5289425590479
1.6000000000000008,0.00041250000000000005,330.53696271372996
1.6200000000000008,0.00041250000000000005,330.54360871532805
1.6400000000000008,0.00041250000000000005,330.54895157687776
1.6600000000000008,0.00041250000000000005,330.5530572032688
1.6800000000000008,0.00041250000000000005,330.55598693021716
1.7000000000000006,0.00041250000000000005,330.5577979862706
1.7200000000000006,0.00041250000000000005,330.55854390198635
1.7400000000000007,0.00041250000000000005,330.5582748621424
1.7600000000000007,0.00041250000000000005,330.55703801753504
1.7800000000000007,0.00041250000000000005,330.5548777563747
1.8000000000000007,0.00041250000000000005,330.55183594358516
1.8200000000000007,0.00041250000000000005,330.5479521320822
1.8400000000000007,0.00041250000000000005,330.5432637483296
1.8600000000000008,0.00041250000000000005,330.5378062584823
1.8800000000000008,0.00041250000000000005,330.53161331410917
1.9000000000000008,0.00041250000000000005,330.52471688422924
0.7000000000000003,0.00043125000000000005,320.867866158291
0.7200000000000003,0.00043125000000000005,321.4908244968901
0.7400000000000003,0.00043125000000000005,322.10289852569315
0.7600000000000003,0.00043125000000000005,322.7030126702082
0.7800000000000004,0.00043125000000000005,323.28741387181094
0.8000000000000004,0.00043125000000000005,323.8491772784183
0.8200000000000004,0.00043125000000000005,324.38026642807324
0.8400000000000003,0.00043125000000000005,324.8748071253927
0.8600000000000003,0.00043125000000000005,325.33048079037087
0.8800000000000003,0.00043125000000000005,325.74760420589354
0.9000000000000004,0.00043125000000000005,326.1279155593889
0.9200000000000004,0.00043125000000000005,326.4739335424617
0.9400000000000004,0.00043125000000000005,326.78851576507697
0.9600000000000004,0.00043125000000000005,327.0745601442548
0.9800000000000004,0.00043125000000000005,327.3348669382096
1.0000000000000004,0.00043125000000000005,327.57205181984216
1.0200000000000005,0.00043125000000000005,327.7885071181994
1.0400000000000005,0.00043125000000000005,327.98639455205034
1.0600000000000005,0.00043125000000000005,328.1676469743219
1.0800000000000005,0.00043125000000000005,328.3339830929467
1.1000000000000005,0.00043125000000000005,328.4869242914809
1.1200000000000006,0.00043125000000000005,328.6278133216341
1.1400000000000006,0.00043125000000000005,328.7578337394873
1.1600000000000006,0.00043125000000000005,328.8780275485254
1.1800000000000006,0.00043125000000000005,328.9893123707152
1.2000000000000006,0.00043125000000000005,329.0924965500252
1.2200000000000006,0.00043125000000000005,329.1882931684263
1.2400000000000007,0.00043125000000000005,329.27733349800116
1.2600000000000007,0.00043125000000000005,329.3601795199732
1.2800000000000007,0.00043125000000000005,329.43733213525314
1.3000000000000007,0.00043125000000000005,329.50923354030084
1.3200000000000007,0.00043125000000000005,329.57627127658026
1.3400000000000007,0.00043125000000000005,329.6387883736571
1.3600000000000008,0.00043125000000000005,329.69709307394055
1.3800000000000008,0.00043125000000000005,329.75146363228373
1.4000000000000008,0.00043125000000000005,329.80215167525625
1.4200000000000008,0.00043125000000000005,329.8493856012905
1.4400000000000008,0.00043125000000000005,329.8933732099203
1.4600000000000009,0.00043125000000000005,329.9343041009014
1.4800000000000009,0.00043125000000000005,329.9723517934521
1.5000000000000009,0.00043125000000000005,330.0076755353832
1.5200000000000007,0.00043125000000000005,330.04042192641674
1.5400000000000007,0.00043125000000000005,330.07072630828947
1.5600000000000007,0.00043125000000000005,330.0987139908876
1.5800000000000007,0.00043125000000000005,330.1245013175522
1.6000000000000008,0.00043125000000000005,330.1481965936344
1.6200000000000008,0.00043125000000000005,330.169900899878
1.6400000000000008,0.00043125000000000005,330.1897088004776
1.6600000000000008,0.00043125000000000005,330.20770896463756
1.6800000000000008,0.00043125000000000005,330.2239847104775
1.7000000000000006,0.00043125000000000005,330.2386144826955
1.7200000000000006,0.00043125000000000005,330.25167227352375
1.7400000000000007,0.00043125000000000005,330.2632279932067
1.7600000000000007,0.00043125000000000005,330.27334779852896
1.7800000000000007,0.00043125000000000005,330.2820943834521
1.8000000000000007,0.00043125000000000005,330.28952723805656
1.8200000000000007,0.00043125000000000005,330.29570287938645
1.8400000000000007,0.00043125000000000005,330.3006750579545
1.8600000000000008,0.00043125000000000005,330.304494943444
1.8800000000000008,0.00043125000000000005,330.3072112916033
1.9000000000000008,0.00043125000000000005,330.3088705955639
0.7000000000000003,0.00045000000000000004,319.2852974824877
0.7200000000000003,0.00045000000000000004,319.90965586115084
0.7400000000000003,0.00045000000000000004,320.5243833636451
0.7600000000000003,0.00045000000000000004,321.12884109407133
0.7800000000000004,0.00045000000000000004,321.72050002314774
0.8000000000000004,0.00045000000000000004,322.2942313543485
0.8200000000000004,0.00045000000000000004,322.8433530491937
0.8400000000000003,0.00045000000000000004,323.36207941474265
0.8600000000000003,0.00045000000000000004,323.8471873801545
0.8800000000000003,0.00045000000000000004,324.2978508020928
0.9000000000000004,0.00045000000000000004,324.7147595880497
0.9200000000000004,0.00045000000000000004,325.09951206680216
0.9400000000000004,0.00045000000000000004,325.4542111384352
0.9600000000000004,0.00045000000000000004,325.7811584640455
0.9800000000000004,0.00045000000000000004,326.0826826497201
1.0000000000000004,0.00045000000000000004,326.36103523943444
1.0200000000000005,0.00045000000000000004,326.6183282837206
1.0400000000000005,0.00045000000000000004,326.85650874710313
1.0600000000000005,0.00045000000000000004,327.0773476188524
1.0800000000000005,0.00045000000000000004,327.28244199232824
1.1000000000000005,0.00045000000000000004,327.4732240277355
1.1200000000000006,0.00045000000000000004,327.6509725177079
1.1400000000000006,0.00045000000000000004,327.81682696094333
1.1600000000000006,0.00045000000000000004,327.97180128824425
1.1800000000000006,0.00045000000000000004,328.1167975011613
1.2000000000000006,0.00045000000000000004,328.2526184058795
1.2200000000000006,0.00045000000000000004,328.37997961590634
1.2400000000000007,0.00045000000000000004,328.49952215992465
1.2600000000000007,0.00045000000000000004,328.6118241995536
1.2800000000000007,0.00045000000000000004,328.71740643471963
1.3000000000000007,0.00045000000000000004,328.8167312059759
1.3200000000000007,0.00045000000000000004,328.9102066638785
1.3400000000000007,0.00045000000000000004,328.998198808025
1.3600000000000008,0.00045000000000000004,329.0810407077849
1.3800000000000008,0.00045000000000000004,329.1590363115793
1.4000000000000008,0.00045000000000000004,329.2324638051554
1.4200000000000008,0.00045000000000000004,329.3015786431482
1.4400000000000008,0.00045000000000000004,329.36661582547066
1.4600000000000009,0.00045000000000000004,329.4277921818129
1.4800000000000009,0.00045000000000000004,329.4853082609912
1.5000000000000009,0.00045000000000000004,329.539350020519
1.5200000000000007,0.00045000000000000004,329.59009035427056
1.5400000000000007,0.00045000000000000004,329.6376903791505
1.5600000000000007,0.00045000000000000004,329.68230061867115
1.5800000000000007,0.00045000000000000004,329.72406200669553
1.6000000000000008,0.00045000000000000004,329.7631067895043
1.6200000000000008,0.00045000000000000004,329.7995593139448
1.6400000000000008,0.00045000000000000004,329.83353671839575
1.6600000000000008,0.00045000000000000004,329.86514955073477
1.6800000000000008,0.00045000000000000004,329.8945023052579
1.7000000000000006,0.00045000000000000004,329.9216939072378
1.7200000000000006,0.00045000000000000004,329.9468181366124
1.7400000000000007,0.00045000000000000004,329.9699640100066
1.7600000000000007,0.00045000000000000004,329.9912161195602
1.7800000000000007,0.00045000000000000004,330.0106549373646
1.8000000000000007,0.00045000000000000004,330.02835708956803
1.8200000000000007,0.00045000000000000004,330.0443956024472
1.8400000000000007,0.00045000000000000004,330.0588401265856
1.8600000000000008,0.00045000000000000004,330.0717571388787
1.8800000000000008,0.00045000000000000004,330.08321012795466
1.9000000000000008,0.00045000000000000004,330.0932597625416
0.7000000000000003,0.00046875000000000004,317.80209970697916
0.7200000000000003,0.00046875000000000004,318.42634989772887
0.7400000000000003,0.00046875000000000004,319.0422187602798
0.7600000000000003,0.00046875000000000004,319.6493070331248
0.7800000000000004,0.00046875000000000004,320.24590591737325
0.8000000000000004,0.00046875000000000004,320.8282647985318
0.8200000000000004,0.00046875000000000004,321.39099027035473
0.8400000000000003,0.00046875000000000004,321.9287431514249
0.8600000000000003,0.00046875000000000004,322.43784928632226
0.8800000000000003,0.00046875000000000004,322.91663883923434
0.9000000000000004,0.00046875000000000004,323.36492902259533
0.9200000000000004,0.00046875000000000004,323.78350686886085
0.9400000000000004,0.00046875000000000004,324.17376894325093
0.9600000000000004,0.00046875000000000004,324.5374339216954
0.9800000000000004,0.00046875000000000004,324.87635354396895
1.0000000000000004,0.00046875000000000004,325.1923958701963
1.0200000000000005,0.00046875000000000004,325.4873680588088
1.0400000000000005,0.00046875000000000004,325.7629750176365
1.0600000000000005,0.00046875000000000004,326.02079787865296
1.0800000000000005,0.00046875000000000004,326.2622855426524
1.1000000000000005,0.00046875000000000004,326.48875576817176
1.1200000000000006,0.00046875000000000004,326.7014004655237
1.1400000000000006,0.00046875000000000004,326.90129431972895
1.1600000000000006,0.00046875000000000004,327.0894045706045
1.1800000000000006,0.00046875000000000004,327.26660112803296
1.2000000000000006,0.00046875000000000004,327.4336666292957
1.2200000000000006,0.00046875000000000004,327.5913065174283
1.2400000000000007,0.00046875000000000004,327.7401609072753
1.2600000000000007,0.00046875000000000004,327.88081511457546
1.2800000000000007,0.00046875000000000004,328.0138006265971
1.3000000000000007,0.00046875000000000004,328.13959058709
1.3200000000000007,0.00046875000000000004,328.2586060886385
1.3400000000000007,0.00046875000000000004,328.3712305684958
1.3600000000000008,0.00046875000000000004,328.47781712592337
1.3800000000000008,0.00046875000000000004,328.5786910536155
1.4000000000000008,0.00046875000000000004,328.67415335898903
1.4200000000000008,0.00046875000000000004,328.7644831474192
1.4400000000000008,0.00046875000000000004,328.8499395954288
1.4600000000000009,0.00046875000000000004,328.9307640741068
1.4800000000000009,0.00046875000000000004,329.00718172771144
1.5000000000000009,0.00046875000000000004,329.0794030663224
1.5200000000000007,0.00046875000000000004,329.1476253212844
1.5400000000000007,0.00046875000000000004,329.21203363142257
1.5600000000000007,0.00046875000000000004,329.2728021483427
1.5800000000000007,0.00046875000000000004,329.33009495761786
1.6000000000000008,0.00046875000000000004,329.3840669444465
1.6200000000000008,0.00046875000000000004,329.4348645298162
1.6400000000000008,0.00046875000000000004,329.4826263416015
1.6600000000000008,0.00046875000000000004,329.5274838081907
1.6800000000000008,0.00046875000000000004,329.5695616842058
1.7000000000000006,0.00046875000000000004,329.6089785295905
1.7200000000000006,0.00046875000000000004,329.6458471293325
1.7400000000000007,0.00046875000000000004,329.6802748807945
1.7600000000000007,0.00046875000000000004,329.71236413536093
1.7800000000000007,0.00046875000000000004,329.7422125135806
1.8000000000000007,0.00046875000000000004,329.7699131878322
1.8200000000000007,0.00046875000000000004,329.79555514158847
1.8400000000000007,0.00046875000000000004,329.8192234063338
1.8600000000000008,0.00046875000000000004,329.840999277899
1.8800000000000008,0.00046875000000000004,329.86096051717374
1.9000000000000008,0.00046875000000000004,329.8791815333767
0.7000000000000003,0.00048750000000000003,316.4181500196989
0.7200000000000003,0.00048750000000000003,317.04097925453397
0.7400000000000003,0.00048750000000000003,317.65667602820685
0.7600000000000003,0.00048750000000000003,318.2649524268863
0.7800000000000004,0.00048750000000000003,318.86462982352646
0.8000000000000004,0.00048750000000000003,319.4529794433443
0.8200000000000004,0.00048750000000000003,320.02574074452286
0.8400000000000003,0.00048750000000000003,320.5782044593491
0.8600000000000003,0.00048750000000000003,321.1065921276873
0.8800000000000003,0.00048750000000000003,321.6086733343451
0.9000000000000004,0.00048750000000000003,322.0835748903607
0.9200000000000004,0.00048750000000000003,322.53139374057594
0.9400000000000004,0.00048750000000000003,322.95288916208136
0.9600000000000004,0.00048750000000000003,323.34922800460424
0.9800000000000004,0.00048750000000000003,323.72179524280756
1.0000000000000004,0.00048750000000000003,324.0720700866876
1.0200000000000005,0.00048750000000000003,324.401540847805
1.0400000000000005,0.00048750000000000003,324.71165215727075
1.0600000000000005,0.00048750000000000003,325.00377462913036
1.0800000000000005,0.00048750000000000003,325.27918816425466
1.1000000000000005,0.00048750000000000003,325.5390758176115
1.1200000000000006,0.00048750000000000003,325.7845234872765
1.1400000000000006,0.00048750000000000003,326.01652345627576
1.1600000000000006,0.00048750000000000003,326.2359802076619
1.1800000000000006,0.00048750000000000003,326.4437171453264
1.2000000000000006,0.00048750000000000003,326.6404838191299
1.2200000000000006,0.00048750000000000003,326.8269642528092
1.2400000000000007,0.00048750000000000003,327.0037884670591
1.2600000000000007,0.00048750000000000003,327.1715409612206
1.2800000000000007,0.00048750000000000003,327.3307550513128
1.3000000000000007,0.00048750000000000003,327.48190529327155
1.3200000000000007,0.00048750000000000003,327.6254188295544
1.3400000000000007,0.00048750000000000003,327.7616916612148
1.3600000000000008,0.00048750000000000003,327.8910922686446
1.3800000000000008,0.00048750000000000003,328.0139632170525
1.4000000000000008,0.00048750000000000003,328.1306247895547
1.4200000000000008,0.00048750000000000003,328.241376406798
1.4400000000000008,0.00048750000000000003,328.34649850002717
1.4600000000000009,0.00048750000000000003,328.44625430679906
1.4800000000000009,0.00048750000000000003,328.5408911394651
1.5000000000000009,0.00048750000000000003,328.6306418853685
1.5200000000000007,0.00048750000000000003,328.7157261085186
1.5400000000000007,0.00048750000000000003,328.796351167505
1.5600000000000007,0.00048750000000000003,328.8727131822612
1.5800000000000007,0.00048750000000000003,328.9449978772181
1.6000000000000008,0.00048750000000000003,329.0133813879056
1.6200000000000008,0.00048750000000000003,329.0780309272978
1.6400000000000008,0.00048750000000000003,329.13910543503
1.6600000000000008,0.00048750000000000003,329.19675612377426
1.6800000000000008,0.00048750000000000003,329.2511269961564
1.7000000000000006,0.00048750000000000003,329.30235530077545
1.7200000000000006,0.00048750000000000003,329.3505719474467
1.7400000000000007,0.00048750000000000003,329.3959018899354
1.7600000000000007,0.00048750000000000003,329.43846446615765
1.7800000000000007,0.00048750000000000003,329.47837371999725
1.8000000000000007,0.00048750000000000003,329.5157386863042
1.8200000000000007,0.00048750000000000003,329.55066366239464
1.8400000000000007,0.00048750000000000003,329.58324845148735
1.8600000000000008,0.00048750000000000003,329.61358859331784
1.8800000000000008,0.00048750000000000003,329.64177557512755
1.9000000000000008,0.00048750000000000003,329.66789702951854
0.7000000000000003,0.0005062500000000001,315.1331300943562
0.7200000000000003,0.0005062500000000001,315.7534250370516
0.7400000000000003,0.0005062500000000001,316.3678309037232
0.7600000000000003,0.0005062500000000001,316.9760902242885
0.7800000000000004,0.0005062500000000001,317.577351915073
0.8000000000000004,0.0005062500000000001,318.16962034420067
0.8200000000000004,0.0005062500000000001,318.74957446619817
0.8400000000000003,0.0005062500000000001,319.31319162807273
0.8600000000000003,0.0005062500000000001,319.85683012289496
0.8800000000000003,0.0005062500000000001,320.37794637289534
0.9000000000000004,0.0005062500000000001,320.87515553626775
0.9200000000000004,0.0005062500000000001,321.34799009724134
0.9400000000000004,0.0005062500000000001,321.79665407840486
0.9600000000000004,0.0005062500000000001,322.22180802731594
0.9800000000000004,0.0005062500000000001,322.62439288846645
1.0000000000000004,0.0005062500000000001,323.0055057441782
1.0200000000000005,0.0005062500000000001,323.36631212595466
1.0400000000000005,0.0005062500000000001,323.70798662792305
1.0600000000000005,0.0005062500000000001,324.03167591410676
1.0800000000000005,0.0005062500000000001,324.3384759115744
1.1000000000000005,0.0005062500000000001,324.62941962891273
1.1200000000000006,0.0005062500000000001,324.90547187825223
1.1400000000000006,0.0005062500000000001,325.1675283119042
1.1600000000000006,0.0005062500000000001,325.416417399151
1.1800000000000006,0.0005062500000000001,325.6529039121679
1.2000000000000006,0.0005062500000000001,325.8776933160943
1.2200000000000006,0.0005062500000000001,326.09143870235147
1.2400000000000007,0.0005062500000000001,326.29475263339543
1.2600000000000007,0.0005062500000000001,326.48821191526434
1.2800000000000007,0.0005062500000000001,326.6723424609347
1.3000000000000007,0.0005062500000000001,326.84761098470904
1.3200000000000007,0.0005062500000000001,327.01444511141295
1.3400000000000007,0.0005062500000000001,327.1732492427895
1.3600000000000008,0.0005062500000000001,327.3244027506399
1.3800000000000008,0.0005062500000000001,327.46826183871434
1.4000000000000008,0.0005062500000000001,327.6051627074303
1.4200000000000008,0.0005062500000000001,327.73542189146025
1.4400000000000008,0.0005062500000000001,327.85933831602983
1.4600000000000009,0.0005062500000000001,327.9771944364894
1.4800000000000009,0.0005062500000000001,328.0892573733334
1.5000000000000009,0.0005062500000000001,328.19578021165114
1.5200000000000007,0.0005062500000000001,328.2970028310185
1.5400000000000007,0.0005062500000000001,328.393152983187
1.5600000000000007,0.0005062500000000001,328.4844470394426
1.5800000000000007,0.0005062500000000001,328.5710908028286
1.6000000000000008,0.0005062500000000001,328.65328019382
1.6200000000000008,0.0005062500000000001,328.73120186669007
1.6400000000000008,0.0005062500000000001,328.80503381123975
1.6600000000000008,0.0005062500000000001,328.87494584481385
1.6800000000000008,0.0005062500000000001,328.94110011949516
1.7000000000000006,0.0005062500000000001,329.00365153549745
1.7200000000000006,0.0005062500000000001,329.062748160167
1.7400000000000007,0.0005062500000000001,329.11853158646295
1.7600000000000007,0.0005062500000000001,329.17113727902176
1.7800000000000007,0.0005062500000000001,329.2206948889419
1.8000000000000007,0.0005062500000000001,329.26732854362706
1.8200000000000007,0.0005062500000000001,329.31115712370917
1.8400000000000007,0.0005062500000000001,329.35229451089134
1.8600000000000008,0.0005062500000000001,329.3908498312017
1.8800000000000008,0.0005062500000000001,329.4269276713978
1.9000000000000008,0.0005062500000000001,329.4606282925188
0.7000000000000003,0.0005250000000000001,313.9465333002643
0.7200000000000003,0.0005250000000000001,314.5633817564323
0.7400000000000003,0.0005250000000000001,315.1755685816138
0.7600000000000003,0.0005250000000000001,315.78281624008747
0.7800000000000004,0.0005250000000000001,316.3844615424242
0.8000000000000004,0.0005250000000000001,316.9790177771088
0.8200000000000004,0.0005250000000000001,317.5639102775049
0.8400000000000003,0.0005250000000000001,318.13577989670875
0.8600000000000003,0.0005250000000000001,318.6912700391933
0.8800000000000003,0.0005250000000000001,319.22772319043963
0.9000000000000004,0.0005250000000000001,319.74340756432724
0.9200000000000004,0.0005250000000000001,320.23741405081427
0.9400000000000004,0.0005250000000000001,320.70947892026936
0.9600000000000004,0.0005250000000000001,321.15981171938904
0.9800000000000004,0.0005250000000000001,321.5889417479598
1.0000000000000004,0.0005250000000000001,321.99760040301817
1.0200000000000005,0.0005250000000000001,322.3866353834475
1.0400000000000005,0.0005250000000000001,322.7569491468093
1.0600000000000005,0.0005250000000000001,323.1094577911579
1.0800000000000005,0.0005250000000000001,323.4450640436357
1.1000000000000005,0.0005250000000000001,323.7646404478147
1.1200000000000006,0.0005250000000000001,324.0690198491239
1.1400000000000006,0.0005250000000000001,324.35899054889717
1.1600000000000006,0.0005250000000000001,324.63529473505804
1.1800000000000006,0.0005250000000000001,324.89862891280984
1.2000000000000006,0.0005250000000000001,325.1496455631957
1.2200000000000006,0.0005250000000000001,325.38895940119096
1.2400000000000007,0.0005250000000000001,325.61716037748056
1.2600000000000007,0.0005250000000000001,325.8348115492981
1.2800000000000007,0.0005250000000000001,326.04242138469675
1.3000000000000007,0.0005250000000000001,326.24044024124896
1.3200000000000007,0.0005250000000000001,326.4292926252439
1.3400000000000007,0.0005250000000000001,326.60938766295936
1.3600000000000008,0.0005250000000000001,326.7811114236116
1.3800000000000008,0.0005250000000000001,326.9448307057297
1.4000000000000008,0.0005250000000000001,327.1008943822977
1.4200000000000008,0.0005250000000000001,327.2496331753663
1.4400000000000008,0.0005250000000000001,327.39136190354526
1.4600000000000009,0.0005250000000000001,327.52637965898833
1.4800000000000009,0.0005250000000000001,327.65497113452267
1.5000000000000009,0.0005250000000000001,327.77740742969377
1.5200000000000007,0.0005250000000000001,327.893946768105
1.5400000000000007,0.0005250000000000001,328.00483544642685
1.5600000000000007,0.0005250000000000001,328.110308349307
1.5800000000000007,0.0005250000000000001,328.2105897660019
1.6000000000000008,0.0005250000000000001,328.3058938765213
1.6200000000000008,0.0005250000000000001,328.3964253793932
1.6400000000000008,0.0005250000000000001,328.482379975955
1.6600000000000008,0.0005250000000000001,328.56394484694624
1.6800000000000008,0.0005250000000000001,328.64129911359686
1.7000000000000006,0.0005250000000000001,328.7146142167078
1.7200000000000006,0.0005250000000000001,328.7840543324921
1.7400000000000007,0.0005250000000000001,328.84977669454014
1.7600000000000007,0.0005250000000000001,328.9119319548405
1.7800000000000007,0.0005250000000000001,328.9706644717204
1.8000000000000007,0.0005250000000000001,329.02611261756294
1.8200000000000007,0.0005250000000000001,329.0784090431114
1.8400000000000007,0.0005250000000000001,329.1276809395014
1.8600000000000008,0.0005250000000000001,329.17405028226597
1.8800000000000008,0.0005250000000000001,329.2176340571014
1.9000000000000008,0.0005250000000000001,329.25854448400156
0.7000000000000003,0.0005437500000000001,312.8577191631576
0.7200000000000003,0.0005437500000000001,313.47040902818566
0.7400000000000003,0.0005437500000000001,314.07963575199017
0.7600000000000003,0.0005437500000000001,314.68507204105015
0.7800000000000004,0.0005437500000000001,315.28614933482476
0.8000000000000004,0.0005437500000000001,315.8817215604521
0.8200000000000004,0.0005437500000000001,316.4697848384139
0.8400000000000003,0.0005437500000000001,317.04757331050456
0.8600000000000003,0.0005437500000000001,317.6120892733767
0.8800000000000003,0.0005437500000000001,318.1607094139935
0.9000000000000004,0.0005437500000000001,318.6914983998168
0.9200000000000004,0.0005437500000000001,319.2032205642397
0.9400000000000004,0.0005437500000000001,319.69523204923127
0.9600000000000004,0.0005437500000000001,320.16735231236083
0.9800000000000004,0.0005437500000000001,320.61973844727487
1.0000000000000004,0.0005437500000000001,321.05278021965535
1.0200000000000005,0.0005437500000000001,321.4670200335373
1.0400000000000005,0.0005437500000000001,321.86309298149524
1.0600000000000005,0.0005437500000000001,322.2416842497313
1.0800000000000005,0.0005437500000000001,322.60349966132304
1.1000000000000005,0.0005437500000000001,322.94924567384845
1.1200000000000006,0.0005437500000000001,323.27961646691716
1.1400000000000006,0.0005437500000000001,323.59528583774517
1.1600000000000006,0.0005437500000000001,323.89690248899274
1.1800000000000006,0.0005437500000000001,324.1850876261945
1.2000000000000006,0.0005437500000000001,324.4604340498111
1.2200000000000006,0.0005437500000000001,324.7235130418532
1.2400000000000007,0.0005437500000000001,324.97488935761123
1.2600000000000007,0.0005437500000000001,325.2151064653972
1.2800000000000007,0.0005437500000000001,325.4446439540013
1.3000000000000007,0.0005437500000000001,325.6639290593184
1.3200000000000007,0.0005437500000000001,325.8733819945662
1.3400000000000007,0.0005437500000000001,326.0734129382528
1.3600000000000008,0.0005437500000000001,326.26441108033566
1.3800000000000008,0.0005437500000000001,326.4467513884073
1.4000000000000008,0.0005437500000000001,326.6207921826589
1.4200000000000008,0.0005437500000000001,326.7868759116487
1.4400000000000008,0.0005437500000000001,326.94533075212183
1.4600000000000009,0.0005437500000000001,327.09647001792166
1.4800000000000009,0.0005437500000000001,327.24059386932447
1.5000000000000009,0.0005437500000000001,327.37798923879814
1.5200000000000007,0.0005437500000000001,327.50893082740214
1.5400000000000007,0.0005437500000000001,327.63368158212126
1.5600000000000007,0.0005437500000000001,327.75249319991934
1.5800000000000007,0.0005437500000000001,327.8656068166699
1.6000000000000008,0.0005437500000000001,327.97325332069744
1.6200000000000008,0.0005437500000000001,328.07565401589494
1.6400000000000008,0.0005437500000000001,328.173020911129
1.6600000000000008,0.0005437500000000001,328.26555726563225
1.6800000000000008,0.0005437500000000001,328.35345790674563
1.7000000000000006,0.0005437500000000001,328.43690965288954
1.7200000000000006,0.0005437500000000001,328.5160916550064
1.7400000000000007,0.0005437500000000001,328.5911757264533
1.7600000000000007,0.0005437500000000001,328.6623266860604
1.7800000000000007,0.0005437500000000001,328.72970262850316
1.8000000000000007,0.0005437500000000001,328.79345524873133
1.8200000000000007,0.0005437500000000001,328.8537300785786
1.8400000000000007,0.0005437500000000001,328.91066678040033
1.8600000000000008,0.0005437500000000001,328.964399365618
1.8800000000000008,0.0005437500000000001,329.015056453368
1.9000000000000008,0.0005437500000000001,329.06276147845153
0.7000000000000003,0.0005625000000000001,311.8659293405361
0.7200000000000003,0.0005625000000000001,312.47394441292084
0.7400000000000003,0.0005625000000000001,313.07965137344706
0.7600000000000003,0.0005625000000000001,313.6826568083249
0.7800000000000004,0.0005625000000000001,314.2824255628045
0.8000000000000004,0.0005625000000000001,314.8780291878732
0.8200000000000004,0.0005625000000000001,315.4678860143654
0.8400000000000003,0.0005625000000000001,316.04973323826107
0.8600000000000003,0.0005625000000000001,316.62095224348275
0.8800000000000003,0.0005625000000000001,317.1790538616701
0.9000000000000004,0.0005625000000000001,317.72201631371627
0.9200000000000004,0.0005625000000000001,318.2483800537875
0.9400000000000004,0.0005625000000000001,318.75720413216806
0.9600000000000004,0.0005625000000000001,319.2479801840765
0.9800000000000004,0.0005625000000000001,319.7205367015577
1.0000000000000004,0.0005625000000000001,320.17495123250245
1.0200000000000005,0.0005625000000000001,320.61147943167816
1.0400000000000005,0.0005625000000000001,321.0304996748571
1.0600000000000005,0.0005625000000000001,321.4324714506631
1.0800000000000005,0.0005625000000000001,321.81790509520675
1.1000000000000005,0.0005625000000000001,322.18733992314566
1.1200000000000006,0.0005625000000000001,322.5413288088815
1.1400000000000006,0.0005625000000000001,322.88042743506855
1.1600000000000006,0.0005625000000000001,323.20518688871215
1.1800000000000006,0.0005625000000000001,323.5161486962144
1.2000000000000006,0.0005625000000000001,323.8138415474267
1.2200000000000006,0.0005625000000000001,324.0987911397571
1.2400000000000007,0.0005625000000000001,324.37153732098
1.2600000000000007,0.0005625000000000001,324.63259683375986
1.2800000000000007,0.0005625000000000001,324.88240726700764
1.3000000000000007,0.0005625000000000001,325.12136973126655
1.3200000000000007,0.0005625000000000001,325.34990112491215
1.3400000000000007,0.0005625000000000001,325.56840842339835
1.3600000000000008,0.0005625000000000001,325.77728167837597
1.3800000000000008,0.0005625000000000001,325.976901837696
1.4000000000000008,0.0005625000000000001,326.1676336080077
1.4200000000000008,0.0005625000000000001,326.34982927914297
1.4400000000000008,0.0005625000000000001,326.52382776471546
1.4600000000000009,0.0005625000000000001,326.6899545659396
1.4800000000000009,0.0005625000000000001,326.8485232041681
1.5000000000000009,0.0005625000000000001,326.9998343877219
1.5200000000000007,0.0005625000000000001,327.1441775074234
1.5400000000000007,0.0005625000000000001,327.28183023912624
1.5600000000000007,0.0005625000000000001,327.41305947539314
1.5800000000000007,0.0005625000000000001,327.53812148021433
1.6000000000000008,0.0005625000000000001,327.6572623409161
1.6200000000000008,0.0005625000000000001,327.770718449528
1.6400000000000008,0.0005625000000000001,327.87871670698945
1.6600000000000008,0.0005625000000000001,327.98147510408836
1.6800000000000008,0.0005625000000000001,328.0792028572515
1.7000000000000006,0.0005625000000000001,328.1721009509389
1.7200000000000006,0.0005625000000000001,328.26036229778106
1.7400000000000007,0.0005625000000000001,328.34417218659877
1.7600000000000007,0.0005625000000000001,328.42370849448787
1.7800000000000007,0.0005625000000000001,328.49914203638264
1.8000000000000007,0.0005625000000000001,328.570636820801
1.8200000000000007,0.0005625000000000001,328.63835032115065
1.8400000000000007,0.0005625000000000001,328.7024337531415
1.8600000000000008,0.0005625000000000001,328.76303229438184
1.8800000000000008,0.0005625000000000001,328.82028536075995
1.9000000000000008,0.0005625000000000001,328.87432679785593
0.7000000000000003,0.0005812500000000001,310.970332718541
0.7200000000000003,0.0005812500000000001,311.57334644950305
0.7400000000000003,0.0005812500000000001,312.17514883068793
0.7600000000000003,0.0005812500000000001,312.77527316042415
0.7800000000000004,0.0005812500000000001,313.3731795057323
0.8000000000000004,0.0005812500000000001,313.96807006139386
0.8200000000000004,0.0005812500000000001,314.55866530389534
0.8400000000000003,0.0005812500000000001,315.1431107372353
0.8600000000000003,0.0005812500000000001,315.7191505139956
0.8800000000000003,0.0005812500000000001,316.28448794484024
0.9000000000000004,0.0005812500000000001,316.83710415236897
0.9200000000000004,0.0005812500000000001,317.3754032406848
0.9400000000000004,0.0005812500000000001,317.8982226276206
0.9600000000000004,0.0005812500000000001,318.4047866159593
0.9800000000000004,0.0005812500000000001,318.89464048959553
1.0000000000000004,0.0005812500000000001,319.3675825426608
1.0200000000000005,0.0005812500000000001,319.82360483462526
1.0400000000000005,0.0005812500000000001,320.2628446168492
1.0600000000000005,0.0005812500000000001,320.685545783433
1.0800000000000005,0.0005812500000000001,321.0920292715903
1.1000000000000005,0.0005812500000000001,321.4826704801587
1.1200000000000006,0.0005812500000000001,321.8578822113732
1.1400000000000006,0.0005812500000000001,322.21810186603096
1.1600000000000006,0.0005812500000000001,322.56378180470296
1.1800000000000006,0.0005812500000000001,322.89538212862544
1.2000000000000006,0.0005812500000000001,323.21336525835886
1.2200000000000006,0.0005812500000000001,323.51821271070975
1.2400000000000007,0.0005812500000000001,323.81044267936494
1.2600000000000007,0.0005812500000000001,324.0905344969487
1.2800000000000007,0.0005812500000000001,324.35886935637694
1.3000000000000007,0.0005812500000000001,324.61582558763155
1.3200000000000007,0.0005812500000000001,324.8618185431756
1.3400000000000007,0.0005812500000000001,325.09724692357884
1.3600000000000008,0.0005812500000000001,325.3225015519436
1.3800000000000008,0.0005812500000000001,325.5379665682639
1.4000000000000008,0.0005812500000000001,325.7440107378764
1.4200000000000008,0.0005812500000000001,325.94099467910246
1.4400000000000008,0.0005812500000000001,326.1292653015041
1.4600000000000009,0.0005812500000000001,326.30915886334327
1.4800000000000009,0.0005812500000000001,326.4809998835003
1.5000000000000009,0.0005812500000000001,326.64510118916184
1.5200000000000007,0.0005812500000000001,326.80176495559607
1.5400000000000007,0.0005812500000000001,326.95128179257364
1.5600000000000007,0.0005812500000000001,327.0939321986641
1.5800000000000007,0.0005812500000000001,327.22998578809
1.6000000000000008,0.0005812500000000001,327.3597024297939
1.6200000000000008,0.0005812500000000001,327.48333194866854
1.6400000000000008,0.0005812500000000001,327.6011148067269
1.6600000000000008,0.0005812500000000001,327.713282236781
1.6800000000000008,0.0005812500000000001,327.8200565660343
1.7000000000000006,0.0005812500000000001,327.92165162119505
1.7200000000000006,0.0005812500000000001,328.0182728485511
1.7400000000000007,0.0005812500000000001,328.1101178329354
1.7600000000000007,0.0005812500000000001,328.19737634269944
1.7800000000000007,0.0005812500000000001,328.2802308504961
1.8000000000000007,0.0005812500000000001,328.35885658493663
1.8200000000000007,0.0005812500000000001,328.433421990376
1.8400000000000007,0.0005812500000000001,328.50408882471424
1.8600000000000008,0.0005812500000000001,328.5710125338559
1.8800000000000008,0.0005812500000000001,328.63434240500476
1.9000000000000008,0.0005812500000000001,328.694221856413
0.7000000000000003,0.0006000000000000001,310.1700480330325
0.7200000000000003,0.0006000000000000001,310.7679135744481
0.7400000000000003,0.0006000000000000001,311.36559175308156
0.7600000000000003,0.0006000000000000001,311.9625413911041
0.7800000000000004,0.0006000000000000001,312.55819513887104
0.8000000000000004,0.0006000000000000001,313.15182586370236
0.8200000000000004,0.0006000000000000001,313.7423629931422
0.8400000000000003,0.0006000000000000001,314.3282720423845
0.8600000000000003,0.0006000000000000001,314.907622839327
0.8800000000000003,0.0006000000000000001,315.4783368590521
0.9000000000000004,0.0006000000000000001,316.0384606962717
0.9200000000000004,0.0006000000000000001,316.58633272606386
0.9400000000000004,0.0006000000000000001,317.12063427503864
0.9600000000000004,0.0006000000000000001,317.64037830357205
0.9800000000000004,0.0006000000000000001,318.14487173543625
1.0000000000000004,0.0006000000000000001,318.6336683085694
1.0200000000000005,0.0006000000000000001,319.10652278673206
1.0400000000000005,0.0006000000000000001,319.56335077678125
1.0600000000000005,0.0006000000000000001,320.0041947972593
1.0800000000000005,0.0006000000000000001,320.42919658033753
1.1000000000000005,0.0006000000000000001,320.8385747339415
1.1200000000000006,0.0006000000000000001,321.23260681575994
1.1400000000000006,0.0006000000000000001,321.6116150330504
1.1600000000000006,0.0006000000000000001,321.9759548028771
1.1800000000000006,0.0006000000000000001,322.32600560355684
1.2000000000000006,0.0006000000000000001,322.66216364758014
1.2200000000000006,0.0006000000000000001,322.9848725691627
1.2400000000000007,0.0006000000000000001,323.29463427261015
1.2600000000000007,0.0006000000000000001,323.59187241071095
1.2800000000000007,0.0006000000000000001,323.87689935734295
1.3000000000000007,0.0006000000000000001,324.1500830425651
1.3200000000000007,0.0006000000000000001,324.41183621690993
1.3400000000000007,0.0006000000000000001,324.66254506286595
1.3600000000000008,0.0006000000000000001,324.90260317639894
1.3800000000000008,0.0006000000000000001,325.1323936205195
1.4000000000000008,0.0006000000000000001,325.3522887903246
1.4200000000000008,0.0006000000000000001,325.5626554621305
1.4400000000000008,0.0006000000000000001,325.76384640858544
1.4600000000000009,0.0006000000000000001,325.9562074637504
1.4800000000000009,0.0006000000000000001,326.14007159074737
1.5000000000000009,0.0006000000000000001,326.3157626560203
1.5200000000000007,0.0006000000000000001,326.48359330592143
1.5400000000000007,0.0006000000000000001,326.64386578485875
1.5600000000000007,0.0006000000000000001,326.79687228977656
1.5800000000000007,0.0006000000000000001,326.94289427186976
1.6000000000000008,0.0006000000000000001,327.08220381806296
1.6200000000000008,0.0006000000000000001,327.21506257758574
1.6400000000000008,0.0006000000000000001,327.3417232337608
1.6600000000000008,0.0006000000000000001,327.4624286781219
1.6800000000000008,0.0006000000000000001,327.5774131295185
1.7000000000000006,0.0006000000000000001,327.6869017813295
1.7200000000000006,0.0006000000000000001,327.79111144977685
1.7400000000000007,0.0006000000000000001,327.8902506885619
1.7600000000000007,0.0006000000000000001,327.98452001861773
1.7800000000000007,0.0006000000000000001,328.07411240039227
1.8000000000000007,0.0006000000000000001,328.1592131626515
1.8200000000000007,0.0006000000000000001,328.24000069725275
1.8400000000000007,0.0006000000000000001,328.31664620988875
1.8600000000000008,0.0006000000000000001,328.3893145179432
1.8800000000000008,0.0006000000000000001,328.4581637226397
1.9000000000000008,0.0006000000000000001,328.5233460230027
0.7000000000000003,0.00061875,309.4641781967573
0.7200000000000003,0.00061875,310.0569173147405
0.7400000000000003,0.00061875,310.65040650021655
0.7600000000000003,0.00061875,311.2440331213931
0.7800000000000004,0.00061875,311.8371908170878
0.8000000000000004,0.00061875,312.4291836892214
0.8200000000000004,0.00061875,313.01908040758275
0.8400000000000003,0.00061875,313.6055893490552
0.8600000000000003,0.00061875,314.1870584794196
0.8800000000000003,0.00061875,314.7616286947109
0.9000000000000004,0.00061875,315.3274505729348
0.9200000000000004,0.00061875,315.8828501553729
0.9400000000000004,0.00061875,316.4264071324947
0.9600000000000004,0.00061875,316.95697297294714
0.9800000000000004,0.00061875,317.4736588981416
1.0000000000000004,0.00061875,317.97580917236473
1.0200000000000005,0.00061875,318.4629695809041
1.0400000000000005,0.00061875,318.9348565693006
1.0600000000000005,0.00061875,319.39132894773184
1.0800000000000005,0.00061875,319.83236302318653
1.1000000000000005,0.00061875,320.2580312496978
1.1200000000000006,0.00061875,320.66848407070313
1.1400000000000006,0.00061875,321.0639346226326
1.1600000000000006,0.00061875,321.44464589186003
1.1800000000000006,0.00061875,321.8109199588817
1.2000000000000006,0.00061875,322.1630890160754
1.2200000000000006,0.00061875,322.50157188978466
1.2400000000000007,0.00061875,322.8268596464948
1.2600000000000007,0.00061875,323.1392894131014
1.2800000000000007,0.00061875,323.4391008250493
1.3000000000000007,0.00061875,323.72667385118075
1.3200000000000007,0.00061875,324.0024096752032
1.3400000000000007,0.00061875,324.26668265536904
1.3600000000000008,0.00061875,324.5198910943622
1.3800000000000008,0.00061875,324.7624114082356
1.4000000000000008,0.00061875,324.99462216081383
1.4200000000000008,0.00061875,325.2168917894838
1.4400000000000008,0.00061875,325.42957913456075
1.4600000000000009,0.00061875,325.6330372092214
1.4800000000000009,0.00061875,325.82760572625625
1.5000000000000009,0.00061875,326.0136185051352
1.5200000000000007,0.00061875,326.1913961221633
1.5400000000000007,0.00061875,326.3612518137216
1.5600000000000007,0.00061875,326.523486870534
1.5800000000000007,0.00061875,326.6783938577862
1.6000000000000008,0.00061875,326.82625481033597
1.6200000000000008,0.00061875,326.96734219419136
1.6400000000000008,0.00061875,327.10191909572205
1.6600000000000008,0.00061875,327.2302387686616
1.6800000000000008,0.00061875,327.35254591863696
1.7000000000000006,0.00061875,327.46907560983567
1.7200000000000006,0.00061875,327.5800549350493
1.7400000000000007,0.00061875,327.68570183589486
1.7600000000000007,0.00061875,327.78622669376796
1.7800000000000007,0.00061875,327.8818313922333
1.8000000000000007,0.00061875,327.97271057806233
1.8200000000000007,0.00061875,328.05905111495395
1.8400000000000007,0.00061875,328.1410329216521
1.8600000000000008,0.00061875,328.2188288416132
1.8800000000000008,0.00061875,328.2926050688261
1.9000000000000008,0.00061875,328.36252138138695
0.7000000000000003,0.0006375,308.8518371163211
0.7200000000000003,0.0006375,309.439625081082
0.7400000000000003,0.0006375,310.0290013631525
0.7600000000000003,0.0006375,310.6192877206268
0.7800000000000004,0.0006375,311.2098345544214
0.8000000000000004,0.0006375,311.79995246443235
0.8200000000000004,0.0006375,312.38879888332735
0.8400000000000003,0.0006375,312.97526120516886
0.8600000000000003,0.0006375,313.5579157426281
0.8800000000000003,0.0006375,314.1351078757222
0.9000000000000004,0.0006375,314.70511065603904
0.9200000000000004,0.0006375,315.2662747244309
0.9400000000000004,0.0006375,315.8171210174664
0.9600000000000004,0.0006375,316.3563821212731
0.9800000000000004,0.0006375,316.8830126889632
1.0000000000000004,0.0006375,317.39618177055775
1.0200000000000005,0.0006375,317.8952554485038
1.0400000000000005,0.0006375,318.37977559990685
1.0600000000000005,0.0006375,318.8494377261593
1.0800000000000005,0.0006375,319.30406949100086
1.1000000000000005,0.0006375,319.74361087751964
1.1200000000000006,0.0006375,320.1680962765438
1.1400000000000006,0.0006375,320.5776386110897
1.1600000000000006,0.0006375,320.9724154414036
1.1800000000000006,0.0006375,321.3526569058236
1.2000000000000006,0.0006375,321.71863533698036
1.2200000000000006,0.0006375,322.0707686908765
1.2400000000000007,0.0006375,322.40953535917146
1.2600000000000007,0.0006375,322.7351378498812
1.2800000000000007,0.0006375,323.0477626180835
1.3000000000000007,0.0006375,323.3478266460784
1.3200000000000007,0.0006375,323.6356999304175
1.3400000000000007,0.0006375,323.9117572225384
1.3600000000000008,0.0006375,324.17639636963946
1.3800000000000008,0.0006375,324.42998554958046
1.4000000000000008,0.0006375,324.6729119240359
1.4200000000000008,0.0006375,324.9055397327669
1.4400000000000008,0.0006375,325.1282370201578
1.4600000000000009,0.0006375,325.34135875737553
1.4800000000000009,0.0006375,325.5452526489898
1.5000000000000009,0.0006375,325.74025923523334
1.5200000000000007,0.0006375,325.9267061583867
1.5400000000000007,0.0006375,326.1049161811928
1.5600000000000007,0.0006375,326.2751973606234
1.5800000000000007,0.0006375,326.43785301385554
1.6000000000000008,0.0006375,326.5931720785262
1.6200000000000008,0.0006375,326.741437962309
1.6400000000000008,0.0006375,326.8829209635009
1.6600000000000008,0.0006375,327.0178848905596
1.6800000000000008,0.0006375,327.1465819421039
1.7000000000000006,0.0006375,327.26925709648424
1.7200000000000006,0.0006375,327.3861450750492
1.7400000000000007,0.0006375,327.4974730413027
1.7600000000000007,0.0006375,327.60345894544946
1.7800000000000007,0.0006375,327.7043132609558
1.8000000000000007,0.0006375,327.80023794405145
1.8200000000000007,0.0006375,327.8914279281463
1.8400000000000007,0.0006375,327.9780700048351
1.8600000000000008,0.0006375,328.0603446927427
1.8800000000000008,0.0006375,328.1384244801263
1.9000000000000008,0.0006375,328.2124765437288
0.7000000000000003,0.00065625,308.3321725021326
0.7200000000000003,0.00065625,308.91532284687815
0.7400000000000003,0.00065625,309.50078921203016
0.7600000000000003,0.00065625,310.0878356301922
0.7800000000000004,0.00065625,310.67577024657425
0.8000000000000004,0.00065625,311.263896266935
0.8200000000000004,0.00065625,311.8514248970936
0.8400000000000003,0.00065625,312.4373717471904
0.8600000000000003,0.00065625,313.0204937701332
0.8800000000000003,0.00065625,313.5993156218768
0.9000000000000004,0.00065625,314.1722352563754
0.9200000000000004,0.00065625,314.7376498886845
0.9400000000000004,0.00065625,315.2940532739872
0.9600000000000004,0.00065625,315.84009414856047
0.9800000000000004,0.00065625,316.37460552334693
1.0000000000000004,0.00065625,316.8966139195825
1.0200000000000005,0.00065625,317.4053352339418
1.0400000000000005,0.00065625,317.90016281488244
1.0600000000000005,0.00065625,318.3806514138515
1.0800000000000005,0.00065625,318.8464993422505
1.1000000000000005,0.00065625,319.29753042064215
1.1200000000000006,0.00065625,319.7336766279345
1.1400000000000006,0.00065625,320.1549619683281
1.1600000000000006,0.00065625,320.5614878234508
1.1800000000000006,0.00065625,320.95341986783603
1.2000000000000006,0.00065625,321.33097653304617
1.2200000000000006,0.00065625,321.69461555886045
1.2400000000000007,0.00065625,322.04478066246764
1.2600000000000007,0.00065625,322.3814728503372
1.2800000000000007,0.00065625,322.7048902029243
1.3000000000000007,0.00065625,323.0154944628263
1.3200000000000007,0.00065625,323.3136000610882
1.3400000000000007,0.00065625,323.59961005887203
1.3600000000000008,0.00065625,323.8738997976521
1.3800000000000008,0.00065625,324.13684268385015
1.4000000000000008,0.00065625,324.38882692303656
1.4200000000000008,0.00065625,324.6302125270529
1.4400000000000008,0.00065625,324.86137868040896
1.4600000000000009,0.00065625,325.0826754168871
1.4800000000000009,0.00065625,325.2944639464396
1.5000000000000009,0.00065625,325.4970828981966
1.5200000000000007,0.00065625,325.69087233321926
1.5400000000000007,0.00065625,325.8761569803847
1.5600000000000007,0.00065625,326.05325513889653
1.5800000000000007,0.00065625,326.22247547100574
1.6000000000000008,0.00065625,326.3841150226446
1.6200000000000008,0.00065625,326.53846493890757
1.6400000000000008,0.00065625,326.6858019907822
1.6600000000000008,0.00065625,326.82639907081534
1.6800000000000008,0.00065625,326.9605138251301
1.7000000000000006,0.00065625,327.0884007471061
1.7200000000000006,0.00065625,327.21029954351826
1.7400000000000007,0.00065625,327.32644660253015
1.7600000000000007,0.00065625,327.43706485126415
1.7800000000000007,0.00065625,327.5423731745774
1.8000000000000007,0.00065625,327.6425788277325
1.8200000000000007,0.00065625,327.73788399533544
1.8400000000000007,0.00065625,327.8284813071269
1.8600000000000008,0.00065625,327.9145571703416
1.8800000000000008,0.00065625,327.99629057218283
1.9000000000000008,0.00065625,328.07385312558904
0.7000000000000003,0.000675,307.9043942372304
0.7200000000000003,0.000675,308.48333939706913
0.7400000000000003,0.000675,309.0652079905403
0.7600000000000003,0.000675,309.64921561455213
0.7800000000000004,0.000675,310.2346325910078
0.8000000000000004,0.000675,310.8207483357445
0.8200000000000004,0.000675,311.40680454780653
0.8400000000000003,0.000675,311.9919059047187
0.8600000000000003,0.000675,312.57494706735065
0.8800000000000003,0.000675,313.15460151830547
0.9000000000000004,0.000675,313.7293827017232
0.9200000000000004,0.000675,314.29774365511946
0.9400000000000004,0.000675,314.8581721300744
0.9600000000000004,0.000675,315.4092606744462
0.9800000000000004,0.000675,315.94975110473865
1.0000000000000004,0.000675,316.4785580277897
1.0200000000000005,0.000675,316.9947763397397
1.0400000000000005,0.000675,317.49767774910157
1.0600000000000005,0.000675,317.9867004041017
1.0800000000000005,0.000675,318.4614345384848
1.1000000000000005,0.000675,318.92160626901773
1.1200000000000006,0.000675,319.3670609634443
1.1400000000000006,0.000675,319.7977470716557
1.1600000000000006,0.000675,320.21370096853144
1.1800000000000006,0.000675,320.6150330917887
1.2000000000000006,0.000675,321.00191549392906
1.2200000000000006,0.000675,321.3749157997692
1.2400000000000007,0.000675,321.73436393538014
1.2600000000000007,0.000675,322.07999954293325
1.2800000000000007,0.000675,322.4121604044929
1.3000000000000007,0.000675,322.7313025916356
1.3200000000000007,0.000675,323.0376907597461
1.3400000000000007,0.000675,323.331779050847
1.3600000000000008,0.000675,323.61388706425623
1.3800000000000008,0.000675,323.88442824929194
1.4000000000000008,0.000675,324.14375962957047
1.4200000000000008,0.000675,324.3922621577036
1.4400000000000008,0.000675,324.63030562016667
1.4600000000000009,0.000675,324.8582475108617
1.4800000000000009,0.000675,325.07645299629723
1.5000000000000009,0.000675,325.28526161977254
1.5200000000000007,0.000675,325.4850233270252
1.5400000000000007,0.000675,325.6760625228649
1.5600000000000007,0.000675,325.8587080973038
1.5800000000000007,0.000675,326.03327054866685
1.6000000000000008,0.000675,326.20005498471477
1.6200000000000008,0.000675,326.35935841428255
1.6400000000000008,0.000675,326.5114613917941
1.6600000000000008,0.000675,326.6566474922187
1.6800000000000008,0.000675,326.795173135821
1.7000000000000006,0.000675,326.9273084082102
1.7200000000000006,0.000675,327.05328670623686
1.7400000000000007,0.000675,327.1733645882051
1.7600000000000007,0.000675,327.28775390850797
1.7800000000000007,0.000675,327.39669773667845
1.8000000000000007,0.000675,327.5003880312992
1.8200000000000007,0.000675,327.5990545084188
1.8400000000000007,0.000675,327.6928709153735
1.8600000000000008,0.000675,327.7820538464853
1.8800000000000008,0.000675,327.8667604828295
1.9000000000000008,0.000675,327.9471946148825
0.7000000000000003,0.00069375,307.5677855950476
0.7200000000000003,0.00069375,308.14305840648376
0.7400000000000003,0.00069375,308.7217335925713
0.7600000000000003,0.00069375,309.30298862819853
0.7800000000000004,0.00069375,309.8860628577039
0.8000000000000004,0.00069375,310.4702308730153
0.8200000000000004,0.00069375,311.05475046400693
0.8400000000000003,0.00069375,311.63878601437733
0.8600000000000003,0.00069375,312.2213324433719
0.8800000000000003,0.00069375,312.80117931082356
0.9000000000000004,0.00069375,313.3769375556437
0.9200000000000004,0.00069375,313.9471148139047
0.9400000000000004,0.00069375,314.51020488874804
0.9600000000000004,0.00069375,315.0647650764436
0.9800000000000004,0.00069375,315.6094721497267
1.0000000000000004,0.00069375,316.1431572168516
1.0200000000000005,0.00069375,316.66482273642725
1.0400000000000005,0.00069375,317.1736461306303
1.0600000000000005,0.00069375,317.66897425649387
1.0800000000000005,0.00069375,318.15031210568065
1.1000000000000005,0.00069375,318.61730829375097
1.1200000000000006,0.00069375,319.0697391614665
1.1400000000000006,0.00069375,319.5074926975383
1.1600000000000006,0.00069375,319.93055306134903
1.1800000000000006,0.00069375,320.3389861610673
1.2000000000000006,0.00069375,320.73292652115293
1.2200000000000006,0.00069375,321.1131694200784
1.2400000000000007,0.00069375,321.4797348414254
1.2600000000000007,0.00069375,321.8321088938897
1.2800000000000007,0.00069375,322.17096139410336
1.3000000000000007,0.00069375,322.4965748781171
1.3200000000000007,0.00069375,322.80928015941
1.3400000000000007,0.00069375,323.1095225246005
1.3600000000000008,0.00069375,323.3975837349629
1.3800000000000008,0.00069375,323.6739308434448
1.4000000000000008,0.00069375,323.938855444357
1.4200000000000008,0.00069375,324.19280437149547
1.4400000000000008,0.00069375,324.436086902266
1.4600000000000009,0.00069375,324.6691169728331
1.4800000000000009,0.00069375,324.8922166766301
1.5000000000000009,0.00069375,325.1057644458148
1.5200000000000007,0.00069375,325.3100879739689
1.5400000000000007,0.00069375,325.5055312647749
1.5600000000000007,0.00069375,325.6924210525722
1.5800000000000007,0.00069375,325.8710693099191
1.6000000000000008,0.00069375,326.04179664563645
1.6200000000000008,0.00069375,326.20488578364075
1.6400000000000008,0.00069375,326.3606474384613
1.6600000000000008,0.00069375,326.50933786637853
1.6800000000000008,0.00069375,326.6512553047616
1.7000000000000006,0.00069375,326.7866321634008
1.7200000000000006,0.00069375,326.9157525580299
1.7400000000000007,0.00069375,327.0388274546941
1.7600000000000007,0.00069375,327.15612591793115
1.7800000000000007,0.00069375,327.267839640963
1.8000000000000007,0.00069375,327.3742222385479
1.8200000000000007,0.00069375,327.4754480772559
1.8400000000000007,0.00069375,327.5717553095849
1.8600000000000008,0.00069375,327.66330271282584
1.8800000000000008,0.00069375,327.75031323944324
1.9000000000000008,0.00069375,327.83293162524467
0.7000000000000003,0.0007125,307.32173045961196
0.7200000000000003,0.0007125,307.8939416605376
0.7400000000000003,0.0007125,308.4698994134716
0.7600000000000003,0.0007125,309.0487540738931
0.7800000000000004,0.0007125,309.6297224019419
0.8000000000000004,0.0007125,310.2120666450487
0.8200000000000004,0.0007125,310.7950524537915
0.8400000000000003,0.0007125,311.3778820397506
0.8600000000000003,0.0007125,311.95961832231
0.8800000000000003,0.0007125,312.53913390726444
0.9000000000000004,0.0007125,313.1151136591195
0.9200000000000004,0.0007125,313.6861107264782
0.9400000000000004,0.0007125,314.2506297058899
0.9600000000000004,0.0007125,314.80720799299394
0.9800000000000004,0.0007125,315.354479752651
1.0000000000000004,0.0007125,315.8912189662033
1.0200000000000005,0.0007125,316.4163634744122
1.0400000000000005,0.0007125,316.9290239356208
1.0600000000000005,0.0007125,317.42848199628065
1.0800000000000005,0.0007125,317.91418136352996
1.1000000000000005,0.0007125,318.3857146507125
1.1200000000000006,0.0007125,318.84280810652325
1.1400000000000006,0.0007125,319.285305676442
1.1600000000000006,0.0007125,319.7131533462517
1.1800000000000006,0.0007125,320.12638435181617
1.2000000000000006,0.0007125,320.5251055774315
1.2200000000000006,0.0007125,320.9105448501387
1.2400000000000007,0.0007125,321.28194147445
1.2600000000000007,0.0007125,321.63885560913513
1.2800000000000007,0.0007125,321.98232595905847
1.3000000000000007,0.0007125,322.31229616360173
1.3200000000000007,0.0007125,322.6293551334198
1.3400000000000007,0.0007125,322.9337722112696
1.3600000000000008,0.0007125,323.22591606778525
1.3800000000000008,0.0007125,323.5062348988247
1.4000000000000008,0.0007125,323.77497491886413
1.4200000000000008,0.0007125,324.03267809768937
1.4400000000000008,0.0007125,324.2795172471091
1.4600000000000009,0.0007125,324.5160777720157
1.4800000000000009,0.0007125,324.74248626124876
1.5000000000000009,0.0007125,324.9593407693651
1.5200000000000007,0.0007125,325.16673770378003
1.5400000000000007,0.0007125,325.36526864371734
1.5600000000000007,0.0007125,325.55500971258033
1.5800000000000007,0.0007125,325.7365341959556
1.6000000000000008,0.0007125,325.9099042474043
1.6200000000000008,0.0007125,326.07566777058844
1.6400000000000008,0.0007125,326.23387708281757
1.6600000000000008,0.0007125,326.3850507368062
1.6800000000000008,0.0007125,326.52923397461075
1.7000000000000006,0.0007125,326.6669141022453
1.7200000000000006,0.0007125,326.7981311598213
1.7400000000000007,0.0007125,326.923340687458
1.7600000000000007,0.0007125,327.0425788099755
1.7800000000000007,0.0007125,327.15626968723666
1.8000000000000007,0.0007125,327.2644464210021
1.8200000000000007,0.0007125,327.3675027587284
1.8400000000000007,0.0007125,327.46546940258344
1.8600000000000008,0.0007125,327.5587110159151
1.8800000000000008,0.0007125,327.6472563397357
1.9000000000000008,0.0007125,327.731442489434
0.7000000000000003,0.00073125,307.16571352814776
0.7200000000000003,0.00073125,307.7355310406413
0.7400000000000003,0.00073125,308.3092999607061
0.7600000000000003,0.00073125,308.8861549905982
0.7800000000000004,0.00073125,309.4652997102589
0.8000000000000004,0.00073125,310.04598882205937
0.8200000000000004,0.00073125,310.62749182913194
0.8400000000000003,0.00073125,311.20903230317833
0.8600000000000003,0.00073125,311.78971309050155
0.8800000000000003,0.00073125,312.36845728106414
0.9000000000000004,0.00073125,312.9439965421123
0.9200000000000004,0.00073125,313.51491483225993
0.9400000000000004,0.00073125,314.079726804399
0.9600000000000004,0.00073125,314.63696101763645
0.9800000000000004,0.00073125,315.18522854627685
1.0000000000000004,0.00073125,315.7232709424468
1.0200000000000005,0.00073125,316.2499885670537
1.0400000000000005,0.00073125,316.7644528606295
1.0600000000000005,0.00073125,317.26590683141166
1.0800000000000005,0.00073125,317.7537576345275
1.1000000000000005,0.00073125,318.22756430011844
1.1200000000000006,0.00073125,318.6870228918505
1.1400000000000006,0.00073125,319.13195069187645
1.1600000000000006,0.00073125,319.5622704676258
1.1800000000000006,0.00073125,319.97799548324326
1.2000000000000006,0.00073125,320.3792156336678
1.2200000000000006,0.00073125,320.7679396575571
1.2400000000000007,0.00073125,321.1416339659739
1.2600000000000007,0.00073125,321.50103771066455
1.2800000000000007,0.00073125,321.8469427969722
1.3000000000000007,0.00073125,322.1791603388705
1.3200000000000007,0.00073125,322.49862963862057
1.3400000000000007,0.00073125,322.8051336822166
1.3600000000000008,0.00073125,323.09960317860674
1.3800000000000008,0.00073125,323.3818729532708
1.4000000000000008,0.00073125,323.65282667959514
1.4200000000000008,0.00073125,323.9123552408465
1.4400000000000008,0.00073125,324.1612839771428
1.4600000000000009,0.00073125,324.39955093161524
1.4800000000000009,0.00073125,324.6279207681483
1.5000000000000009,0.00073125,324.84636841128923
1.5200000000000007,0.00073125,325.05559902969685
1.5400000000000007,0.00073125,325.25561539164255
1.5600000000000007,0.00073125,325.44706588393143
1.5800000000000007,0.00073125,325.6299737834263
1.6000000000000008,0.00073125,325.80493408976844
1.6200000000000008,0.00073125,325.9719848329359
1.6400000000000008,0.00073125,326.13167128449805
1.6600000000000008,0.00073125,326.28404178791214
1.6800000000000008,0.00073125,326.4295955849287
1.7000000000000006,0.00073125,326.5683879415854
1.7200000000000006,0.00073125,326.70087567933376
1.7400000000000007,0.00073125,326.8271184144574
1.7600000000000007,0.00073125,326.94753399609687
1.7800000000000007,0.00073125,327.06218445075757
1.8000000000000007,0.00073125,327.17145190235647
1.8200000000000007,0.00073125,327.27539933356996
1.8400000000000007,0.00073125,327.37437617094355
1.8600000000000008,0.00073125,327.46844527194145
1.8800000000000008,0.00073125,327.5579261694118
1.9000000000000008,0.00073125,327.6428807997902
0.7000000000000003,0.00075,307.0993437630818
0.7200000000000003,0.00075,307.66746830351536
0.7400000000000003,0.00075,308.2396072588976
0.7600000000000003,0.00075,308.81489138620253
0.7800000000000004,0.00075,309.3925210107302
0.8000000000000004,0.00075,309.97174931001217
0.8200000000000004,0.00075,310.55184793656235
0.8400000000000003,0.00075,311.1320484635362
0.8600000000000003,0.00075,311.7114682172031
0.8800000000000003,0.00075,312.28904883441146
0.9000000000000004,0.00075,312.8635398857227
0.9200000000000004,0.00075,313.4335382660127
0.9400000000000004,0.00075,313.9975647116042
0.9600000000000004,0.00075,314.5541474179735
0.9800000000000004,0.00075,315.1018920820499
1.0000000000000004,0.00075,315.63953144869225
1.0200000000000005,0.00075,316.1659550546952
1.0400000000000005,0.00075,316.68022261390155
1.0600000000000005,0.00075,317.18156530064095
1.0800000000000005,0.00075,317.6693788600439
1.1000000000000005,0.00075,318.1432116621039
1.1200000000000006,0.00075,318.6027500344625
1.1400000000000006,0.00075,319.04780251814356
1.1600000000000006,0.00075,319.47828413594397
1.1800000000000006,0.00075,319.89420136222145
1.2000000000000006,0.00075,320.29563819053584
1.2200000000000006,0.00075,320.68599779156926
1.2400000000000007,0.00075,321.0588403095091
1.2600000000000007,0.00075,321.4194227638857
1.2800000000000007,0.00075,321.7647510828138
1.3000000000000007,0.00075,322.0979541801925
1.3200000000000007,0.00075,322.417014247074
1.3400000000000007,0.00075,322.72437425240156
1.3600000000000008,0.00075,323.0185495814014
1.3800000000000008,0.00075,323.3015760473482
1.4000000000000008,0.00075,323.5723188044074
1.4200000000000008,0.00075,323.83252325760435
1.4400000000000008,0.00075,324.08130288365186
1.4600000000000009,0.00075,324.3201777468079
1.4800000000000009,0.00075,324.548445275414
1.5000000000000009,0.00075,324.7674424620308
1.5200000000000007,0.00075,324.976606614714
1.5400000000000007,0.00075,325.1771217493334
1.5600000000000007,0.00075,325.3685334753907
1.5800000000000007,0.00075,325.5518955816243
1.6000000000000008,0.00075,325.7268386817208
1.6200000000000008,0.00075,325.8943042560062
1.6400000000000008,0.00075,326.05399037818046
1.6600000000000008,0.00075,326.20674075154307
1.6800000000000008,0.00075,326.35230748903115
1.7000000000000006,0.00075,326.49144855460077
1.7200000000000006,0.00075,326.62395970106263
1.7400000000000007,0.00075,326.75052328493257
1.7600000000000007,0.00075,326.87097055115174
1.7800000000000007,0.00075,326.98591688144853
1.8000000000000007,0.00075,327.09522256636467
1.8200000000000007,0.00075,327.19944343899704
1.8400000000000007,0.00075,327.2984636896471
1.8600000000000008,0.00075,327.392786040404
1.8800000000000008,0.00075,327.48231444055256
1.9000000000000008,0.00075,327.5675041170661
