时间 (s),薄膜厚度 (m),温度 (K)
6.900000000000004,0.0,390.0
6.9200000000000035,0.0,386.07433152778935
6.940000000000004,0.0,386.09530664718693
6.9600000000000035,0.0,384.2008757952131
6.980000000000004,0.0,384.2087392198652
7.0000000000000036,0.0,382.8381920186323
7.020000000000004,0.0,382.8393160858987
7.040000000000004,0.0,381.7471815101973
7.060000000000004,0.0,381.7338988735742
7.080000000000004,0.0,380.82366210847823
7.100000000000004,0.0,380.796284687216
7.120000000000004,0.0,380.0174657512314
7.140000000000004,0.0,379.97775251379153
7.160000000000004,0.0,379.29959496919264
7.180000000000004,0.0,379.2495929556581
7.200000000000004,0.0,378.6515346585402
7.220000000000004,0.0,378.5931948452375
7.240000000000004,0.0,378.06061183207754
7.260000000000004,0.0,377.9956593555133
7.280000000000004,0.0,377.51768317854686
7.300000000000004,0.0,377.44758990431757
7.320000000000004,0.0,377.0158729344875
7.340000000000004,0.0,376.94187123679177
7.360000000000004,0.0,376.54983518526024
7.380000000000004,0.0,376.4729460091812
7.400000000000004,0.0,376.11529808423273
7.420000000000004,0.0,376.0363615563588
7.440000000000004,0.0,375.70876893983655
7.460000000000004,0.0,375.628472830865
7.480000000000004,0.0,375.32733593617536
7.500000000000004,0.0,375.24624048075015
7.520000000000004,0.0,374.96853057635707
7.5400000000000045,0.0,374.8870895205156
7.560000000000004,0.0,374.63022979324387
7.5800000000000045,0.0,374.548808046769
7.600000000000004,0.0,374.31058482429086
7.6200000000000045,0.0,374.22947322360403
7.640000000000004,0.0,374.0079686196381
7.660000000000005,0.0,373.92739628491574
7.680000000000004,0.0,373.72093634808425
7.700000000000005,0.0,373.64108104884633
7.720000000000004,0.0,373.44819530801146
7.740000000000005,0.0,373.36919217694594
7.760000000000004,0.0,373.1885816776189
7.780000000000005,0.0,373.11053054752114
7.800000000000004,0.0,372.9410422915682
7.820000000000005,0.0,372.86401387808587
7.840000000000004,0.0,372.70462014682613
7.860000000000005,0.0,372.62866125889934
7.880000000000004,0.0,372.4784427006561
7.900000000000004,0.0,372.4035806288302
7.920000000000004,0.0,372.26171227896486
7.940000000000005,0.0,372.1879584868409
7.960000000000004,0.0,372.0536980959487
7.980000000000004,0.0,371.98105132015803
8.000000000000004,0.0,371.85372951778834
8.020000000000005,0.0,371.7821783657199
8.040000000000004,0.0,371.66119029870123
8.060000000000004,0.0,371.5907154198616
8.080000000000005,0.0,371.4755135872283
8.100000000000005,0.0,371.40608948293476
6.900000000000004,1.8750000000000002e-05,389.09442548532553
6.9200000000000035,1.8750000000000002e-05,386.87448992264905
6.940000000000004,1.8750000000000002e-05,385.62626184536305
6.9600000000000035,1.8750000000000002e-05,384.85008866292554
6.980000000000004,1.8750000000000002e-05,383.89712050960935
7.0000000000000036,1.8750000000000002e-05,383.3988665676997
7.020000000000004,1.8750000000000002e-05,382.62007521313507
7.040000000000004,1.8750000000000002e-05,382.24333505198535
7.060000000000004,1.8750000000000002e-05,381.58037151749
7.080000000000004,1.8750000000000002e-05,381.27016280992865
7.100000000000004,1.8750000000000002e-05,380.6926640777431
7.120000000000004,1.8750000000000002e-05,380.4244178552252
7.140000000000004,1.8750000000000002e-05,379.9134926554697
7.160000000000004,1.8750000000000002e-05,379.67431400133694
7.180000000000004,1.8750000000000002e-05,379.2171573491443
7.200000000000004,1.8750000000000002e-05,378.9995387985812
7.220000000000004,1.8750000000000002e-05,378.5869543545915
7.240000000000004,1.8750000000000002e-05,378.38618438485014
7.260000000000004,1.8750000000000002e-05,378.01127769311034
7.280000000000004,1.8750000000000002e-05,377.8242209941828
7.300000000000004,1.8750000000000002e-05,377.48164878027944
7.320000000000004,1.8750000000000002e-05,377.30611601431974
7.340000000000004,1.8750000000000002e-05,376.9916266385359
7.360000000000004,1.8750000000000002e-05,376.8260248463692
7.380000000000004,1.8750000000000002e-05,376.5361621921621
7.400000000000004,1.8750000000000002e-05,376.37928954554826
7.420000000000004,1.8750000000000002e-05,376.11119394217803
7.440000000000004,1.8750000000000002e-05,375.96211352584635
7.460000000000004,1.8750000000000002e-05,375.7133831266618
7.480000000000004,1.8750000000000002e-05,375.57134234805704
7.500000000000004,1.8750000000000002e-05,375.3399337909282
7.520000000000004,1.8750000000000002e-05,375.20431136647943
7.5400000000000045,1.8750000000000002e-05,374.98846689329355
7.560000000000004,1.8750000000000002e-05,374.85873716078976
7.5800000000000045,1.8750000000000002e-05,374.6569300996624
7.600000000000004,1.8750000000000002e-05,374.5326385672458
7.6200000000000045,1.8750000000000002e-05,374.3435318709931
7.640000000000004,1.8750000000000002e-05,374.2242782360842
7.660000000000005,1.8750000000000002e-05,374.04669248592063
7.680000000000004,1.8750000000000002e-05,373.93211871215726
7.700000000000005,1.8750000000000002e-05,373.7650070917455
7.720000000000004,1.8750000000000002e-05,373.65478895545715
7.740000000000005,1.8750000000000002e-05,373.4972174255027
7.760000000000004,1.8750000000000002e-05,373.3910584626736
7.780000000000005,1.8750000000000002e-05,373.2421898599856
7.800000000000004,1.8750000000000002e-05,373.13981698288654
7.820000000000005,1.8750000000000002e-05,372.9988981120309
7.840000000000004,1.8750000000000002e-05,372.9000583905915
7.860000000000005,1.8750000000000002e-05,372.7664094205649
7.880000000000004,1.8750000000000002e-05,372.67086767735265
7.900000000000004,1.8750000000000002e-05,372.5438733315887
7.920000000000004,1.8750000000000002e-05,372.45141030542214
7.940000000000005,1.8750000000000002e-05,372.33051246134823
7.960000000000004,1.8750000000000002e-05,372.24092336853283
7.980000000000004,1.8750000000000002e-05,372.1256147767152
8.000000000000004,1.8750000000000002e-05,372.03870815068996
8.020000000000005,1.8750000000000002e-05,371.9285270528607
8.040000000000004,1.8750000000000002e-05,371.84412377943033
8.060000000000004,1.8750000000000002e-05,371.7386492561222
8.080000000000005,1.8750000000000002e-05,371.6565817470004
8.100000000000005,1.8750000000000002e-05,371.55542966391283
6.900000000000004,3.7500000000000003e-05,388.21112591603486
6.9200000000000035,3.7500000000000003e-05,386.9278783016547
6.940000000000004,3.7500000000000003e-05,385.5464301959853
6.9600000000000035,3.7500000000000003e-05,384.83245292797307
6.980000000000004,3.7500000000000003e-05,383.9860574663583
7.0000000000000036,3.7500000000000003e-05,383.37140888364263
7.020000000000004,3.7500000000000003e-05,382.77452189027673
7.040000000000004,3.7500000000000003e-05,382.2197831587298
7.060000000000004,3.7500000000000003e-05,381.76559084783395
7.080000000000004,3.7500000000000003e-05,381.2560480083379
7.100000000000004,3.7500000000000003e-05,380.8928769376336
7.120000000000004,3.7500000000000003e-05,380.4217787746969
7.140000000000004,3.7500000000000003e-05,380.12055162986366
7.160000000000004,3.7500000000000003e-05,379.68366735660476
7.180000000000004,3.7500000000000003e-05,379.426550376816
7.200000000000004,3.7500000000000003e-05,379.0206893047932
7.220000000000004,3.7500000000000003e-05,378.7960971214021
7.240000000000004,3.7500000000000003e-05,378.41859499305406
7.260000000000004,3.7500000000000003e-05,378.218683429037
7.280000000000004,3.7500000000000003e-05,377.8671970859391
7.300000000000004,3.7500000000000003e-05,377.68648562310426
7.320000000000004,3.7500000000000003e-05,377.3589025514187
7.340000000000004,3.7500000000000003e-05,377.19346511638383
7.360000000000004,3.7500000000000003e-05,376.887859291095
7.380000000000004,3.7500000000000003e-05,376.73482379400315
7.400000000000004,3.7500000000000003e-05,376.44943082519313
7.420000000000004,3.7500000000000003e-05,376.3066569419568
7.440000000000004,3.7500000000000003e-05,376.0398574210881
7.460000000000004,3.7500000000000003e-05,375.9057224915079
7.480000000000004,3.7500000000000003e-05,375.65602897065344
7.500000000000004,3.7500000000000003e-05,375.5292821900991
7.520000000000004,3.7500000000000003e-05,375.295327972966
7.5400000000000045,3.7500000000000003e-05,375.1749891711781
7.560000000000004,3.7500000000000003e-05,374.9555182269825
7.5800000000000045,3.7500000000000003e-05,374.8408065374479
7.600000000000004,3.7500000000000003e-05,374.6346642891441
7.6200000000000045,3.7500000000000003e-05,374.52494727956844
7.640000000000004,3.7500000000000003e-05,374.3310721707403
7.660000000000005,3.7500000000000003e-05,374.225829209943
7.680000000000004,3.7500000000000003e-05,374.043244996281
7.700000000000005,3.7500000000000003e-05,373.9420406527977
7.720000000000004,3.7500000000000003e-05,373.76984936866427
7.740000000000005,3.7500000000000003e-05,373.6723139486255
7.760000000000004,3.7500000000000003e-05,373.50968949552833
7.780000000000005,3.7500000000000003e-05,373.4155047015889
7.800000000000004,3.7500000000000003e-05,373.26168700295
7.820000000000005,3.7500000000000003e-05,373.1705752903986
7.840000000000004,3.7500000000000003e-05,373.02486495776566
7.860000000000005,3.7500000000000003e-05,372.93658157455377
7.880000000000004,3.7500000000000003e-05,372.79833503370105
7.900000000000004,3.7500000000000003e-05,372.71266201843633
7.920000000000004,3.7500000000000003e-05,372.58128704856773
7.940000000000005,3.7500000000000003e-05,372.49802866349404
7.960000000000004,3.7500000000000003e-05,372.372980308015
7.980000000000004,3.7500000000000003e-05,372.29195952853007
8.000000000000004,3.7500000000000003e-05,372.17273634098984
8.020000000000005,3.7500000000000003e-05,372.09379212676066
8.040000000000004,3.7500000000000003e-05,371.97993272022813
8.060000000000004,3.7500000000000003e-05,371.9029178674962
8.080000000000005,3.7500000000000003e-05,371.79399773970437
8.100000000000005,3.7500000000000003e-05,371.71877716821143
6.900000000000004,5.6250000000000005e-05,387.2965104571592
6.9200000000000035,5.6250000000000005e-05,386.60678948974265
6.940000000000004,5.6250000000000005e-05,385.40164497958204
6.9600000000000035,5.6250000000000005e-05,384.66755029707014
6.980000000000004,5.6250000000000005e-05,383.9395738642467
7.0000000000000036,5.6250000000000005e-05,383.3067102994516
7.020000000000004,5.6250000000000005e-05,382.75647577629246
7.040000000000004,5.6250000000000005e-05,382.2191211310893
7.060000000000004,5.6250000000000005e-05,381.7606030915773
7.080000000000004,5.6250000000000005e-05,381.29866228933787
7.100000000000004,5.6250000000000005e-05,380.8969459201309
7.120000000000004,5.6250000000000005e-05,380.4944204241427
7.140000000000004,5.6250000000000005e-05,380.13268420925004
7.160000000000004,5.6250000000000005e-05,379.7775094383155
7.180000000000004,5.6250000000000005e-05,379.4465530795609
7.200000000000004,5.6250000000000005e-05,379.12968129776687
7.220000000000004,5.6250000000000005e-05,378.82392173205335
7.240000000000004,5.6250000000000005e-05,378.53850394441696
7.260000000000004,5.6250000000000005e-05,378.2542369501171
7.280000000000004,5.6250000000000005e-05,377.9950165310636
7.300000000000004,5.6250000000000005e-05,377.72958998074694
7.320000000000004,5.6250000000000005e-05,377.49247275578136
7.340000000000004,5.6250000000000005e-05,377.2438644096513
7.360000000000004,5.6250000000000005e-05,377.02561536361304
7.380000000000004,5.6250000000000005e-05,376.79220391088865
7.400000000000004,5.6250000000000005e-05,376.5902314161829
7.420000000000004,5.6250000000000005e-05,376.37066552723167
7.440000000000004,5.6250000000000005e-05,376.1828659029379
7.460000000000004,5.6250000000000005e-05,375.97598564683034
7.480000000000004,5.6250000000000005e-05,375.8006297303003
7.500000000000004,5.6250000000000005e-05,375.6054173240176
7.520000000000004,5.6250000000000005e-05,375.4410667142178
7.5400000000000045,5.6250000000000005e-05,375.25661442811753
7.560000000000004,5.6250000000000005e-05,375.10205898304673
7.5800000000000045,5.6250000000000005e-05,374.9275474791617
7.600000000000004,5.6250000000000005e-05,374.78175822994547
7.6200000000000045,5.6250000000000005e-05,374.61644146277956
7.640000000000004,5.6250000000000005e-05,374.478534829371
7.660000000000005,5.6250000000000005e-05,374.32172919364393
7.680000000000004,5.6250000000000005e-05,374.1909395590805
7.700000000000005,5.6250000000000005e-05,374.04201585080176
7.720000000000004,5.6250000000000005e-05,373.91767436410356
7.740000000000005,5.6250000000000005e-05,373.77605164148673
7.760000000000004,5.6250000000000005e-05,373.6575696931089
7.780000000000005,5.6250000000000005e-05,373.52271044180884
7.800000000000004,5.6250000000000005e-05,373.4095666662075
7.820000000000005,5.6250000000000005e-05,373.28097287396633
7.840000000000004,5.6250000000000005e-05,373.1727028309461
7.860000000000005,5.6250000000000005e-05,373.04991270658303
7.880000000000004,5.6250000000000005e-05,372.94610060983825
7.900000000000004,5.6250000000000005e-05,372.8286857672355
7.920000000000004,5.6250000000000005e-05,372.7289577876939
7.940000000000005,5.6250000000000005e-05,372.6165207728142
7.960000000000004,5.6250000000000005e-05,372.5205395618265
7.980000000000004,5.6250000000000005e-05,372.4127116395618
8.000000000000004,5.6250000000000005e-05,372.32017180407627
8.020000000000005,5.6250000000000005e-05,372.216610948001
8.040000000000004,5.6250000000000005e-05,372.1272352745954
8.060000000000004,5.6250000000000005e-05,372.0276243205762
8.080000000000005,5.6250000000000005e-05,371.9411605935656
8.100000000000005,5.6250000000000005e-05,371.8452055302575
6.900000000000004,7.500000000000001e-05,386.4179503605055
6.9200000000000035,7.500000000000001e-05,386.02300359731726
6.940000000000004,7.500000000000001e-05,385.1445722636953
6.9600000000000035,7.500000000000001e-05,384.38376428715725
6.980000000000004,7.500000000000001e-05,383.78333894030084
7.0000000000000036,7.500000000000001e-05,383.1536345025836
7.020000000000004,7.500000000000001e-05,382.6543124544438
7.040000000000004,7.500000000000001e-05,382.13410218032453
7.060000000000004,7.500000000000001e-05,381.69729757494144
7.080000000000004,7.500000000000001e-05,381.25419883122294
7.100000000000004,7.500000000000001e-05,380.8642780535883
7.120000000000004,7.500000000000001e-05,380.4765148508846
7.140000000000004,7.500000000000001e-05,380.12494108350154
7.160000000000004,7.500000000000001e-05,379.7783896649005
7.180000000000004,7.500000000000001e-05,379.4593754011917
7.200000000000004,7.500000000000001e-05,379.1447409021861
7.220000000000004,7.500000000000001e-05,378.85385994013546
7.240000000000004,7.500000000000001e-05,378.5648598753275
7.260000000000004,7.500000000000001e-05,378.29851510577345
7.280000000000004,7.500000000000001e-05,378.03077303631846
7.300000000000004,7.500000000000001e-05,377.7859524519295
7.320000000000004,7.500000000000001e-05,377.5363226468987
7.340000000000004,7.500000000000001e-05,377.3104656320914
7.360000000000004,7.500000000000001e-05,377.0766137594815
7.380000000000004,7.500000000000001e-05,376.867525071181
7.400000000000004,7.500000000000001e-05,376.64766257010234
7.420000000000004,7.500000000000001e-05,376.45344997815045
7.440000000000004,7.500000000000001e-05,376.24616253565443
7.460000000000004,7.500000000000001e-05,376.065188156771
7.480000000000004,7.500000000000001e-05,375.8693230852239
7.500000000000004,7.500000000000001e-05,375.700163887596
7.520000000000004,7.500000000000001e-05,375.51475513667043
7.5400000000000045,7.500000000000001e-05,375.3561702892287
7.560000000000004,7.500000000000001e-05,375.1803879376503
7.5800000000000045,7.500000000000001e-05,375.03129160441824
7.600000000000004,7.500000000000001e-05,374.86440750734425
7.6200000000000045,7.500000000000001e-05,374.72384610805886
7.640000000000004,7.500000000000001e-05,374.5652103259458
7.660000000000005,7.500000000000001e-05,374.4323435030667
7.680000000000004,7.500000000000001e-05,374.2813679838822
7.700000000000005,7.500000000000001e-05,374.1554526533767
7.720000000000004,7.500000000000001e-05,374.011599821155
7.740000000000005,7.500000000000001e-05,373.8919767865707
7.760000000000004,7.500000000000001e-05,373.7547514596447
7.780000000000005,7.500000000000001e-05,373.64083415300087
7.800000000000004,7.500000000000001e-05,373.5097777255705
7.820000000000005,7.500000000000001e-05,373.40104271046937
7.840000000000004,7.500000000000001e-05,373.2757288734103
7.860000000000005,7.500000000000001e-05,373.1717078075567
7.880000000000004,7.500000000000001e-05,373.05173931595164
7.900000000000004,7.500000000000001e-05,372.9520121229364
7.920000000000004,7.500000000000001e-05,372.8370182754966
7.940000000000005,7.500000000000001e-05,372.74120732010624
7.960000000000004,7.500000000000001e-05,372.63084192341125
7.980000000000004,7.500000000000001e-05,372.5386070216943
8.000000000000004,7.500000000000001e-05,372.4325466859482
8.020000000000005,7.500000000000001e-05,372.3435808118035
8.040000000000004,7.500000000000001e-05,372.24152347525586
8.060000000000004,7.500000000000001e-05,372.15554905032405
8.080000000000005,7.500000000000001e-05,372.0572126639527
8.100000000000005,7.500000000000001e-05,371.97397833797874
6.900000000000004,9.375e-05,385.5226888680284
6.9200000000000035,9.375e-05,385.33345404674617
6.940000000000004,9.375e-05,384.71112951244083
6.9600000000000035,9.375e-05,384.0430769591627
6.980000000000004,9.375e-05,383.4908038550555
7.0000000000000036,9.375e-05,382.9431521844788
7.020000000000004,9.375e-05,382.4500682787523
7.040000000000004,9.375e-05,381.990855622009
7.060000000000004,9.375e-05,381.5534784982229
7.080000000000004,9.375e-05,381.15386951938905
7.100000000000004,9.375e-05,380.7639458760009
7.120000000000004,9.375e-05,380.40740253120737
7.140000000000004,9.375e-05,380.05702294510104
7.160000000000004,9.375e-05,379.73383908987626
7.180000000000004,9.375e-05,379.4163651071878
7.200000000000004,9.375e-05,379.12042621936274
7.220000000000004,9.375e-05,378.83053356716016
7.240000000000004,9.375e-05,378.5576757762026
7.260000000000004,9.375e-05,378.2911531626815
7.280000000000004,9.375e-05,378.03833258923515
7.300000000000004,9.375e-05,377.79184872478424
7.320000000000004,9.375e-05,377.55670730539606
7.340000000000004,9.375e-05,377.3276083365307
7.360000000000004,9.375e-05,377.10823668893926
7.380000000000004,9.375e-05,376.89438545755974
7.400000000000004,9.375e-05,376.6891866592362
7.420000000000004,9.375e-05,376.48883979733483
7.440000000000004,9.375e-05,376.296446792673
7.460000000000004,9.375e-05,376.1081622428913
7.480000000000004,9.375e-05,375.92738496626725
7.500000000000004,9.375e-05,375.7499528492615
7.520000000000004,9.375e-05,375.5797425742422
7.5400000000000045,9.375e-05,375.412133597111
7.560000000000004,9.375e-05,375.25155774770246
7.5800000000000045,9.375e-05,375.09288466081676
7.600000000000004,9.375e-05,374.9411082735702
7.6200000000000045,9.375e-05,374.7905969883603
7.640000000000004,9.375e-05,374.64686858668273
7.660000000000005,9.375e-05,374.50383643214934
7.680000000000004,9.375e-05,374.367476941856
7.700000000000005,9.375e-05,374.2313161938242
7.720000000000004,9.375e-05,374.10171002636605
7.740000000000005,9.375e-05,373.97187533369896
7.760000000000004,9.375e-05,373.8484630600896
7.780000000000005,9.375e-05,373.72446175540875
7.800000000000004,9.375e-05,373.6067339776192
7.820000000000005,9.375e-05,373.48811852816
7.840000000000004,9.375e-05,373.3756106727114
7.860000000000005,9.375e-05,373.2619727242953
7.880000000000004,9.375e-05,373.15426056088313
7.900000000000004,9.375e-05,373.04522617297204
7.920000000000004,9.375e-05,372.9419219140649
7.940000000000005,9.375e-05,372.8371476903252
7.960000000000004,9.375e-05,372.73789656456637
7.980000000000004,9.375e-05,372.6370664614208
8.000000000000004,9.375e-05,372.54154367976304
8.020000000000005,9.375e-05,372.4443663326568
8.040000000000004,9.375e-05,372.35227438488954
8.060000000000004,9.375e-05,372.2584808339424
8.080000000000005,9.375e-05,372.1695470668854
8.100000000000005,9.375e-05,372.07888879433517
6.900000000000004,0.00011250000000000001,384.6470206065998
6.9200000000000035,0.00011250000000000001,384.5620369878186
6.940000000000004,0.00011250000000000001,384.16284597205606
6.9600000000000035,0.00011250000000000001,383.60786967521676
6.980000000000004,0.00011250000000000001,383.11992632341673
7.0000000000000036,0.00011250000000000001,382.638697168881
7.020000000000004,0.00011250000000000001,382.18637530501877
7.040000000000004,0.00011250000000000001,381.7625155048592
7.060000000000004,0.00011250000000000001,381.35908665133843
7.080000000000004,0.00011250000000000001,380.9785883593393
7.100000000000004,0.00011250000000000001,380.6178641367019
7.120000000000004,0.00011250000000000001,380.2723816804216
7.140000000000004,0.00011250000000000001,379.9467371928926
7.160000000000004,0.00011250000000000001,379.63075612801396
7.180000000000004,0.00011250000000000001,379.3339389630154
7.200000000000004,0.00011250000000000001,379.0433773343452
7.220000000000004,0.00011250000000000001,378.7706462554981
7.240000000000004,0.00011250000000000001,378.50226167207694
7.260000000000004,0.00011250000000000001,378.2500541801236
7.280000000000004,0.00011250000000000001,378.00117415770063
7.300000000000004,0.00011250000000000001,377.7667737383261
7.320000000000004,0.00011250000000000001,377.53515391802773
7.340000000000004,0.00011250000000000001,377.31643866221145
7.360000000000004,0.00011250000000000001,377.10017467445834
7.380000000000004,0.00011250000000000001,376.8954417067777
7.400000000000004,0.00011250000000000001,376.6929063733633
7.420000000000004,0.00011250000000000001,376.5007523047964
7.440000000000004,0.00011250000000000001,376.31054705069613
7.460000000000004,0.00011250000000000001,376.12978702368923
7.480000000000004,0.00011250000000000001,375.95070278645017
7.500000000000004,0.00011250000000000001,375.78031545761974
7.520000000000004,0.00011250000000000001,375.6113007788118
7.5400000000000045,0.00011250000000000001,375.4503906054427
7.560000000000004,0.00011250000000000001,375.29052550036363
7.5800000000000045,0.00011250000000000001,375.1382965679616
7.600000000000004,0.00011250000000000001,374.9867711471567
7.6200000000000045,0.00011250000000000001,374.84250871664943
7.640000000000004,0.00011250000000000001,374.6986057256405
7.660000000000005,0.00011250000000000001,374.561662966874
7.680000000000004,0.00011250000000000001,374.42474354154774
7.700000000000005,0.00011250000000000001,374.2945317702831
7.720000000000004,0.00011250000000000001,374.1640238140222
7.740000000000005,0.00011250000000000001,374.04000511175127
7.760000000000004,0.00011250000000000001,373.9153937969209
7.780000000000005,0.00011250000000000001,373.79707526549777
7.800000000000004,0.00011250000000000001,373.67789524781927
7.820000000000005,0.00011250000000000001,373.5648243986313
7.840000000000004,0.00011250000000000001,373.450653408026
7.860000000000005,0.00011250000000000001,373.34241435068265
7.880000000000004,0.00011250000000000001,373.23286788617946
7.900000000000004,0.00011250000000000001,373.1290780919496
7.920000000000004,0.00011250000000000001,373.0238050018599
7.940000000000005,0.00011250000000000001,372.92411249080317
7.960000000000004,0.00011250000000000001,372.8227912634371
7.980000000000004,0.00011250000000000001,372.7268721133671
8.000000000000004,0.00011250000000000001,372.62920773938646
8.020000000000005,0.00011250000000000001,372.53676384759405
8.040000000000004,0.00011250000000000001,372.4424851439
8.060000000000004,0.00011250000000000001,372.3532421943573
8.080000000000005,0.00011250000000000001,372.26209950236125
8.100000000000005,0.00011250000000000001,372.1758051055799
6.900000000000004,0.00013125000000000002,383.7759888233473
6.9200000000000035,0.00013125000000000002,383.7601181143115
6.940000000000004,0.00013125000000000002,383.5176166098866
6.9600000000000035,0.00013125000000000002,383.0963101496551
6.980000000000004,0.00013125000000000002,382.67191798476665
7.0000000000000036,0.00013125000000000002,382.2611506889768
7.020000000000004,0.00013125000000000002,381.85370343427127
7.040000000000004,0.00013125000000000002,381.4713823224351
7.060000000000004,0.00013125000000000002,381.1007968899103
7.080000000000004,0.00013125000000000002,380.74942872674006
7.100000000000004,0.00013125000000000002,380.41247286189343
7.120000000000004,0.00013125000000000002,380.0901259063047
7.140000000000004,0.00013125000000000002,379.7816650327058
7.160000000000004,0.00013125000000000002,379.48529296304804
7.180000000000004,0.00013125000000000002,379.2010855955629
7.200000000000004,0.00013125000000000002,378.92760012136733
7.220000000000004,0.00013125000000000002,378.66438203241603
7.240000000000004,0.00013125000000000002,378.41100933710834
7.260000000000004,0.00013125000000000002,378.16623339551137
7.280000000000004,0.00013125000000000002,377.93059447716394
7.300000000000004,0.00013125000000000002,377.70221073566347
7.320000000000004,0.00013125000000000002,377.482298876947
7.340000000000004,0.00013125000000000002,377.268607983861
7.360000000000004,0.00013125000000000002,377.0627344821762
7.380000000000004,0.00013125000000000002,376.8622939856902
7.400000000000004,0.00013125000000000002,376.66903043286277
7.420000000000004,0.00013125000000000002,376.4805939941407
7.440000000000004,0.00013125000000000002,376.29872122638034
7.460000000000004,0.00013125000000000002,376.121197707632
7.480000000000004,0.00013125000000000002,375.9496639865322
7.500000000000004,0.00013125000000000002,375.7820886967281
7.520000000000004,0.00013125000000000002,375.61997672454186
7.5400000000000045,0.00013125000000000002,375.46149034654275
7.560000000000004,0.00013125000000000002,375.3079917437079
7.5800000000000045,0.00013125000000000002,375.15782431675376
7.600000000000004,0.00013125000000000002,375.0122200379803
7.6200000000000045,0.00013125000000000002,374.86967841086306
7.640000000000004,0.00013125000000000002,374.73132373530746
7.660000000000005,0.00013125000000000002,374.5957814977647
7.680000000000004,0.00013125000000000002,374.4640944763053
7.700000000000005,0.00013125000000000002,374.33498372125354
7.720000000000004,0.00013125000000000002,374.2094362086626
7.740000000000005,0.00013125000000000002,374.0862406857759
7.760000000000004,0.00013125000000000002,373.96635129536566
7.780000000000005,0.00013125000000000002,373.8486006466216
7.800000000000004,0.00013125000000000002,373.73392913297766
7.820000000000005,0.00013125000000000002,373.621193985487
7.840000000000004,0.00013125000000000002,373.51133669045544
7.860000000000005,0.00013125000000000002,373.40322443917535
7.880000000000004,0.00013125000000000002,373.297810533809
7.900000000000004,0.00013125000000000002,373.1939616867737
7.920000000000004,0.00013125000000000002,373.0926500143001
7.940000000000005,0.00013125000000000002,372.99273500180686
7.960000000000004,0.00013125000000000002,372.89521137973355
7.980000000000004,0.00013125000000000002,372.7989277501649
8.000000000000004,0.00013125000000000002,372.70490262827855
8.020000000000005,0.00013125000000000002,372.6119725691442
8.040000000000004,0.00013125000000000002,372.52117896814866
8.060000000000004,0.00013125000000000002,372.43134710307334
8.080000000000005,0.00013125000000000002,372.34353877876794
8.100000000000005,0.00013125000000000002,372.2565702005152
6.900000000000004,0.00015000000000000001,382.9165594475532
6.9200000000000035,0.00015000000000000001,382.94156320515236
6.940000000000004,0.00015000000000000001,382.8120246486693
6.9600000000000035,0.00015000000000000001,382.5127680623103
6.980000000000004,0.00015000000000000001,382.1633761998556
7.0000000000000036,0.00015000000000000001,381.8153950711185
7.020000000000004,0.00015000000000000001,381.46216219983773
7.040000000000004,0.00015000000000000001,381.1197006500586
7.060000000000004,0.00015000000000000001,380.78765189125863
7.080000000000004,0.00015000000000000001,380.46568858115376
7.100000000000004,0.00015000000000000001,380.1569758499901
7.120000000000004,0.00015000000000000001,379.8578215322507
7.140000000000004,0.00015000000000000001,379.57106182415157
7.160000000000004,0.00015000000000000001,379.2934692227277
7.180000000000004,0.00015000000000000001,379.02675173365486
7.200000000000004,0.00015000000000000001,378.76866032071905
7.220000000000004,0.00015000000000000001,378.52010506104693
7.240000000000004,0.00015000000000000001,378.27947047736666
7.260000000000004,0.00015000000000000001,378.04734481152553
7.280000000000004,0.00015000000000000001,377.8223539113319
7.300000000000004,0.00015000000000000001,377.6050953492578
7.320000000000004,0.00015000000000000001,377.39418768544397
7.340000000000004,0.00015000000000000001,377.19040094301624
7.360000000000004,0.00015000000000000001,376.99223649156903
7.380000000000004,0.00015000000000000001,376.8006811303753
7.400000000000004,0.00015000000000000001,376.6140997674173
7.420000000000004,0.00015000000000000001,376.4336741922515
7.440000000000004,0.00015000000000000001,376.25766024825236
7.460000000000004,0.00015000000000000001,376.08738495083753
7.480000000000004,0.00015000000000000001,375.92103937007585
7.500000000000004,0.00015000000000000001,375.7600409922126
7.520000000000004,0.00015000000000000001,375.60256031308523
7.5400000000000045,0.00015000000000000001,375.45005730133306
7.560000000000004,0.00015000000000000001,375.30071794316046
7.5800000000000045,0.00015000000000000001,375.156008067856
7.600000000000004,0.00015000000000000001,375.0141545074287
7.6200000000000045,0.00015000000000000001,374.87660423057054
7.640000000000004,0.00015000000000000001,374.7416399545169
7.660000000000005,0.00015000000000000001,374.610675484184
7.680000000000004,0.00015000000000000001,374.4820559037055
7.700000000000005,0.00015000000000000001,374.3571557133767
7.720000000000004,0.00015000000000000001,374.23438246934853
7.740000000000005,0.00015000000000000001,374.11507105100253
7.760000000000004,0.00015000000000000001,373.99768731530685
7.780000000000005,0.00015000000000000001,373.883529951283
7.800000000000004,0.00015000000000000001,373.7711164555729
7.820000000000005,0.00015000000000000001,373.66171482119756
7.840000000000004,0.00015000000000000001,373.55388643030705
7.860000000000005,0.00015000000000000001,373.4488748691961
7.880000000000004,0.00015000000000000001,373.3452775744302
7.900000000000004,0.00015000000000000001,373.24431991685304
7.920000000000004,0.00015000000000000001,373.14462816321765
7.940000000000005,0.00015000000000000001,373.04741498309204
7.960000000000004,0.00015000000000000001,372.95132927024935
7.980000000000004,0.00015000000000000001,372.85757549765447
8.000000000000004,0.00015000000000000001,372.7648202114726
8.020000000000005,0.00015000000000000001,372.6742630350411
8.040000000000004,0.00015000000000000001,372.5845844779021
8.060000000000004,0.00015000000000000001,372.4969814855209
8.080000000000005,0.00015000000000000001,372.41014608109737
8.100000000000005,0.00015000000000000001,372.3252735984769
6.900000000000004,0.00016875,382.06857600800146
6.9200000000000035,0.00016875,382.1202645632904
6.940000000000004,0.00016875,382.0685332832475
6.9600000000000035,0.00016875,381.87331315416253
6.980000000000004,0.00016875,381.60162346681824
7.0000000000000036,0.00016875,381.31427514826504
7.020000000000004,0.00016875,381.0156840448032
7.040000000000004,0.00016875,380.7164093103059
7.060000000000004,0.00016875,380.4226402398617
7.080000000000004,0.00016875,380.1338759280511
7.100000000000004,0.00016875,379.85360046070747
7.120000000000004,0.00016875,379.5807499645186
7.140000000000004,0.00016875,379.3163257116751
7.160000000000004,0.00016875,379.0600087588821
7.180000000000004,0.00016875,378.8115483927159
7.200000000000004,0.00016875,378.571019025383
7.220000000000004,0.00016875,378.337775283796
7.240000000000004,0.00016875,378.11193718254356
7.260000000000004,0.00016875,377.8928642016104
7.280000000000004,0.00016875,377.6805812078597
7.300000000000004,0.00016875,377.47457435773
7.320000000000004,0.00016875,377.2747642583711
7.340000000000004,0.00016875,377.0807597660933
7.360000000000004,0.00016875,376.8924192599889
7.380000000000004,0.00016875,376.7094306101703
7.400000000000004,0.00016875,376.53163812319946
7.420000000000004,0.00016875,376.3587644126704
7.440000000000004,0.00016875,376.1906759576327
7.460000000000004,0.00016875,376.0270986112871
7.480000000000004,0.00016875,375.8679417491045
7.500000000000004,0.00016875,375.7129171476981
7.520000000000004,0.00016875,375.56198473969715
7.5400000000000045,0.00016875,375.41483607869554
7.560000000000004,0.00016875,375.27148037650755
7.5800000000000045,0.00016875,375.1315900776941
7.600000000000004,0.00016875,374.99521730414875
7.6200000000000045,0.00016875,374.86202039136805
7.640000000000004,0.00016875,374.7320858308115
7.660000000000005,0.00016875,374.6050642937964
7.680000000000004,0.00016875,374.48106786519276
7.700000000000005,0.00016875,374.35974589264976
7.720000000000004,0.00016875,374.2412281652071
7.740000000000005,0.00016875,374.12516809436005
7.760000000000004,0.00016875,374.011706702876
7.780000000000005,0.00016875,373.90050554268413
7.800000000000004,0.00016875,373.7917119611846
7.820000000000005,0.00016875,373.68499837068043
7.840000000000004,0.00016875,373.5805150057579
7.860000000000005,0.00016875,373.4779466346167
7.880000000000004,0.00016875,373.37744420321775
7.900000000000004,0.00016875,373.2787053239902
7.920000000000004,0.00016875,373.1818804838997
7.940000000000005,0.00016875,373.08667986308546
7.960000000000004,0.00016875,372.99325306777274
7.980000000000004,0.00016875,372.9013220363783
8.000000000000004,0.00016875,372.8110355891415
8.020000000000005,0.00016875,372.72212628325195
8.040000000000004,0.00016875,372.6347425686098
8.060000000000004,0.00016875,372.5486263176327
8.080000000000005,0.00016875,372.46392619065347
8.100000000000005,0.00016875,372.38039203598777
6.900000000000004,0.0001875,381.2334841630237
6.9200000000000035,0.0001875,381.3031956687277
6.940000000000004,0.0001875,381.3048270462948
6.9600000000000035,0.0001875,381.1929700516178
6.980000000000004,0.0001875,380.9961438170634
7.0000000000000036,0.0001875,380.76741452703527
7.020000000000004,0.0001875,380.52201545131123
7.040000000000004,0.0001875,380.26731972117966
7.060000000000004,0.0001875,380.01221189683537
7.080000000000004,0.0001875,379.7579388814032
7.100000000000004,0.0001875,379.50755302636065
7.120000000000004,0.0001875,379.26193423277624
7.140000000000004,0.0001875,379.02164926718194
7.160000000000004,0.0001875,378.78736496801554
7.180000000000004,0.0001875,378.5589419595889
7.200000000000004,0.0001875,378.3366792970275
7.220000000000004,0.0001875,378.12037778191655
7.240000000000004,0.0001875,377.9100110265555
7.260000000000004,0.0001875,377.7054673700627
7.280000000000004,0.0001875,377.5065162794439
7.300000000000004,0.0001875,377.3131201160276
7.320000000000004,0.0001875,377.12495288932286
7.340000000000004,0.0001875,376.94201108179004
7.360000000000004,0.0001875,376.7639424009969
7.380000000000004,0.0001875,376.59075072756923
7.400000000000004,0.0001875,376.42209114399253
7.420000000000004,0.0001875,376.257965305493
7.440000000000004,0.0001875,376.09804615685846
7.460000000000004,0.0001875,375.9423346911182
7.480000000000004,0.0001875,375.7905201415398
7.500000000000004,0.0001875,375.64260923885246
7.520000000000004,0.0001875,375.49830140662834
7.5400000000000045,0.0001875,375.3576160687619
7.560000000000004,0.0001875,375.22025643910047
7.5800000000000045,0.0001875,375.08625996263174
7.600000000000004,0.0001875,374.95532883526334
7.6200000000000045,0.0001875,374.8275215093963
7.640000000000004,0.0001875,374.7025364472361
7.660000000000005,0.0001875,374.58045387524913
7.680000000000004,0.0001875,374.4609676873937
7.700000000000005,0.0001875,374.3441789293727
7.720000000000004,0.0001875,374.2297774802468
7.740000000000005,0.0001875,374.1178831210235
7.760000000000004,0.0001875,374.0081831223215
7.780000000000005,0.0001875,373.90081332548465
7.800000000000004,0.0001875,373.7954601919426
7.820000000000005,0.0001875,373.69227277922323
7.840000000000004,0.0001875,373.59093858734315
7.860000000000005,0.0001875,373.4916171703278
7.880000000000004,0.0001875,373.39399873620016
7.900000000000004,0.0001875,373.29825091903797
7.920000000000004,0.0001875,373.2040679991791
7.940000000000005,0.0001875,373.11162366483757
7.960000000000004,0.0001875,373.0206172776664
7.980000000000004,0.0001875,372.931226965487
8.000000000000004,0.0001875,372.8431578281145
8.020000000000005,0.0001875,372.75659120666023
8.040000000000004,0.0001875,372.67123828042634
8.060000000000004,0.0001875,372.587282716703
8.080000000000005,0.0001875,372.5044418546528
8.100000000000005,0.0001875,372.4229010785981
6.900000000000004,0.00020625000000000003,380.41241600418823
6.9200000000000035,0.00020625000000000003,380.4952153364244
6.940000000000004,0.00020625000000000003,380.5334404598742
6.9600000000000035,0.00020625000000000003,380.485830946761
6.980000000000004,0.00020625000000000003,380.3564517257539
7.0000000000000036,0.00020625000000000003,380.1839043300051
7.020000000000004,0.00020625000000000003,379.9888966910523
7.040000000000004,0.00020625000000000003,379.7787849851944
7.060000000000004,0.00020625000000000003,379.56226292850306
7.080000000000004,0.00020625000000000003,379.34289047367656
7.100000000000004,0.00020625000000000003,379.12327930571394
7.120000000000004,0.00020625000000000003,378.90555916709957
7.140000000000004,0.00020625000000000003,378.69047282320025
7.160000000000004,0.00020625000000000003,378.4790940760233
7.180000000000004,0.00020625000000000003,378.27169628029907
7.200000000000004,0.00020625000000000003,378.0686856808539
7.220000000000004,0.00020625000000000003,377.8702063728697
7.240000000000004,0.00020625000000000003,377.6763215926601
7.260000000000004,0.00020625000000000003,377.487099116194
7.280000000000004,0.00020625000000000003,377.30245924490316
7.300000000000004,0.00020625000000000003,377.1223993380849
7.320000000000004,0.00020625000000000003,376.9467962640187
7.340000000000004,0.00020625000000000003,376.77558808942666
7.360000000000004,0.00020625000000000003,376.6086481108372
7.380000000000004,0.00020625000000000003,376.445872838823
7.400000000000004,0.00020625000000000003,376.2871431217367
7.420000000000004,0.00020625000000000003,376.1323318905931
7.440000000000004,0.00020625000000000003,375.98132771596187
7.460000000000004,0.00020625000000000003,375.8339941475353
7.480000000000004,0.00020625000000000003,375.6902251476016
7.500000000000004,0.00020625000000000003,375.54988423274756
7.520000000000004,0.00020625000000000003,375.4128691002527
7.5400000000000045,0.00020625000000000003,375.27904833749557
7.560000000000004,0.00020625000000000003,375.1483230510034
7.5800000000000045,0.00020625000000000003,375.02056895310415
7.600000000000004,0.00020625000000000003,374.8956912536946
7.6200000000000045,0.00020625000000000003,374.7735729739255
7.640000000000004,0.00020625000000000003,374.6541246116174
7.660000000000005,0.00020625000000000003,374.53723573150836
7.680000000000004,0.00020625000000000003,374.42282334871885
7.700000000000005,0.00020625000000000003,374.31078247668415
7.720000000000004,0.00020625000000000003,374.201037641129
7.740000000000005,0.00020625000000000003,374.0934882417333
7.760000000000004,0.00020625000000000003,373.9880669428625
7.780000000000005,0.00020625000000000003,373.8846766749493
7.800000000000004,0.00020625000000000003,373.78325848357764
7.820000000000005,0.00020625000000000003,373.6837182345425
7.840000000000004,0.00020625000000000003,373.58600525679975
7.860000000000005,0.00020625000000000003,373.49002799995395
7.880000000000004,0.00020625000000000003,373.39574371386817
7.900000000000004,0.00020625000000000003,373.3030632749887
7.920000000000004,0.00020625000000000003,373.21195131019965
7.940000000000005,0.00020625000000000003,373.1223211012978
7.960000000000004,0.00020625000000000003,373.0341440036136
7.980000000000004,0.00020625000000000003,372.9473357625523
8.000000000000004,0.00020625000000000003,372.86187377206346
8.020000000000005,0.00020625000000000003,372.77767633320354
8.040000000000004,0.00020625000000000003,372.6947261953995
8.060000000000004,0.00020625000000000003,372.612944307112
8.080000000000005,0.00020625000000000003,372.532318129837
8.100000000000005,0.00020625000000000003,372.4527713282958
6.900000000000004,0.00022500000000000002,379.60654650000896
6.9200000000000035,0.00022500000000000002,379.6993562746765
6.940000000000004,0.00022500000000000002,379.762952840048
6.9600000000000035,0.00022500000000000002,379.7636081444876
6.980000000000004,0.00022500000000000002,379.69209908930105
7.0000000000000036,0.00022500000000000002,379.57191976600154
7.020000000000004,0.00022500000000000002,379.4241038004548
7.040000000000004,0.00022500000000000002,379.25712229222285
7.060000000000004,0.00022500000000000002,379.07870599336053
7.080000000000004,0.00022500000000000002,378.89387493328866
7.100000000000004,0.00022500000000000002,378.7053970999912
7.120000000000004,0.00022500000000000002,378.515856849762
7.140000000000004,0.00022500000000000002,378.3265664229247
7.160000000000004,0.00022500000000000002,378.1386944003478
7.180000000000004,0.00022500000000000002,377.95299829457696
7.200000000000004,0.00022500000000000002,377.76995896970743
7.220000000000004,0.00022500000000000002,377.59001363822097
7.240000000000004,0.00022500000000000002,377.4133430257635
7.260000000000004,0.00022500000000000002,377.240167013906
7.280000000000004,0.00022500000000000002,377.0705387089788
7.300000000000004,0.00022500000000000002,376.90453567491187
7.320000000000004,0.00022500000000000002,376.74215107564964
7.340000000000004,0.00022500000000000002,376.5833774915667
7.360000000000004,0.00022500000000000002,376.4281731267154
7.380000000000004,0.00022500000000000002,376.2764851703589
7.400000000000004,0.00022500000000000002,376.1282473459166
7.420000000000004,0.00022500000000000002,375.98338592834244
7.440000000000004,0.00022500000000000002,375.8418167016638
7.460000000000004,0.00022500000000000002,375.7034586756273
7.480000000000004,0.00022500000000000002,375.56821528882796
7.500000000000004,0.00022500000000000002,375.43600516493876
7.520000000000004,0.00022500000000000002,375.3067243901716
7.5400000000000045,0.00022500000000000002,375.18029432746823
7.560000000000004,0.00022500000000000002,375.05660784598604
7.5800000000000045,0.00022500000000000002,374.9355903409688
7.600000000000004,0.00022500000000000002,374.8171345583131
7.6200000000000045,0.00022500000000000002,374.7011704606683
7.640000000000004,0.00022500000000000002,374.58759273566255
7.660000000000005,0.00022500000000000002,374.47633620927695
7.680000000000004,0.00022500000000000002,374.367298702238
7.700000000000005,0.00022500000000000002,374.26042015940345
7.720000000000004,0.00022500000000000002,374.155602068335
7.740000000000005,0.00022500000000000002,374.0527897468001
7.760000000000004,0.00022500000000000002,373.951888441187
7.780000000000005,0.00022500000000000002,373.8528490696085
7.800000000000004,0.00022500000000000002,373.75558046981206
7.820000000000005,0.00022500000000000002,373.660039322945
7.840000000000004,0.00022500000000000002,373.5661377677739
7.860000000000005,0.00022500000000000002,373.47383831775386
7.880000000000004,0.00022500000000000002,373.3830560913196
7.900000000000004,0.00022500000000000002,373.29375939760865
7.920000000000004,0.00022500000000000002,373.2058660368234
7.940000000000005,0.00022500000000000002,373.1193499738354
7.960000000000004,0.00022500000000000002,373.03413144261356
7.980000000000004,0.00022500000000000002,372.95018983389815
8.000000000000004,0.00022500000000000002,372.8674476247681
8.020000000000005,0.00022500000000000002,372.7858893316187
8.040000000000004,0.00022500000000000002,372.70543953718527
8.060000000000004,0.00022500000000000002,372.62608753468203
8.080000000000005,0.00022500000000000002,372.5477599181792
8.100000000000005,0.00022500000000000002,372.4704503811933
6.900000000000004,0.00024375000000000002,378.816949826539
6.9200000000000035,0.00024375000000000002,378.9178655366182
6.940000000000004,0.00024375000000000002,378.9994393479602
6.9600000000000035,0.00024375000000000002,379.0357957673162
6.980000000000004,0.00024375000000000002,379.0120107966351
7.0000000000000036,0.00024375000000000002,378.93915198065747
7.020000000000004,0.00024375000000000002,378.8349398788809
7.040000000000004,0.00024375000000000002,378.70870145278604
7.060000000000004,0.00024375000000000002,378.5672546930845
7.080000000000004,0.00024375000000000002,378.4161348378136
7.100000000000004,0.00024375000000000002,378.25852867311033
7.120000000000004,0.00024375000000000002,378.09714405436995
7.140000000000004,0.00024375000000000002,377.93378674465714
7.160000000000004,0.00024375000000000002,377.76976379344336
7.180000000000004,0.00024375000000000002,377.6061272952317
7.200000000000004,0.00024375000000000002,377.44355109324124
7.220000000000004,0.00024375000000000002,377.2826209512186
7.240000000000004,0.00024375000000000002,377.12370975819044
7.260000000000004,0.00024375000000000002,376.96712059103214
7.280000000000004,0.00024375000000000002,376.81306211196176
7.300000000000004,0.00024375000000000002,376.6616736360613
7.320000000000004,0.00024375000000000002,376.51306111942915
7.340000000000004,0.00024375000000000002,376.36727183705904
7.360000000000004,0.00024375000000000002,376.22434297564325
7.380000000000004,0.00024375000000000002,376.0842703132849
7.400000000000004,0.00024375000000000002,375.9470448719767
7.420000000000004,0.00024375000000000002,375.812633017252
7.440000000000004,0.00024375000000000002,375.68099593290077
7.460000000000004,0.00024375000000000002,375.5520826260344
7.480000000000004,0.00024375000000000002,375.42583622508596
7.500000000000004,0.00024375000000000002,375.3021952956717
7.520000000000004,0.00024375000000000002,375.18109311998927
7.5400000000000045,0.00024375000000000002,375.0624621635034
7.560000000000004,0.00024375000000000002,374.9462313283192
7.5800000000000045,0.00024375000000000002,374.83232997348665
7.600000000000004,0.00024375000000000002,374.72068609471376
7.6200000000000045,0.00024375000000000002,374.6112281380716
7.640000000000004,0.00024375000000000002,374.50388530086593
7.660000000000005,0.00024375000000000002,374.3985867466785
7.680000000000004,0.00024375000000000002,374.29526409560515
7.700000000000005,0.00024375000000000002,374.1938484109237
7.720000000000004,0.00024375000000000002,374.09427440831024
7.740000000000005,0.00024375000000000002,373.9964758596654
7.760000000000004,0.00024375000000000002,373.90039092388
7.780000000000005,0.00024375000000000002,373.8059565830268
7.800000000000004,0.00024375000000000002,373.71311459982843
7.820000000000005,0.00024375000000000002,373.62180542449596
7.840000000000004,0.00024375000000000002,373.53197447741354
7.860000000000005,0.00024375000000000002,373.4435657515874
7.880000000000004,0.00024375000000000002,373.3565283158002
7.900000000000004,0.00024375000000000002,373.27080965090687
7.920000000000004,0.00024375000000000002,373.1863624240455
7.940000000000005,0.00024375000000000002,373.1031374643055
7.960000000000004,0.00024375000000000002,373.02109095728804
7.980000000000004,0.00024375000000000002,372.94017689140304
8.000000000000004,0.00024375000000000002,372.8603548665528
8.020000000000005,0.00024375000000000002,372.7815818184841
8.040000000000004,0.00024375000000000002,372.7038206365399
8.060000000000004,0.00024375000000000002,372.62703098697045
8.080000000000005,0.00024375000000000002,372.5511789062034
8.100000000000005,0.00024375000000000002,372.47622658099897
6.900000000000004,0.00026250000000000004,378.044638769527
6.9200000000000035,0.00026250000000000004,378.15237048260565
6.940000000000004,0.00026250000000000004,378.24701734662403
6.9600000000000035,0.00026250000000000004,378.3095926970007
6.980000000000004,0.00026250000000000004,378.32406952038235
7.0000000000000036,0.00026250000000000004,378.29266085216614
7.020000000000004,0.00026250000000000004,378.2281355718315
7.040000000000004,0.00026250000000000004,378.13968495762737
7.060000000000004,0.00026250000000000004,378.03345071594737
7.080000000000004,0.00026250000000000004,377.91481084342837
7.100000000000004,0.00026250000000000004,377.7873193418893
7.120000000000004,0.00026250000000000004,377.65370417065077
7.140000000000004,0.00026250000000000004,377.5160791697612
7.160000000000004,0.00026250000000000004,377.3759239822033
7.180000000000004,0.00026250000000000004,377.2344655870784
7.200000000000004,0.00026250000000000004,377.09257527178937
7.220000000000004,0.00026250000000000004,376.9509544452676
7.240000000000004,0.00026250000000000004,376.8101346024964
7.260000000000004,0.00026250000000000004,376.6705158719252
7.280000000000004,0.00026250000000000004,376.5324178393865
7.300000000000004,0.00026250000000000004,376.39606739105085
7.320000000000004,0.00026250000000000004,376.2616457299924
7.340000000000004,0.00026250000000000004,376.12927645986105
7.360000000000004,0.00026250000000000004,375.99905010799023
7.380000000000004,0.00026250000000000004,375.8710254756256
7.400000000000004,0.00026250000000000004,375.74523449859345
7.420000000000004,0.00026250000000000004,375.6216935217981
7.440000000000004,0.00026250000000000004,375.5003973133471
7.460000000000004,0.00026250000000000004,375.3813338434138
7.480000000000004,0.00026250000000000004,375.26447476076174
7.500000000000004,0.00026250000000000004,375.1497892332929
7.520000000000004,0.00026250000000000004,375.0372348718615
7.5400000000000045,0.00026250000000000004,374.92676885789604
7.560000000000004,0.00026250000000000004,374.81834060778885
7.5800000000000045,0.00026250000000000004,374.71190023953284
7.600000000000004,0.00026250000000000004,374.607392758175
7.6200000000000045,0.00026250000000000004,374.5047647427145
7.640000000000004,0.00026250000000000004,374.4039592716875
7.660000000000005,0.00026250000000000004,374.3049218503761
7.680000000000004,0.00026250000000000004,374.2075952907664
7.700000000000005,0.00026250000000000004,374.1119256936118
7.720000000000004,0.00026250000000000004,374.0178567260185
7.740000000000005,0.00026250000000000004,373.92533616886783
7.760000000000004,0.00026250000000000004,373.834309300329
7.780000000000005,0.00026250000000000004,373.744726249444
7.800000000000004,0.00026250000000000004,373.65653440186446
7.820000000000005,0.00026250000000000004,373.56968661510456
7.840000000000004,0.00026250000000000004,373.4841326880117
7.860000000000005,0.00026250000000000004,373.3998283943257
7.880000000000004,0.00026250000000000004,373.3167261090744
7.900000000000004,0.00026250000000000004,373.2347845849337
7.920000000000004,0.00026250000000000004,373.153958829318
7.940000000000005,0.00026250000000000004,373.07421055759437
7.960000000000004,0.00026250000000000004,372.99549738735885
7.980000000000004,0.00026250000000000004,372.917783931796
8.000000000000004,0.00026250000000000004,372.84103034096273
8.020000000000005,0.00026250000000000004,372.76520403164733
8.040000000000004,0.00026250000000000004,372.69026757161555
8.060000000000004,0.00026250000000000004,372.61619106960137
8.080000000000005,0.00026250000000000004,372.54293937393527
8.100000000000005,0.00026250000000000004,372.4704851634047
6.900000000000004,0.00028125000000000003,377.2905569335699
6.9200000000000035,0.00028125000000000003,377.4041899191047
6.940000000000004,0.00028125000000000003,377.50867818887673
6.9600000000000035,0.00028125000000000003,377.59053151808
6.980000000000004,0.00028125000000000003,377.6350229999987
7.0000000000000036,0.00028125000000000003,377.6389079839442
7.020000000000004,0.00028125000000000003,377.60986311833744
7.040000000000004,0.00028125000000000003,377.5559197383029
7.060000000000004,0.00028125000000000003,377.48263306601444
7.080000000000004,0.00028125000000000003,377.39488304765655
7.100000000000004,0.00028125000000000003,377.29635105020003
7.120000000000004,0.00028125000000000003,377.1897715074946
7.140000000000004,0.00028125000000000003,377.0773779854135
7.160000000000004,0.00028125000000000003,376.9608152296729
7.180000000000004,0.00028125000000000003,376.8414111066414
7.200000000000004,0.00028125000000000003,376.7201966322632
7.220000000000004,0.00028125000000000003,376.5979745915206
7.240000000000004,0.00028125000000000003,376.4753955453932
7.260000000000004,0.00028125000000000003,376.3529564972008
7.280000000000004,0.00028125000000000003,376.2310633333888
7.300000000000004,0.00028125000000000003,376.11002659282326
7.320000000000004,0.00028125000000000003,375.99009370129795
7.340000000000004,0.00028125000000000003,375.8714552410787
7.360000000000004,0.00028125000000000003,375.7542558492403
7.380000000000004,0.00028125000000000003,375.63860590558056
7.400000000000004,0.00028125000000000003,375.5245830461158
7.420000000000004,0.00028125000000000003,375.41224309819756
7.440000000000004,0.00028125000000000003,375.30161968175196
7.460000000000004,0.00028125000000000003,375.19273154958603
7.480000000000004,0.00028125000000000003,375.0855832193025
7.500000000000004,0.00028125000000000003,374.98016859792773
7.520000000000004,0.00028125000000000003,374.87647297366885
7.5400000000000045,0.00028125000000000003,374.774474014651
7.560000000000004,0.00028125000000000003,374.6741444770297
7.5800000000000045,0.00028125000000000003,374.5754518163565
7.600000000000004,0.00028125000000000003,374.4783609014936
7.6200000000000045,0.00028125000000000003,374.3828331536948
7.640000000000004,0.00028125000000000003,374.28882882343146
7.660000000000005,0.00028125000000000003,374.1963061625931
7.680000000000004,0.00028125000000000003,374.1052231146945
7.700000000000005,0.00028125000000000003,374.01553670440063
7.720000000000004,0.00028125000000000003,373.9272041930415
7.740000000000005,0.00028125000000000003,373.8401826783829
7.760000000000004,0.00028125000000000003,373.75442986284816
7.780000000000005,0.00028125000000000003,373.6699037742295
7.800000000000004,0.00028125000000000003,373.58656331080994
7.820000000000005,0.00028125000000000003,373.50436798176383
7.840000000000004,0.00028125000000000003,373.42327836627857
7.860000000000005,0.00028125000000000003,373.3432557953719
7.880000000000004,0.00028125000000000003,373.2642628190285
7.900000000000004,0.00028125000000000003,373.186262784423
7.920000000000004,0.00028125000000000003,373.1092203634564
7.940000000000005,0.00028125000000000003,373.03310101201237
7.960000000000004,0.00028125000000000003,372.9578715785407
7.980000000000004,0.00028125000000000003,372.88349964916245
8.000000000000004,0.00028125000000000003,372.8099542382479
8.020000000000005,0.00028125000000000003,372.7372050342767
8.040000000000004,0.00028125000000000003,372.665223164327
8.060000000000004,0.00028125000000000003,372.59398035741657
8.080000000000005,0.00028125000000000003,372.52344977361946
8.100000000000005,0.00028125000000000003,372.45360509803254
6.900000000000004,0.00030000000000000003,376.55557391532693
6.9200000000000035,0.00030000000000000003,376.6743925525606
6.940000000000004,0.00030000000000000003,376.78653077000877
6.9600000000000035,0.00030000000000000003,376.88264796453
6.980000000000004,0.00030000000000000003,376.95035106816204
7.0000000000000036,0.00030000000000000003,376.9835793810879
7.020000000000004,0.00030000000000000003,376.98566189221407
7.040000000000004,0.00030000000000000003,376.962791117693
7.060000000000004,0.00030000000000000003,376.919850162006
7.080000000000004,0.00030000000000000003,376.86108969846043
7.100000000000004,0.00030000000000000003,376.7900651418593
7.120000000000004,0.00030000000000000003,376.7094764712216
7.140000000000004,0.00030000000000000003,376.6215558017248
7.160000000000004,0.00030000000000000003,376.528049341009
7.180000000000004,0.00030000000000000003,376.4303501513847
7.200000000000004,0.00030000000000000003,376.3295905137567
7.220000000000004,0.00030000000000000003,376.2266630648237
7.240000000000004,0.00030000000000000003,376.1223008686267
7.260000000000004,0.00030000000000000003,376.0170875723832
7.280000000000004,0.00030000000000000003,375.9114974553181
7.300000000000004,0.00030000000000000003,375.8059135784885
7.320000000000004,0.00030000000000000003,375.7006416937184
7.340000000000004,0.00030000000000000003,375.5959299965211
7.360000000000004,0.00030000000000000003,375.49197290962064
7.380000000000004,0.00030000000000000003,375.38892642987946
7.400000000000004,0.00030000000000000003,375.2869100957287
7.420000000000004,0.00030000000000000003,375.1860166083388
7.440000000000004,0.00030000000000000003,375.0863143707896
7.460000000000004,0.00030000000000000003,374.98785273942735
7.480000000000004,0.00030000000000000003,374.89066493331444
7.500000000000004,0.00030000000000000003,374.79477081527995
7.520000000000004,0.00030000000000000003,374.70017944200555
7.5400000000000045,0.00030000000000000003,374.60689080995337
7.560000000000004,0.00030000000000000003,374.5148975839107
7.5800000000000045,0.00030000000000000003,374.42418658984263
7.600000000000004,0.00030000000000000003,374.3347396353441
7.6200000000000045,0.00030000000000000003,374.2465350404138
7.640000000000004,0.00030000000000000003,374.1595477034452
7.660000000000005,0.00030000000000000003,374.07375069446306
7.680000000000004,0.00030000000000000003,373.9891148041344
7.700000000000005,0.00030000000000000003,373.90561012770974
7.720000000000004,0.00030000000000000003,373.823205315899
7.740000000000005,0.00030000000000000003,373.7418690763238
7.760000000000004,0.00030000000000000003,373.6615692823273
7.780000000000005,0.00030000000000000003,373.5822743539864
7.800000000000004,0.00030000000000000003,373.5039523133216
7.820000000000005,0.00030000000000000003,373.42657204517286
7.840000000000004,0.00030000000000000003,373.3501023340929
7.860000000000005,0.00030000000000000003,373.2745130320709
7.880000000000004,0.00030000000000000003,373.1997740788387
7.900000000000004,0.00030000000000000003,373.12585661584865
7.920000000000004,0.00030000000000000003,373.05273197535007
7.940000000000005,0.00030000000000000003,372.98037278109587
7.960000000000004,0.00030000000000000003,372.9087518871323
7.980000000000004,0.00030000000000000003,372.83784349990816
8.000000000000004,0.00030000000000000003,372.76762205005997
8.020000000000005,0.00030000000000000003,372.69806336199775
8.040000000000004,0.00030000000000000003,372.6291434469481
8.060000000000004,0.00030000000000000003,372.56083973754914
8.080000000000005,0.00030000000000000003,372.49312979547983
8.100000000000005,0.00030000000000000003,372.4259926216911
6.900000000000004,0.00031875,375.8404900875857
6.9200000000000035,0.00031875,375.9639030774254
6.940000000000004,0.00031875,376.08218486125463
6.9600000000000035,0.00031875,376.1890026044549
6.980000000000004,0.00031875,376.27449953698533
7.0000000000000036,0.00031875,376.33163561589333
7.020000000000004,0.00031875,376.3605109298686
7.040000000000004,0.00031875,376.36522953471274
7.060000000000004,0.00031875,376.34983602321245
7.080000000000004,0.00031875,376.317922231757
7.100000000000004,0.00031875,376.27272024615917
7.120000000000004,0.00031875,376.2168237693516
7.140000000000004,0.00031875,376.15238660406015
7.160000000000004,0.00031875,376.08117851236284
7.180000000000004,0.00031875,376.00462543952415
7.200000000000004,0.00031875,375.9239106880575
7.220000000000004,0.00031875,375.8399923985853
7.240000000000004,0.00031875,375.7536611077158
7.260000000000004,0.00031875,375.6655655986683
7.280000000000004,0.00031875,375.5762369069794
7.300000000000004,0.00031875,375.48611393549214
7.320000000000004,0.00031875,375.3955542510167
7.340000000000004,0.00031875,375.3048524766279
7.360000000000004,0.00031875,375.2142479233534
7.380000000000004,0.00031875,375.1239354274785
7.400000000000004,0.00031875,375.0340723196954
7.420000000000004,0.00031875,374.9447841917053
7.440000000000004,0.00031875,374.8561709920956
7.460000000000004,0.00031875,374.76831016668774
7.480000000000004,0.00031875,374.6812614102911
7.500000000000004,0.00031875,374.59506868769483
7.520000000000004,0.00031875,374.50976356837094
7.5400000000000045,0.00031875,374.4253668030465
7.560000000000004,0.00031875,374.3418904912639
7.5800000000000045,0.00031875,374.259339411655
7.600000000000004,0.00031875,374.1777123807019
7.6200000000000045,0.00031875,374.097003345276
7.640000000000004,0.00031875,374.0172022522121
7.660000000000005,0.00031875,373.93829587903775
7.680000000000004,0.00031875,373.86026843867825
7.700000000000005,0.00031875,373.7831021500288
7.720000000000004,0.00031875,373.70677770839404
7.740000000000005,0.00031875,373.6312746290692
7.760000000000004,0.00031875,373.55657164603195
7.780000000000005,0.00031875,373.4826468795807
7.800000000000004,0.00031875,373.4094781860325
7.820000000000005,0.00031875,373.3370432031031
7.840000000000004,0.00031875,373.26531965529205
7.860000000000005,0.00031875,373.19428532306057
7.880000000000004,0.00031875,373.1239183037816
7.900000000000004,0.00031875,373.0541969386992
7.920000000000004,0.00031875,372.9851000307946
7.940000000000005,0.00031875,372.9166067513659
7.960000000000004,0.00031875,372.8486968193487
7.980000000000004,0.00031875,372.7813503994343
8.000000000000004,0.00031875,372.71454825004054
8.020000000000005,0.00031875,372.6482716179452
8.040000000000004,0.00031875,372.58250236333464
8.060000000000004,0.00031875,372.5172228518229
8.080000000000005,0.00031875,372.45241606486746
8.100000000000005,0.00031875,372.38806548811243
6.900000000000004,0.0003375,375.14602890855116
6.9200000000000035,0.0003375,375.2735155096393
6.940000000000004,0.0003375,375.3968518481197
6.9600000000000035,0.0003375,375.5118226938395
6.980000000000004,0.0003375,375.6109087681871
7.0000000000000036,0.0003375,375.68722149726494
7.020000000000004,0.0003375,375.73875450696454
7.040000000000004,0.0003375,375.7676317373196
7.060000000000004,0.0003375,375.77692288448804
7.080000000000004,0.0003375,375.769556511676
7.100000000000004,0.0003375,375.7483265022954
7.120000000000004,0.0003375,375.71563254758
7.140000000000004,0.0003375,375.67349879116597
7.160000000000004,0.0003375,375.62364734014426
7.180000000000004,0.0003375,375.5675006851505
7.200000000000004,0.0003375,375.5062530913352
7.220000000000004,0.0003375,375.4408981116861
7.240000000000004,0.0003375,375.3722619827741
7.260000000000004,0.0003375,375.30103649795365
7.280000000000004,0.0003375,375.2277955387047
7.300000000000004,0.0003375,375.1530195067793
7.320000000000004,0.0003375,375.0771073644659
7.340000000000004,0.0003375,375.0003914864642
7.360000000000004,0.0003375,374.92314794904127
7.380000000000004,0.0003375,374.8456051698731
7.400000000000004,0.0003375,374.76795215854463
7.420000000000004,0.0003375,374.6903440045386
7.440000000000004,0.0003375,374.61290783410703
7.460000000000004,0.0003375,374.5357468195578
7.480000000000004,0.0003375,374.4589441305872
7.500000000000004,0.0003375,374.3825661264486
7.520000000000004,0.0003375,374.30666485188243
7.5400000000000045,0.0003375,374.23128060579563
7.560000000000004,0.0003375,374.1564435078665
7.5800000000000045,0.0003375,374.0821755052685
7.600000000000004,0.0003375,374.0084913889351
7.6200000000000045,0.0003375,373.93540030249636
7.640000000000004,0.0003375,373.8629064352241
7.660000000000005,0.0003375,373.79101012408904
7.680000000000004,0.0003375,373.71970834137346
7.700000000000005,0.0003375,373.648995491773
7.720000000000004,0.0003375,373.57886375060406
7.740000000000005,0.0003375,373.5093036493912
7.760000000000004,0.0003375,373.44030429243577
7.780000000000005,0.0003375,373.3718538046921
7.800000000000004,0.0003375,373.3039394451534
7.820000000000005,0.0003375,373.2365479688473
7.840000000000004,0.0003375,373.16966565407125
7.860000000000005,0.0003375,373.10327861141667
7.880000000000004,0.0003375,373.0373727422168
7.900000000000004,0.0003375,372.9719340137368
7.920000000000004,0.0003375,372.90694836561863
7.940000000000005,0.0003375,372.84240196174676
7.960000000000004,0.0003375,372.77828105944553
7.980000000000004,0.0003375,372.7145722438709
8.000000000000004,0.0003375,372.6512622717712
8.020000000000005,0.0003375,372.5883382921364
8.040000000000004,0.0003375,372.5257876731198
8.060000000000004,0.0003375,372.46359821200195
8.080000000000005,0.0003375,372.4017579508767
8.100000000000005,0.0003375,372.34025537894007
6.900000000000004,0.00035625,374.47284644885855
6.9200000000000035,0.00035625,374.6039339891739
6.940000000000004,0.00035625,374.73151064143246
6.9600000000000035,0.00035625,374.8528179714017
6.980000000000004,0.00035625,374.9622961621171
7.0000000000000036,0.00035625,375.0538062796454
7.020000000000004,0.00035625,375.12418992900575
7.040000000000004,0.00035625,375.1739273168665
7.060000000000004,0.00035625,375.20506337763635
7.080000000000004,0.00035625,375.21986810330776
7.100000000000004,0.00035625,375.22064696446733
7.120000000000004,0.00035625,375.20952837718954
7.140000000000004,0.00035625,375.18836526213545
7.160000000000004,0.00035625,375.15877730764623
7.180000000000004,0.00035625,375.1221438651664
7.200000000000004,0.00035625,375.0796384782575
7.220000000000004,0.00035625,375.0322589417459
7.240000000000004,0.00035625,374.98084666889713
7.260000000000004,0.00035625,374.92611535387226
7.280000000000004,0.00035625,374.8686666398192
7.300000000000004,0.00035625,374.8090088845659
7.320000000000004,0.00035625,374.7475711099867
7.340000000000004,0.00035625,374.6847145328646
7.360000000000004,0.00035625,374.6207437907799
7.380000000000004,0.00035625,374.5559146364767
7.400000000000004,0.00035625,374.49044208647746
7.420000000000004,0.00035625,374.4245061109371
7.440000000000004,0.00035625,374.35825720995496
7.460000000000004,0.00035625,374.2918208036243
7.480000000000004,0.00035625,374.22530100680893
7.500000000000004,0.00035625,374.1587839750635
7.520000000000004,0.00035625,374.09234052856806
7.5400000000000045,0.00035625,374.0260286154284
7.560000000000004,0.00035625,373.95989521344063
7.5800000000000045,0.00035625,373.8939780807752
7.600000000000004,0.00035625,373.8283071818915
7.6200000000000045,0.00035625,373.76290590049985
7.640000000000004,0.00035625,373.6977921246169
7.660000000000005,0.00035625,373.6329790772217
7.680000000000004,0.00035625,373.5684761397007
7.700000000000005,0.00035625,373.5042894215633
7.720000000000004,0.00035625,373.44042237741706
7.740000000000005,0.00035625,373.3768762015381
7.760000000000004,0.00035625,373.31365028317435
7.780000000000005,0.00035625,373.25074248243095
7.800000000000004,0.00035625,373.1881494624434
7.820000000000005,0.00035625,373.12586688220915
7.840000000000004,0.00035625,373.06388963823173
7.860000000000005,0.00035625,373.00221199671165
7.880000000000004,0.00035625,372.9408277708995
7.900000000000004,0.00035625,372.8797304073712
7.920000000000004,0.00035625,372.8189131190309
7.940000000000005,0.00035625,372.7583689359614
7.960000000000004,0.00035625,372.6980908083783
7.980000000000004,0.00035625,372.638071630191
8.000000000000004,0.00035625,372.57830432167026
8.020000000000005,0.00035625,372.5187818323445
8.040000000000004,0.00035625,372.4594972097673
8.060000000000004,0.00035625,372.4004435872371
8.080000000000005,0.00035625,372.34161424272065
8.100000000000005,0.00035625,372.28300257585784
6.900000000000004,0.000375,373.8215237081578
6.9200000000000035,0.000375,373.9557726052581
6.940000000000004,0.000375,374.08694435950804
6.9600000000000035,0.000375,374.21326234216417
6.980000000000004,0.000375,374.33072001901076
7.0000000000000036,0.000375,374.43417289628826
7.020000000000004,0.000375,374.5200214704972
7.040000000000004,0.000375,374.58753021246906
7.060000000000004,0.000375,374.63777196233116
7.080000000000004,0.000375,374.67237340928324
7.100000000000004,0.000375,374.6931447117768
7.120000000000004,0.000375,374.70189073124465
7.140000000000004,0.000375,374.70025774532047
7.160000000000004,0.000375,374.68972409522934
7.180000000000004,0.000375,374.67158907519166
7.200000000000004,0.000375,374.6469781381642
7.220000000000004,0.000375,374.6168658660407
7.240000000000004,0.000375,374.58208796284987
7.260000000000004,0.000375,374.5433615527547
7.280000000000004,0.000375,374.5013001096171
7.300000000000004,0.000375,374.4564273898391
7.320000000000004,0.000375,374.40919080779025
7.340000000000004,0.000375,374.35997148908723
7.360000000000004,0.000375,374.3090943651193
7.380000000000004,0.000375,374.25683597444555
7.400000000000004,0.000375,374.2034315400883
7.420000000000004,0.000375,374.14908109825654
7.440000000000004,0.000375,374.0939544111235
7.460000000000004,0.000375,374.0381956592732
7.480000000000004,0.000375,373.98192692954353
7.500000000000004,0.000375,373.92525169878826
7.520000000000004,0.000375,373.8682573733047
7.5400000000000045,0.000375,373.8110178260001
7.560000000000004,0.000375,373.75359526410676
7.5800000000000045,0.000375,373.69604207201274
7.600000000000004,0.000375,373.63840217376134
7.6200000000000045,0.000375,373.5807123877325
7.640000000000004,0.000375,373.52300339867264
7.660000000000005,0.000375,373.46530077449853
7.680000000000004,0.000375,373.4076256379241
7.700000000000005,0.000375,373.34999544732216
7.720000000000004,0.000375,373.29242444226526
7.740000000000005,0.000375,373.2349242554675
7.760000000000004,0.000375,373.17750419271334
7.780000000000005,0.000375,373.12017172033086
7.800000000000004,0.000375,373.0629326267259
7.820000000000005,0.000375,373.00579141613395
7.840000000000004,0.000375,372.9487513869513
7.860000000000005,0.000375,372.89181495424816
7.880000000000004,0.000375,372.8349836700825
7.900000000000004,0.000375,372.77825849195386
7.920000000000004,0.000375,372.72163976261623
7.940000000000005,0.000375,372.66512743786484
7.960000000000004,0.000375,372.6087210378476
7.980000000000004,0.000375,372.5524198446028
8.000000000000004,0.000375,372.49622283313266
8.020000000000005,0.000375,372.44012884661913
8.040000000000004,0.000375,372.3841365130837
8.060000000000004,0.000375,372.32824440415607
8.080000000000005,0.000375,372.2724509415622
8.100000000000005,0.000375,372.21675454363776
6.900000000000004,0.00039375000000000006,373.19257755360445
6.9200000000000035,0.00039375000000000006,373.3295759177049
6.940000000000004,0.00039375000000000006,373.46381237085245
6.9600000000000035,0.00039375000000000006,373.5941611901811
6.980000000000004,0.00039375000000000006,373.71779478024155
7.0000000000000036,0.00039375000000000006,373.83058612382166
7.020000000000004,0.00039375000000000006,373.92897009450786
7.040000000000004,0.00039375000000000006,374.01142405205087
7.060000000000004,0.00039375000000000006,374.078182984394
7.080000000000004,0.00039375000000000006,374.13026632199416
7.100000000000004,0.00039375000000000006,374.16900860013476
7.120000000000004,0.00039375000000000006,374.19586693398753
7.140000000000004,0.00039375000000000006,374.2122536925783
7.160000000000004,0.00039375000000000006,374.2194796846369
7.180000000000004,0.00039375000000000006,374.2187336273459
7.200000000000004,0.00039375000000000006,374.21106911998584
7.220000000000004,0.00039375000000000006,374.1974143565854
7.240000000000004,0.00039375000000000006,374.17857957134794
7.260000000000004,0.00039375000000000006,374.15526861952554
7.280000000000004,0.00039375000000000006,374.1280917181802
7.300000000000004,0.00039375000000000006,374.0975757013844
7.320000000000004,0.00039375000000000006,374.06417543624957
7.340000000000004,0.00039375000000000006,374.02828270877694
7.360000000000004,0.00039375000000000006,373.9902349437663
7.380000000000004,0.00039375000000000006,373.9503225462532
7.400000000000004,0.00039375000000000006,373.9087953551559
7.420000000000004,0.00039375000000000006,373.8658683601623
7.440000000000004,0.00039375000000000006,373.8217265322911
7.460000000000004,0.00039375000000000006,373.7765290742317
7.480000000000004,0.00039375000000000006,373.73041308552934
7.500000000000004,0.00039375000000000006,373.6834966391137
7.520000000000004,0.00039375000000000006,373.63588156993234
7.5400000000000045,0.00039375000000000006,373.58765567942606
7.560000000000004,0.00039375000000000006,373.538894845382
7.5800000000000045,0.00039375000000000006,373.48966460080175
7.600000000000004,0.00039375000000000006,373.4400217186328
7.6200000000000045,0.00039375000000000006,373.39001534410573
7.640000000000004,0.00039375000000000006,373.3396881808611
7.660000000000005,0.00039375000000000006,373.28907730052487
7.680000000000004,0.00039375000000000006,373.2382150332726
7.700000000000005,0.00039375000000000006,373.18712954001586
7.720000000000004,0.00039375000000000006,373.1358454879977
7.740000000000005,0.00039375000000000006,373.0843844461984
7.760000000000004,0.00039375000000000006,373.0327654062752
7.780000000000005,0.00039375000000000006,372.98100504587853
7.800000000000004,0.00039375000000000006,372.92911813848406
7.820000000000005,0.00039375000000000006,372.8771177185009
7.840000000000004,0.00039375000000000006,372.8250154107254
7.860000000000005,0.00039375000000000006,372.7728215232119
7.880000000000004,0.00039375000000000006,372.7205453178351
7.900000000000004,0.00039375000000000006,372.6681950507569
7.920000000000004,0.00039375000000000006,372.61577819918546
7.940000000000005,0.00039375000000000006,372.5633014643839
7.960000000000004,0.00039375000000000006,372.51077096537085
7.980000000000004,0.00039375000000000006,372.45819221555865
8.000000000000004,0.00039375000000000006,372.4055702911851
8.020000000000005,0.00039375000000000006,372.3529097896741
8.040000000000004,0.00039375000000000006,372.30021497853977
8.060000000000004,0.00039375000000000006,372.2474897413231
8.080000000000005,0.00039375000000000006,372.1947377112264
8.100000000000005,0.00039375000000000006,372.14196220883736
6.900000000000004,0.00041250000000000005,372.58645445626905
6.9200000000000035,0.00041250000000000005,372.7258151979644
6.940000000000004,0.00041250000000000005,372.8626614069008
6.9600000000000035,0.00041250000000000005,372.9962904545449
6.980000000000004,0.00041250000000000005,373.12474215002925
7.0000000000000036,0.00041250000000000005,373.2448158705875
7.020000000000004,0.00041250000000000005,373.3532612941501
7.040000000000004,0.00041250000000000005,373.4481352184328
7.060000000000004,0.00041250000000000005,373.52901594578606
7.080000000000004,0.00041250000000000005,373.59637649007055
7.100000000000004,0.00041250000000000005,373.6511115903911
7.120000000000004,0.00041250000000000005,373.694330599724
7.140000000000004,0.00041250000000000005,373.72719619987026
7.160000000000004,0.00041250000000000005,373.7508348300686
7.180000000000004,0.00041250000000000005,373.76630280388247
7.200000000000004,0.00041250000000000005,373.7745615342209
7.220000000000004,0.00041250000000000005,373.7764743444662
7.240000000000004,0.00041250000000000005,373.77280812481644
7.260000000000004,0.00041250000000000005,373.7642387733543
7.280000000000004,0.00041250000000000005,373.7513593167503
7.300000000000004,0.00041250000000000005,373.7346882264905
7.320000000000004,0.00041250000000000005,373.71467737766363
7.340000000000004,0.00041250000000000005,373.6917205263862
7.360000000000004,0.00041250000000000005,373.66615978864394
7.380000000000004,0.00041250000000000005,373.63829299683806
7.400000000000004,0.00041250000000000005,373.608378738988
7.420000000000004,0.00041250000000000005,373.5766422722487
7.440000000000004,0.00041250000000000005,373.5432793413539
7.460000000000004,0.00041250000000000005,373.50846079545806
7.480000000000004,0.00041250000000000005,373.4723353856577
7.500000000000004,0.00041250000000000005,373.4350333621165
7.520000000000004,0.00041250000000000005,373.39666843577396
7.5400000000000045,0.00041250000000000005,373.3573406114419
7.560000000000004,0.00041250000000000005,373.3171374898021
7.5800000000000045,0.00041250000000000005,373.276136531939
7.600000000000004,0.00041250000000000005,373.2344058604038
7.6200000000000045,0.00041250000000000005,373.19200609647106
7.640000000000004,0.00041250000000000005,373.14899079298846
7.660000000000005,0.00041250000000000005,373.10540794684175
7.680000000000004,0.00041250000000000005,373.0613001674914
7.700000000000005,0.00041250000000000005,373.0167059408026
7.720000000000004,0.00041250000000000005,372.9716596108981
7.740000000000005,0.00041250000000000005,372.9261924530438
7.760000000000004,0.00041250000000000005,372.88033252530545
7.780000000000005,0.00041250000000000005,372.83410559432224
7.800000000000004,0.00041250000000000005,372.7875348975616
7.820000000000005,0.00041250000000000005,372.7406419549778
7.840000000000004,0.00041250000000000005,372.69344627145614
7.860000000000005,0.00041250000000000005,372.6459660587935
7.880000000000004,0.00041250000000000005,372.598217900077
7.900000000000004,0.00041250000000000005,372.5502173997635
7.920000000000004,0.00041250000000000005,372.50197882616675
7.940000000000005,0.00041250000000000005,372.4535157024004
7.960000000000004,0.00041250000000000005,372.404840439101
7.980000000000004,0.00041250000000000005,372.35596487531217
8.000000000000004,0.00041250000000000005,372.3068999105705
8.020000000000005,0.00041250000000000005,372.2576560021887
8.040000000000004,0.00041250000000000005,372.20824280351934
8.060000000000004,0.00041250000000000005,372.15866962229404
8.080000000000005,0.00041250000000000005,372.10894507009465
8.100000000000005,0.00041250000000000005,372.05907748515074
6.900000000000004,0.00043125000000000005,372.0035418833251
6.9200000000000035,0.00043125000000000005,372.1449026269697
6.940000000000004,0.00043125000000000005,372.2839595334428
6.9600000000000035,0.00043125000000000005,372.4202807451323
6.980000000000004,0.00043125000000000005,372.5525268499284
7.0000000000000036,0.00043125000000000005,372.67828062626523
7.020000000000004,0.00043125000000000005,372.79473970685757
7.040000000000004,0.00043125000000000005,372.89982343868087
7.060000000000004,0.00043125000000000005,372.9926478715102
7.080000000000004,0.00043125000000000005,373.073223275056
7.100000000000004,0.00043125000000000005,373.14205114446446
7.120000000000004,0.00043125000000000005,373.19991210874724
7.140000000000004,0.00043125000000000005,373.24771517760786
7.160000000000004,0.00043125000000000005,373.28639448451094
7.180000000000004,0.00043125000000000005,373.3168595971409
7.200000000000004,0.00043125000000000005,373.3399646500425
7.220000000000004,0.00043125000000000005,373.3564928929487
7.240000000000004,0.00043125000000000005,373.3671536117052
7.260000000000004,0.00043125000000000005,373.3725811522313
7.280000000000004,0.00043125000000000005,373.373339842859
7.300000000000004,0.00043125000000000005,373.3699285644236
7.320000000000004,0.00043125000000000005,373.3627873511107
7.340000000000004,0.00043125000000000005,373.35230307402713
7.360000000000004,0.00043125000000000005,373.3388158661453
7.380000000000004,0.00043125000000000005,373.322624156704
7.400000000000004,0.00043125000000000005,373.3039903267621
7.420000000000004,0.00043125000000000005,373.2831446587744
7.440000000000004,0.00043125000000000005,373.2602900557673
7.460000000000004,0.00043125000000000005,373.23560496921215
7.480000000000004,0.00043125000000000005,373.20924721640256
7.500000000000004,0.00043125000000000005,373.1813560727771
7.520000000000004,0.00043125000000000005,373.1520553169488
7.5400000000000045,0.00043125000000000005,373.12145467006115
7.560000000000004,0.00043125000000000005,373.0896522237551
7.5800000000000045,0.00043125000000000005,373.05673537821275
7.600000000000004,0.00043125000000000005,373.02278279590377
7.6200000000000045,0.00043125000000000005,372.9878649600239
7.640000000000004,0.00043125000000000005,372.9520457698687
7.660000000000005,0.00043125000000000005,372.9153828166527
7.680000000000004,0.00043125000000000005,372.87792870843316
7.700000000000005,0.00043125000000000005,372.83973113986656
7.720000000000004,0.00043125000000000005,372.8008340113377
7.740000000000005,0.00043125000000000005,372.7612773520907
7.760000000000004,0.00043125000000000005,372.72109828066056
7.780000000000005,0.00043125000000000005,372.68033082663925
7.800000000000004,0.00043125000000000005,372.63900676679214
7.820000000000005,0.00043125000000000005,372.5971553793263
7.840000000000004,0.00043125000000000005,372.5548041809477
7.860000000000005,0.00043125000000000005,372.5119786386403
7.880000000000004,0.00043125000000000005,372.4687028263108
7.900000000000004,0.00043125000000000005,372.4249991123982
7.920000000000004,0.00043125000000000005,372.38088874990257
7.940000000000005,0.00043125000000000005,372.3363915532045
7.960000000000004,0.00043125000000000005,372.29152643167726
7.980000000000004,0.00043125000000000005,372.2463110654772
8.000000000000004,0.00043125000000000005,372.2007623902957
8.020000000000005,0.00043125000000000005,372.15489627921164
8.040000000000004,0.00043125000000000005,372.108727984213
8.060000000000004,0.00043125000000000005,372.06227182924374
8.080000000000005,0.00043125000000000005,372.01554161270695
8.100000000000005,0.00043125000000000005,371.9685503154019
6.900000000000004,0.00045000000000000004,371.44416407013546
6.9200000000000035,0.00045000000000000004,371.58718707588804
6.940000000000004,0.00045000000000000004,371.7280983527628
6.9600000000000035,0.00045000000000000004,371.86663319202273
6.980000000000004,0.00045000000000000004,372.0018877915774
7.0000000000000036,0.00045000000000000004,372.1320746068051
7.020000000000004,0.00045000000000000004,372.25487758391114
7.040000000000004,0.00045000000000000004,372.36827258602494
7.060000000000004,0.00045000000000000004,372.47109569432996
7.080000000000004,0.00045000000000000004,372.56298996312086
7.100000000000004,0.00045000000000000004,372.6441200241296
7.120000000000004,0.00045000000000000004,372.71496699806585
7.140000000000004,0.00045000000000000004,372.77619582626244
7.160000000000004,0.00045000000000000004,372.8285458403253
7.180000000000004,0.00045000000000000004,372.87277462683215
7.200000000000004,0.00045000000000000004,372.90961707892086
7.220000000000004,0.00045000000000000004,372.9397668057899
7.240000000000004,0.00045000000000000004,372.96386250804596
7.260000000000004,0.00045000000000000004,372.98248736691977
7.280000000000004,0.00045000000000000004,372.9961654030546
7.300000000000004,0.00045000000000000004,373.00536786056966
7.320000000000004,0.00045000000000000004,373.01051316637194
7.340000000000004,0.00045000000000000004,373.01197513806085
7.360000000000004,0.00045000000000000004,373.01008392894386
7.380000000000004,0.00045000000000000004,373.00513406908675
7.400000000000004,0.00045000000000000004,372.9973852688663
7.420000000000004,0.00045000000000000004,372.9870696803387
7.440000000000004,0.00045000000000000004,372.97439215595443
7.460000000000004,0.00045000000000000004,372.95953662200606
7.480000000000004,0.00045000000000000004,372.94266574389775
7.500000000000004,0.00045000000000000004,372.9239264674216
7.520000000000004,0.00045000000000000004,372.9034491871923
7.5400000000000045,0.00045000000000000004,372.88135255780514
7.560000000000004,0.00045000000000000004,372.85774229874943
7.5800000000000045,0.00045000000000000004,372.832715383347
7.600000000000004,0.00045000000000000004,372.8063586042507
7.6200000000000045,0.00045000000000000004,372.7787522385588
7.640000000000004,0.00045000000000000004,372.7499684751365
7.660000000000005,0.00045000000000000004,372.720074639069
7.680000000000004,0.00045000000000000004,372.68913155886463
7.700000000000005,0.00045000000000000004,372.6571964171675
7.720000000000004,0.00045000000000000004,372.6243211165216
7.740000000000005,0.00045000000000000004,372.59055480853885
7.760000000000004,0.00045000000000000004,372.5559423016295
7.780000000000005,0.00045000000000000004,372.5205263087587
7.800000000000004,0.00045000000000000004,372.48434592866863
7.820000000000005,0.00045000000000000004,372.44743864311334
7.840000000000004,0.00045000000000000004,372.40983889385785
7.860000000000005,0.00045000000000000004,372.3715798535127
7.880000000000004,0.00045000000000000004,372.3326921134085
7.900000000000004,0.00045000000000000004,372.29320524731116
7.920000000000004,0.00045000000000000004,372.253146619723
7.940000000000005,0.00045000000000000004,372.21254275836196
7.960000000000004,0.00045000000000000004,372.1714182881587
7.980000000000004,0.00045000000000000004,372.1297971260159
8.000000000000004,0.00045000000000000004,372.08770154251266
8.020000000000005,0.00045000000000000004,372.0451531908042
8.040000000000004,0.00045000000000000004,372.0021722955828
8.060000000000004,0.00045000000000000004,371.95877852680303
8.080000000000005,0.00045000000000000004,371.9149903136193
8.100000000000005,0.00045000000000000004,371.87082557277523
6.900000000000004,0.00046875000000000004,370.90859240932025
6.9200000000000035,0.00046875000000000004,371.05296704644036
6.940000000000004,0.00046875000000000004,371.19541103530133
6.9600000000000035,0.00046875000000000004,371.335763157832
6.980000000000004,0.00046875000000000004,371.47341517829113
7.0000000000000036,0.00046875000000000004,371.60707075140596
7.020000000000004,0.00046875000000000004,371.7348733854135
7.040000000000004,0.00046875000000000004,371.854977804671
7.060000000000004,0.00046875000000000004,371.96608863789885
7.080000000000004,0.00046875000000000004,372.06758585794387
7.100000000000004,0.00046875000000000004,372.1593542715822
7.120000000000004,0.00046875000000000004,372.2416169054744
7.140000000000004,0.00046875000000000004,372.31480912567025
7.160000000000004,0.00046875000000000004,372.37948437711606
7.180000000000004,0.00046875000000000004,372.4362445215855
7.200000000000004,0.00046875000000000004,372.48570281597887
7.220000000000004,0.00046875000000000004,372.5284527605148
7.240000000000004,0.00046875000000000004,372.565057093174
7.260000000000004,0.00046875000000000004,372.5960360823259
7.280000000000004,0.00046875000000000004,372.6218680380223
7.300000000000004,0.00046875000000000004,372.6429856792175
7.320000000000004,0.00046875000000000004,372.6597814156792
7.340000000000004,0.00046875000000000004,372.6726065747443
7.360000000000004,0.00046875000000000004,372.68177815650483
7.380000000000004,0.00046875000000000004,372.68757880399266
7.400000000000004,0.00046875000000000004,372.69026353164566
7.420000000000004,0.00046875000000000004,372.6900596383019
7.440000000000004,0.00046875000000000004,372.68717284076604
7.460000000000004,0.00046875000000000004,372.6817868687634
7.480000000000004,0.00046875000000000004,372.6740688663987
7.500000000000004,0.00046875000000000004,372.6641686347509
7.520000000000004,0.00046875000000000004,372.6522233330234
7.5400000000000045,0.00046875000000000004,372.6383564266533
7.560000000000004,0.00046875000000000004,372.622681770383
7.5800000000000045,0.00046875000000000004,372.60530234885186
7.600000000000004,0.00046875000000000004,372.5863138283221
7.6200000000000045,0.00046875000000000004,372.56580317597536
7.640000000000004,0.00046875000000000004,372.5438517569863
7.660000000000005,0.00046875000000000004,372.5205339057575
7.680000000000004,0.00046875000000000004,372.49591963213305
7.700000000000005,0.00046875000000000004,372.47007320177653
7.720000000000004,0.00046875000000000004,372.4430555033115
7.740000000000005,0.00046875000000000004,372.4149226801521
7.760000000000004,0.00046875000000000004,372.3857282002176
7.780000000000005,0.00046875000000000004,372.35552156923126
7.800000000000004,0.00046875000000000004,372.32435013645386
7.820000000000005,0.00046875000000000004,372.2922579098579
7.840000000000004,0.00046875000000000004,372.25928712492566
7.860000000000005,0.00046875000000000004,372.22547717479
7.880000000000004,0.00046875000000000004,372.19086596425075
7.900000000000004,0.00046875000000000004,372.15548896248566
7.920000000000004,0.00046875000000000004,372.11938036078396
7.940000000000005,0.00046875000000000004,372.0825722513128
7.960000000000004,0.00046875000000000004,372.0450956043973
7.980000000000004,0.00046875000000000004,372.0069795737166
8.000000000000004,0.00046875000000000004,371.96825230704803
8.020000000000005,0.00046875000000000004,371.9289403759401
8.040000000000004,0.00046875000000000004,371.8890694324363
8.060000000000004,0.00046875000000000004,371.84866375956216
8.080000000000005,0.00046875000000000004,371.80774678551074
8.100000000000005,0.00046875000000000004,371.7663407500293
6.900000000000004,0.00048750000000000003,370.39704542327473
6.9200000000000035,0.00048750000000000003,370.5424849359665
6.940000000000004,0.00048750000000000003,370.6861742879845
6.9600000000000035,0.00048750000000000003,370.8280030616696
6.980000000000004,0.00048750000000000003,370.9675691457953
7.0000000000000036,0.00048750000000000003,371.10393853533157
7.020000000000004,0.00048750000000000003,371.23566898056646
7.040000000000004,0.00048750000000000003,371.36114554028416
7.060000000000004,0.00048750000000000003,371.4790646735106
7.080000000000004,0.00048750000000000003,371.58863036405114
7.100000000000004,0.00048750000000000003,371.68951745901336
7.120000000000004,0.00048750000000000003,371.78172507175907
7.140000000000004,0.00048750000000000003,371.8654907454869
7.160000000000004,0.00048750000000000003,371.94118631834345
7.180000000000004,0.00048750000000000003,372.0092693313076
7.200000000000004,0.00048750000000000003,372.07022356413177
7.220000000000004,0.00048750000000000003,372.12454517296834
7.240000000000004,0.00048750000000000003,372.17270894845666
7.260000000000004,0.00048750000000000003,372.2151721989982
7.280000000000004,0.00048750000000000003,372.2523549070033
7.300000000000004,0.00048750000000000003,372.28465079431686
7.320000000000004,0.00048750000000000003,372.31241448368564
7.340000000000004,0.00048750000000000003,372.3359747321862
7.360000000000004,0.00048750000000000003,372.35562496169655
7.380000000000004,0.00048750000000000003,372.3716364213589
7.400000000000004,0.00048750000000000003,372.38425040025106
7.420000000000004,0.00048750000000000003,372.39369035163253
7.440000000000004,0.00048750000000000003,372.4001551021119
7.460000000000004,0.00048750000000000003,372.40382957008774
7.480000000000004,0.00048750000000000003,372.4048787345185
7.500000000000004,0.00048750000000000003,372.40345686698316
7.520000000000004,0.00048750000000000003,372.39970220104965
7.5400000000000045,0.00048750000000000003,372.39374472742554
7.560000000000004,0.00048750000000000003,372.3857015647583
7.5800000000000045,0.00048750000000000003,372.3756834177886
7.600000000000004,0.00048750000000000003,372.3637906629448
7.6200000000000045,0.00048750000000000003,372.35011858190154
7.640000000000004,0.00048750000000000003,372.3347541703903
7.660000000000005,0.00048750000000000003,372.3177802561739
7.680000000000004,0.00048750000000000003,372.2992730290356
7.700000000000005,0.00048750000000000003,372.27930514363504
7.720000000000004,0.00048750000000000003,372.25794395758766
7.740000000000005,0.00048750000000000003,372.2352537104562
7.760000000000004,0.00048750000000000003,372.211294447087
7.780000000000005,0.00048750000000000003,372.1861233557842
7.800000000000004,0.00048750000000000003,372.15979434623085
7.820000000000005,0.00048750000000000003,372.13235862298114
7.840000000000004,0.00048750000000000003,372.10386488147725
7.860000000000005,0.00048750000000000003,372.074359187204
7.880000000000004,0.00048750000000000003,372.0438857493083
7.900000000000004,0.00048750000000000003,372.012486170879
7.920000000000004,0.00048750000000000003,371.9802007571591
7.940000000000005,0.00048750000000000003,371.9470671982328
7.960000000000004,0.00048750000000000003,371.91312236750457
7.980000000000004,0.00048750000000000003,371.87840049435755
8.000000000000004,0.00048750000000000003,371.8429354082239
8.020000000000005,0.00048750000000000003,371.80675825540266
8.040000000000004,0.00048750000000000003,371.7699001444361
8.060000000000004,0.00048750000000000003,371.7323894581188
8.080000000000005,0.00048750000000000003,371.694254856833
8.100000000000005,0.00048750000000000003,371.6555222338173
6.900000000000004,0.0005062500000000001,369.90969269840383
6.9200000000000035,0.0005062500000000001,370.0559446711716
6.940000000000004,0.0005062500000000001,370.2006145601183
6.9600000000000035,0.0005062500000000001,370.3436324287286
6.980000000000004,0.0005062500000000001,370.48471671385823
7.0000000000000036,0.0005062500000000001,370.62321582513243
7.020000000000004,0.0005062500000000001,370.7580186837599
7.040000000000004,0.0005062500000000001,370.887773282735
7.060000000000004,0.0005062500000000001,371.011231271965
7.080000000000004,0.0005062500000000001,371.12751869057524
7.100000000000004,0.0005062500000000001,371.2361461689075
7.120000000000004,0.0005062500000000001,371.3369460010121
7.140000000000004,0.0005062500000000001,371.4299724458161
7.160000000000004,0.0005062500000000001,371.5154452089781
7.180000000000004,0.0005062500000000001,371.59367297930214
7.200000000000004,0.0005062500000000001,371.66502540017586
7.220000000000004,0.0005062500000000001,371.72988867289763
7.240000000000004,0.0005062500000000001,371.7886582888492
7.260000000000004,0.0005062500000000001,371.841713668762
7.280000000000004,0.0005062500000000001,371.8894222479519
7.300000000000004,0.0005062500000000001,371.93212405046285
7.320000000000004,0.0005062500000000001,371.97014058908417
7.340000000000004,0.0005062500000000001,372.00376459571953
7.360000000000004,0.0005062500000000001,372.0332701722205
7.380000000000004,0.0005062500000000001,372.05890529866787
7.400000000000004,0.0005062500000000001,372.08090156554977
7.420000000000004,0.0005062500000000001,372.09946831520716
7.440000000000004,0.0005062500000000001,372.1148012705087
7.460000000000004,0.0005062500000000001,372.12707778684006
7.480000000000004,0.0005062500000000001,372.13646415541916
7.500000000000004,0.0005062500000000001,372.14311174233956
7.520000000000004,0.0005062500000000001,372.14716295044224
7.5400000000000045,0.0005062500000000001,372.1487481540311
7.560000000000004,0.0005062500000000001,372.14799038917755
7.5800000000000045,0.0005062500000000001,372.1450030435422
7.600000000000004,0.0005062500000000001,372.139893376128
7.6200000000000045,0.0005062500000000001,372.1327609361126
7.640000000000004,0.0005062500000000001,372.12370001961557
7.660000000000005,0.0005062500000000001,372.1127987913783
7.680000000000004,0.0005062500000000001,372.1001407823969
7.700000000000005,0.0005062500000000001,372.08580468345156
7.720000000000004,0.0005062500000000001,372.06986498017284
7.740000000000005,0.0005062500000000001,372.05239238187477
7.760000000000004,0.0005062500000000001,372.0334536827675
7.780000000000005,0.0005062500000000001,372.0131127847966
7.800000000000004,0.0005062500000000001,371.99142986641897
7.820000000000005,0.0005062500000000001,371.96846295467674
7.840000000000004,0.0005062500000000001,371.94426647650124
7.860000000000005,0.0005062500000000001,371.9188933330905
7.880000000000004,0.0005062500000000001,371.89239290303806
7.900000000000004,0.0005062500000000001,371.86481357110944
7.920000000000004,0.0005062500000000001,371.8362002474452
7.940000000000005,0.0005062500000000001,371.806597302868
7.960000000000004,0.0005062500000000001,371.7760456638308
7.980000000000004,0.0005062500000000001,371.74458610720524
8.000000000000004,0.0005062500000000001,371.71225598642127
8.020000000000005,0.0005062500000000001,371.6790928401465
8.040000000000004,0.0005062500000000001,371.6451308010703
8.060000000000004,0.0005062500000000001,371.61040447480735
8.080000000000005,0.0005062500000000001,371.5749450790063
8.100000000000005,0.0005062500000000001,371.53878455104314
6.900000000000004,0.0005250000000000001,369.4466684476737
6.9200000000000035,0.0005250000000000001,369.5934955296446
6.940000000000004,0.0005250000000000001,369.73892099768597
6.9600000000000035,0.0005250000000000001,369.882865570031
6.980000000000004,0.0005250000000000001,370.02515240085734
7.0000000000000036,0.0005250000000000001,370.16530861137784
7.020000000000004,0.0005250000000000001,370.3025148636845
7.040000000000004,0.0005250000000000001,370.4356450166972
7.060000000000004,0.0005250000000000001,370.56357803441267
7.080000000000004,0.0005250000000000001,370.68540551971154
7.100000000000004,0.0005250000000000001,370.8005510170694
7.120000000000004,0.0005250000000000001,370.9087010882505
7.140000000000004,0.0005250000000000001,371.00977559418124
7.160000000000004,0.0005250000000000001,371.10384362780394
7.180000000000004,0.0005250000000000001,371.19109264619334
7.200000000000004,0.0005250000000000001,371.27176924847157
7.220000000000004,0.0005250000000000001,371.34616547033545
7.240000000000004,0.0005250000000000001,371.4145847471884
7.260000000000004,0.0005250000000000001,371.47733803413064
7.280000000000004,0.0005250000000000001,371.534727321306
7.300000000000004,0.0005250000000000001,371.5870447188469
7.320000000000004,0.0005250000000000001,371.63456732565544
7.340000000000004,0.0005250000000000001,371.67755530192153
7.360000000000004,0.0005250000000000001,371.7162543720197
7.380000000000004,0.0005250000000000001,371.7508909791063
7.400000000000004,0.0005250000000000001,371.781680336584
7.420000000000004,0.0005250000000000001,371.8088179664069
7.440000000000004,0.0005250000000000001,371.8324920944004
7.460000000000004,0.0005250000000000001,371.8528714981537
7.480000000000004,0.0005250000000000001,371.870121491964
7.500000000000004,0.0005250000000000001,371.8843882989281
7.520000000000004,0.0005250000000000001,371.89581810020246
7.5400000000000045,0.0005250000000000001,371.90453826223023
7.560000000000004,0.0005250000000000001,371.91067904179516
7.5800000000000045,0.0005250000000000001,371.914352034552
7.600000000000004,0.0005250000000000001,371.9156741879602
7.6200000000000045,0.0005250000000000001,371.9147438368683
7.640000000000004,0.0005250000000000001,371.91166670994767
7.660000000000005,0.0005250000000000001,371.9065299027115
7.680000000000004,0.0005250000000000001,371.8994295847137
7.700000000000005,0.0005250000000000001,371.89044323904386
7.720000000000004,0.0005250000000000001,371.8796587947714
7.740000000000005,0.0005250000000000001,371.8671454385002
7.760000000000004,0.0005250000000000001,371.85298391272755
7.780000000000005,0.0005250000000000001,371.8372361811557
7.800000000000004,0.0005250000000000001,371.8199766500671
7.820000000000005,0.0005250000000000001,371.8012609455632
7.840000000000004,0.0005250000000000001,371.78115783201554
7.860000000000005,0.0005250000000000001,371.7597173365934
7.880000000000004,0.0005250000000000001,371.7370031562289
7.900000000000004,0.0005250000000000001,371.7130603429455
7.920000000000004,0.0005250000000000001,371.6879480082171
7.940000000000005,0.0005250000000000001,371.66170676185516
7.960000000000004,0.0005250000000000001,371.6343915399363
7.980000000000004,0.0005250000000000001,371.60603897033883
8.000000000000004,0.0005250000000000001,371.57670016730174
8.020000000000005,0.0005250000000000001,371.5464081782019
8.040000000000004,0.0005250000000000001,371.5152106040928
8.060000000000004,0.0005250000000000001,371.4831372649765
8.080000000000005,0.0005250000000000001,371.45023252120467
8.100000000000005,0.0005250000000000001,371.4165232783181
6.900000000000004,0.0005437500000000001,369.00805424971713
6.9200000000000035,0.0005437500000000001,369.1552679235346
6.940000000000004,0.0005437500000000001,369.3012306249668
6.9600000000000035,0.0005437500000000001,369.4458898334628
6.980000000000004,0.0005437500000000001,369.5891003423801
7.0000000000000036,0.0005437500000000001,369.73055235037896
7.020000000000004,0.0005437500000000001,369.8696194244331
7.040000000000004,0.0005437500000000001,370.00540748348277
7.060000000000004,0.0005437500000000001,370.1369145657557
7.080000000000004,0.0005437500000000001,370.26327530641595
7.100000000000004,0.0005437500000000001,370.3838490942786
7.120000000000004,0.0005437500000000001,370.49823719255903
7.140000000000004,0.0005437500000000001,370.60623552976523
7.160000000000004,0.0005437500000000001,370.70779988857106
7.180000000000004,0.0005437500000000001,370.80299591659985
7.200000000000004,0.0005437500000000001,370.8919672650227
7.220000000000004,0.0005437500000000001,370.97490694264934
7.240000000000004,0.0005437500000000001,371.05203528942326
7.260000000000004,0.0005437500000000001,371.1235900538901
7.280000000000004,0.0005437500000000001,371.18980952018126
7.300000000000004,0.0005437500000000001,371.2509354804398
7.320000000000004,0.0005437500000000001,371.30719733292585
7.340000000000004,0.0005437500000000001,371.35882349574626
7.360000000000004,0.0005437500000000001,371.40602421324
7.380000000000004,0.0005437500000000001,371.44900865284353
7.400000000000004,0.0005437500000000001,371.487965437782
7.420000000000004,0.0005437500000000001,371.52308382604366
7.440000000000004,0.0005437500000000001,371.55453167952476
7.460000000000004,0.0005437500000000001,371.582479772113
7.480000000000004,0.0005437500000000001,371.60707725706743
7.500000000000004,0.0005437500000000001,371.6284784812749
7.520000000000004,0.0005437500000000001,371.64681618184505
7.5400000000000045,0.0005437500000000001,371.66223034667547
7.560000000000004,0.0005437500000000001,371.67483944342325
7.5800000000000045,0.0005437500000000001,371.68477095000367
7.600000000000004,0.0005437500000000001,371.69213094017937
7.6200000000000045,0.0005437500000000001,371.69703595555285
7.640000000000004,0.0005437500000000001,371.6995812668452
7.660000000000005,0.0005437500000000001,371.69987379178286
7.680000000000004,0.0005437500000000001,371.6979993331262
7.700000000000005,0.0005437500000000001,371.69405627354854
7.720000000000004,0.0005437500000000001,371.6881220677286
7.740000000000005,0.0005437500000000001,371.6802874695152
7.760000000000004,0.0005437500000000001,371.67062252966736
7.780000000000005,0.0005437500000000001,371.6592111336123
7.800000000000004,0.0005437500000000001,371.6461167306134
7.820000000000005,0.0005437500000000001,371.63141698259335
7.840000000000004,0.0005437500000000001,371.61516942564015
7.860000000000005,0.0005437500000000001,371.5974460516362
7.880000000000004,0.0005437500000000001,371.57829907955886
7.900000000000004,0.0005437500000000001,371.557795311881
7.920000000000004,0.0005437500000000001,371.53598217132213
7.940000000000005,0.0005437500000000001,371.5129216930264
7.960000000000004,0.0005437500000000001,371.48865696232
7.980000000000004,0.0005437500000000001,371.4632456214736
8.000000000000004,0.0005437500000000001,371.43672682557616
8.020000000000005,0.0005437500000000001,371.409154159208
8.040000000000004,0.0005437500000000001,371.38056321070053
8.060000000000004,0.0005437500000000001,371.351003809287
8.080000000000005,0.0005437500000000001,371.3205083026788
8.100000000000005,0.0005437500000000001,371.28912303924466
6.900000000000004,0.0005625000000000001,368.59391579395617
6.9200000000000035,0.0005625000000000001,368.7413388524672
6.940000000000004,0.0005625000000000001,368.88765884835493
6.9600000000000035,0.0005625000000000001,369.0328370618719
6.980000000000004,0.0005625000000000001,369.1767435660615
7.0000000000000036,0.0005625000000000001,369.31919539764436
7.020000000000004,0.0005625000000000001,369.459694221503
7.040000000000004,0.0005625000000000001,369.59755919163746
7.060000000000004,0.0005625000000000001,369.7318911152858
7.080000000000004,0.0005625000000000001,369.8619278390626
7.100000000000004,0.0005625000000000001,369.98697188043747
7.120000000000004,0.0005625000000000001,370.1066087021848
7.140000000000004,0.0005625000000000001,370.22049874947555
7.160000000000004,0.0005625000000000001,370.3285486008874
7.180000000000004,0.0005625000000000001,370.4306698934796
7.200000000000004,0.0005625000000000001,370.5269637406631
7.220000000000004,0.0005625000000000001,370.6174768098271
7.240000000000004,0.0005625000000000001,370.7024067263064
7.260000000000004,0.0005625000000000001,370.78186049958265
7.280000000000004,0.0005625000000000001,370.8560752437736
7.300000000000004,0.0005625000000000001,370.92517797371227
7.320000000000004,0.0005625000000000001,370.9894159243878
7.340000000000004,0.0005625000000000001,371.048916457598
7.360000000000004,0.0005625000000000001,371.1039229568446
7.380000000000004,0.0005625000000000001,371.15455448213646
7.400000000000004,0.0005625000000000001,371.20104446794545
7.420000000000004,0.0005625000000000001,371.2435004943546
7.440000000000004,0.0005625000000000001,371.2821437750441
7.460000000000004,0.0005625000000000001,371.31706980270445
7.480000000000004,0.0005625000000000001,371.3484870742885
7.500000000000004,0.0005625000000000001,371.3764795144611
7.520000000000004,0.0005625000000000001,371.40124318443145
7.5400000000000045,0.0005625000000000001,371.4228513942448
7.560000000000004,0.0005625000000000001,371.4414883562352
7.5800000000000045,0.0005625000000000001,371.4572178335402
7.600000000000004,0.0005625000000000001,371.47021286859103
7.6200000000000045,0.0005625000000000001,371.48052872039506
7.640000000000004,0.0005625000000000001,371.48832794096387
7.660000000000005,0.0005625000000000001,371.4936582488363
7.680000000000004,0.0005625000000000001,371.4966723503702
7.700000000000005,0.0005625000000000001,371.4974112927219
7.720000000000004,0.0005625000000000001,371.4960185363854
7.740000000000005,0.0005625000000000001,371.4925292327694
7.760000000000004,0.0005625000000000001,371.48707815139664
7.780000000000005,0.0005625000000000001,371.47969523755455
7.800000000000004,0.0005625000000000001,371.47050708356363
7.820000000000005,0.0005625000000000001,371.45953904137133
7.840000000000004,0.0005625000000000001,371.4469100033791
7.860000000000005,0.0005625000000000001,371.43264127307293
7.880000000000004,0.0005625000000000001,371.4168444881065
7.900000000000004,0.0005625000000000001,371.3995373885373
7.920000000000004,0.0005625000000000001,371.3808247740819
7.940000000000005,0.0005625000000000001,371.3607212535669
7.960000000000004,0.0005625000000000001,371.33932518030696
7.980000000000004,0.0005625000000000001,371.3166484172953
8.000000000000004,0.0005625000000000001,371.292783240207
8.020000000000005,0.0005625000000000001,371.2677391099875
8.040000000000004,0.0005625000000000001,371.24160257269864
8.060000000000004,0.0005625000000000001,371.21438099388024
8.080000000000005,0.0005625000000000001,371.1861555189373
8.100000000000005,0.0005625000000000001,371.15693169140553
6.900000000000004,0.0005812500000000001,368.20429193492083
6.9200000000000035,0.0005812500000000001,368.3517546904102
6.940000000000004,0.0005812500000000001,368.4982985020843
6.9600000000000035,0.0005812500000000001,368.6437980741205
6.980000000000004,0.0005812500000000001,368.78823945605626
7.0000000000000036,0.0005812500000000001,368.93141817560706
7.020000000000004,0.0005812500000000001,369.07304375728785
7.040000000000004,0.0005812500000000001,369.21247809146865
7.060000000000004,0.0005812500000000001,369.3490593195485
7.080000000000004,0.0005812500000000001,369.4820017430919
7.100000000000004,0.0005812500000000001,369.61073169899976
7.120000000000004,0.0005812500000000001,369.73469017784305
7.140000000000004,0.0005812500000000001,369.8535898555424
7.160000000000004,0.0005812500000000001,369.96714080164713
7.180000000000004,0.0005812500000000001,370.0752870417675
7.200000000000004,0.0005812500000000001,370.17792348517423
7.220000000000004,0.0005812500000000001,370.27513573298876
7.240000000000004,0.0005812500000000001,370.3669239396753
7.260000000000004,0.0005812500000000001,370.4534498529905
7.280000000000004,0.0005812500000000001,370.5347676823398
7.300000000000004,0.0005812500000000001,370.61107600290495
7.320000000000004,0.0005812500000000001,370.6824540158112
7.340000000000004,0.0005812500000000001,370.749115144248
7.360000000000004,0.0005812500000000001,370.81114792171707
7.380000000000004,0.0005812500000000001,370.86876866764715
7.400000000000004,0.0005812500000000001,370.92206703734075
7.420000000000004,0.0005812500000000001,370.9712558155785
7.440000000000004,0.0005812500000000001,371.0164215780183
7.460000000000004,0.0005812500000000001,371.05777015065166
7.480000000000004,0.0005812500000000001,371.09538296994083
7.500000000000004,0.0005812500000000001,371.1294571312392
7.520000000000004,0.0005812500000000001,371.1600680226545
7.5400000000000045,0.0005812500000000001,371.1874031630397
7.560000000000004,0.0005812500000000001,371.211531607499
7.5800000000000045,0.0005812500000000001,371.2326309841164
7.600000000000004,0.0005812500000000001,371.2507640724243
7.6200000000000045,0.0005812500000000001,371.2660986077688
7.640000000000004,0.0005812500000000001,371.27869133854466
7.660000000000005,0.0005812500000000001,371.2887002919446
7.680000000000004,0.0005812500000000001,371.2961765290773
7.700000000000005,0.0005812500000000001,371.3012686654708
7.720000000000004,0.0005812500000000001,371.30402246725555
7.740000000000005,0.0005812500000000001,371.3045775008161
7.760000000000004,0.0005812500000000001,371.3029746476107
7.780000000000005,0.0005812500000000001,371.29934482435925
7.800000000000004,0.0005812500000000001,371.2937244376125
7.820000000000005,0.0005812500000000001,371.2862361719543
7.840000000000004,0.0005812500000000001,371.27691235692754
7.860000000000005,0.0005812500000000001,371.2658678680512
7.880000000000004,0.0005812500000000001,371.253131337077
7.900000000000004,0.0005812500000000001,371.238810250736
7.920000000000004,0.0005812500000000001,371.22292989962443
7.940000000000005,0.0005812500000000001,371.2055907936011
7.960000000000004,0.0005812500000000001,371.1868152142051
7.980000000000004,0.0005812500000000001,371.1666970943025
8.000000000000004,0.0005812500000000001,371.14525601325835
8.020000000000005,0.0005812500000000001,371.1225797124449
8.040000000000004,0.0005812500000000001,371.0986853509028
8.060000000000004,0.0005812500000000001,371.07365484818746
8.080000000000005,0.0005812500000000001,371.0475032005906
8.100000000000005,0.0005812500000000001,371.0203068589213
6.900000000000004,0.0006000000000000001,367.83910556334064
6.9200000000000035,0.0006000000000000001,367.9866290830754
6.940000000000004,0.0006000000000000001,368.13311471185153
6.9600000000000035,0.0006000000000000001,368.27893411082016
6.980000000000004,0.0006000000000000001,368.4236040588636
7.0000000000000036,0.0006000000000000001,368.5674598352828
7.020000000000004,0.0006000000000000001,368.7097926923311
7.040000000000004,0.0006000000000000001,368.8505602204629
7.060000000000004,0.0006000000000000001,368.9887398965504
7.080000000000004,0.0006000000000000001,369.12411735665546
7.100000000000004,0.0006000000000000001,369.25567632947434
7.120000000000004,0.0006000000000000001,369.38331988660485
7.140000000000004,0.0006000000000000001,369.50625443037245
7.160000000000004,0.0006000000000000001,369.6245873030468
7.180000000000004,0.0006000000000000001,369.73773897980846
7.200000000000004,0.0006000000000000001,369.8459750527536
7.220000000000004,0.0006000000000000001,369.94886869180186
7.240000000000004,0.0006000000000000001,370.0467831464542
7.260000000000004,0.0006000000000000001,370.1393916033469
7.280000000000004,0.0006000000000000001,370.2271101437302
7.300000000000004,0.0006000000000000001,370.30967670209174
7.320000000000004,0.0006000000000000001,370.3875313738607
7.340000000000004,0.0006000000000000001,370.46045481587237
7.360000000000004,0.0006000000000000001,370.5288933842593
7.380000000000004,0.0006000000000000001,370.59265683739375
7.400000000000004,0.0006000000000000001,370.65218696183115
7.420000000000004,0.0006000000000000001,370.7073140814535
7.440000000000004,0.0006000000000000001,370.758468821008
7.460000000000004,0.0006000000000000001,370.80549661093374
7.480000000000004,0.0006000000000000001,370.84881294010887
7.500000000000004,0.0006000000000000001,370.88827478546324
7.520000000000004,0.0006000000000000001,370.9242801787818
7.5400000000000045,0.0006000000000000001,370.9566952849947
7.560000000000004,0.0006000000000000001,370.9858994265426
7.5800000000000045,0.0006000000000000001,371.01176637599207
7.600000000000004,0.0006000000000000001,371.0346562002162
7.6200000000000045,0.0006000000000000001,371.0544492117943
7.640000000000004,0.0006000000000000001,371.0714861490069
7.660000000000005,0.0006000000000000001,371.08565313804587
7.680000000000004,0.0006000000000000001,371.0972718348824
7.700000000000005,0.0006000000000000001,371.106233680473
7.720000000000004,0.0006000000000000001,371.1128417096166
7.740000000000005,0.0006000000000000001,371.11699233001485
7.760000000000004,0.0006000000000000001,371.1189705589346
7.780000000000005,0.0006000000000000001,371.1186775213107
7.800000000000004,0.0006000000000000001,371.1163809120634
7.820000000000005,0.0006000000000000001,371.1119863865592
7.840000000000004,0.0006000000000000001,371.1057450678589
7.860000000000005,0.0006000000000000001,371.09756699326846
7.880000000000004,0.0006000000000000001,371.0876874937899
7.900000000000004,0.0006000000000000001,371.076020862049
7.920000000000004,0.0006000000000000001,371.06278742742154
7.940000000000005,0.0006000000000000001,371.0479056222415
7.960000000000004,0.0006000000000000001,371.0315815619196
7.980000000000004,0.0006000000000000001,371.01373770693806
8.000000000000004,0.0006000000000000001,370.99456673404296
8.020000000000005,0.0006000000000000001,370.97399502012155
8.040000000000004,0.0006000000000000001,370.9522025594392
8.060000000000004,0.0006000000000000001,370.92911953100685
8.080000000000005,0.0006000000000000001,370.9049139789682
8.100000000000005,0.0006000000000000001,370.87951976656433
6.900000000000004,0.00061875,367.49859166494247
6.9200000000000035,0.00061875,367.6457236120952
6.940000000000004,0.00061875,367.79238237174525
6.9600000000000035,0.00061875,367.93805034079384
6.980000000000004,0.00061875,368.0831594187862
7.0000000000000036,0.00061875,368.2271936796437
7.020000000000004,0.00061875,368.3703475169156
7.040000000000004,0.00061875,368.5118059304863
7.060000000000004,0.00061875,368.6514962140275
7.080000000000004,0.00061875,368.78847035075927
7.100000000000004,0.00061875,368.9225634763534
7.120000000000004,0.00061875,369.05289631721894
7.140000000000004,0.00061875,369.1794273424771
7.160000000000004,0.00061875,369.3014566546382
7.180000000000004,0.00061875,369.4190948857099
7.200000000000004,0.00061875,369.53181079512257
7.220000000000004,0.00061875,369.6398316315319
7.240000000000004,0.00061875,369.74275561223044
7.260000000000004,0.00061875,369.84088619327974
7.280000000000004,0.00061875,369.93391523092987
7.300000000000004,0.00061875,370.0221912624942
7.320000000000004,0.00061875,370.1054729575548
7.340000000000004,0.00061875,370.18413222694056
7.360000000000004,0.00061875,370.2579755442237
7.380000000000004,0.00061875,370.3273834891666
7.400000000000004,0.00061875,370.39219704049486
7.420000000000004,0.00061875,370.45279558277963
7.440000000000004,0.00061875,370.50904528845746
7.460000000000004,0.00061875,370.5613177886411
7.480000000000004,0.00061875,370.60949790225794
7.500000000000004,0.00061875,370.65394522147704
7.520000000000004,0.00061875,370.69455858896214
7.5400000000000045,0.00061875,370.7316828511197
7.560000000000004,0.00061875,370.76522759969686
7.5800000000000045,0.00061875,370.7955213340937
7.600000000000004,0.00061875,370.8224820693539
7.6200000000000045,0.00061875,370.84642113404425
7.640000000000004,0.00061875,370.8672633103084
7.660000000000005,0.00061875,370.8853024782292
7.680000000000004,0.00061875,370.9004690035859
7.700000000000005,0.00061875,370.91303942157504
7.720000000000004,0.00061875,370.92294883143467
7.740000000000005,0.00061875,370.9304567896922
7.760000000000004,0.00061875,370.9355025131512
7.780000000000005,0.00061875,370.9383291227563
7.800000000000004,0.00061875,370.9388795009571
7.820000000000005,0.00061875,370.9373809909423
7.840000000000004,0.00061875,370.93377980302563
7.860000000000005,0.00061875,370.92828823021335
7.880000000000004,0.00061875,370.9208555518262
7.900000000000004,0.00061875,370.91167977552624
7.920000000000004,0.00061875,370.9007130449525
7.940000000000005,0.00061875,370.8881398611971
7.960000000000004,0.00061875,370.87391506442685
7.980000000000004,0.00061875,370.85821042527414
8.000000000000004,0.00061875,370.84098333758527
8.020000000000005,0.00061875,370.82239360333807
8.040000000000004,0.00061875,370.8024010439727
8.060000000000004,0.00061875,370.78115423231475
8.080000000000005,0.00061875,370.75861530256947
8.100000000000005,0.00061875,370.7349223102806
6.900000000000004,0.0006375,367.1821149275567
6.9200000000000035,0.0006375,367.3296218647063
6.940000000000004,0.0006375,367.4755236270693
6.9600000000000035,0.0006375,367.6217470953238
6.980000000000004,0.0006375,367.76639771140077
7.0000000000000036,0.0006375,367.9112522859358
7.020000000000004,0.0006375,368.0542906813843
7.040000000000004,0.0006375,368.1969165187868
7.060000000000004,0.0006375,368.3370613332825
7.080000000000004,0.0006375,368.4758940120213
7.100000000000004,0.0006375,368.61131806069983
7.120000000000004,0.0006375,368.74440190478174
7.140000000000004,0.0006375,368.8732201361673
7.160000000000004,0.0006375,368.99885855241035
7.180000000000004,0.0006375,369.1196204467998
7.200000000000004,0.0006375,369.23662959170974
7.220000000000004,0.0006375,369.34840383332596
7.240000000000004,0.0006375,369.4560900359815
7.260000000000004,0.0006375,369.55838843007456
7.280000000000004,0.0006375,369.6564475499733
7.300000000000004,0.0006375,369.74911853933816
7.320000000000004,0.0006375,369.8375327749747
7.340000000000004,0.0006375,369.9206660947058
7.360000000000004,0.0006375,369.9996184305766
7.380000000000004,0.0006375,370.0734695528212
7.400000000000004,0.0006375,370.14327795174114
7.420000000000004,0.0006375,370.2082111391128
7.440000000000004,0.0006375,370.26927967313054
7.460000000000004,0.0006375,370.32572618381903
7.480000000000004,0.0006375,370.37850950824026
7.500000000000004,0.0006375,370.4269374785384
7.520000000000004,0.0006375,370.4719154351726
7.5400000000000045,0.0006375,370.5128085277554
7.560000000000004,0.0006375,370.5504682895039
7.5800000000000045,0.0006375,370.5843108231804
7.600000000000004,0.0006375,370.6151345853922
7.6200000000000045,0.0006375,370.6424014082922
7.640000000000004,0.0006375,370.66685812310044
7.660000000000005,0.0006375,370.68800792857195
7.680000000000004,0.0006375,370.706547962768
7.700000000000005,0.0006375,370.72201908431856
7.720000000000004,0.0006375,370.7350709742162
7.740000000000005,0.0006375,370.7452789503409
7.760000000000004,0.0006375,370.7532476468941
7.780000000000005,0.0006375,370.75858403664523
7.800000000000004,0.0006375,370.7618501975143
7.820000000000005,0.0006375,370.76268226840074
7.840000000000004,0.0006375,370.76160227445956
7.860000000000005,0.0006375,370.75827328801535
7.880000000000004,0.0006375,370.7531797506433
7.900000000000004,0.0006375,370.7460096471998
7.920000000000004,0.0006375,370.73721223792194
7.940000000000005,0.0006375,370.7264985779082
7.960000000000004,0.0006375,370.71428505963064
7.980000000000004,0.0006375,370.70030411951103
8.000000000000004,0.0006375,370.68494149340347
8.020000000000005,0.0006375,370.6679494440594
8.040000000000004,0.0006375,370.64968515149314
8.060000000000004,0.0006375,370.6299192684671
8.080000000000005,0.0006375,370.60898240583526
8.100000000000005,0.0006375,370.58666227651133
6.900000000000004,0.00065625,366.89084722598227
6.9200000000000035,0.00065625,367.0371170624338
6.940000000000004,0.00065625,367.18367587006475
6.9600000000000035,0.00065625,367.32891924754136
6.980000000000004,0.00065625,367.47444041337155
7.0000000000000036,0.00065625,367.6186399586766
7.020000000000004,0.00065625,367.762735131406
7.040000000000004,0.00065625,367.90502520649255
7.060000000000004,0.00065625,368.04659344822863
7.080000000000004,0.00065625,368.18570547070215
7.100000000000004,0.00065625,368.3231852235709
7.120000000000004,0.00065625,368.45735832300136
7.140000000000004,0.00065625,368.5889687042284
7.160000000000004,0.00065625,368.71650300042756
7.180000000000004,0.00065625,368.84072005090303
7.200000000000004,0.00065625,368.96029580372203
7.220000000000004,0.00065625,369.07602655721854
7.240000000000004,0.00065625,369.1867678544356
7.260000000000004,0.00065625,369.29334567106895
7.280000000000004,0.00065625,369.3947721745245
7.300000000000004,0.00065625,369.49188641982204
7.320000000000004,0.00065625,369.58383236305775
7.340000000000004,0.00065625,369.67144551023074
7.360000000000004,0.00065625,369.75397920946796
7.380000000000004,0.00065625,369.83225176275295
7.400000000000004,0.00065625,369.9056071370694
7.420000000000004,0.00065625,369.97483633363163
7.440000000000004,0.00065625,370.03935872438547
7.460000000000004,0.00065625,370.09993113847054
7.480000000000004,0.00065625,370.15603620564997
7.500000000000004,0.00065625,370.20839233289274
7.520000000000004,0.00065625,370.25653575060664
7.5400000000000045,0.00065625,370.3011442012205
7.560000000000004,0.00065625,370.3417998200954
7.5800000000000045,0.00065625,370.3791389207508
7.600000000000004,0.00065625,370.41278336942037
7.6200000000000045,0.00065625,370.44332833953763
7.640000000000004,0.00065625,370.4704304267174
7.660000000000005,0.00065625,370.49464467939947
7.680000000000004,0.00065625,370.51565832390327
7.700000000000005,0.00065625,370.5339877799556
7.720000000000004,0.00065625,370.54934750322354
7.740000000000005,0.00065625,370.56221708191936
7.760000000000004,0.00065625,370.5723353416947
7.780000000000005,0.00065625,370.5801470068199
7.800000000000004,0.00065625,370.5854128385439
7.820000000000005,0.00065625,370.58854474202275
7.840000000000004,0.00065625,370.5893233165268
7.860000000000005,0.00065625,370.5881297048453
7.880000000000004,0.00065625,370.5847625169337
7.900000000000004,0.00065625,370.5795741569697
7.920000000000004,0.00065625,370.57237963798366
7.940000000000005,0.00065625,370.5635045863013
7.960000000000004,0.00065625,370.552778991567
7.980000000000004,0.00065625,370.5405035807928
8.000000000000004,0.00065625,370.52652204522315
8.020000000000005,0.00065625,370.51111199739773
8.040000000000004,0.00065625,370.4941296834874
8.060000000000004,0.00065625,370.47583128673375
8.080000000000005,0.00065625,370.4560845717246
8.100000000000005,0.00065625,370.435125875818
6.900000000000004,0.000675,366.62259440587343
6.9200000000000035,0.000675,366.7702400034621
6.940000000000004,0.000675,366.914807906154
6.9600000000000035,0.000675,367.0615025562421
6.980000000000004,0.000675,367.2054329361107
7.0000000000000036,0.000675,367.351204965704
7.020000000000004,0.000675,367.4939847694915
7.040000000000004,0.000675,367.63790955824
7.060000000000004,0.000675,367.7785951014549
7.080000000000004,0.000675,367.9196647866442
7.100000000000004,0.000675,368.05689528597395
7.120000000000004,0.000675,368.193540732239
7.140000000000004,0.000675,368.32563016029025
7.160000000000004,0.000675,368.45618071680093
7.180000000000004,0.000675,368.58155316395795
7.200000000000004,0.000675,368.7045979513929
7.220000000000004,0.000675,368.8220278400513
7.240000000000004,0.000675,368.93655242376803
7.260000000000004,0.000675,369.04522079364205
7.280000000000004,0.000675,369.15060619449304
7.300000000000004,0.000675,369.25006320061914
7.320000000000004,0.000675,369.3460260201735
7.340000000000004,0.000675,369.4361202539924
7.360000000000004,0.000675,369.52263784684243
7.380000000000004,0.000675,369.60344265961334
7.400000000000004,0.000675,369.6806830980655
7.420000000000004,0.000675,369.75243215054945
7.440000000000004,0.000675,369.82069588301135
7.460000000000004,0.000675,369.88373127483476
7.480000000000004,0.000675,369.9434054493296
7.500000000000004,0.000675,369.9981379433151
7.520000000000004,0.000675,370.04966200996
7.5400000000000045,0.000675,370.09654150582173
7.560000000000004,0.000675,370.1403820318277
7.5800000000000045,0.000675,370.17987619618253
7.600000000000004,0.000675,370.216508860746
7.6200000000000045,0.000675,370.24908801623224
7.640000000000004,0.000675,370.27898504310383
7.660000000000005,0.000675,370.30511175016426
7.680000000000004,0.000675,370.3287333797476
7.700000000000005,0.000675,370.34885547924534
7.720000000000004,0.000675,370.36664439862915
7.740000000000005,0.000675,370.38119057382045
7.760000000000004,0.000675,370.3935684865132
7.780000000000005,0.000675,370.40294563763734
7.800000000000004,0.000675,370.4103113630303
7.820000000000005,0.000675,370.41490327040964
7.840000000000004,0.000675,370.41763192281945
7.860000000000005,0.000675,370.4177988131819
7.880000000000004,0.000675,370.4162417308835
7.900000000000004,0.000675,370.4123204656767
7.920000000000004,0.000675,370.40680565015816
7.940000000000005,0.000675,370.39911033185325
7.960000000000004,0.000675,370.3899432239492
7.980000000000004,0.000675,370.37876607326234
8.000000000000004,0.000675,370.36623054168365
8.020000000000005,0.000675,370.3518429404521
8.040000000000004,0.000675,370.3362023939796
8.060000000000004,0.000675,370.31885601894464
8.080000000000005,0.000675,370.3003545796441
8.100000000000005,0.000675,370.28028257466616
6.900000000000004,0.00069375,366.38070288497676
6.9200000000000035,0.00069375,366.52565968273876
6.940000000000004,0.00069375,366.67203520157705
6.9600000000000035,0.00069375,366.8164537717695
6.980000000000004,0.00069375,366.9622984768856
7.0000000000000036,0.00069375,367.1061650281743
7.020000000000004,0.00069375,367.25076092117297
7.040000000000004,0.00069375,367.39303785049987
7.060000000000004,0.00069375,367.5356491071961
7.080000000000004,0.00069375,367.6755079810728
7.100000000000004,0.00069375,367.8149408924379
7.120000000000004,0.00069375,367.95096317723824
7.140000000000004,0.00069375,368.08562772261996
7.160000000000004,0.00069375,368.2161700300913
7.180000000000004,0.00069375,368.34447172990855
7.200000000000004,0.00069375,368.46804955209745
7.220000000000004,0.00069375,368.58867644348453
7.240000000000004,0.00069375,368.70415864477076
7.260000000000004,0.00069375,368.8161860645061
7.280000000000004,0.00069375,368.92283367204294
7.300000000000004,0.00069375,369.025713982756
7.320000000000004,0.00069375,369.12313894346687
7.340000000000004,0.00069375,369.21664144015745
7.360000000000004,0.00069375,369.3047373999326
7.380000000000004,0.00069375,369.38887624946824
7.400000000000004,0.00069375,369.46774786114173
7.420000000000004,0.00069375,369.54271541026765
7.440000000000004,0.00069375,369.6126169562911
7.460000000000004,0.00069375,369.6787284418388
7.480000000000004,0.00069375,369.7400146296791
7.500000000000004,0.00069375,369.7976650152237
7.520000000000004,0.00069375,369.85075334877746
7.5400000000000045,0.00069375,369.9003848937256
7.560000000000004,0.00069375,369.9457278086901
7.5800000000000045,0.00069375,369.987806377403
7.600000000000004,0.00069375,370.02587112650116
7.6200000000000045,0.00069375,370.06086929671034
7.640000000000004,0.00069375,370.092123771573
7.660000000000005,0.00069375,370.12050908523855
7.680000000000004,0.00069375,370.1454120827776
7.700000000000005,0.00069375,370.1676391125326
7.720000000000004,0.00069375,370.18663387466336
7.740000000000005,0.00069375,370.20313908072933
7.760000000000004,0.00069375,370.21664921354034
7.780000000000005,0.00069375,370.2278478163675
7.800000000000004,0.00069375,370.23627491842035
7.820000000000005,0.00069375,370.2425592099382
7.840000000000004,0.00069375,370.24628171301555
7.860000000000005,0.00069375,370.24802038091946
7.880000000000004,0.00069375,370.24739323843744
7.900000000000004,0.00069375,370.24493139214445
7.920000000000004,0.00069375,370.240286349183
7.940000000000005,0.00069375,370.23394602113706
7.960000000000004,0.00069375,370.2255922732945
7.980000000000004,0.00069375,370.21567323216834
8.000000000000004,0.00069375,370.2038983344144
8.020000000000005,0.00069375,370.1906790929478
8.040000000000004,0.00069375,370.1757500192476
8.060000000000004,0.00069375,370.1594889532827
8.080000000000005,0.00069375,370.1416532366567
8.100000000000005,0.00069375,370.12258975657096
6.900000000000004,0.0007125,366.16026187884006
6.9200000000000035,0.0007125,366.3079519163883
6.940000000000004,0.0007125,366.45086317299723
6.9600000000000035,0.0007125,366.5980231439764
6.980000000000004,0.0007125,366.7409406144429
7.0000000000000036,0.0007125,366.8874508862566
7.020000000000004,0.0007125,367.0292896353714
7.040000000000004,0.0007125,367.1740664867173
7.060000000000004,0.0007125,367.31432246170027
7.080000000000004,0.0007125,367.4566560673146
7.100000000000004,0.0007125,367.5942415727674
7.120000000000004,0.0007125,367.73284854022836
7.140000000000004,0.0007125,367.86622405528516
7.160000000000004,0.0007125,367.99951551257726
7.180000000000004,0.0007125,368.1270536748577
7.200000000000004,0.0007125,368.2535236585295
7.220000000000004,0.0007125,368.3738295951515
7.240000000000004,0.0007125,368.4922894314551
7.260000000000004,0.0007125,368.6043415673038
7.280000000000004,0.0007125,368.71398814659057
7.300000000000004,0.0007125,368.817148513891
7.320000000000004,0.0007125,368.91753750977057
7.340000000000004,0.0007125,369.0114997854103
7.360000000000004,0.0007125,369.1024812410763
7.380000000000004,0.0007125,369.1872000167552
7.400000000000004,0.0007125,369.26884769121983
7.420000000000004,0.0007125,369.34447014992037
7.440000000000004,0.0007125,369.41701829544525
7.460000000000004,0.0007125,369.48382635978476
7.480000000000004,0.0007125,369.54761821446584
7.500000000000004,0.0007125,369.6059828160462
7.520000000000004,0.0007125,369.66143082442625
7.5400000000000045,0.0007125,369.71177725107464
7.560000000000004,0.0007125,369.7593334073032
7.5800000000000045,0.0007125,369.8021158190992
7.600000000000004,0.0007125,369.842250145078
7.6200000000000045,0.0007125,369.87793329067387
7.640000000000004,0.0007125,369.911118592441
7.660000000000005,0.0007125,369.9401650040944
7.680000000000004,0.0007125,369.96686635111945
7.700000000000005,0.0007125,369.9897276222391
7.720000000000004,0.0007125,370.01039531688406
7.740000000000005,0.0007125,370.02750637541
7.760000000000004,0.0007125,370.0425714660857
7.780000000000005,0.0007125,370.0543470186588
7.800000000000004,0.0007125,370.0642186442912
7.820000000000005,0.0007125,370.071051174688
7.840000000000004,0.0007125,370.0761152113525
7.860000000000005,0.0007125,370.07837407756614
7.880000000000004,0.0007125,370.0789926979656
7.900000000000004,0.0007125,370.0770239939672
7.920000000000004,0.0007125,370.07353585545957
7.940000000000005,0.0007125,370.06766279451017
7.960000000000004,0.0007125,370.0603836494125
7.980000000000004,0.0007125,370.05090729305016
8.000000000000004,0.0007125,370.04013087254066
8.020000000000005,0.0007125,370.02733107884126
8.040000000000004,0.0007125,370.0133301440457
8.060000000000004,0.0007125,369.9974666449871
8.080000000000005,0.0007125,369.9804941297416
8.100000000000005,0.0007125,369.9618076739642
6.900000000000004,0.00073125,365.9675798333571
6.9200000000000035,0.00073125,366.110919252299
6.940000000000004,0.00073125,366.25711509994056
6.9600000000000035,0.00073125,366.4005669009132
6.980000000000004,0.00073125,366.5467345979497
7.0000000000000036,0.00073125,366.68989816548816
7.020000000000004,0.00073125,366.83446129132005
7.040000000000004,0.00073125,366.9763293509586
7.060000000000004,0.00073125,367.1190802157698
7.080000000000004,0.00073125,367.2589137420614
7.100000000000004,0.00073125,367.39890421491447
7.120000000000004,0.00073125,367.53544258990775
7.140000000000004,0.00073125,367.6712186320873
7.160000000000004,0.00073125,367.8028654801141
7.180000000000004,0.00073125,367.9328232802385
7.200000000000004,0.00073125,368.05802758971004
7.220000000000004,0.00073125,368.1807571902132
7.240000000000004,0.00073125,368.2982680893286
7.260000000000004,0.00073125,368.4127182445549
7.280000000000004,0.00073125,368.5216696728379
7.300000000000004,0.00073125,368.6271722115029
7.320000000000004,0.00073125,368.72706421637884
7.340000000000004,0.00073125,368.8232880841396
7.360000000000004,0.00073125,368.9139249129998
7.380000000000004,0.00073125,369.00080698594195
7.400000000000004,0.00073125,369.08222616719564
7.420000000000004,0.00073125,369.15990245614034
7.440000000000004,0.00073125,369.2323102339272
7.460000000000004,0.00073125,369.30105685471113
7.480000000000004,0.00073125,369.36477510252314
7.500000000000004,0.00073125,369.42496127037174
7.520000000000004,0.00073125,369.480386254182
7.5400000000000045,0.00073125,369.5324385017367
7.560000000000004,0.00073125,369.5800100052027
7.5800000000000045,0.00073125,369.6243857845514
7.600000000000004,0.00073125,369.66456462002134
7.6200000000000045,0.00073125,369.70173331573653
7.640000000000004,0.00073125,369.7349853345102
7.660000000000005,0.00073125,369.7654149351545
7.680000000000004,0.00073125,369.7921999409019
7.700000000000005,0.00073125,369.8163479364542
7.720000000000004,0.00073125,369.8371122298433
7.740000000000005,0.00073125,369.85541961511063
7.760000000000004,0.00073125,369.8705911898839
7.780000000000005,0.00073125,369.8834787212625
7.800000000000004,0.00073125,369.8934643727687
7.820000000000005,0.00073125,369.9013304401271
7.840000000000004,0.00073125,369.9065142365881
7.860000000000005,0.00073125,369.9097338780547
7.880000000000004,0.00073125,369.91047658965203
7.900000000000004,0.00073125,369.90940130290005
7.920000000000004,0.00073125,369.90604049270263
7.940000000000005,0.00073125,369.9009985903962
7.960000000000004,0.00073125,369.89384915218534
7.980000000000004,0.00073125,369.8851464789431
8.000000000000004,0.00073125,369.8745014668313
8.020000000000005,0.00073125,369.86242234638576
8.040000000000004,0.00073125,369.84855398508734
8.060000000000004,0.00073125,369.83336230391706
8.080000000000005,0.00073125,369.81652310065914
8.100000000000005,0.00073125,369.7984634618225
6.900000000000004,0.00075,365.7949704857946
6.9200000000000035,0.00075,365.9416969389851
6.940000000000004,0.00075,366.0839073947646
6.9600000000000035,0.00075,366.23054039051163
6.980000000000004,0.00075,366.3735432119034
7.0000000000000036,0.00075,366.51925115424234
7.020000000000004,0.00075,366.6607545026474
7.040000000000004,0.00075,366.8050288760716
7.060000000000004,0.00075,366.9449289805549
7.080000000000004,0.00075,367.0870282861789
7.100000000000004,0.00075,367.2244131479464
7.120000000000004,0.00075,367.36310065400073
7.140000000000004,0.00075,367.4965314053883
7.160000000000004,0.00075,367.63022791088247
7.180000000000004,0.00075,367.7580943530314
7.200000000000004,0.00075,367.88525397807774
7.220000000000004,0.00075,368.00612640045193
7.240000000000004,0.00075,368.12549682680384
7.260000000000004,0.00075,368.2382991840979
7.280000000000004,0.00075,368.34901127474
7.300000000000004,0.00075,368.45305051906195
7.320000000000004,0.00075,368.5546021739686
7.340000000000004,0.00075,368.64952454186835
7.360000000000004,0.00075,368.7417196602792
7.380000000000004,0.00075,368.82744218515063
7.400000000000004,0.00075,368.91031975954894
7.420000000000004,0.00075,368.986961445354
7.440000000000004,0.00075,369.0607306697604
7.460000000000004,0.00075,369.1285531462672
7.480000000000004,0.00075,369.1935399242568
7.500000000000004,0.00075,369.25290005553205
7.520000000000004,0.00075,369.3095053897772
7.5400000000000045,0.00075,369.3608191263308
7.560000000000004,0.00075,369.4094879391351
7.5800000000000045,0.00075,369.45320360550346
7.600000000000004,0.00075,369.4944020177697
7.6200000000000045,0.00075,369.53098106752304
7.640000000000004,0.00075,369.56518024056226
7.660000000000005,0.00075,369.5950837207617
7.680000000000004,0.00075,369.62274865241676
7.700000000000005,0.00075,369.64642793643515
7.720000000000004,0.00075,369.66800992765576
7.740000000000005,0.00075,369.6859005879146
7.760000000000004,0.00075,369.7018323899558
7.780000000000005,0.00075,369.7143503505546
7.800000000000004,0.00075,369.72504324582064
7.820000000000005,0.00075,369.7325825708518
7.840000000000004,0.00075,369.7384248315511
7.860000000000005,0.00075,369.7413566721755
7.880000000000004,0.00075,369.7427129873082
7.900000000000004,0.00075,369.74138533758423
7.920000000000004,0.00075,369.7385969089133
7.940000000000005,0.00075,369.7333349152905
7.960000000000004,0.00075,369.726720004907
7.980000000000004,0.00075,369.7178266446713
8.000000000000004,0.00075,369.7076814172896
8.020000000000005,0.00075,369.69543841306114
8.040000000000004,0.00075,369.68203796064796
8.060000000000004,0.00075,369.6667068360238
8.080000000000005,0.00075,369.650306304871
8.100000000000005,0.00075,369.6321295140377
