时间 (s),薄膜厚度 (m),温度 (K)
6.0000000000000036,0.0,361.2819965621745
6.020000000000003,0.0,390.0
6.040000000000004,0.0,390.0
6.060000000000003,0.0,390.0
6.080000000000004,0.0,390.0
6.100000000000003,0.0,390.0
6.120000000000004,0.0,390.0
6.140000000000003,0.0,390.0
6.160000000000004,0.0,390.0
6.180000000000003,0.0,390.0
6.200000000000004,0.0,390.0
6.220000000000003,0.0,390.0
6.240000000000004,0.0,390.0
6.260000000000003,0.0,390.0
6.280000000000004,0.0,390.0
6.300000000000003,0.0,390.0
6.320000000000004,0.0,390.0
6.340000000000003,0.0,390.0
6.360000000000004,0.0,390.0
6.3800000000000034,0.0,390.0
6.400000000000004,0.0,390.0
6.4200000000000035,0.0,390.0
6.440000000000004,0.0,390.0
6.4600000000000035,0.0,390.0
6.480000000000004,0.0,390.0
6.5000000000000036,0.0,390.0
6.520000000000004,0.0,390.0
6.540000000000004,0.0,390.0
6.560000000000004,0.0,390.0
6.580000000000004,0.0,390.0
6.600000000000004,0.0,390.0
6.620000000000004,0.0,390.0
6.640000000000004,0.0,390.0
6.660000000000004,0.0,390.0
6.680000000000004,0.0,390.0
6.700000000000004,0.0,390.0
6.720000000000004,0.0,390.0
6.740000000000004,0.0,390.0
6.760000000000004,0.0,390.0
6.780000000000004,0.0,390.0
6.800000000000004,0.0,390.0
6.820000000000004,0.0,390.0
6.840000000000004,0.0,390.0
6.860000000000004,0.0,390.0
6.880000000000004,0.0,390.0
6.900000000000004,0.0,390.0
6.0000000000000036,1.8750000000000002e-05,361.4306255999404
6.020000000000003,1.8750000000000002e-05,377.79992984074363
6.040000000000004,1.8750000000000002e-05,387.02412796330356
6.060000000000003,1.8750000000000002e-05,384.96735381888845
6.080000000000004,1.8750000000000002e-05,387.5177256822229
6.100000000000003,1.8750000000000002e-05,386.57572786861743
6.120000000000004,1.8750000000000002e-05,387.8283306872279
6.140000000000003,1.8750000000000002e-05,387.310449338164
6.160000000000004,1.8750000000000002e-05,388.05155687366306
6.180000000000003,1.8750000000000002e-05,387.73642004867696
6.200000000000004,1.8750000000000002e-05,388.2221555480224
6.220000000000003,1.8750000000000002e-05,388.0167386253096
6.240000000000004,1.8750000000000002e-05,388.35739842541415
6.260000000000003,1.8750000000000002e-05,388.21657989054575
6.280000000000004,1.8750000000000002e-05,388.46738072992326
6.300000000000003,1.8750000000000002e-05,388.3671272431545
6.320000000000004,1.8750000000000002e-05,388.55858476506927
6.340000000000003,1.8750000000000002e-05,388.4851667100755
6.360000000000004,1.8750000000000002e-05,388.63542641093
6.3800000000000034,1.8750000000000002e-05,388.5805382752612
6.400000000000004,1.8750000000000002e-05,388.70103797013195
6.4200000000000035,1.8750000000000002e-05,388.65940301283683
6.440000000000004,1.8750000000000002e-05,388.7577095512922
6.4600000000000035,1.8750000000000002e-05,388.7258295112799
6.480000000000004,1.8750000000000002e-05,388.80715725630364
6.5000000000000036,1.8750000000000002e-05,388.7826261336593
6.520000000000004,1.8750000000000002e-05,388.8506945797807
6.540000000000004,1.8750000000000002e-05,388.83180502890394
6.560000000000004,1.8750000000000002e-05,388.8893457356762
6.580000000000004,1.8750000000000002e-05,388.8748539423501
6.600000000000004,1.8750000000000002e-05,388.9239224321106
6.620000000000004,1.8750000000000002e-05,388.912902208968
6.640000000000004,1.8750000000000002e-05,388.95507693554896
6.660000000000004,1.8750000000000002e-05,388.94682590599604
6.680000000000004,1.8750000000000002e-05,388.9833394568655
6.700000000000004,1.8750000000000002e-05,388.9773167384755
6.720000000000004,1.8750000000000002e-05,389.0091450234089
6.740000000000004,1.8750000000000002e-05,389.00492861699183
6.760000000000004,1.8750000000000002e-05,389.0328532057405
6.780000000000004,1.8750000000000002e-05,389.03011011403817
6.800000000000004,1.8750000000000002e-05,389.05476291484763
6.820000000000004,1.8750000000000002e-05,389.05322773114045
6.840000000000004,1.8750000000000002e-05,389.07512373726996
6.860000000000004,1.8750000000000002e-05,389.07458302076776
6.880000000000004,1.8750000000000002e-05,389.09414478806224
6.900000000000004,1.8750000000000002e-05,389.09442548532553
6.0000000000000036,3.7500000000000003e-05,361.5800702676055
6.020000000000003,3.7500000000000003e-05,370.93281963153055
6.040000000000004,3.7500000000000003e-05,381.373359147827
6.060000000000003,3.7500000000000003e-05,382.1138166942437
6.080000000000004,3.7500000000000003e-05,383.5453658044562
6.100000000000003,3.7500000000000003e-05,384.4317519818321
6.120000000000004,3.7500000000000003e-05,384.7010984904732
6.140000000000003,3.7500000000000003e-05,385.4700199295383
6.160000000000004,3.7500000000000003e-05,385.44015789124575
6.180000000000003,3.7500000000000003e-05,386.0763416391122
6.200000000000004,3.7500000000000003e-05,385.9597708952692
6.220000000000003,3.7500000000000003e-05,386.48268524222755
6.240000000000004,3.7500000000000003e-05,386.34733575141564
6.260000000000003,3.7500000000000003e-05,386.7787091600573
6.280000000000004,3.7500000000000003e-05,386.64843893512
6.300000000000003,3.7500000000000003e-05,387.00659975393495
6.320000000000004,3.7500000000000003e-05,386.8894915680982
6.340000000000003,3.7500000000000003e-05,387.18896280154564
6.360000000000004,3.7500000000000003e-05,387.08697502849384
6.3800000000000034,3.7500000000000003e-05,387.3390967734761
6.400000000000004,3.7500000000000003e-05,387.2517650791848
6.4200000000000035,3.7500000000000003e-05,387.46539845487035
6.440000000000004,3.7500000000000003e-05,387.39136133724173
6.4600000000000035,3.7500000000000003e-05,387.5734744370725
6.480000000000004,3.7500000000000003e-05,387.51112464783057
6.5000000000000036,3.7500000000000003e-05,387.667242729703
6.520000000000004,3.7500000000000003e-05,387.6150041190026
6.540000000000004,3.7500000000000003e-05,387.7495468166906
6.560000000000004,3.7500000000000003e-05,387.70598390576066
6.580000000000004,3.7500000000000003e-05,387.82251640964404
6.600000000000004,3.7500000000000003e-05,387.78636796936235
6.620000000000004,3.7500000000000003e-05,387.88778872106354
6.640000000000004,3.7500000000000003e-05,387.8579673186882
6.660000000000004,3.7500000000000003e-05,387.9466493261785
6.680000000000004,3.7500000000000003e-05,387.9222266570975
6.700000000000004,3.7500000000000003e-05,388.000124930675
6.720000000000004,3.7500000000000003e-05,387.9803123637841
6.740000000000004,3.7500000000000003e-05,388.0490464704659
6.760000000000004,3.7500000000000003e-05,388.03317520609465
6.780000000000004,3.7500000000000003e-05,388.09409339202284
6.800000000000004,3.7500000000000003e-05,388.081596152461
6.820000000000004,3.7500000000000003e-05,388.1358256671812
6.840000000000004,3.7500000000000003e-05,388.12622061738756
6.860000000000004,3.7500000000000003e-05,388.1747075909017
6.880000000000004,3.7500000000000003e-05,388.16758459784296
6.900000000000004,3.7500000000000003e-05,388.21112591603486
6.0000000000000036,5.6250000000000005e-05,361.7307327075703
6.020000000000003,5.6250000000000005e-05,367.0620216326499
6.040000000000004,5.6250000000000005e-05,376.0156501482704
6.060000000000003,5.6250000000000005e-05,379.1204472765049
6.080000000000004,5.6250000000000005e-05,380.25587516126404
6.100000000000003,5.6250000000000005e-05,381.7872671122662
6.120000000000004,5.6250000000000005e-05,382.25313393212787
6.140000000000003,5.6250000000000005e-05,383.1029951756321
6.160000000000004,5.6250000000000005e-05,383.42983117619605
6.180000000000003,5.6250000000000005e-05,383.93755111669947
6.200000000000004,5.6250000000000005e-05,384.21172308489616
6.220000000000003,5.6250000000000005e-05,384.5322597080705
6.240000000000004,5.6250000000000005e-05,384.7727010600207
6.260000000000003,5.6250000000000005e-05,384.9845358726098
6.280000000000004,5.6250000000000005e-05,385.19721152278936
6.300000000000003,5.6250000000000005e-05,385.3429743993857
6.320000000000004,5.6250000000000005e-05,385.5312116237719
6.340000000000003,5.6250000000000005e-05,385.63529883998075
6.360000000000004,5.6250000000000005e-05,385.801863062333
6.3800000000000034,5.6250000000000005e-05,385.8788291851452
6.400000000000004,5.6250000000000005e-05,386.0262736602053
6.4200000000000035,5.6250000000000005e-05,386.0851091993377
6.440000000000004,5.6250000000000005e-05,386.21578588749315
6.4600000000000035,5.6250000000000005e-05,386.2622144247755
6.480000000000004,5.6250000000000005e-05,386.37824761640155
6.5000000000000036,5.6250000000000005e-05,386.4160119702527
6.520000000000004,5.6250000000000005e-05,386.5192888135918
6.540000000000004,5.6250000000000005e-05,386.5508963972467
6.560000000000004,5.6250000000000005e-05,386.6430747880443
6.580000000000004,5.6250000000000005e-05,386.6702423825921
6.600000000000004,5.6250000000000005e-05,386.7527687057928
6.620000000000004,5.6250000000000005e-05,386.7766947817422
6.640000000000004,5.6250000000000005e-05,386.8508255740839
6.660000000000004,5.6250000000000005e-05,386.87236099445965
6.680000000000004,5.6250000000000005e-05,386.9391850871874
6.700000000000004,5.6250000000000005e-05,386.9589425257505
6.720000000000004,5.6250000000000005e-05,387.01940197440643
6.740000000000004,5.6250000000000005e-05,387.03782758981254
6.760000000000004,5.6250000000000005e-05,387.0927366976029
6.780000000000004,5.6250000000000005e-05,387.1101580957758
6.800000000000004,5.6250000000000005e-05,387.16022034905177
6.820000000000004,5.6250000000000005e-05,387.1768793561578
6.840000000000004,5.6250000000000005e-05,387.2227023297311
6.860000000000004,5.6250000000000005e-05,387.2387778426974
6.880000000000004,5.6250000000000005e-05,387.2808862317994
6.900000000000004,5.6250000000000005e-05,387.2965104571592
6.0000000000000036,7.500000000000001e-05,361.882036985478
6.020000000000003,7.500000000000001e-05,364.9279717583647
6.040000000000004,7.500000000000001e-05,371.7255939021782
6.060000000000003,7.500000000000001e-05,376.0016389035096
6.080000000000004,7.500000000000001e-05,377.4700814803401
6.100000000000003,7.500000000000001e-05,379.10534010189974
6.120000000000004,7.500000000000001e-05,379.99693840163064
6.140000000000003,7.500000000000001e-05,380.80869672602677
6.160000000000004,7.500000000000001e-05,381.4486072109083
6.180000000000003,7.500000000000001e-05,381.93326132669694
6.200000000000004,7.500000000000001e-05,382.4098106049515
6.220000000000003,7.500000000000001e-05,382.74371643006873
6.240000000000004,7.500000000000001e-05,383.10404724682354
6.260000000000003,7.500000000000001e-05,383.3596042752382
6.280000000000004,7.500000000000001e-05,383.6350895943692
6.300000000000003,7.500000000000001e-05,383.8450518373329
6.320000000000004,7.500000000000001e-05,384.0578610745906
6.340000000000003,7.500000000000001e-05,384.23822642351024
6.360000000000004,7.500000000000001e-05,384.4043453787751
6.3800000000000034,7.500000000000001e-05,384.5635008362049
6.400000000000004,7.500000000000001e-05,384.69458250856826
6.4200000000000035,7.500000000000001e-05,384.8372661103854
6.440000000000004,7.500000000000001e-05,384.941879633849
6.4600000000000035,7.500000000000001e-05,385.0710015815031
6.480000000000004,7.500000000000001e-05,385.1555006761036
6.5000000000000036,7.500000000000001e-05,385.27301799579504
6.520000000000004,7.500000000000001e-05,385.34215175088514
6.540000000000004,7.500000000000001e-05,385.44950204399225
6.560000000000004,7.500000000000001e-05,385.506847447928
6.580000000000004,7.500000000000001e-05,385.6051689411906
6.600000000000004,7.500000000000001e-05,385.65343918565577
6.620000000000004,7.500000000000001e-05,385.74368423100253
6.640000000000004,7.500000000000001e-05,385.78495010441856
6.660000000000004,7.500000000000001e-05,385.867944619753
6.680000000000004,7.500000000000001e-05,385.9037948529892
6.700000000000004,7.500000000000001e-05,385.9802701443874
6.720000000000004,7.500000000000001e-05,386.01192864394613
6.740000000000004,7.500000000000001e-05,386.0825391595873
6.760000000000004,7.500000000000001e-05,386.1109515770134
6.780000000000004,7.500000000000001e-05,386.1762855815526
6.800000000000004,7.500000000000001e-05,386.20218388304585
6.820000000000004,7.500000000000001e-05,386.26277063793304
6.840000000000004,7.500000000000001e-05,386.28672173367875
6.860000000000004,7.500000000000001e-05,386.34303698856246
6.880000000000004,7.500000000000001e-05,386.3654796896254
6.900000000000004,7.500000000000001e-05,386.4179503605055
6.0000000000000036,9.375e-05,362.0341963874237
6.020000000000003,9.375e-05,363.76951271636744
6.040000000000004,9.375e-05,368.6202250559621
6.060000000000003,9.375e-05,373.02065810525596
6.080000000000004,9.375e-05,375.01259816983674
6.100000000000003,9.375e-05,376.61174950622814
6.120000000000004,9.375e-05,377.8275948860413
6.140000000000003,9.375e-05,378.68927236398895
6.160000000000004,9.375e-05,379.48855621097636
6.180000000000003,9.375e-05,380.064817772116
6.200000000000004,9.375e-05,380.61945282297114
6.220000000000003,9.375e-05,381.0501501637454
6.240000000000004,9.375e-05,381.45427354271817
6.260000000000003,9.375e-05,381.7948386283227
6.280000000000004,9.375e-05,382.1024981728021
6.300000000000003,9.375e-05,382.3800881049804
6.320000000000004,9.375e-05,382.62341920844693
6.340000000000003,9.375e-05,382.8538601986641
6.360000000000004,9.375e-05,383.0525958866364
6.3800000000000034,9.375e-05,383.24633918786935
6.400000000000004,9.375e-05,383.41298583636154
6.4200000000000035,9.375e-05,383.5775124731243
6.440000000000004,9.375e-05,383.7202524887929
6.4600000000000035,9.375e-05,383.8611880003297
6.480000000000004,9.375e-05,383.98555053099574
6.5000000000000036,9.375e-05,384.1072553875961
6.520000000000004,9.375e-05,384.21710031876245
6.540000000000004,9.375e-05,384.32302080447954
6.560000000000004,9.375e-05,384.4211305114274
6.580000000000004,9.375e-05,384.51402653602327
6.600000000000004,9.375e-05,384.60246880391037
6.620000000000004,9.375e-05,384.68457139891245
6.640000000000004,9.375e-05,384.76492639506387
6.660000000000004,9.375e-05,384.8380514741354
6.680000000000004,9.375e-05,384.91155664899446
6.700000000000004,9.375e-05,384.977189805334
6.720000000000004,9.375e-05,385.04483449682164
6.740000000000004,9.375e-05,385.104195728959
6.760000000000004,9.375e-05,385.16678447121535
6.780000000000004,9.375e-05,385.2208785161549
6.800000000000004,9.375e-05,385.2790745534197
6.820000000000004,9.375e-05,385.3287306151064
6.840000000000004,9.375e-05,385.3830866620645
6.860000000000004,9.375e-05,385.42899014691807
6.880000000000004,9.375e-05,385.47997075777187
6.900000000000004,9.375e-05,385.5226888680284
6.0000000000000036,0.00011250000000000001,362.18664275021206
6.020000000000003,0.00011250000000000001,363.1765432284754
6.040000000000004,0.00011250000000000001,366.4933307260152
6.060000000000003,0.00011250000000000001,370.4314700018332
6.080000000000004,0.00011250000000000001,372.78702157262506
6.100000000000003,0.00011250000000000001,374.3923608643294
6.120000000000004,0.00011250000000000001,375.7624881902384
6.140000000000003,0.00011250000000000001,376.7397121208004
6.160000000000004,0.00011250000000000001,377.6081236676111
6.180000000000003,0.00011250000000000001,378.29944437283126
6.200000000000004,0.00011250000000000001,378.9001345226892
6.220000000000003,0.00011250000000000001,379.42135875970916
6.240000000000004,0.00011250000000000001,379.867292579426
6.260000000000003,0.00011250000000000001,380.27427503551604
6.280000000000004,0.00011250000000000001,380.62319969890694
6.300000000000003,0.00011250000000000001,380.94894945829606
6.320000000000004,0.00011250000000000001,381.2323917110141
6.340000000000003,0.00011250000000000001,381.49851125297033
6.360000000000004,0.00011250000000000001,381.7348869768905
6.3800000000000034,0.00011250000000000001,381.9562602936712
6.400000000000004,0.00011250000000000001,382.15707453845323
6.4200000000000035,0.00011250000000000001,382.3442625093478
6.440000000000004,0.00011250000000000001,382.517179550236
6.4600000000000035,0.00011250000000000001,382.6778289866837
6.480000000000004,0.00011250000000000001,382.82826051811355
6.5000000000000036,0.00011250000000000001,382.9680007256349
6.520000000000004,0.00011250000000000001,383.09996237484336
6.540000000000004,0.00011250000000000001,383.2230001269204
6.560000000000004,0.00011250000000000001,383.339592568249
6.580000000000004,0.00011250000000000001,383.4491164750205
6.600000000000004,0.00011250000000000001,383.5528071327856
6.620000000000004,0.00011250000000000001,383.6512668335608
6.640000000000004,0.00011250000000000001,383.7440622631005
6.660000000000004,0.00011250000000000001,383.83336367302707
6.680000000000004,0.00011250000000000001,383.91692019533303
6.700000000000004,0.00011250000000000001,383.9985637167771
6.720000000000004,0.00011250000000000001,384.0742621004017
6.740000000000004,0.00011250000000000001,384.14944168458123
6.760000000000004,0.00011250000000000001,384.2184401764593
6.780000000000004,0.00011250000000000001,384.2881152463481
6.800000000000004,0.00011250000000000001,384.35138904426765
6.820000000000004,0.00011250000000000001,384.4163374062686
6.840000000000004,0.00011250000000000001,384.47470924808255
6.860000000000004,0.00011250000000000001,384.5355665326022
6.880000000000004,0.00011250000000000001,384.5897311682017
6.900000000000004,0.00011250000000000001,384.6470206065998
6.0000000000000036,0.00013125000000000002,362.3393539482284
6.020000000000003,0.00013125000000000002,362.9008996188673
6.040000000000004,0.00013125000000000002,365.1063913864789
6.060000000000003,0.00013125000000000002,368.34231487329504
6.080000000000004,0.00013125000000000002,370.79711874393075
6.100000000000003,0.00013125000000000002,372.4456675963703
6.120000000000004,0.00013125000000000002,373.85468310533486
6.140000000000003,0.00013125000000000002,374.9407024668091
6.160000000000004,0.00013125000000000002,375.8514434990162
6.180000000000003,0.00013125000000000002,376.6271738235076
6.200000000000004,0.00013125000000000002,377.27815665844037
6.220000000000003,0.00013125000000000002,377.85859311411525
6.240000000000004,0.00013125000000000002,378.35574575654886
6.260000000000003,0.00013125000000000002,378.8060620538496
6.280000000000004,0.00013125000000000002,379.20209203461326
6.300000000000003,0.00013125000000000002,379.5622080880408
6.320000000000004,0.00013125000000000002,379.88661158198823
6.340000000000003,0.00013125000000000002,380.1819926491145
6.360000000000004,0.00013125000000000002,380.45303617269326
6.3800000000000034,0.00013125000000000002,380.7004516756279
6.400000000000004,0.00013125000000000002,380.93037303113545
6.4200000000000035,0.00013125000000000002,381.141206326519
6.440000000000004,0.00013125000000000002,381.33868817597585
6.4600000000000035,0.00013125000000000002,381.520905914776
6.480000000000004,0.00013125000000000002,381.692365175567
6.5000000000000036,0.00013125000000000002,381.85171467053465
6.520000000000004,0.00013125000000000002,382.00203428613924
6.540000000000004,0.00013125000000000002,382.1427844232524
6.560000000000004,0.00013125000000000002,382.27576019883537
6.580000000000004,0.00013125000000000002,382.40116779174247
6.600000000000004,0.00013125000000000002,382.5197979556956
6.620000000000004,0.00013125000000000002,382.63240671759354
6.640000000000004,0.00013125000000000002,382.73908861641485
6.660000000000004,0.00013125000000000002,382.84092485428056
6.680000000000004,0.00013125000000000002,382.9375936640237
6.700000000000004,0.00013125000000000002,383.03029745876756
6.720000000000004,0.00013125000000000002,383.11852701467626
6.740000000000004,0.00013125000000000002,383.20344253276846
6.760000000000004,0.00013125000000000002,383.2845204715289
6.780000000000004,0.00013125000000000002,383.3627599493497
6.800000000000004,0.00013125000000000002,383.43774487749823
6.820000000000004,0.00013125000000000002,383.510235299562
6.840000000000004,0.00013125000000000002,383.5800010392088
6.860000000000004,0.00013125000000000002,383.64751916591604
6.880000000000004,0.00013125000000000002,383.7127894856758
6.900000000000004,0.00013125000000000002,383.7759888233473
6.0000000000000036,0.00015000000000000001,362.49180430483875
6.020000000000003,0.00015000000000000001,362.8088922574369
6.040000000000004,0.00015000000000000001,364.24281452683215
6.060000000000003,0.00015000000000000001,366.75035046545787
6.080000000000004,0.00015000000000000001,369.0777274905925
6.100000000000003,0.00015000000000000001,370.74820331574864
6.120000000000004,0.00015000000000000001,372.14070435111245
6.140000000000003,0.00015000000000000001,373.28927101273376
6.160000000000004,0.00015000000000000001,374.2344779947133
6.180000000000003,0.00015000000000000001,375.0589934868129
6.200000000000004,0.00015000000000000001,375.7575636816377
6.220000000000003,0.00015000000000000001,376.3771080445509
6.240000000000004,0.00015000000000000001,376.9197628953207
6.260000000000003,0.00015000000000000001,377.4042514846323
6.280000000000004,0.00015000000000000001,377.8394715402343
6.300000000000003,0.00015000000000000001,378.23070106243495
6.320000000000004,0.00015000000000000001,378.58791542886314
6.340000000000003,0.00015000000000000001,378.9118066788092
6.360000000000004,0.00015000000000000001,379.21041386452526
6.3800000000000034,0.00015000000000000001,379.4837668108984
6.400000000000004,0.00015000000000000001,379.73723458296035
6.4200000000000035,0.00015000000000000001,379.97144526578813
6.440000000000004,0.00015000000000000001,380.18945574932735
6.4600000000000035,0.00015000000000000001,380.3925962352481
6.480000000000004,0.00015000000000000001,380.5822939617556
6.5000000000000036,0.00015000000000000001,380.76030623427226
6.520000000000004,0.00015000000000000001,380.92707748057114
6.540000000000004,0.00015000000000000001,381.08447962158976
6.560000000000004,0.00015000000000000001,381.2324614867111
6.580000000000004,0.00015000000000000001,381.37277947326004
6.600000000000004,0.00015000000000000001,381.50520244756103
6.620000000000004,0.00015000000000000001,381.63124380765237
6.640000000000004,0.00015000000000000001,381.7506674309949
6.660000000000004,0.00015000000000000001,381.8647014046293
6.680000000000004,0.00015000000000000001,381.97317946767214
6.700000000000004,0.00015000000000000001,382.07706035651506
6.720000000000004,0.00015000000000000001,382.1762588104848
6.740000000000004,0.00015000000000000001,382.2715137459819
6.760000000000004,0.00015000000000000001,382.3627963820379
6.780000000000004,0.00015000000000000001,382.45069004699116
6.800000000000004,0.00015000000000000001,382.5351818843486
6.820000000000004,0.00015000000000000001,382.6167657520095
6.840000000000004,0.00015000000000000001,382.69540077050186
6.860000000000004,0.00015000000000000001,382.7715515404953
6.880000000000004,0.00015000000000000001,382.8451092366377
6.900000000000004,0.00015000000000000001,382.9165594475532
6.0000000000000036,0.00016875,362.64374708297856
6.020000000000003,0.00016875,362.8194040060205
6.040000000000004,0.00016875,363.7346843641798
6.060000000000003,0.00016875,365.5974156150928
6.080000000000004,0.00016875,367.65087965285954
6.100000000000003,0.00016875,369.2838185239288
6.120000000000004,0.00016875,370.633053473919
6.140000000000003,0.00016875,371.7927844857729
6.160000000000004,0.00016875,372.7608343033051
6.180000000000003,0.00016875,373.60726642449146
6.200000000000004,0.00016875,374.34076475215085
6.220000000000003,0.00016875,374.9873201339132
6.240000000000004,0.00016875,375.5631262452698
6.260000000000003,0.00016875,376.076107056046
6.280000000000004,0.00016875,376.5404415452509
6.300000000000003,0.00016875,376.9592240711037
6.320000000000004,0.00016875,377.34197913000645
6.340000000000003,0.00016875,377.6912519972596
6.360000000000004,0.00016875,378.0125944235717
6.3800000000000034,0.00016875,378.3087570673337
6.400000000000004,0.00016875,378.5827252026817
6.4200000000000035,0.00016875,378.8372359946396
6.440000000000004,0.00016875,379.0738776227939
6.4600000000000035,0.00016875,379.2950777462517
6.480000000000004,0.00016875,379.5017763504569
6.5000000000000036,0.00016875,379.69593632740646
6.520000000000004,0.00016875,379.87825377747885
6.540000000000004,0.00016875,380.05020664394345
6.560000000000004,0.00016875,380.21242827651474
6.580000000000004,0.00016875,380.36597191508133
6.600000000000004,0.00016875,380.5114652607007
6.620000000000004,0.00016875,380.64962936622345
6.640000000000004,0.00016875,380.78108483734246
6.660000000000004,0.00016875,380.90631486715756
6.680000000000004,0.00016875,381.0259108728893
6.700000000000004,0.00016875,381.140199008893
6.720000000000004,0.00016875,381.2497180701656
6.740000000000004,0.00016875,381.35469912947764
6.760000000000004,0.00016875,381.45561171458843
6.780000000000004,0.00016875,381.5526351155016
6.800000000000004,0.00016875,381.6461617870941
6.820000000000004,0.00016875,381.73634667230436
6.840000000000004,0.00016875,381.8235053177646
6.860000000000004,0.00016875,381.9077835115169
6.880000000000004,0.00016875,381.9894260433282
6.900000000000004,0.00016875,382.06857600800146
6.0000000000000036,0.0001875,362.7946751468424
6.020000000000003,0.0001875,362.888624981356
6.040000000000004,0.0001875,363.46261341082925
6.060000000000003,0.0001875,364.8003048487281
6.080000000000004,0.0001875,366.5143947378683
6.100000000000003,0.0001875,368.0424718896374
6.120000000000004,0.0001875,369.32768755352276
6.140000000000003,0.0001875,370.4589212299307
6.160000000000004,0.0001875,371.4295885250674
6.180000000000003,0.0001875,372.27984298433836
6.200000000000004,0.0001875,373.0307404574168
6.220000000000003,0.0001875,373.69465041231604
6.240000000000004,0.0001875,374.2908482426766
6.260000000000003,0.0001875,374.8254547246144
6.280000000000004,0.0001875,375.31038525896895
6.300000000000003,0.0001875,375.7509747073846
6.320000000000004,0.0001875,376.15367861232716
6.340000000000003,0.0001875,376.52340941186804
6.360000000000004,0.0001875,376.8636630400719
6.3800000000000034,0.0001875,377.17853808331085
6.400000000000004,0.0001875,377.4701742889454
6.4200000000000035,0.0001875,377.74169807601623
6.440000000000004,0.0001875,377.99468604275825
6.4600000000000035,0.0001875,378.2313844140383
6.480000000000004,0.0001875,378.4531231608642
6.5000000000000036,0.0001875,378.6614694315039
6.520000000000004,0.0001875,378.8575985901327
6.540000000000004,0.0001875,379.0426067930678
6.560000000000004,0.0001875,379.2175236336078
6.580000000000004,0.0001875,379.3831429945135
6.600000000000004,0.0001875,379.54033998683326
6.620000000000004,0.0001875,379.68972496967024
6.640000000000004,0.0001875,379.832016457695
6.660000000000004,0.0001875,379.9677162384394
6.680000000000004,0.0001875,380.09739543038177
6.700000000000004,0.0001875,380.2214898603876
6.720000000000004,0.0001875,380.34044105528795
6.740000000000004,0.0001875,380.4546403302126
6.760000000000004,0.0001875,380.5644216189502
6.780000000000004,0.0001875,380.67014084426984
6.800000000000004,0.0001875,380.772046745469
6.820000000000004,0.0001875,380.8704627975109
6.840000000000004,0.0001875,380.96557281825164
6.860000000000004,0.0001875,381.05766846820666
6.880000000000004,0.0001875,381.1468854747275
6.900000000000004,0.0001875,381.2334841630237
6.0000000000000036,0.00020625000000000003,362.94417547098084
6.020000000000003,0.00020625000000000003,362.9898110502918
6.040000000000004,0.00020625000000000003,363.34230947225336
6.060000000000003,0.00020625000000000003,364.27672321224276
6.080000000000004,0.00020625000000000003,365.6458268591184
6.100000000000003,0.00020625000000000003,367.0143495633089
6.120000000000004,0.00020625000000000003,368.214437012571
6.140000000000003,0.00020625000000000003,369.2895917984303
6.160000000000004,0.00020625000000000003,370.23974469097817
6.180000000000003,0.00020625000000000003,371.0792444786915
6.200000000000004,0.00020625000000000003,371.83063997880276
6.220000000000003,0.00020625000000000003,372.5015272490667
6.240000000000004,0.00020625000000000003,373.107126595376
6.260000000000003,0.00020625000000000003,373.65495905844983
6.280000000000004,0.00020625000000000003,374.15328864113036
6.300000000000003,0.00020625000000000003,374.6088886886595
6.320000000000004,0.00020625000000000003,375.0264786429366
6.340000000000003,0.00020625000000000003,375.41132729126
6.360000000000004,0.00020625000000000003,375.76661261749274
6.3800000000000034,0.00020625000000000003,376.09609255189895
6.400000000000004,0.00020625000000000003,376.40223306674346
6.4200000000000035,0.00020625000000000003,376.68762561926764
6.440000000000004,0.00020625000000000003,376.9543012570404
6.4600000000000035,0.00020625000000000003,377.2040640885377
6.480000000000004,0.00020625000000000003,377.4385936139343
6.5000000000000036,0.00020625000000000003,377.65919885739913
6.520000000000004,0.00020625000000000003,377.86724614120453
6.540000000000004,0.00020625000000000003,378.0637398098178
6.560000000000004,0.00020625000000000003,378.2497716895511
6.580000000000004,0.00020625000000000003,378.4261528232802
6.600000000000004,0.00020625000000000003,378.59374532357816
6.620000000000004,0.00020625000000000003,378.7532273124322
6.640000000000004,0.00020625000000000003,378.9052771169573
6.660000000000004,0.00020625000000000003,379.0504713605102
6.680000000000004,0.00020625000000000003,379.1893464275839
6.700000000000004,0.00020625000000000003,379.3223942718289
6.720000000000004,0.00020625000000000003,379.45004419656914
6.740000000000004,0.00020625000000000003,379.57271393979164
6.760000000000004,0.00020625000000000003,379.69075288484186
6.780000000000004,0.00020625000000000003,379.8045127637633
6.800000000000004,0.00020625000000000003,379.91428314280074
6.820000000000004,0.00020625000000000003,380.02035744207853
6.840000000000004,0.00020625000000000003,380.1229797194915
6.860000000000004,0.00020625000000000003,380.2223927363707
6.880000000000004,0.00020625000000000003,380.3188049539054
6.900000000000004,0.00020625000000000003,380.41241600418823
6.0000000000000036,0.00022500000000000002,363.09171742614865
6.020000000000003,0.00022500000000000002,363.1083476526783
6.040000000000004,0.00022500000000000002,363.3187544512311
6.060000000000003,0.00022500000000000002,363.9548981723369
6.080000000000004,0.00022500000000000002,365.0087702044143
6.100000000000003,0.00022500000000000002,366.185826567576
6.120000000000004,0.00022500000000000002,367.2798707848654
6.140000000000003,0.00022500000000000002,368.28049663295576
6.160000000000004,0.00022500000000000002,369.1890414993896
6.180000000000003,0.00022500000000000002,370.00418954320844
6.200000000000004,0.00022500000000000002,370.741854208799
6.220000000000003,0.00022500000000000002,371.408644725363
6.240000000000004,0.00022500000000000002,372.0141773061754
6.260000000000003,0.00022500000000000002,372.566514298579
6.280000000000004,0.00022500000000000002,373.07142475273736
6.300000000000003,0.00022500000000000002,373.5354022370783
6.320000000000004,0.00022500000000000002,373.9625902755496
6.340000000000003,0.00022500000000000002,374.35755636548527
6.360000000000004,0.00022500000000000002,374.7236050594126
6.3800000000000034,0.00022500000000000002,375.06386837348737
6.400000000000004,0.00022500000000000002,375.3810207453526
6.4200000000000035,0.00022500000000000002,375.6772844273196
6.440000000000004,0.00022500000000000002,375.95478528424866
6.4600000000000035,0.00022500000000000002,376.21519403812783
6.480000000000004,0.00022500000000000002,376.4601699460334
6.5000000000000036,0.00022500000000000002,376.69103680624454
6.520000000000004,0.00022500000000000002,376.9090796806903
6.540000000000004,0.00022500000000000002,377.1153829574352
6.560000000000004,0.00022500000000000002,377.3109460231074
6.580000000000004,0.00022500000000000002,377.4966702556077
6.600000000000004,0.00022500000000000002,377.6733434015271
6.620000000000004,0.00022500000000000002,377.8417167208009
6.640000000000004,0.00022500000000000002,378.00242266991347
6.660000000000004,0.00022500000000000002,378.15608561336484
6.680000000000004,0.00022500000000000002,378.3032229525586
6.700000000000004,0.00022500000000000002,378.4443515245285
6.720000000000004,0.00022500000000000002,378.579901293465
6.740000000000004,0.00022500000000000002,378.7102989517144
6.760000000000004,0.00022500000000000002,378.83590569551154
6.780000000000004,0.00022500000000000002,378.9570737365878
6.800000000000004,0.00022500000000000002,379.0741082720025
6.820000000000004,0.00022500000000000002,379.18730079628443
6.840000000000004,0.00022500000000000002,379.29690959805515
6.860000000000004,0.00022500000000000002,379.40317716154414
6.880000000000004,0.00022500000000000002,379.50632175243953
6.900000000000004,0.00022500000000000002,379.60654650000896
6.0000000000000036,0.00024375000000000002,363.2367788939995
6.020000000000003,0.00024375000000000002,363.2351584631537
6.040000000000004,0.00024375000000000002,363.3546019453606
6.060000000000003,0.00024375000000000002,363.77650876884127
6.080000000000004,0.00024375000000000002,364.5623547516531
6.100000000000003,0.00024375000000000002,365.53824511665863
6.120000000000004,0.00024375000000000002,366.50945720195085
6.140000000000003,0.00024375000000000002,367.42300787108286
6.160000000000004,0.00024375000000000002,368.2732963760924
6.180000000000003,0.00024375000000000002,369.0513369157264
6.200000000000004,0.00024375000000000002,369.7636158113491
6.220000000000003,0.00024375000000000002,370.4156001659669
6.240000000000004,0.00024375000000000002,371.0125188174053
6.260000000000003,0.00024375000000000002,371.5611341948412
6.280000000000004,0.00024375000000000002,372.0659462468002
6.300000000000003,0.00024375000000000002,372.5321026773566
6.320000000000004,0.00024375000000000002,372.96352620483253
6.340000000000003,0.00024375000000000002,373.36385826663496
6.360000000000004,0.00024375000000000002,373.7363417743064
6.3800000000000034,0.00024375000000000002,374.0836376689925
6.400000000000004,0.00024375000000000002,374.40830699199824
6.4200000000000035,0.00024375000000000002,374.7124002038825
6.440000000000004,0.00024375000000000002,374.99789690796325
6.4600000000000035,0.00024375000000000002,375.2664383118648
6.480000000000004,0.00024375000000000002,375.5195547838044
6.5000000000000036,0.00024375000000000002,375.75858372137884
6.520000000000004,0.00024375000000000002,375.98472498873383
6.540000000000004,0.00024375000000000002,376.19907407056775
6.560000000000004,0.00024375000000000002,376.40259051801155
6.580000000000004,0.00024375000000000002,376.59617171367614
6.600000000000004,0.00024375000000000002,376.7805997567549
6.620000000000004,0.00024375000000000002,376.9566094498842
6.640000000000004,0.00024375000000000002,377.1248476600006
6.660000000000004,0.00024375000000000002,377.28591677062144
6.680000000000004,0.00024375000000000002,377.4403568448817
6.700000000000004,0.00024375000000000002,377.5886632903855
6.720000000000004,0.00024375000000000002,377.73128921659765
6.740000000000004,0.00024375000000000002,377.86864401462594
6.760000000000004,0.00024375000000000002,378.00110853057447
6.780000000000004,0.00024375000000000002,378.12902299282683
6.800000000000004,0.00024375000000000002,378.2527075423753
6.820000000000004,0.00024375000000000002,378.3724465537262
6.840000000000004,0.00024375000000000002,378.48850900161517
6.860000000000004,0.00024375000000000002,378.6011338115154
6.880000000000004,0.00024375000000000002,378.7105468871223
6.900000000000004,0.00024375000000000002,378.816949826539
6.0000000000000036,0.00026250000000000004,363.3787830806747
6.020000000000003,0.00026250000000000004,363.36509267903995
6.040000000000004,0.00026250000000000004,363.42641857345757
6.060000000000003,0.00026250000000000004,363.6976342818003
6.080000000000004,0.00026250000000000004,364.2663266135637
6.100000000000003,0.00026250000000000004,365.0487611342604
6.120000000000004,0.00026250000000000004,365.8873811513936
6.140000000000003,0.00026250000000000004,366.70544472921983
6.160000000000004,0.00026250000000000004,367.4858082187174
6.180000000000003,0.00026250000000000004,368.21561902727603
6.200000000000004,0.00026250000000000004,368.89292778567375
6.220000000000003,0.00026250000000000004,369.5206721507546
6.240000000000004,0.00026250000000000004,370.10109398994655
6.260000000000003,0.00026250000000000004,370.63866364282023
6.280000000000004,0.00026250000000000004,371.13693104333964
6.300000000000003,0.00026250000000000004,371.5995684147849
6.320000000000004,0.00026250000000000004,372.0300156938344
6.340000000000003,0.00026250000000000004,372.43117472989786
6.360000000000004,0.00026250000000000004,372.80589742587637
6.3800000000000034,0.00026250000000000004,373.15653403416053
6.400000000000004,0.00026250000000000004,373.48532807607944
6.4200000000000035,0.00026250000000000004,373.79420864535916
6.440000000000004,0.00026250000000000004,374.084931742003
6.4600000000000035,0.00026250000000000004,374.3590807292686
6.480000000000004,0.00026250000000000004,374.6180507765171
6.5000000000000036,0.00026250000000000004,374.8631364263039
6.520000000000004,0.00026250000000000004,375.0954674270452
6.540000000000004,0.00026250000000000004,375.31610009836197
6.560000000000004,0.00026250000000000004,375.5259632587905
6.580000000000004,0.00026250000000000004,375.72592023656705
6.600000000000004,0.00026250000000000004,375.91674186255597
6.620000000000004,0.00026250000000000004,376.0991370075042
6.640000000000004,0.00026250000000000004,376.27374835826896
6.660000000000004,0.00026250000000000004,376.44116161156023
6.680000000000004,0.00026250000000000004,376.60191354707143
6.700000000000004,0.00026250000000000004,376.7564912394866
6.720000000000004,0.00026250000000000004,376.90534323094204
6.740000000000004,0.00026250000000000004,377.04887691121667
6.760000000000004,0.00026250000000000004,377.1874672098396
6.780000000000004,0.00026250000000000004,377.3214564051568
6.800000000000004,0.00026250000000000004,377.4511581272938
6.820000000000004,0.00026250000000000004,377.57686086996284
6.840000000000004,0.00026250000000000004,377.6988273459678
6.860000000000004,0.00026250000000000004,377.81730122556996
6.880000000000004,0.00026250000000000004,377.932503005108
6.900000000000004,0.00026250000000000004,378.044638769527
6.0000000000000036,0.00028125000000000003,363.5171363355879
6.020000000000003,0.00028125000000000003,363.4947913904036
6.040000000000004,0.00028125000000000003,363.51854639836483
6.060000000000003,0.00028125000000000003,363.68528970680154
6.080000000000004,0.00028125000000000003,364.08461344638175
6.100000000000003,0.00028125000000000003,364.6926600116337
6.120000000000004,0.00028125000000000003,365.3968066391489
6.140000000000003,0.00028125000000000003,366.1146892784623
6.160000000000004,0.00028125000000000003,366.8178673453046
6.180000000000003,0.00028125000000000003,367.49069719280334
6.200000000000004,0.00028125000000000003,368.12524370998165
6.220000000000003,0.00028125000000000003,368.72090029544796
6.240000000000004,0.00028125000000000003,369.2777660976015
6.260000000000003,0.00028125000000000003,369.79786252794264
6.280000000000004,0.00028125000000000003,370.2836437185364
6.300000000000003,0.00028125000000000003,370.73750892388756
6.320000000000004,0.00028125000000000003,371.16211976148963
6.340000000000003,0.00028125000000000003,371.5597766245253
6.360000000000004,0.00028125000000000003,371.9327787044009
6.3800000000000034,0.00028125000000000003,372.2831696697923
6.400000000000004,0.00028125000000000003,372.6128395347297
6.4200000000000035,0.00028125000000000003,372.9235275740209
6.440000000000004,0.00028125000000000003,373.2167850301243
6.4600000000000035,0.00028125000000000003,373.49405839178945
6.480000000000004,0.00028125000000000003,373.75663153572475
6.5000000000000036,0.00028125000000000003,374.00569667298817
6.520000000000004,0.00028125000000000003,374.2423232483404
6.540000000000004,0.00028125000000000003,374.4674936715678
6.560000000000004,0.00028125000000000003,374.6821013175805
6.580000000000004,0.00028125000000000003,374.88695905199444
6.600000000000004,0.00028125000000000003,375.0828136779823
6.620000000000004,0.00028125000000000003,375.27034137542546
6.640000000000004,0.00028125000000000003,375.4501664573796
6.660000000000004,0.00028125000000000003,375.6228541093289
6.680000000000004,0.00028125000000000003,375.788926427125
6.700000000000004,0.00028125000000000003,375.948857518079
6.720000000000004,0.00028125000000000003,376.1030844252303
6.740000000000004,0.00028125000000000003,376.2520057933733
6.760000000000004,0.00028125000000000003,376.395988049659
6.780000000000004,0.00028125000000000003,376.53536686971864
6.800000000000004,0.00028125000000000003,376.67045009087445
6.820000000000004,0.00028125000000000003,376.80152062316915
6.840000000000004,0.00028125000000000003,376.92883765168693
6.860000000000004,0.00028125000000000003,377.0526397900187
6.880000000000004,0.00028125000000000003,377.1731457446125
6.900000000000004,0.00028125000000000003,377.2905569335699
6.0000000000000036,0.00030000000000000003,363.6512148888836
6.020000000000003,0.00030000000000000003,363.6221567550576
6.040000000000004,0.00030000000000000003,363.621277712448
6.060000000000003,0.00030000000000000003,363.71634168056454
6.080000000000004,0.00030000000000000003,363.9871296422084
6.100000000000003,0.00030000000000000003,364.4452823433817
6.120000000000004,0.00030000000000000003,365.0201573964448
6.140000000000003,0.00030000000000000003,365.6367756545616
6.160000000000004,0.00030000000000000003,366.25911637103866
6.180000000000003,0.00030000000000000003,366.8689570631291
6.200000000000004,0.00030000000000000003,367.4546639842426
6.220000000000003,0.00030000000000000003,368.01203902225353
6.240000000000004,0.00030000000000000003,368.53931936373607
6.260000000000003,0.00030000000000000003,369.0364046703859
6.280000000000004,0.00030000000000000003,369.5044452337244
6.300000000000003,0.00030000000000000003,369.9447702482681
6.320000000000004,0.00030000000000000003,370.35913141635206
6.340000000000003,0.00030000000000000003,370.7492491590233
6.360000000000004,0.00030000000000000003,371.1168457162097
6.3800000000000034,0.00030000000000000003,371.46359983927374
6.400000000000004,0.00030000000000000003,371.79105929886356
6.4200000000000035,0.00030000000000000003,372.1007117325545
6.440000000000004,0.00030000000000000003,372.3939076031571
6.4600000000000035,0.00030000000000000003,372.6719176509589
6.480000000000004,0.00030000000000000003,372.93590246741326
6.5000000000000036,0.00030000000000000003,373.186934500916
6.520000000000004,0.00030000000000000003,373.4260011886161
6.540000000000004,0.00030000000000000003,373.65400557772995
6.560000000000004,0.00030000000000000003,373.87178223373604
6.580000000000004,0.00030000000000000003,374.08009209303594
6.600000000000004,0.00030000000000000003,374.279637879514
6.620000000000004,0.00030000000000000003,374.4710613689283
6.640000000000004,0.00030000000000000003,374.6549533885406
6.660000000000004,0.00030000000000000003,374.831855425777
6.680000000000004,0.00030000000000000003,375.00226424459606
6.700000000000004,0.00030000000000000003,375.16663670055897
6.720000000000004,0.00030000000000000003,375.3253908441997
6.740000000000004,0.00030000000000000003,375.47891207322135
6.760000000000004,0.00030000000000000003,375.62755264389676
6.780000000000004,0.00030000000000000003,375.7716376853185
6.800000000000004,0.00030000000000000003,375.91146441367476
6.820000000000004,0.00030000000000000003,376.0473072200106
6.840000000000004,0.00030000000000000003,376.1794172032827
6.860000000000004,0.00030000000000000003,376.30802611921393
6.880000000000004,0.00030000000000000003,376.4333463630672
6.900000000000004,0.00030000000000000003,376.55557391532693
6.0000000000000036,0.00031875,363.78037728949147
6.020000000000003,0.00031875,363.7456657589567
6.040000000000004,0.00031875,363.72808927434784
6.060000000000003,0.00031875,363.7740890893895
6.080000000000004,0.00031875,363.9494208614223
6.100000000000003,0.00031875,364.2836063316512
6.120000000000004,0.00031875,364.73976051551136
6.140000000000003,0.00031875,365.25752090829604
6.160000000000004,0.00031875,365.79834667058685
6.180000000000003,0.00031875,366.34186237511244
6.200000000000004,0.00031875,366.87442252067723
6.220000000000003,0.00031875,367.38888278145726
6.240000000000004,0.00031875,367.88172025062124
6.260000000000003,0.00031875,368.3511493625221
6.280000000000004,0.00031875,368.79696078933506
6.300000000000003,0.00031875,369.21952839260007
6.320000000000004,0.00031875,369.6197114430283
6.340000000000003,0.00031875,369.9986186235139
6.360000000000004,0.00031875,370.35743006011353
6.3800000000000034,0.00031875,370.6974068234118
6.400000000000004,0.00031875,371.01976723292483
6.4200000000000035,0.00031875,371.3257135703924
6.440000000000004,0.00031875,371.616385744699
6.4600000000000035,0.00031875,371.8928630136489
6.480000000000004,0.00031875,372.1561628161237
6.5000000000000036,0.00031875,372.4072300895025
6.520000000000004,0.00031875,372.64695046832634
6.540000000000004,0.00031875,372.87614093262187
6.560000000000004,0.00031875,373.0955620277092
6.580000000000004,0.00031875,373.3059146253773
6.600000000000004,0.00031875,373.5078472069138
6.620000000000004,0.00031875,373.7019577807229
6.640000000000004,0.00031875,373.88879726696973
6.660000000000004,0.00031875,374.0688739508038
6.680000000000004,0.00031875,374.24265502386527
6.700000000000004,0.00031875,374.4105714115284
6.720000000000004,0.00031875,374.57301895685464
6.740000000000004,0.00031875,374.7303624694681
6.760000000000004,0.00031875,374.882937215818
6.780000000000004,0.00031875,375.03105186105824
6.800000000000004,0.00031875,375.1749903530809
6.820000000000004,0.00031875,375.3150138888331
6.840000000000004,0.00031875,375.4513630116839
6.860000000000004,0.00031875,375.5842588962924
6.880000000000004,0.00031875,375.7139054275703
6.900000000000004,0.00031875,375.8404900875857
6.0000000000000036,0.0003375,363.9039640260304
6.020000000000003,0.0003375,363.8641965316628
6.040000000000004,0.0003375,363.834853764762
6.060000000000003,0.0003375,363.8472363465384
6.080000000000004,0.0003375,363.9527822392758
6.100000000000003,0.0003375,364.1873992889738
6.120000000000004,0.0003375,364.53856734583655
6.140000000000003,0.0003375,364.96289699158154
6.160000000000004,0.0003375,365.42392915208944
6.180000000000003,0.0003375,365.90015434084864
6.200000000000004,0.0003375,366.3770245289593
6.220000000000003,0.0003375,366.84538720012097
6.240000000000004,0.0003375,367.300140787866
6.260000000000003,0.0003375,367.73818731701203
6.280000000000004,0.0003375,368.158073824431
6.300000000000003,0.0003375,368.55928451293113
6.320000000000004,0.0003375,368.94187345354356
6.340000000000003,0.0003375,369.30632490556934
6.360000000000004,0.0003375,369.65331265332856
6.3800000000000034,0.0003375,369.9836674024571
6.400000000000004,0.0003375,370.2982767382721
6.4200000000000035,0.0003375,370.59805296714393
6.440000000000004,0.0003375,370.8839093879917
6.4600000000000035,0.0003375,371.15673056588173
6.480000000000004,0.0003375,371.4173736079288
6.5000000000000036,0.0003375,371.66665024383144
6.520000000000004,0.0003375,371.9053307515906
6.540000000000004,0.0003375,372.13413787504976
6.560000000000004,0.0003375,372.35374826929905
6.580000000000004,0.0003375,372.5647936729087
6.600000000000004,0.0003375,372.76786081277913
6.620000000000004,0.0003375,372.96349541588626
6.640000000000004,0.0003375,373.1522021773788
6.660000000000004,0.0003375,373.33444899503587
6.680000000000004,0.0003375,373.51066774624474
6.700000000000004,0.0003375,373.68125773378654
6.720000000000004,0.0003375,373.8465872449699
6.740000000000004,0.0003375,374.00699611451313
6.760000000000004,0.0003375,374.1627977005059
6.780000000000004,0.0003375,374.3142808157436
6.800000000000004,0.0003375,374.4617117392974
6.820000000000004,0.0003375,374.6053357949921
6.840000000000004,0.0003375,374.7453791431136
6.860000000000004,0.0003375,374.8820501928079
6.880000000000004,0.0003375,375.0155410619402
6.900000000000004,0.0003375,375.14602890855116
6.0000000000000036,0.00035625,364.0213042660566
6.020000000000003,0.00035625,363.976809724603
6.040000000000004,0.00035625,363.9386918158482
6.060000000000003,0.00035625,363.92775692803906
6.080000000000004,0.00035625,363.98279536872917
6.100000000000003,0.00035625,364.13935540138993
6.120000000000004,0.00035625,364.40066761463873
6.140000000000003,0.00035625,364.73934198813953
6.160000000000004,0.00035625,365.12428230909126
6.180000000000003,0.00035625,365.5342449066619
6.200000000000004,0.00035625,365.9545558896156
6.220000000000003,0.00035625,366.3749905682015
6.240000000000004,0.00035625,366.78919696854024
6.260000000000003,0.00035625,367.19306701318425
6.280000000000004,0.00035625,367.58412028017597
6.300000000000003,0.00035625,367.96102552796043
6.320000000000004,0.00035625,368.32313775253283
6.340000000000003,0.00035625,368.67034344724425
6.360000000000004,0.00035625,369.0028421377217
6.3800000000000034,0.00035625,369.3210506343142
6.400000000000004,0.00035625,369.62552570765587
6.4200000000000035,0.00035625,369.91689723038064
6.440000000000004,0.00035625,370.19584351146744
6.4600000000000035,0.00035625,370.46305338914954
6.480000000000004,0.00035625,370.7192154218423
6.5000000000000036,0.00035625,370.96500161217637
6.520000000000004,0.00035625,371.2010601117455
6.540000000000004,0.00035625,371.4280108167792
6.560000000000004,0.00035625,371.6464405209998
6.580000000000004,0.00035625,371.85690335858703
6.600000000000004,0.00035625,372.0599185793064
6.620000000000004,0.00035625,372.2559722695424
6.640000000000004,0.00035625,372.44551732606357
6.660000000000004,0.00035625,372.62897517205374
6.680000000000004,0.00035625,372.8067371097434
6.700000000000004,0.00035625,372.9791658076997
6.720000000000004,0.00035625,373.1465972523917
6.740000000000004,0.00035625,373.3093421002017
6.760000000000004,0.00035625,373.4676876983802
6.780000000000004,0.00035625,373.62189939796735
6.800000000000004,0.00035625,373.77222237570487
6.820000000000004,0.00035625,373.9188829317925
6.840000000000004,0.00035625,374.062090028905
6.860000000000004,0.00035625,374.20203654553717
6.880000000000004,0.00035625,374.3389005470934
6.900000000000004,0.00035625,374.47284644885855
6.0000000000000036,0.000375,364.1317186107281
6.020000000000003,0.000375,364.08269380826636
6.040000000000004,0.000375,364.03765351101845
6.060000000000003,0.000375,364.01026969130476
6.080000000000004,0.000375,364.02896554569645
6.100000000000003,0.000375,364.12544397291344
6.120000000000004,0.000375,364.3118694847759
6.140000000000003,0.000375,364.574136468196
6.160000000000004,0.000375,364.8881975426234
6.180000000000003,0.000375,365.2344911669282
6.200000000000004,0.000375,365.5988514426511
6.220000000000003,0.000375,365.97075743402064
6.240000000000004,0.000375,366.343042859276
6.260000000000003,0.000375,366.7108562328412
6.280000000000004,0.000375,367.0709355008575
6.300000000000003,0.000375,367.42124577927177
6.320000000000004,0.000375,367.76054651308567
6.340000000000003,0.000375,368.08818827427694
6.360000000000004,0.000375,368.40393139278365
6.3800000000000034,0.000375,368.70781123395426
6.400000000000004,0.000375,369.00006388117885
6.4200000000000035,0.000375,369.28104899855094
6.440000000000004,0.000375,369.5512119684689
6.4600000000000035,0.000375,369.8110465451312
6.480000000000004,0.000375,370.061071470999
6.5000000000000036,0.000375,370.3018145741287
6.520000000000004,0.000375,370.53379852014587
6.540000000000004,0.000375,370.75753447101334
6.560000000000004,0.000375,370.9735146418891
6.580000000000004,0.000375,371.182209792253
6.600000000000004,0.000375,371.3840663617263
6.620000000000004,0.000375,371.57950559182905
6.640000000000004,0.000375,371.7689232589751
6.660000000000004,0.000375,371.9526896973075
6.680000000000004,0.000375,372.1311507253577
6.700000000000004,0.000375,372.304628282044
6.720000000000004,0.000375,372.47342173958043
6.740000000000004,0.000375,372.63780894501434
6.760000000000004,0.000375,372.79804754294884
6.780000000000004,0.000375,372.9543762292529
6.800000000000004,0.000375,373.1070159520356
6.820000000000004,0.000375,373.2561712160856
6.840000000000004,0.000375,373.4020311406564
6.860000000000004,0.000375,373.54477070330006
6.880000000000004,0.000375,373.68455166800715
6.900000000000004,0.000375,373.8215237081578
6.0000000000000036,0.00039375000000000006,364.23452425409823
6.020000000000003,0.00039375000000000006,364.18109704629177
6.040000000000004,0.00039375000000000006,364.13026596877006
6.060000000000003,0.00039375000000000006,364.0909207547976
6.080000000000004,0.00039375000000000006,364.0834284666208
6.100000000000003,0.00039375000000000006,364.13430309230205
6.120000000000004,0.00039375000000000006,364.2597350983144
6.140000000000003,0.00039375000000000006,364.4555391437351
6.160000000000004,0.00039375000000000006,364.70502860771524
6.180000000000003,0.00039375000000000006,364.99145607679554
6.200000000000004,0.00039375000000000006,365.30172129406714
6.220000000000003,0.00039375000000000006,365.6256013469267
6.240000000000004,0.00039375000000000006,365.9555793896015
6.260000000000003,0.00039375000000000006,366.28632185789735
6.280000000000004,0.00039375000000000006,366.61402478022643
6.300000000000003,0.00039375000000000006,366.9360944068572
6.320000000000004,0.00039375000000000006,367.25079836821124
6.340000000000003,0.00039375000000000006,367.5570328561349
6.360000000000004,0.00039375000000000006,367.85416476012125
6.3800000000000034,0.00039375000000000006,368.1418879945685
6.400000000000004,0.00039375000000000006,368.42014001055196
6.4200000000000035,0.00039375000000000006,368.6890262198454
6.440000000000004,0.00039375000000000006,368.94876942098574
6.4600000000000035,0.00039375000000000006,369.1996724195745
6.480000000000004,0.00039375000000000006,369.4420874277865
6.5000000000000036,0.00039375000000000006,369.67639715556794
6.520000000000004,0.00039375000000000006,369.90299778165524
6.540000000000004,0.00039375000000000006,370.1222887996792
6.560000000000004,0.00039375000000000006,370.3346645863293
6.580000000000004,0.00039375000000000006,370.54050885773944
6.600000000000004,0.00039375000000000006,370.740191106736
6.620000000000004,0.00039375000000000006,370.93406384261243
6.640000000000004,0.00039375000000000006,371.12246151316566
6.660000000000004,0.00039375000000000006,371.30569951768564
6.680000000000004,0.00039375000000000006,371.4840742952385
6.700000000000004,0.00039375000000000006,371.65786341659077
6.720000000000004,0.00039375000000000006,371.82732618852333
6.740000000000004,0.00039375000000000006,371.9927043254074
6.760000000000004,0.00039375000000000006,372.1542227708527
6.780000000000004,0.00039375000000000006,372.31209061382185
6.800000000000004,0.00039375000000000006,372.4665019895526
6.820000000000004,0.00039375000000000006,372.61763703981507
6.840000000000004,0.00039375000000000006,372.76566282181705
6.860000000000004,0.00039375000000000006,372.91073420956144
6.880000000000004,0.00039375000000000006,373.05299476798973
6.900000000000004,0.00039375000000000006,373.19257755360445
6.0000000000000036,0.00041250000000000005,364.32903912967555
6.020000000000003,0.00041250000000000005,364.2713127441472
6.040000000000004,0.00041250000000000005,364.2154116733314
6.060000000000003,0.00041250000000000005,364.1670650644822
6.080000000000004,0.00041250000000000005,364.14059597570804
6.100000000000003,0.00041250000000000005,364.1571889149297
6.120000000000004,0.00041250000000000005,364.23384649383524
6.140000000000003,0.00041250000000000005,364.373088653008
6.160000000000004,0.00041250000000000005,364.56494222858936
6.180000000000003,0.00041250000000000005,364.79614551302376
6.200000000000004,0.00041250000000000005,365.0551388061021
6.220000000000003,0.00041250000000000005,365.33243037867
6.240000000000004,0.00041250000000000005,365.62057398970126
6.260000000000003,0.00041250000000000005,365.9140169175732
6.280000000000004,0.00041250000000000005,366.2086312139853
6.300000000000003,0.00041250000000000005,366.5014256795189
6.320000000000004,0.00041250000000000005,366.79028387364895
6.340000000000003,0.00041250000000000005,367.0737365689688
6.360000000000004,0.00041250000000000005,367.3508147397608
6.3800000000000034,0.00041250000000000005,367.6209150975551
6.400000000000004,0.00041250000000000005,367.8837077344769
6.4200000000000035,0.00041250000000000005,368.13906438269004
6.440000000000004,0.00041250000000000005,368.38700085957004
6.4600000000000035,0.00041250000000000005,368.6276378480631
6.480000000000004,0.00041250000000000005,368.8611672054881
6.5000000000000036,0.00041250000000000005,369.0878294530316
6.520000000000004,0.00041250000000000005,369.3078952018613
6.540000000000004,0.00041250000000000005,369.52165209936544
6.560000000000004,0.00041250000000000005,369.7293949874303
6.580000000000004,0.00041250000000000005,369.9314187047282
6.600000000000004,0.00041250000000000005,370.1280129921633
6.620000000000004,0.00041250000000000005,370.3194589926528
6.640000000000004,0.00041250000000000005,370.5060266878283
6.660000000000004,0.00041250000000000005,370.6879736439312
6.680000000000004,0.00041250000000000005,370.86554381644834
6.700000000000004,0.00041250000000000005,371.03896756965725
6.720000000000004,0.00041250000000000005,371.2084612336558
6.740000000000004,0.00041250000000000005,371.37422778595055
6.760000000000004,0.00041250000000000005,371.5364568139373
6.780000000000004,0.00041250000000000005,371.6953255037268
6.800000000000004,0.00041250000000000005,371.85099879745064
6.820000000000004,0.00041250000000000005,372.00363049982536
6.840000000000004,0.00041250000000000005,372.15336349792045
6.860000000000004,0.00041250000000000005,372.30033089214896
6.880000000000004,0.00041250000000000005,372.4446561974311
6.900000000000004,0.00041250000000000005,372.58645445626905
6.0000000000000036,0.00043125000000000005,364.41458593106256
6.020000000000003,0.00043125000000000005,364.35265931674985
6.040000000000004,0.00043125000000000005,364.29215683755916
6.060000000000003,0.00043125000000000005,364.2367362930322
6.080000000000004,0.00043125000000000005,364.1963133886417
6.100000000000003,0.00043125000000000005,364.18725424201443
6.120000000000004,0.00043125000000000005,364.22549267355043
6.140000000000003,0.00043125000000000005,364.3175393123365
6.160000000000004,0.00043125000000000005,364.458936727553
6.180000000000003,0.00043125000000000005,364.6401046617881
6.200000000000004,0.00043125000000000005,364.85137219542264
6.220000000000003,0.00043125000000000005,365.0842826849638
6.240000000000004,0.00043125000000000005,365.33180434916136
6.260000000000003,0.00043125000000000005,365.588417242973
6.280000000000004,0.00043125000000000005,365.84986530143823
6.300000000000003,0.00043125000000000005,366.1129214248763
6.320000000000004,0.00043125000000000005,366.37519749432784
6.340000000000003,0.00043125000000000005,366.63494914586477
6.360000000000004,0.00043125000000000005,366.89093748005746
6.3800000000000034,0.00043125000000000005,367.14230988028186
6.400000000000004,0.00043125000000000005,367.3885063840538
6.4200000000000035,0.00043125000000000005,367.62919021349336
6.440000000000004,0.00043125000000000005,367.8641896981845
6.4600000000000035,0.00043125000000000005,368.0934561973444
6.480000000000004,0.00043125000000000005,368.3170303053914
6.5000000000000036,0.00043125000000000005,368.535016086296
6.520000000000004,0.00043125000000000005,368.74756198201567
6.540000000000004,0.00043125000000000005,368.9548454149214
6.560000000000004,0.00043125000000000005,369.1570621389453
6.580000000000004,0.00043125000000000005,369.35441742729574
6.600000000000004,0.00043125000000000005,369.54712026549566
6.620000000000004,0.00043125000000000005,369.7353785593586
6.640000000000004,0.00043125000000000005,369.91939617183783
6.660000000000004,0.00043125000000000005,370.0993704646297
6.680000000000004,0.00043125000000000005,370.27549103849856
6.700000000000004,0.00043125000000000005,370.44793856438577
6.720000000000004,0.00043125000000000005,370.6168845409582
6.740000000000004,0.00043125000000000005,370.7824908043409
6.760000000000004,0.00043125000000000005,370.94490987441395
6.780000000000004,0.00043125000000000005,371.1042847997735
6.800000000000004,0.00043125000000000005,371.26074982472284
6.820000000000004,0.00043125000000000005,371.414430380179
6.840000000000004,0.00043125000000000005,371.5654439085851
6.860000000000004,0.00043125000000000005,371.7138998966812
6.880000000000004,0.00043125000000000005,371.859900764634
6.900000000000004,0.00043125000000000005,372.0035418833251
6.0000000000000036,0.00045000000000000004,364.49049733355713
6.020000000000003,0.00045000000000000004,364.42447936160335
6.040000000000004,0.00045000000000000004,364.3597085337408
6.060000000000003,0.00045000000000000004,364.29850066805966
6.080000000000004,0.00045000000000000004,364.2476261454672
6.100000000000003,0.00045000000000000004,364.2193900990589
6.120000000000004,0.00045000000000000004,364.22771011495456
6.140000000000003,0.00045000000000000004,364.281027035848
6.160000000000004,0.00045000000000000004,364.37902154982106
6.180000000000003,0.00045000000000000004,364.51559491748753
6.200000000000004,0.00045000000000000004,364.68315034377576
6.220000000000003,0.00045000000000000004,364.87446604616247
6.240000000000004,0.00045000000000000004,365.0831770727103
6.260000000000003,0.00045000000000000004,365.3040202544676
6.280000000000004,0.00045000000000000004,365.5327842722518
6.300000000000003,0.00045000000000000004,365.7661565226133
6.320000000000004,0.00045000000000000004,366.00158939769176
6.340000000000003,0.00045000000000000004,366.23715256595136
6.360000000000004,0.00045000000000000004,366.47140586926554
6.3800000000000034,0.00045000000000000004,366.70329908344166
6.400000000000004,0.00045000000000000004,366.93208148278546
6.4200000000000035,0.00045000000000000004,367.1572377771754
6.440000000000004,0.00045000000000000004,367.3784298925754
6.4600000000000035,0.00045000000000000004,367.5954568426869
6.480000000000004,0.00045000000000000004,367.8082184029799
6.5000000000000036,0.00045000000000000004,368.0166912830773
6.520000000000004,0.00045000000000000004,368.22090614994846
6.540000000000004,0.00045000000000000004,368.4209346665109
6.560000000000004,0.00045000000000000004,368.61687448134666
6.580000000000004,0.00045000000000000004,368.8088431769417
6.600000000000004,0.00045000000000000004,368.99696806109
6.620000000000004,0.00045000000000000004,369.1813843361364
6.640000000000004,0.00045000000000000004,369.36222779532426
6.660000000000004,0.00045000000000000004,369.5396355165847
6.680000000000004,0.00045000000000000004,369.71374028407064
6.700000000000004,0.00045000000000000004,369.88467278818126
6.720000000000004,0.00045000000000000004,370.05255702777004
6.740000000000004,0.00045000000000000004,370.2175134171867
6.760000000000004,0.00045000000000000004,370.37965470661857
6.780000000000004,0.00045000000000000004,370.53908964104113
6.800000000000004,0.00045000000000000004,370.69591912212184
6.820000000000004,0.00045000000000000004,370.85024020335993
6.840000000000004,0.00045000000000000004,371.00214233719885
6.860000000000004,0.00045000000000000004,371.1517115712238
6.880000000000004,0.00045000000000000004,371.29902679897754
6.900000000000004,0.00045000000000000004,371.44416407013546
6.0000000000000036,0.00046875000000000004,364.5561190201212
6.020000000000003,0.00046875000000000004,364.48613431531277
6.040000000000004,0.00046875000000000004,364.4173518118917
6.060000000000003,0.00046875000000000004,364.3512210337387
6.080000000000004,0.00046875000000000004,364.292307273435
6.100000000000003,0.00046875000000000004,364.24966082621313
6.120000000000004,0.00046875000000000004,364.2348647427011
6.140000000000003,0.00046875000000000004,364.2568544727299
6.160000000000004,0.00046875000000000004,364.31812003006377
6.180000000000003,0.00046875000000000004,364.4155689475924
6.200000000000004,0.00046875000000000004,364.54369543106975
6.220000000000003,0.00046875000000000004,364.69661725669425
6.240000000000004,0.00046875000000000004,364.868804480074
6.260000000000003,0.00046875000000000004,365.0554306501858
6.280000000000004,0.00046875000000000004,365.2524804881681
6.300000000000003,0.00046875000000000004,365.4566867070687
6.320000000000004,0.00046875000000000004,365.6654517751997
6.340000000000003,0.00046875000000000004,365.87674259731034
6.360000000000004,0.00046875000000000004,366.0889882695565
6.3800000000000034,0.00046875000000000004,366.3009916498396
6.400000000000004,0.00046875000000000004,366.5118543300991
6.4200000000000035,0.00046875000000000004,366.7209121880643
6.440000000000004,0.00046875000000000004,366.92768655100826
6.4600000000000035,0.00046875000000000004,367.1318402827185
6.480000000000004,0.00046875000000000004,367.3331478033768
6.5000000000000036,0.00046875000000000004,367.5314662340407
6.520000000000004,0.00046875000000000004,367.72671783715447
6.540000000000004,0.00046875000000000004,367.9188711906636
6.560000000000004,0.00046875000000000004,368.10793165710965
6.580000000000004,0.00046875000000000004,368.29392881923417
6.600000000000004,0.00046875000000000004,368.4769121118273
6.620000000000004,0.00046875000000000004,368.65694201599837
6.640000000000004,0.00046875000000000004,368.834088981799
6.660000000000004,0.00046875000000000004,369.00842682615297
6.680000000000004,0.00046875000000000004,369.18003372983173
6.700000000000004,0.00046875000000000004,369.3489869007589
6.720000000000004,0.00046875000000000004,369.5153648682971
6.740000000000004,0.00046875000000000004,369.67924285026794
6.760000000000004,0.00046875000000000004,369.8406958576979
6.780000000000004,0.00046875000000000004,369.99979443057634
6.800000000000004,0.00046875000000000004,370.1566082515368
6.820000000000004,0.00046875000000000004,370.31120205349265
6.840000000000004,0.00046875000000000004,370.46363955487425
6.860000000000004,0.00046875000000000004,370.61397942805246
6.880000000000004,0.00046875000000000004,370.76227943702384
6.900000000000004,0.00046875000000000004,370.90859240932025
6.0000000000000036,0.00048750000000000003,364.6108150001334
6.020000000000003,0.00048750000000000003,364.53700956454685
6.040000000000004,0.00048750000000000003,364.4644367286602
6.060000000000003,0.00048750000000000003,364.3939969783431
6.080000000000004,0.00048750000000000003,364.32872776429144
6.100000000000003,0.00048750000000000003,364.2751645253975
6.120000000000004,0.00048750000000000003,364.2425930409912
6.140000000000003,0.00048750000000000003,364.23954167969146
6.160000000000004,0.00048750000000000003,364.2701714008397
6.180000000000003,0.00048750000000000003,364.3337914291157
6.200000000000004,0.00048750000000000003,364.42684652778394
6.220000000000003,0.00048750000000000003,364.5448225458909
6.240000000000004,0.00048750000000000003,364.6831098939297
6.260000000000003,0.00048750000000000003,364.83745740092814
6.280000000000004,0.00048750000000000003,365.00416222212027
6.300000000000003,0.00048750000000000003,365.1801214039131
6.320000000000004,0.00048750000000000003,365.3627779756993
6.340000000000003,0.00048750000000000003,365.5500825206474
6.360000000000004,0.00048750000000000003,365.7403907992979
6.3800000000000034,0.00048750000000000003,365.9324183123914
6.400000000000004,0.00048750000000000003,366.12515187217787
6.4200000000000035,0.00048750000000000003,366.3178189235123
6.440000000000004,0.00048750000000000003,366.509816806373
6.4600000000000035,0.00048750000000000003,366.70069998572075
6.480000000000004,0.00048750000000000003,366.8901237478267
6.5000000000000036,0.00048750000000000003,367.0778454727929
6.520000000000004,0.00048750000000000003,367.2636787158446
6.540000000000004,0.00048750000000000003,367.447504071451
6.560000000000004,0.00048750000000000003,367.6292302688813
6.580000000000004,0.00048750000000000003,367.8088112215959
6.600000000000004,0.00048750000000000003,367.9862116811076
6.620000000000004,0.00048750000000000003,368.16142815554446
6.640000000000004,0.00048750000000000003,368.3344574793668
6.660000000000004,0.00048750000000000003,368.50532007261313
6.680000000000004,0.00048750000000000003,368.6740304059337
6.700000000000004,0.00048750000000000003,368.84062158486233
6.720000000000004,0.00048750000000000003,369.00511712042936
6.740000000000004,0.00048750000000000003,369.1675561500661
6.760000000000004,0.00048750000000000003,369.3279662016909
6.780000000000004,0.00048750000000000003,369.4863885735582
6.800000000000004,0.00048750000000000003,369.64285194943466
6.820000000000004,0.00048750000000000003,369.7973975971745
6.840000000000004,0.00048750000000000003,369.95005379226023
6.860000000000004,0.00048750000000000003,370.10086058559654
6.880000000000004,0.00048750000000000003,370.24984504898606
6.900000000000004,0.00048750000000000003,370.39704542327473
6.0000000000000036,0.0005062500000000001,364.65397250088694
6.020000000000003,0.0005062500000000001,364.57650976476464
6.040000000000004,0.0005062500000000001,364.50035924243747
6.060000000000003,0.0005062500000000001,364.4260606457047
6.080000000000004,0.0005062500000000001,364.35561848468143
6.100000000000003,0.0005062500000000001,364.29366302369425
6.120000000000004,0.0005062500000000001,364.24743827425016
6.140000000000003,0.0005062500000000001,364.22455271310184
6.160000000000004,0.0005062500000000001,364.22996747677803
6.180000000000003,0.0005062500000000001,364.2647352845389
6.200000000000004,0.0005062500000000001,364.3270201496385
6.220000000000003,0.0005062500000000001,364.41360713097106
6.240000000000004,0.0005062500000000001,364.52085220110337
6.260000000000003,0.0005062500000000001,364.6451450105734
6.280000000000004,0.0005062500000000001,364.78320659905637
6.300000000000003,0.0005062500000000001,364.9321714275699
6.320000000000004,0.0005062500000000001,365.0896252915339
6.340000000000003,0.0005062500000000001,365.25355498458356
6.360000000000004,0.0005062500000000001,365.42232105778254
6.3800000000000034,0.0005062500000000001,365.59458161110285
6.400000000000004,0.0005062500000000001,365.76926736660556
6.4200000000000035,0.0005062500000000001,365.945509297598
6.440000000000004,0.0005062500000000001,366.12262577151165
6.4600000000000035,0.0005062500000000001,366.30006235000917
6.480000000000004,0.0005062500000000001,366.4773911674147
6.5000000000000036,0.0005062500000000001,366.6542612333525
6.520000000000004,0.0005062500000000001,366.83040763974145
6.540000000000004,0.0005062500000000001,367.005609225477
6.560000000000004,0.0005062500000000001,367.1797047759957
6.580000000000004,0.0005062500000000001,367.3525555757095
6.600000000000004,0.0005062500000000001,367.52406619787234
6.620000000000004,0.0005062500000000001,367.69415030122053
6.640000000000004,0.0005062500000000001,367.8627542399319
6.660000000000004,0.0005062500000000001,368.02982507929727
6.680000000000004,0.0005062500000000001,368.1953358006945
6.700000000000004,0.0005062500000000001,368.35925492755973
6.720000000000004,0.0005062500000000001,368.52157249108495
6.740000000000004,0.0005062500000000001,368.68227093135795
6.760000000000004,0.0005062500000000001,368.8413512473181
6.780000000000004,0.0005062500000000001,368.9988050139534
6.800000000000004,0.0005062500000000001,369.1546403056845
6.820000000000004,0.0005062500000000001,369.3088547794718
6.840000000000004,0.0005062500000000001,369.46146106865507
6.860000000000004,0.0005062500000000001,369.61246094506
6.880000000000004,0.0005062500000000001,369.7618699534236
6.900000000000004,0.0005062500000000001,369.90969269840383
6.0000000000000036,0.0005250000000000001,364.68499664048255
6.020000000000003,0.0005250000000000001,364.60407796832396
6.040000000000004,0.0005250000000000001,364.5245481196837
6.060000000000003,0.0005250000000000001,364.4467686420076
6.080000000000004,0.0005250000000000001,364.37199386301114
6.100000000000003,0.0005250000000000001,364.30350329542426
6.120000000000004,0.0005250000000000001,364.24676053107623
6.140000000000003,0.0005250000000000001,364.20829521375924
6.160000000000004,0.0005250000000000001,364.1931766359575
6.180000000000003,0.0005250000000000001,364.20366640795004
6.200000000000004,0.0005250000000000001,364.2392778999572
6.220000000000003,0.0005250000000000001,364.29804164696634
6.240000000000004,0.0005250000000000001,364.37719756386315
6.260000000000003,0.0005250000000000001,364.4738743107264
6.280000000000004,0.0005250000000000001,364.5852199067252
6.300000000000003,0.0005250000000000001,364.70873693136065
6.320000000000004,0.0005250000000000001,364.84216082390776
6.340000000000003,0.0005250000000000001,364.983636834203
6.360000000000004,0.0005250000000000001,365.1315207578697
6.3800000000000034,0.0005250000000000001,365.2845193326097
6.400000000000004,0.0005250000000000001,365.44148206604353
6.4200000000000035,0.0005250000000000001,365.60153456355016
6.440000000000004,0.0005250000000000001,365.76387944064936
6.4600000000000035,0.0005250000000000001,365.92793328730824
6.480000000000004,0.0005250000000000001,366.0931406029133
6.5000000000000036,0.0005250000000000001,366.2591139692164
6.520000000000004,0.0005250000000000001,366.4254610312164
6.540000000000004,0.0005250000000000001,366.5919249772159
6.560000000000004,0.0005250000000000001,366.7582235098491
6.580000000000004,0.0005250000000000001,366.92418688518165
6.600000000000004,0.0005250000000000001,367.0896078348368
6.620000000000004,0.0005250000000000001,367.2543750463256
6.640000000000004,0.0005250000000000001,367.418333318915
6.660000000000004,0.0005250000000000001,367.5814109485003
6.680000000000004,0.0005250000000000001,367.7434897032653
6.700000000000004,0.0005250000000000001,367.9045250299706
6.720000000000004,0.0005250000000000001,368.064425635486
6.740000000000004,0.0005250000000000001,368.2231657736872
6.760000000000004,0.0005250000000000001,368.38067432146755
6.780000000000004,0.0005250000000000001,368.5369386644248
6.800000000000004,0.0005250000000000001,368.69190318890116
6.820000000000004,0.0005250000000000001,368.8455644836726
6.840000000000004,0.0005250000000000001,368.9978791589872
6.860000000000004,0.0005250000000000001,369.1488502376598
6.880000000000004,0.0005250000000000001,369.29844417697853
6.900000000000004,0.0005250000000000001,369.4466684476737
6.0000000000000036,0.0005437500000000001,364.7033508563166
6.020000000000003,0.0005437500000000001,364.61915374825156
6.040000000000004,0.0005437500000000001,364.5364983522825
6.060000000000003,0.0005437500000000001,364.45551734773
6.080000000000004,0.0005437500000000001,364.3770786386126
6.100000000000003,0.0005437500000000001,364.3033612784776
6.120000000000004,0.0005437500000000001,364.23851602865784
6.140000000000003,0.0005437500000000001,364.1878275983961
6.160000000000004,0.0005437500000000001,364.15619994815836
6.180000000000003,0.0005437500000000001,364.1464612642673
6.200000000000004,0.0005437500000000001,364.1592830319764
6.220000000000003,0.0005437500000000001,364.1936416696033
6.240000000000004,0.0005437500000000001,364.24774247577426
6.260000000000003,0.0005437500000000001,364.31931015940813
6.280000000000004,0.0005437500000000001,364.40609709030025
6.300000000000003,0.0005437500000000001,364.505880675644
6.320000000000004,0.0005437500000000001,364.61673902851646
6.340000000000003,0.0005437500000000001,364.7368843262219
6.360000000000004,0.0005437500000000001,364.8648506777514
6.3800000000000034,0.0005437500000000001,364.99929414045044
6.400000000000004,0.0005437500000000001,365.13915161065154
6.4200000000000035,0.0005437500000000001,365.28343602928544
6.440000000000004,0.0005437500000000001,365.4313892522654
6.4600000000000035,0.0005437500000000001,365.5822869673031
6.480000000000004,0.0005437500000000001,365.7355892297956
6.5000000000000036,0.0005437500000000001,365.8907590314394
6.520000000000004,0.0005437500000000001,366.0474095575793
6.540000000000004,0.0005437500000000001,366.2051366082705
6.560000000000004,0.0005437500000000001,366.3636606933728
6.580000000000004,0.0005437500000000001,366.52267265299565
6.600000000000004,0.0005437500000000001,366.6819688343858
6.620000000000004,0.0005437500000000001,366.84130927724743
6.640000000000004,0.0005437500000000001,367.00054460947746
6.660000000000004,0.0005437500000000001,367.15948633942736
6.680000000000004,0.0005437500000000001,367.3180245127971
6.700000000000004,0.0005437500000000001,367.4760097852583
6.720000000000004,0.0005437500000000001,367.63336123259285
6.740000000000004,0.0005437500000000001,367.7899599328332
6.760000000000004,0.0005437500000000001,367.94574660639853
6.780000000000004,0.0005437500000000001,368.1006264352523
6.800000000000004,0.0005437500000000001,368.254556435551
6.820000000000004,0.0005437500000000001,368.4074612068151
6.840000000000004,0.0005437500000000001,368.5593101159782
6.860000000000004,0.0005437500000000001,368.710043620969
6.880000000000004,0.0005437500000000001,368.8596404813323
6.900000000000004,0.0005437500000000001,369.00805424971713
6.0000000000000036,0.0005625000000000001,364.7084443591833
6.020000000000003,0.0005625000000000001,364.6213019728393
6.040000000000004,0.0005625000000000001,364.5356539221804
6.060000000000003,0.0005625000000000001,364.45186137639394
6.080000000000004,0.0005625000000000001,364.3701582165921
6.100000000000003,0.0005625000000000001,364.29231406490584
6.120000000000004,0.0005625000000000001,364.22107352871836
6.140000000000003,0.0005625000000000001,364.1609459686125
6.160000000000004,0.0005625000000000001,364.1160470298421
6.180000000000003,0.0005625000000000001,364.0897604478645
6.200000000000004,0.0005625000000000001,364.08322672661853
6.220000000000003,0.0005625000000000001,364.096551434605
6.240000000000004,0.0005625000000000001,364.12845975118324
6.260000000000003,0.0005625000000000001,364.17759066883366
6.280000000000004,0.0005625000000000001,364.24197067009163
6.300000000000003,0.0005625000000000001,364.320011215633
6.320000000000004,0.0005625000000000001,364.40984748438973
6.340000000000003,0.0005625000000000001,364.5101053999355
6.360000000000004,0.0005625000000000001,364.61923174321896
6.3800000000000034,0.0005625000000000001,364.73615349344215
6.400000000000004,0.0005625000000000001,364.8596428700782
6.4200000000000035,0.0005625000000000001,364.98889250389607
6.440000000000004,0.0005625000000000001,365.1229458641367
6.4600000000000035,0.0005625000000000001,365.26120117196484
6.480000000000004,0.0005625000000000001,365.4029129124864
6.5000000000000036,0.0005625000000000001,365.54763048100244
6.520000000000004,0.0005625000000000001,365.6947697559281
6.540000000000004,0.0005625000000000001,365.8439892153485
6.560000000000004,0.0005625000000000001,365.9948287869976
6.580000000000004,0.0005625000000000001,366.1470253579958
6.600000000000004,0.0005625000000000001,366.30021555920104
6.620000000000004,0.0005625000000000001,366.4541928097773
6.640000000000004,0.0005625000000000001,366.60867041334143
6.660000000000004,0.0005625000000000001,366.76348277234905
6.680000000000004,0.0005625000000000001,366.91840498622275
6.700000000000004,0.0005625000000000001,367.0733013297089
6.720000000000004,0.0005625000000000001,367.2279974213263
6.740000000000004,0.0005625000000000001,367.38237939500056
6.760000000000004,0.0005625000000000001,367.5363146456455
6.780000000000004,0.0005625000000000001,367.689705330599
6.800000000000004,0.0005625000000000001,367.8424536917906
6.820000000000004,0.0005625000000000001,367.99447362436035
6.840000000000004,0.0005625000000000001,368.1456966140306
6.860000000000004,0.0005625000000000001,368.29604512896054
6.880000000000004,0.0005625000000000001,368.4454752890921
6.900000000000004,0.0005625000000000001,368.59391579395617
6.0000000000000036,0.0005812500000000001,364.6999540371096
6.020000000000003,0.0005812500000000001,364.6098900014264
6.040000000000004,0.0005812500000000001,364.52172279468414
6.060000000000003,0.0005812500000000001,364.43517914216574
6.080000000000004,0.0005812500000000001,364.35083706203324
6.100000000000003,0.0005812500000000001,364.2694164644698
6.120000000000004,0.0005812500000000001,364.193349460123
6.140000000000003,0.0005812500000000001,364.12569294973906
6.160000000000004,0.0005812500000000001,364.0704569685797
6.180000000000003,0.0005812500000000001,364.03053652507685
6.200000000000004,0.0005812500000000001,364.00800162021534
6.220000000000003,0.0005812500000000001,364.0031862600532
6.240000000000004,0.0005812500000000001,364.01591480110125
6.260000000000003,0.0005812500000000001,364.045029716981
6.280000000000004,0.0005812500000000001,364.08944987155917
6.300000000000003,0.0005812500000000001,364.1476293818683
6.320000000000004,0.0005812500000000001,364.21835285096444
6.340000000000003,0.0005812500000000001,364.3001381813748
6.360000000000004,0.0005812500000000001,364.3918868485055
6.3800000000000034,0.0005812500000000001,364.49233281387825
6.400000000000004,0.0005812500000000001,364.60056469642745
6.4200000000000035,0.0005812500000000001,364.7155437423897
6.440000000000004,0.0005812500000000001,364.8365347597542
6.4600000000000035,0.0005812500000000001,364.962698476049
6.480000000000004,0.0005812500000000001,365.0934444453502
6.5000000000000036,0.0005812500000000001,365.22809855898043
6.520000000000004,0.0005812500000000001,365.36618387120706
6.540000000000004,0.0005812500000000001,365.50716062806094
6.560000000000004,0.0005812500000000001,365.65063963590177
6.580000000000004,0.0005812500000000001,365.79619027529475
6.600000000000004,0.0005812500000000001,365.9434911401153
6.620000000000004,0.0005812500000000001,366.09220068167815
6.640000000000004,0.0005812500000000001,366.24205008956443
6.660000000000004,0.0005812500000000001,366.392770976014
6.680000000000004,0.0005812500000000001,366.54413558805453
6.700000000000004,0.0005812500000000001,366.6959359895744
6.720000000000004,0.0005812500000000001,366.8479766800425
6.740000000000004,0.0005812500000000001,367.00009990829125
6.760000000000004,0.0005812500000000001,367.1521356627061
6.780000000000004,0.0005812500000000001,367.30396798631847
6.800000000000004,0.0005812500000000001,367.45544712908924
6.820000000000004,0.0005812500000000001,367.6064919976902
6.840000000000004,0.0005812500000000001,367.7569690445184
6.860000000000004,0.0005812500000000001,367.906826263984
6.880000000000004,0.0005812500000000001,368.0559431495369
6.900000000000004,0.0005812500000000001,368.20429193492083
6.0000000000000036,0.0006000000000000001,364.6771055342648
6.020000000000003,0.0006000000000000001,364.5848057228121
6.040000000000004,0.0006000000000000001,364.4939923890687
6.060000000000003,0.0006000000000000001,364.4053479738829
6.080000000000004,0.0006000000000000001,364.318378233838
6.100000000000003,0.0006000000000000001,364.23430839314665
6.120000000000004,0.0006000000000000001,364.1541599035213
6.140000000000003,0.0006000000000000001,364.0809112331272
6.160000000000004,0.0006000000000000001,364.0173150714489
6.180000000000003,0.0006000000000000001,363.96664292018806
6.200000000000004,0.0006000000000000001,363.9307057279885
6.220000000000003,0.0006000000000000001,363.91076786471353
6.240000000000004,0.0006000000000000001,363.9068400980689
6.260000000000003,0.0006000000000000001,363.91862100374954
6.280000000000004,0.0006000000000000001,363.9452513015802
6.300000000000003,0.0006000000000000001,363.9857898762171
6.320000000000004,0.0006000000000000001,364.03917874666996
6.340000000000003,0.0006000000000000001,364.1042638859854
6.360000000000004,0.0006000000000000001,364.1800608174956
6.3800000000000034,0.0006000000000000001,364.2654176637269
6.400000000000004,0.0006000000000000001,364.3595267892627
6.4200000000000035,0.0006000000000000001,364.4613021457195
6.440000000000004,0.0006000000000000001,364.5701318870874
6.4600000000000035,0.0006000000000000001,364.6850090056905
6.480000000000004,0.0006000000000000001,364.80550429028284
6.5000000000000036,0.0006000000000000001,364.9306857931306
6.520000000000004,0.0006000000000000001,365.06028413714455
6.540000000000004,0.0006000000000000001,365.19343359363523
6.560000000000004,0.0006000000000000001,365.3300006960198
6.580000000000004,0.0006000000000000001,365.46917671001086
6.600000000000004,0.0006000000000000001,365.61094194357673
6.620000000000004,0.0006000000000000001,365.7545365157955
6.640000000000004,0.0006000000000000001,365.9000349446708
6.660000000000004,0.0006000000000000001,366.04671948240366
6.680000000000004,0.0006000000000000001,366.19474188522616
6.700000000000004,0.0006000000000000001,366.34342117278095
6.720000000000004,0.0006000000000000001,366.49297173613354
6.740000000000004,0.0006000000000000001,366.6427451597414
6.760000000000004,0.0006000000000000001,366.7930059540451
6.780000000000004,0.0006000000000000001,366.94313501641835
6.800000000000004,0.0006000000000000001,367.0934362777096
6.820000000000004,0.0006000000000000001,367.24331745114915
6.840000000000004,0.0006000000000000001,367.3931127623355
6.860000000000004,0.0006000000000000001,367.5422548299586
6.880000000000004,0.0006000000000000001,367.6911004098868
6.900000000000004,0.0006000000000000001,367.83910556334064
6.0000000000000036,0.00061875,364.6400124694029
6.020000000000003,0.00061875,364.5451805727937
6.040000000000004,0.00061875,364.452533471822
6.060000000000003,0.00061875,364.3615950891231
6.080000000000004,0.00061875,364.2727501089544
6.100000000000003,0.00061875,364.1861500805599
6.120000000000004,0.00061875,364.1030596345177
6.140000000000003,0.00061875,364.02523821630825
6.160000000000004,0.00061875,363.95532343342217
6.180000000000003,0.00061875,363.89593921438745
6.200000000000004,0.00061875,363.84921665737096
6.220000000000003,0.00061875,363.8166113109524
6.240000000000004,0.00061875,363.79862961026987
6.260000000000003,0.00061875,363.79547969312887
6.280000000000004,0.00061875,363.80661256296077
6.300000000000003,0.00061875,363.8316811410479
6.320000000000004,0.00061875,363.8696345108767
6.340000000000003,0.00061875,363.9199078131872
6.360000000000004,0.00061875,363.98126319764754
6.3800000000000034,0.00061875,364.0531512128386
6.400000000000004,0.00061875,364.13429810319485
6.4200000000000035,0.00061875,364.22425439538523
6.440000000000004,0.00061875,364.3217814934965
6.4600000000000035,0.00061875,364.42655566092077
6.480000000000004,0.00061875,364.53740316704176
6.5000000000000036,0.00061875,364.6541264637427
6.520000000000004,0.00061875,364.7756263302191
6.540000000000004,0.00061875,364.9018210437973
6.560000000000004,0.00061875,365.03168617355334
6.580000000000004,0.00061875,365.165241318269
6.600000000000004,0.00061875,365.3015330157075
6.620000000000004,0.00061875,365.440666720269
6.640000000000004,0.00061875,365.5817545911667
6.660000000000004,0.00061875,365.7249730321092
6.680000000000004,0.00061875,365.86949419014724
6.700000000000004,0.00061875,366.01555176617376
6.720000000000004,0.00061875,366.16237254320055
6.740000000000004,0.00061875,366.3102353891844
6.760000000000004,0.00061875,366.45841688165433
6.780000000000004,0.00061875,366.6072304924243
6.800000000000004,0.00061875,366.75599832166637
6.820000000000004,0.00061875,366.9050593796695
6.840000000000004,0.00061875,367.05377756489713
6.860000000000004,0.00061875,367.20250973526373
6.880000000000004,0.00061875,367.35065835364964
6.900000000000004,0.00061875,367.49859166494247
6.0000000000000036,0.0006375,364.588128229762
6.020000000000003,0.0006375,364.49078872821696
6.040000000000004,0.0006375,364.39697933271094
6.060000000000003,0.0006375,364.30357471873873
6.080000000000004,0.0006375,364.2137068398984
6.100000000000003,0.0006375,364.12438761427416
6.120000000000004,0.0006375,364.0396884348907
6.140000000000003,0.0006375,363.957581048776
6.160000000000004,0.0006375,363.883611458709
6.180000000000003,0.0006375,363.81653280078143
6.200000000000004,0.0006375,363.76207086863167
6.220000000000003,0.0006375,363.7181658993126
6.240000000000004,0.0006375,363.68945973431215
6.260000000000003,0.0006375,363.6726962627154
6.280000000000004,0.0006375,363.67162258451737
6.300000000000003,0.0006375,363.6823052157995
6.320000000000004,0.0006375,363.7079228904036
6.340000000000003,0.0006375,363.7441594585978
6.360000000000004,0.0006375,363.79392661070375
6.3800000000000034,0.0006375,363.8528107029699
6.400000000000004,0.0006375,363.9235925341259
6.4200000000000035,0.0006375,364.00191159041145
6.440000000000004,0.0006375,364.0904885526394
6.4600000000000035,0.0006375,364.1850954511883
6.480000000000004,0.0006375,364.2884229258458
6.5000000000000036,0.0006375,364.39641615052614
6.520000000000004,0.0006375,364.51174274087305
6.540000000000004,0.0006375,364.63053993473164
6.560000000000004,0.0006375,364.75544742498266
6.580000000000004,0.0006375,364.88280117252964
6.600000000000004,0.0006375,365.0152027201119
6.620000000000004,0.0006375,365.149186465339
6.640000000000004,0.0006375,365.28730396667646
6.660000000000004,0.0006375,365.4262838778524
6.680000000000004,0.0006375,365.56861633105814
6.700000000000004,0.0006375,365.71121792826676
6.720000000000004,0.0006375,365.8565073124263
6.740000000000004,0.0006375,366.0015816248523
6.760000000000004,0.0006375,366.1487797406943
6.780000000000004,0.0006375,366.2953714259473
6.800000000000004,0.0006375,366.443609374856
6.820000000000004,0.0006375,366.5909279013693
6.840000000000004,0.0006375,366.73948888001416
6.860000000000004,0.0006375,366.8868831308428
6.880000000000004,0.0006375,367.0351786697619
6.900000000000004,0.0006375,367.1821149275567
6.0000000000000036,0.00065625,364.5198379961243
6.020000000000003,0.00065625,364.4227385499244
6.040000000000004,0.00065625,364.3255547083357
6.060000000000003,0.00065625,364.23258315374625
6.080000000000004,0.00065625,364.1393163737009
6.100000000000003,0.00065625,364.05040170824543
6.120000000000004,0.00065625,363.961830508103
6.140000000000003,0.00065625,363.8791058965832
6.160000000000004,0.00065625,363.7993891804388
6.180000000000003,0.00065625,363.7290806001265
6.200000000000004,0.00065625,363.66581656548254
6.220000000000003,0.00065625,363.61561041507986
6.240000000000004,0.00065625,363.575416819957
6.260000000000003,0.00065625,363.55018191541666
6.280000000000004,0.00065625,363.53617512276577
6.300000000000003,0.00065625,363.53752261674487
6.320000000000004,0.00065625,363.54995749121906
6.340000000000003,0.00065625,363.5769684271289
6.360000000000004,0.00065625,363.61412260423754
6.3800000000000034,0.00065625,363.6645105184858
6.400000000000004,0.00065625,363.7237146372084
6.4200000000000035,0.00065625,363.7945814954604
6.440000000000004,0.00065625,363.8728229359621
6.4600000000000035,0.00065625,363.96112842752416
6.480000000000004,0.00065625,364.05540491724315
6.5000000000000036,0.00065625,364.15822960553027
6.520000000000004,0.00065625,364.2657376659047
6.540000000000004,0.00065625,364.38041440354004
6.560000000000004,0.00065625,364.4986357262752
6.580000000000004,0.00065625,364.62280209810496
6.600000000000004,0.00065625,364.7495302638862
6.620000000000004,0.00065625,364.8811362247263
6.640000000000004,0.00065625,365.0144705591307
6.660000000000004,0.00065625,365.15176233215476
6.680000000000004,0.00065625,365.2900851481353
6.700000000000004,0.00065625,365.4315779189252
6.720000000000004,0.00065625,365.5735246663583
6.740000000000004,0.00065625,365.71797127677206
6.760000000000004,0.00065625,365.8623989671644
6.780000000000004,0.00065625,366.00875857029234
6.800000000000004,0.00065625,366.15471534382397
6.820000000000004,0.00065625,366.3021240518707
6.840000000000004,0.00065625,366.4488212812202
6.860000000000004,0.00065625,366.59656571676686
6.880000000000004,0.00065625,366.7433531972568
6.900000000000004,0.00065625,366.89084722598227
6.0000000000000036,0.000675,364.44078191887064
6.020000000000003,0.000675,364.33489316537054
6.040000000000004,0.000675,364.2439109429353
6.060000000000003,0.000675,364.14253116031375
6.080000000000004,0.000675,364.05517358659915
6.100000000000003,0.000675,363.9581543482521
6.120000000000004,0.000675,363.8748751479131
6.140000000000003,0.000675,363.78366728159915
6.160000000000004,0.000675,363.70755531411055
6.180000000000003,0.000675,363.62711889097915
6.200000000000004,0.000675,363.5647000438642
6.220000000000003,0.000675,363.50218408902373
6.240000000000004,0.000675,363.4601874579689
6.260000000000003,0.000675,363.42107088743944
6.280000000000004,0.000675,363.4035926877486
6.300000000000003,0.000675,363.39057859258764
6.320000000000004,0.000675,363.39885378431916
6.340000000000003,0.000675,363.41184028149405
6.360000000000004,0.000675,363.4448663546245
6.3800000000000034,0.000675,363.4821049073999
6.400000000000004,0.000675,363.5376362584096
6.4200000000000035,0.000675,363.59650921300977
6.440000000000004,0.000675,363.67173550604326
6.4600000000000035,0.000675,363.7493020095338
6.480000000000004,0.000675,363.84128068109004
6.5000000000000036,0.000675,363.93460941325384
6.520000000000004,0.000675,364.04051417602045
6.540000000000004,0.000675,364.14686470718374
6.560000000000004,0.000675,364.26411197751025
6.580000000000004,0.000675,364.38101945443515
6.600000000000004,0.000675,364.5073197754522
6.620000000000004,0.000675,364.6326219911336
6.640000000000004,0.000675,364.7659881926374
6.660000000000004,0.000675,364.8978204818637
6.680000000000004,0.000675,365.03655263006067
6.700000000000004,0.000675,365.1733263018641
6.720000000000004,0.000675,365.3159855566976
6.740000000000004,0.000675,365.45635917793743
6.760000000000004,0.000675,365.6017375959316
6.780000000000004,0.000675,365.74458642359394
6.800000000000004,0.000675,365.89167660792697
6.820000000000004,0.000675,366.036063022143
6.840000000000004,0.000675,366.1840296376608
6.860000000000004,0.000675,366.3291759766129
6.880000000000004,0.000675,366.4773300450434
6.900000000000004,0.000675,366.62259440587343
6.0000000000000036,0.00069375,364.33598271212827
6.020000000000003,0.00069375,364.24151032764394
6.040000000000004,0.00069375,364.13774073682725
6.060000000000003,0.00069375,364.04701589476934
6.080000000000004,0.00069375,363.94764995050116
6.100000000000003,0.00069375,363.8605493847327
6.120000000000004,0.00069375,363.76579742582334
6.140000000000003,0.00069375,363.6833336197885
6.160000000000004,0.00069375,363.5954850192883
6.180000000000003,0.00069375,363.52168474487837
6.200000000000004,0.00069375,363.4463512929898
6.220000000000003,0.00069375,363.3878755946918
6.240000000000004,0.00069375,363.3317099712664
6.260000000000003,0.00069375,363.2944508457223
6.280000000000004,0.00069375,363.2622832896627
6.300000000000003,0.00069375,363.24984950783204
6.320000000000004,0.00069375,363.2436062276704
6.340000000000003,0.00069375,363.2565865223845
6.360000000000004,0.00069375,363.27581581350296
6.3800000000000034,0.00069375,363.31293762169656
6.400000000000004,0.00069375,363.3557112831605
6.4200000000000035,0.00069375,363.41463090980494
6.440000000000004,0.00069375,363.4782753222753
6.4600000000000035,0.00069375,363.5561809538866
6.480000000000004,0.00069375,363.63777259874377
6.5000000000000036,0.00069375,363.73177099267315
6.520000000000004,0.00069375,363.8284342105103
6.540000000000004,0.00069375,363.93577146504794
6.560000000000004,0.00069375,364.0448381430316
6.580000000000004,0.00069375,364.163010074258
6.600000000000004,0.00069375,364.2820917755509
6.620000000000004,0.00069375,364.40888657595985
6.640000000000004,0.00069375,364.5358948048575
6.660000000000004,0.00069375,364.6693968227725
6.680000000000004,0.00069375,364.8025345818468
6.700000000000004,0.00069375,364.9411074408644
6.720000000000004,0.00069375,365.07884633716327
6.740000000000004,0.00069375,365.2211063893217
6.760000000000004,0.00069375,365.3621577115687
6.780000000000004,0.00069375,365.50694418940054
6.800000000000004,0.00069375,365.65022871998667
6.820000000000004,0.00069375,365.7965740956268
6.840000000000004,0.00069375,365.9411931976196
6.860000000000004,0.00069375,366.0882955426942
6.880000000000004,0.00069375,366.23350474606366
6.900000000000004,0.00069375,366.38070288497676
6.0000000000000036,0.0007125,364.23379459257575
6.020000000000003,0.0007125,364.1149376521597
6.040000000000004,0.0007125,364.0334712281202
6.060000000000003,0.0007125,363.920260862138
6.080000000000004,0.0007125,363.84135807280757
6.100000000000003,0.0007125,363.7335726138043
6.120000000000004,0.0007125,363.6574412799954
6.140000000000003,0.0007125,363.5556611831003
6.160000000000004,0.0007125,363.48420362632436
6.180000000000003,0.0007125,363.39165421634647
6.200000000000004,0.0007125,363.3299507637925
6.220000000000003,0.0007125,363.25274642530616
6.240000000000004,0.0007125,363.20743906108095
6.260000000000003,0.0007125,363.15157085842526
6.280000000000004,0.0007125,363.12821372541157
6.300000000000003,0.0007125,363.0978079674788
6.320000000000004,0.0007125,363.09888113108985
6.340000000000003,0.0007125,363.09492410165035
6.360000000000004,0.0007125,363.12049564836076
6.3800000000000034,0.0007125,363.14195197747944
6.400000000000004,0.0007125,363.1904475511648
6.4200000000000035,0.0007125,363.23506928400644
6.440000000000004,0.0007125,363.30403064407926
6.4600000000000035,0.0007125,363.3690029167188
6.480000000000004,0.0007125,363.4556270271786
6.5000000000000036,0.0007125,363.5379940293958
6.520000000000004,0.0007125,363.63946670753177
6.540000000000004,0.0007125,363.736380927181
6.560000000000004,0.0007125,363.85006141619374
6.580000000000004,0.0007125,363.95891242083087
6.600000000000004,0.0007125,364.0824213803072
6.620000000000004,0.0007125,364.20088948291504
6.640000000000004,0.0007125,364.33213881161845
6.660000000000004,0.0007125,364.45820495596274
6.680000000000004,0.0007125,364.5953948254663
6.700000000000004,0.0007125,364.7273267530008
6.720000000000004,0.0007125,364.86892566697725
6.740000000000004,0.0007125,365.0052525926444
6.760000000000004,0.0007125,365.14996991123047
6.780000000000004,0.0007125,365.2894528570201
6.800000000000004,0.0007125,365.4362091883932
6.820000000000004,0.0007125,365.5778109639354
6.840000000000004,0.0007125,365.7257093529014
6.860000000000004,0.0007125,365.8685662640623
6.880000000000004,0.0007125,366.01686563410516
6.900000000000004,0.0007125,366.16026187884006
6.0000000000000036,0.00073125,364.08806828707395
6.020000000000003,0.00073125,363.9992464144448
6.040000000000004,0.00073125,363.88868601649193
6.060000000000003,0.00073125,363.8027289306534
6.080000000000004,0.00073125,363.6973661391154
6.100000000000003,0.00073125,363.61433209356994
6.120000000000004,0.00073125,363.51406710889086
6.140000000000003,0.00073125,363.43459199954185
6.160000000000004,0.00073125,363.3408149023472
6.180000000000003,0.00073125,363.2679289567483
6.200000000000004,0.00073125,363.1851185286122
6.220000000000003,0.00073125,363.1248436765536
6.240000000000004,0.00073125,363.05929466078226
6.260000000000003,0.00073125,363.01790247627383
6.280000000000004,0.00073125,362.97552901342783
6.300000000000003,0.00073125,362.95761660201396
6.320000000000004,0.00073125,362.94093312808724
6.340000000000003,0.00073125,362.94797457166214
6.360000000000004,0.00073125,362.95714327723135
6.3800000000000034,0.00073125,362.98845401875946
6.400000000000004,0.00073125,363.0219299969916
6.4200000000000035,0.00073125,363.0755015302268
6.440000000000004,0.00073125,363.13079556956325
6.4600000000000035,0.00073125,363.203972541342
6.480000000000004,0.00073125,363.2782109236684
6.5000000000000036,0.00073125,363.3681441694378
6.520000000000004,0.00073125,363.4584208386683
6.540000000000004,0.00073125,363.5623362007932
6.560000000000004,0.00073125,363.6659102919459
6.580000000000004,0.00073125,363.78125035087464
6.600000000000004,0.00073125,363.8956422386323
6.620000000000004,0.00073125,364.02012810988913
6.640000000000004,0.00073125,364.14315380116705
6.660000000000004,0.00073125,364.27479994547554
6.680000000000004,0.00073125,364.4045704232907
6.700000000000004,0.00073125,364.5416737077071
6.720000000000004,0.00073125,364.6765759213094
6.740000000000004,0.00073125,364.81769194488095
6.760000000000004,0.00073125,364.9563614645317
6.780000000000004,0.00073125,365.10027579889464
6.800000000000004,0.00073125,365.2415669004178
6.820000000000004,0.00073125,365.3872655453913
6.840000000000004,0.00073125,365.5302218742696
6.860000000000004,0.00073125,365.6768631979325
6.880000000000004,0.00073125,365.8206905986516
6.900000000000004,0.00073125,365.9675798333571
6.0000000000000036,0.00075,363.9610667442967
6.020000000000003,0.00075,363.8350408507117
6.040000000000004,0.00075,363.7599102456068
6.060000000000003,0.00075,363.6404808848905
6.080000000000004,0.00075,363.5670049770865
6.100000000000003,0.00075,363.45383622750387
6.120000000000004,0.00075,363.3822746980718
6.140000000000003,0.00075,363.2755885476092
6.160000000000004,0.00075,363.2075680146829
6.180000000000003,0.00075,363.10994148294293
6.200000000000004,0.00075,363.05009271069093
6.220000000000003,0.00075,362.9671624359412
6.240000000000004,0.00075,362.92183971135205
6.260000000000003,0.00075,362.8597208364333
6.280000000000004,0.00075,362.8355485499902
6.300000000000003,0.00075,362.7985057546688
6.320000000000004,0.00075,362.798207103702
6.340000000000003,0.00075,362.78767394926786
6.360000000000004,0.00075,362.8116363676581
6.3800000000000034,0.00075,362.8268591941404
6.400000000000004,0.00075,362.87372992214546
6.4200000000000035,0.00075,362.9126113122908
6.440000000000004,0.00075,362.9800596391019
6.4600000000000035,0.00075,363.0398445345102
6.480000000000004,0.00075,363.12512816275523
6.5000000000000036,0.00075,363.20286431492883
6.520000000000004,0.00075,363.30318809401234
6.540000000000004,0.00075,363.3959999462207
6.560000000000004,0.00075,363.50871846454584
6.580000000000004,0.00075,363.6139519214911
6.600000000000004,0.00075,363.736669142512
6.620000000000004,0.00075,363.85195496114727
6.640000000000004,0.00075,363.98256108936374
6.660000000000004,0.00075,364.10583034681747
6.680000000000004,0.00075,364.2425028805323
6.700000000000004,0.00075,364.37197612502865
6.720000000000004,0.00075,364.5131620521101
6.740000000000004,0.00075,364.6473253943898
6.760000000000004,0.00075,364.7917147266918
6.780000000000004,0.00075,364.9292906761574
6.800000000000004,0.00075,365.075787202524
6.820000000000004,0.00075,365.21570464173374
6.840000000000004,0.00075,365.3633971219207
6.860000000000004,0.00075,365.50476274395834
6.880000000000004,0.00075,365.6528981745158
6.900000000000004,0.00075,365.7949704857946
