时间 (s),薄膜厚度 (m),温度 (K)
4.8000000000000025,0.0,353.24679782901813
4.820000000000002,0.0,353.5031344435255
4.8400000000000025,0.0,353.75558748820714
4.860000000000002,0.0,354.01367323512227
4.880000000000003,0.0,354.2668729657716
4.900000000000002,0.0,354.5248791100047
4.920000000000003,0.0,354.77777046856556
4.940000000000002,0.0,355.0345637650037
4.960000000000003,0.0,355.28808264068357
4.980000000000002,0.0,355.54013159928746
5.000000000000003,0.0,355.7913944924074
5.020000000000002,0.0,356.0397444586702
5.040000000000003,0.0,356.2838749140098
5.060000000000002,0.0,356.52512872886683
5.080000000000003,0.0,356.7603936543056
5.100000000000002,0.0,356.9918876005452
5.120000000000003,0.0,357.21614474954913
5.140000000000002,0.0,357.4357907608817
5.160000000000003,0.0,357.6473779142364
5.180000000000002,0.0,357.853736819545
5.200000000000003,0.0,358.0515772608942
5.220000000000002,0.0,358.24381125228064
5.240000000000003,0.0,358.4273568533595
5.2600000000000025,0.0,358.6051234597819
5.280000000000003,0.0,358.77425001698003
5.3000000000000025,0.0,358.93758531210693
5.320000000000003,0.0,359.09248508740393
5.3400000000000025,0.0,359.24169846575273
5.360000000000003,0.0,359.3827869465145
5.380000000000003,0.0,359.5183749601182
5.400000000000003,0.0,359.6462162564387
5.420000000000003,0.0,359.7687958490792
5.440000000000003,0.0,359.8840457967381
5.460000000000003,0.0,359.99430442016535
5.480000000000003,0.0,360.0976685910152
5.500000000000003,0.0,360.1963279461383
5.520000000000003,0.0,360.28853146463877
5.540000000000003,0.0,360.3763217783536
5.560000000000003,0.0,360.45808815873596
5.580000000000003,0.0,360.53573039113087
5.600000000000003,0.0,360.6077671082095
5.620000000000003,0.0,360.6759610191513
5.640000000000003,0.0,360.7389500221755
5.660000000000003,0.0,360.7983665058096
5.680000000000003,0.0,360.85295831216183
5.700000000000003,0.0,360.9042348017387
5.720000000000003,0.0,360.9510451510091
5.740000000000003,0.0,360.99478320536895
5.760000000000003,0.0,361.0343915206329
5.780000000000003,0.0,361.0711559393697
5.8000000000000025,0.0,361.1041050441922
5.820000000000003,0.0,361.13442403542786
5.840000000000003,0.0,361.1612207257626
5.860000000000003,0.0,361.1855867817328
5.880000000000003,0.0,361.2067029632939
5.900000000000003,0.0,361.22557419564026
5.9200000000000035,0.0,361.24144837923626
5.940000000000003,0.0,361.25525013675843
5.960000000000003,0.0,361.26628914393524
5.980000000000003,0.0,361.2754157872209
6.0000000000000036,0.0,361.2819965621745
4.8000000000000025,1.8750000000000002e-05,353.39877577535106
4.820000000000002,1.8750000000000002e-05,353.6516242428723
4.8400000000000025,1.8750000000000002e-05,353.9088712451003
4.860000000000002,1.8750000000000002e-05,354.1635926469564
4.880000000000003,1.8750000000000002e-05,354.4212540543619
4.900000000000002,1.8750000000000002e-05,354.6761511105586
4.920000000000003,1.8750000000000002e-05,354.9331554592996
4.940000000000002,1.8750000000000002e-05,355.1870910394285
4.960000000000003,1.8750000000000002e-05,355.4434581020295
4.980000000000002,1.8750000000000002e-05,355.69444062094044
5.000000000000003,1.8750000000000002e-05,355.94691637070605
5.020000000000002,1.8750000000000002e-05,356.1945498754047
5.040000000000003,1.8750000000000002e-05,356.4401328595219
5.060000000000002,1.8750000000000002e-05,356.6803814555413
5.080000000000003,1.8750000000000002e-05,356.9170694095761
5.100000000000002,1.8750000000000002e-05,357.147398880679
5.120000000000003,1.8750000000000002e-05,357.37298260701925
5.140000000000002,1.8750000000000002e-05,357.5913777385288
5.160000000000003,1.8750000000000002e-05,357.804177468853
5.180000000000002,1.8750000000000002e-05,358.00924877469095
5.200000000000003,1.8750000000000002e-05,358.208188446228
5.220000000000002,1.8750000000000002e-05,358.39913323874737
5.240000000000003,1.8750000000000002e-05,358.5836720704087
5.2600000000000025,1.8750000000000002e-05,358.76017238777956
5.280000000000003,1.8750000000000002e-05,358.93019546313303
5.3000000000000025,1.8750000000000002e-05,359.0923039309042
5.320000000000003,1.8750000000000002e-05,359.24801278792637
5.3400000000000025,1.8750000000000002e-05,359.3960494262588
5.360000000000003,1.8750000000000002e-05,359.53786809370837
5.380000000000003,1.8750000000000002e-05,359.6723357348962
5.400000000000003,1.8750000000000002e-05,359.80083593811406
5.420000000000003,1.8750000000000002e-05,359.92235467404686
5.440000000000003,1.8750000000000002e-05,360.0381989630918
5.460000000000003,1.8750000000000002e-05,360.14745717642234
5.480000000000003,1.8750000000000002e-05,360.25135703721975
5.500000000000003,1.8750000000000002e-05,360.3490758224231
5.520000000000003,1.8750000000000002e-05,360.4417616089627
5.540000000000003,1.8750000000000002e-05,360.5286695484463
5.560000000000003,1.8750000000000002e-05,360.6108694267104
5.580000000000003,1.8750000000000002e-05,360.6876851611204
5.600000000000003,1.8750000000000002e-05,360.7601107703705
5.620000000000003,1.8750000000000002e-05,360.8275313268975
5.640000000000003,1.8750000000000002e-05,360.89086836725465
5.660000000000003,1.8750000000000002e-05,360.94956168102897
5.680000000000003,1.8750000000000002e-05,361.0044640662263
5.700000000000003,1.8750000000000002e-05,361.05506451716457
5.720000000000003,1.8750000000000002e-05,361.10215107573214
5.740000000000003,1.8750000000000002e-05,361.1452571669728
5.760000000000003,1.8750000000000002e-05,361.1851101412557
5.780000000000003,1.8750000000000002e-05,361.2212836771408
5.8000000000000025,1.8750000000000002e-05,361.2544484708469
5.820000000000003,1.8750000000000002e-05,361.2842147664085
5.840000000000003,1.8750000000000002e-05,361.3112005415754
5.860000000000003,1.8750000000000002e-05,361.3350493246114
5.880000000000003,1.8750000000000002e-05,361.3563301598935
5.900000000000003,1.8750000000000002e-05,361.374716921839
5.9200000000000035,1.8750000000000002e-05,361.39073332559195
5.940000000000003,1.8750000000000002e-05,361.4040809470813
5.960000000000003,1.8750000000000002e-05,361.4152415783279
5.980000000000003,1.8750000000000002e-05,361.42394210616266
6.0000000000000036,1.8750000000000002e-05,361.4306255999404
4.8000000000000025,3.7500000000000003e-05,353.5870411018347
4.820000000000002,3.7500000000000003e-05,353.8456588859912
4.8400000000000025,3.7500000000000003e-05,354.09931658313377
4.860000000000002,3.7500000000000003e-05,354.3588233340556
4.880000000000003,3.7500000000000003e-05,354.6132653098253
4.900000000000002,3.7500000000000003e-05,354.8723745856151
4.920000000000003,3.7500000000000003e-05,355.12641884930713
4.940000000000002,3.7500000000000003e-05,355.3840672736038
4.960000000000003,3.7500000000000003e-05,355.6371091944926
4.980000000000002,3.7500000000000003e-05,355.8918747130378
5.000000000000003,3.7500000000000003e-05,356.14090610953957
5.020000000000002,3.7500000000000003e-05,356.39121998286123
5.040000000000003,3.7500000000000003e-05,356.6339742503411
5.060000000000002,3.7500000000000003e-05,356.8760357724593
5.080000000000003,3.7500000000000003e-05,357.10997196333716
5.100000000000002,3.7500000000000003e-05,357.3414909314796
5.120000000000003,3.7500000000000003e-05,357.56431903337113
5.140000000000002,3.7500000000000003e-05,357.7834342411898
5.160000000000003,3.7500000000000003e-05,357.99348350275034
5.180000000000002,3.7500000000000003e-05,358.19892533793984
5.200000000000003,3.7500000000000003e-05,358.3951515598776
5.220000000000002,3.7500000000000003e-05,358.5862119235038
5.240000000000003,3.7500000000000003e-05,358.7681069982402
5.2600000000000025,3.7500000000000003e-05,358.9445410442428
5.280000000000003,3.7500000000000003e-05,359.1120163446347
5.3000000000000025,3.7500000000000003e-05,359.2739319925307
5.320000000000003,3.7500000000000003e-05,359.4272075132613
5.3400000000000025,3.7500000000000003e-05,359.57496585608493
5.360000000000003,3.7500000000000003e-05,359.7144769716569
5.380000000000003,3.7500000000000003e-05,359.8486109154897
5.400000000000003,3.7500000000000003e-05,359.97493496235205
5.420000000000003,3.7500000000000003e-05,360.0960863509411
5.440000000000003,3.7500000000000003e-05,360.2098871647213
5.460000000000003,3.7500000000000003e-05,360.31875993131024
5.480000000000003,3.7500000000000003e-05,360.4207471752144
5.500000000000003,3.7500000000000003e-05,360.5180733932284
5.520000000000003,3.7500000000000003e-05,360.60897346261953
5.540000000000003,3.7500000000000003e-05,360.6954893498535
5.560000000000003,3.7500000000000003e-05,360.77602505898
5.580000000000003,3.7500000000000003e-05,360.8524544616549
5.600000000000003,3.7500000000000003e-05,360.92333125570735
5.620000000000003,3.7500000000000003e-05,360.9903746508856
5.640000000000003,3.7500000000000003e-05,361.0522715926495
5.660000000000003,3.7500000000000003e-05,361.1105991040496
5.680000000000003,3.7500000000000003e-05,361.1641633098196
5.700000000000003,3.7500000000000003e-05,361.21441060577644
5.720000000000003,3.7500000000000003e-05,361.2602541430053
5.740000000000003,3.7500000000000003e-05,361.30302037779956
5.760000000000003,3.7500000000000003e-05,361.34171889673695
5.780000000000003,3.7500000000000003e-05,361.37756607942845
5.8000000000000025,3.7500000000000003e-05,361.4096586468397
5.820000000000003,3.7500000000000003e-05,361.43911198893784
5.840000000000003,3.7500000000000003e-05,361.46510173781627
5.860000000000003,3.7500000000000003e-05,361.4886506551041
5.880000000000003,3.7500000000000003e-05,361.50900597193885
5.900000000000003,3.7500000000000003e-05,361.5271055071008
5.9200000000000035,3.7500000000000003e-05,361.54226155724155
5.940000000000003,3.7500000000000003e-05,361.55533405681246
5.960000000000003,3.7500000000000003e-05,361.56569450620003
5.980000000000003,3.7500000000000003e-05,361.57413143411816
6.0000000000000036,3.7500000000000003e-05,361.5800702676055
4.8000000000000025,5.6250000000000005e-05,353.8208501748204
4.820000000000002,5.6250000000000005e-05,354.07681990108875
4.8400000000000025,5.6250000000000005e-05,354.3351406989603
4.860000000000002,5.6250000000000005e-05,354.59177560497557
4.880000000000003,5.6250000000000005e-05,354.85032415808786
4.900000000000002,5.6250000000000005e-05,355.1066623895848
4.920000000000003,5.6250000000000005e-05,355.36428078035095
4.940000000000002,5.6250000000000005e-05,355.61921914723325
4.960000000000003,5.6250000000000005e-05,355.874950023209
4.980000000000002,5.6250000000000005e-05,356.1270829462391
5.000000000000003,5.6250000000000005e-05,356.3782177250518
5.020000000000002,5.6250000000000005e-05,356.62521374548174
5.040000000000003,5.6250000000000005e-05,356.8695616865634
5.060000000000002,5.6250000000000005e-05,357.10803500850596
5.080000000000003,5.6250000000000005e-05,357.34274939895147
5.100000000000002,5.6250000000000005e-05,357.57047749314404
5.120000000000003,5.6250000000000005e-05,357.79338613603613
5.140000000000002,5.6250000000000005e-05,358.0085856354941
5.160000000000003,5.6250000000000005e-05,358.2181801536804
5.180000000000002,5.6250000000000005e-05,358.4196669099871
5.200000000000003,5.6250000000000005e-05,358.6150539989727
5.220000000000002,5.6250000000000005e-05,358.8021963975342
5.240000000000003,5.6250000000000005e-05,358.9829925211266
5.2600000000000025,5.6250000000000005e-05,359.1556060710213
5.280000000000003,5.6250000000000005e-05,359.321819411401
5.3000000000000025,5.6250000000000005e-05,359.4800554819186
5.320000000000003,5.6250000000000005e-05,359.6319784240295
5.3400000000000025,5.6250000000000005e-05,359.77622675145244
5.360000000000003,5.6250000000000005e-05,359.91434726080223
5.380000000000003,5.6250000000000005e-05,360.04515755187236
5.400000000000003,5.6250000000000005e-05,360.1700902082456
5.420000000000003,5.6250000000000005e-05,360.288112153028
5.440000000000003,5.6250000000000005e-05,360.40054646502875
5.460000000000003,5.6250000000000005e-05,360.50648534687775
5.480000000000003,5.6250000000000005e-05,360.607148091793
5.500000000000003,5.6250000000000005e-05,360.70173279127965
5.520000000000003,5.6250000000000005e-05,360.7913612376447
5.540000000000003,5.6250000000000005e-05,360.87532172659576
5.560000000000003,5.6250000000000005e-05,360.9546450672006
5.580000000000003,5.6250000000000005e-05,361.02869699826465
5.600000000000003,5.6250000000000005e-05,361.0984238595096
5.620000000000003,5.6250000000000005e-05,361.1632583718255
5.640000000000003,5.6250000000000005e-05,361.22406875476617
5.660000000000003,5.6250000000000005e-05,361.2803460627266
5.680000000000003,5.6250000000000005e-05,361.3328864759502
5.700000000000003,5.6250000000000005e-05,361.3812321681995
5.720000000000003,5.6250000000000005e-05,361.42611303125426
5.740000000000003,5.6250000000000005e-05,361.4671162866092
5.760000000000003,5.6250000000000005e-05,361.504910926481
5.780000000000003,5.6250000000000005e-05,361.539124065411
5.8000000000000025,5.6250000000000005e-05,361.5703688116916
5.820000000000003,5.6250000000000005e-05,361.59830776045186
5.840000000000003,5.6250000000000005e-05,361.62350278095283
5.860000000000003,5.6250000000000005e-05,361.64564814271495
5.880000000000003,5.6250000000000005e-05,361.66525876160864
5.900000000000003,5.6250000000000005e-05,361.6820572751655
5.9200000000000035,5.6250000000000005e-05,361.69651558925784
5.940000000000003,5.6250000000000005e-05,361.70838181895823
5.960000000000003,5.6250000000000005e-05,361.71808848138636
5.980000000000003,5.6250000000000005e-05,361.725406627919
6.0000000000000036,5.6250000000000005e-05,361.7307327075703
4.8000000000000025,7.500000000000001e-05,354.0927286157916
4.820000000000002,7.500000000000001e-05,354.3526481445605
4.8400000000000025,7.500000000000001e-05,354.6094146594228
4.860000000000002,7.500000000000001e-05,354.8692939999099
4.880000000000003,7.500000000000001e-05,355.12609953987806
4.900000000000002,7.500000000000001e-05,355.3852176797313
4.920000000000003,7.500000000000001e-05,355.6409533338604
4.940000000000002,7.500000000000001e-05,355.89815731870857
4.960000000000003,7.500000000000001e-05,356.1515685399948
4.980000000000002,7.500000000000001e-05,356.4052597715397
5.000000000000003,7.500000000000001e-05,356.65373038120526
5.020000000000002,7.500000000000001e-05,356.90115204490627
5.040000000000003,7.500000000000001e-05,357.14224842029205
5.060000000000002,7.500000000000001e-05,357.3803763622139
5.080000000000003,7.500000000000001e-05,357.6111771606868
5.100000000000002,7.500000000000001e-05,357.8378144457343
5.120000000000003,7.500000000000001e-05,358.05632873314715
5.140000000000002,7.500000000000001e-05,358.2698321313932
5.160000000000003,7.500000000000001e-05,358.4747408648517
5.180000000000002,7.500000000000001e-05,358.6740925204605
5.200000000000003,7.500000000000001e-05,358.86466580720975
5.220000000000002,7.500000000000001e-05,359.049386157152
5.240000000000003,7.500000000000001e-05,359.22536869973607
5.2600000000000025,7.500000000000001e-05,359.39539753308514
5.280000000000003,7.500000000000001e-05,359.5568916234968
5.3000000000000025,7.500000000000001e-05,359.71247554647556
5.320000000000003,7.500000000000001e-05,359.8598386683295
5.3400000000000025,7.500000000000001e-05,360.0014371651166
5.360000000000003,7.500000000000001e-05,360.1351994417798
5.380000000000003,7.500000000000001e-05,360.2634113523569
5.400000000000003,7.500000000000001e-05,360.38421219641594
5.420000000000003,7.500000000000001e-05,360.49972042573427
5.440000000000003,7.500000000000001e-05,360.6082615243354
5.460000000000003,7.500000000000001e-05,360.7117926401561
5.480000000000003,7.500000000000001e-05,360.8088039632421
5.500000000000003,7.500000000000001e-05,360.9010993818193
5.520000000000003,7.500000000000001e-05,360.9873151868706
5.540000000000003,7.500000000000001e-05,361.0691111169634
5.560000000000003,7.500000000000001e-05,361.14525344313944
5.580000000000003,7.500000000000001e-05,361.2172673205922
5.600000000000003,7.500000000000001e-05,361.2840349985851
5.620000000000003,7.500000000000001e-05,361.3469566605845
5.640000000000003,7.500000000000001e-05,361.40501833004737
5.660000000000003,7.500000000000001e-05,361.4595046076847
5.680000000000003,7.500000000000001e-05,361.5094946113235
5.700000000000003,7.500000000000001e-05,361.5561663579375
5.720000000000003,7.500000000000001e-05,361.59868267487064
5.740000000000003,7.500000000000001e-05,361.63812350717444
5.760000000000003,7.500000000000001e-05,361.67372711120663
5.780000000000003,7.500000000000001e-05,361.7064833353655
5.8000000000000025,7.500000000000001e-05,361.7356985307316
5.820000000000003,7.500000000000001e-05,361.76227987062924
5.840000000000003,7.500000000000001e-05,361.7855952814552
5.860000000000003,7.500000000000001e-05,361.80647613335714
5.880000000000003,7.500000000000001e-05,361.8243461141104
5.900000000000003,7.500000000000001e-05,361.8399671303489
5.9200000000000035,7.500000000000001e-05,361.8528134311992
5.940000000000003,7.500000000000001e-05,361.86358329276663
5.960000000000003,7.500000000000001e-05,361.871796862369
5.980000000000003,7.500000000000001e-05,361.87809414193424
6.0000000000000036,7.500000000000001e-05,361.882036985478
4.8000000000000025,9.375e-05,354.4087011324255
4.820000000000002,9.375e-05,354.6677476539867
4.8400000000000025,9.375e-05,354.92763374144795
4.860000000000002,9.375e-05,355.1863370795198
4.880000000000003,9.375e-05,355.44562902381574
4.900000000000002,9.375e-05,355.70335473583117
4.920000000000003,9.375e-05,355.9610323417748
4.940000000000002,9.375e-05,356.21651783018876
4.960000000000003,9.375e-05,356.47105887248017
4.980000000000002,9.375e-05,356.72236541525825
5.000000000000003,9.375e-05,356.9710663401254
5.020000000000002,9.375e-05,357.2151452696111
5.040000000000003,9.375e-05,357.4552949922778
5.060000000000002,9.375e-05,357.68931950304636
5.080000000000003,9.375e-05,357.91812998820683
5.100000000000002,9.375e-05,358.1399440741049
5.120000000000003,9.375e-05,358.3556592164116
5.140000000000002,9.375e-05,358.56381825396136
5.160000000000003,9.375e-05,358.76535662876904
5.180000000000002,9.375e-05,358.95905831926683
5.200000000000003,9.375e-05,359.1459001869993
5.220000000000002,9.375e-05,359.32485089012647
5.240000000000003,9.375e-05,359.4969111860207
5.2600000000000025,9.375e-05,359.6611951733345
5.280000000000003,9.375e-05,359.81870602663554
5.3000000000000025,9.375e-05,359.9686747689096
5.320000000000003,9.375e-05,360.112088189899
5.3400000000000025,9.375e-05,360.24827289106986
5.360000000000003,9.375e-05,360.3781849651244
5.380000000000003,9.375e-05,360.50123028689603
5.400000000000003,9.375e-05,360.61832433664966
5.420000000000003,9.375e-05,360.72893960945095
5.440000000000003,9.375e-05,360.8339447332602
5.460000000000003,9.375e-05,360.9328688648933
5.480000000000003,9.375e-05,361.02653038745376
5.500000000000003,9.375e-05,361.1145071744496
5.520000000000003,9.375e-05,361.1975660753935
5.540000000000003,9.375e-05,361.275327255571
5.560000000000003,9.375e-05,361.34850624057015
5.580000000000003,9.375e-05,361.41676022180235
5.600000000000003,9.375e-05,361.480754640419
5.620000000000003,9.375e-05,361.5401793416618
5.640000000000003,9.375e-05,361.5956516000008
5.660000000000003,9.375e-05,361.64689023843465
5.680000000000003,9.375e-05,361.6944667027311
5.700000000000003,9.375e-05,361.73812566673274
5.720000000000003,9.375e-05,361.77839531967334
5.740000000000003,9.375e-05,361.8150434980272
5.760000000000003,9.375e-05,361.84855780901114
5.780000000000003,9.375e-05,361.8787269185867
5.8000000000000025,9.375e-05,361.9060005371605
5.820000000000003,9.375e-05,361.93018611822686
5.840000000000003,9.375e-05,361.9516981090463
5.860000000000003,9.375e-05,361.9703609505897
5.880000000000003,9.375e-05,361.98655636822446
5.900000000000003,9.375e-05,362.0001241937959
5.9200000000000035,9.375e-05,362.01141585410477
5.940000000000003,9.375e-05,362.0202851483534
5.960000000000003,9.375e-05,362.027055495601
5.980000000000003,9.375e-05,362.03159338770905
6.0000000000000036,9.375e-05,362.0341963874237
4.8000000000000025,0.00011250000000000001,354.7648411018725
4.820000000000002,0.00011250000000000001,355.0262803180321
4.8400000000000025,0.00011250000000000001,355.28612525879737
4.860000000000002,0.00011250000000000001,355.54667678753975
4.880000000000003,0.00011250000000000001,355.80546720445636
4.900000000000002,0.00011250000000000001,356.0645129726616
4.920000000000003,0.00011250000000000001,356.3212661252362
4.940000000000002,0.00011250000000000001,356.5774083048847
4.960000000000003,0.00011250000000000001,356.8302743539539
4.980000000000002,0.00011250000000000001,357.0811579274191
5.000000000000003,0.00011250000000000001,357.3271721432743
5.020000000000002,0.00011250000000000001,357.5695231154524
5.040000000000003,0.00011250000000000001,357.80573084501833
5.060000000000002,0.00011250000000000001,358.03684258705744
5.080000000000003,0.00011250000000000001,358.2606827281348
5.100000000000002,0.00011250000000000001,358.4785471128012
5.120000000000003,0.00011250000000000001,358.6885169959447
5.140000000000002,0.00011250000000000001,358.89197286161385
5.160000000000003,0.00011250000000000001,359.087260339363
5.180000000000002,0.00011250000000000001,359.27578205270083
5.200000000000003,0.00011250000000000001,359.4561083364803
5.220000000000002,0.00011250000000000001,359.62963265187153
5.240000000000003,0.00011250000000000001,359.79510680039147
5.2600000000000025,0.00011250000000000001,359.95389515010504
5.280000000000003,0.00011250000000000001,360.10489508808433
5.3000000000000025,0.00011250000000000001,360.249427931488
5.320000000000003,0.00011250000000000001,360.3865091649669
5.3400000000000025,0.00011250000000000001,360.51740728002903
5.360000000000003,0.00011250000000000001,360.6412353122502
5.380000000000003,0.00011250000000000001,360.75920242312503
5.400000000000003,0.00011250000000000001,360.8705038656334
5.420000000000003,0.00011250000000000001,360.97628556927225
5.440000000000003,0.00011250000000000001,361.07581344118705
5.460000000000003,0.00011250000000000001,361.1701683191377
5.480000000000003,0.00011250000000000001,361.2586778877572
5.500000000000003,0.00011250000000000001,361.34235759925826
5.520000000000003,0.00011250000000000001,361.4205899466646
5.540000000000003,0.00011250000000000001,361.49432587185555
5.560000000000003,0.00011250000000000001,361.5629970664328
5.580000000000003,0.00011250000000000001,361.62749168349967
5.600000000000003,0.00011250000000000001,361.68728598086244
5.620000000000003,0.00011250000000000001,361.7432076341484
5.640000000000003,0.00011250000000000001,361.79477354791095
5.660000000000003,0.00011250000000000001,361.84275362113937
5.680000000000003,0.00011250000000000001,361.88670201568857
5.700000000000003,0.00011250000000000001,361.9273337906708
5.720000000000003,0.00011250000000000001,361.96423737927125
5.740000000000003,0.00011250000000000001,361.99807605741387
5.760000000000003,0.00011250000000000001,362.0284698592729
5.780000000000003,0.00011250000000000001,362.0560333680535
5.8000000000000025,0.00011250000000000001,362.0804158028157
5.820000000000003,0.00011250000000000001,362.102186115522
5.840000000000003,0.00011250000000000001,362.1210205048991
5.860000000000003,0.00011250000000000001,362.137445279435
5.880000000000003,0.00011250000000000001,362.15116159209805
5.900000000000003,0.00011250000000000001,362.16265599111983
5.9200000000000035,0.00011250000000000001,362.17165271528717
5.940000000000003,0.00011250000000000001,362.1786013109059
5.960000000000003,0.00011250000000000001,362.1832473740191
5.980000000000003,0.00011250000000000001,362.186006070042
6.0000000000000036,0.00011250000000000001,362.18664275021206
4.8000000000000025,0.00013125000000000002,355.1639850844712
4.820000000000002,0.00013125000000000002,355.42588961332154
4.8400000000000025,0.00013125000000000002,355.68749200101473
4.860000000000002,0.00013125000000000002,355.9480350779023
4.880000000000003,0.00013125000000000002,356.2079767472936
4.900000000000002,0.00013125000000000002,356.46650535390177
4.920000000000003,0.00013125000000000002,356.7237769709221
4.940000000000002,0.00013125000000000002,356.97868947742967
4.960000000000003,0.00013125000000000002,357.23103732283266
4.980000000000002,0.00013125000000000002,357.4794743675446
5.000000000000003,0.00013125000000000002,357.7235628296869
5.020000000000002,0.00013125000000000002,357.96203225056087
5.040000000000003,0.00013125000000000002,358.1947553248443
5.060000000000002,0.00013125000000000002,358.4206501004693
5.080000000000003,0.00013125000000000002,358.63974080642475
5.100000000000002,0.00013125000000000002,358.8513098580024
5.120000000000003,0.00013125000000000002,359.0555705017221
5.140000000000002,0.00013125000000000002,359.25199490515547
5.160000000000003,0.00013125000000000002,359.44093830522894
5.180000000000002,0.00013125000000000002,359.622006316765
5.200000000000003,0.00013125000000000002,359.7956399691218
5.220000000000002,0.00013125000000000002,359.96154370016876
5.240000000000003,0.00013125000000000002,360.1202042517501
5.2600000000000025,0.00013125000000000002,360.27139874190755
5.280000000000003,0.00013125000000000002,360.4156334681753
5.3000000000000025,0.00013125000000000002,360.55273826730854
5.320000000000003,0.00013125000000000002,360.6832222418026
5.3400000000000025,0.00013125000000000002,360.8069530344966
5.360000000000003,0.00013125000000000002,360.9244318420763
5.380000000000003,0.00013125000000000002,361.0355532060757
5.400000000000003,0.00013125000000000002,361.1408035954756
5.420000000000003,0.00013125000000000002,361.2400966091658
5.440000000000003,0.00013125000000000002,361.3338997201272
5.460000000000003,0.00013125000000000002,361.4221400286204
5.480000000000003,0.00013125000000000002,361.5052634580804
5.500000000000003,0.00013125000000000002,361.5832067244336
5.520000000000003,0.00013125000000000002,361.6563928212426
5.540000000000003,0.00013125000000000002,361.7247653964202
5.560000000000003,0.00013125000000000002,361.788723946018
5.580000000000003,0.00013125000000000002,361.84821721989556
5.600000000000003,0.00013125000000000002,361.9036212146515
5.620000000000003,0.00013125000000000002,361.9548885507798
5.640000000000003,0.00013125000000000002,362.0023721159091
5.660000000000003,0.00013125000000000002,362.0460275844668
5.680000000000003,0.00013125000000000002,362.086185394298
5.700000000000003,0.00013125000000000002,362.1228037401397
5.720000000000003,0.00013125000000000002,362.1561914484902
5.740000000000003,0.00013125000000000002,362.1863088908712
5.760000000000003,0.00013125000000000002,362.2134442349534
5.780000000000003,0.00013125000000000002,362.2375598105699
5.8000000000000025,0.00013125000000000002,362.2589241455386
5.820000000000003,0.00013125000000000002,362.27750138960903
5.840000000000003,0.00013125000000000002,362.29354148139504
5.860000000000003,0.00013125000000000002,362.30701030156285
5.880000000000003,0.00013125000000000002,362.3181402565564
5.900000000000003,0.00013125000000000002,362.32689889778237
5.9200000000000035,0.00013125000000000002,362.3335021447136
5.940000000000003,0.00013125000000000002,362.33791917463634
5.960000000000003,0.00013125000000000002,362.34035044049665
5.980000000000003,0.00013125000000000002,362.3407667073136
6.0000000000000036,0.00013125000000000002,362.3393539482284
4.8000000000000025,0.00015000000000000001,355.60482896632215
4.820000000000002,0.00015000000000000001,355.86822341141027
4.8400000000000025,0.00015000000000000001,356.1304372834398
4.860000000000002,0.00015000000000000001,356.3918898913722
4.880000000000003,0.00015000000000000001,356.6518502150753
4.900000000000002,0.00015000000000000001,356.9106474236137
4.920000000000003,0.00015000000000000001,357.16722910696353
4.940000000000002,0.00015000000000000001,357.4214662981876
4.960000000000003,0.00015000000000000001,357.6719023561639
4.980000000000002,0.00015000000000000001,357.91813072884696
5.000000000000003,0.00015000000000000001,358.15864445379333
5.020000000000002,0.00015000000000000001,358.39317137835144
5.040000000000003,0.00015000000000000001,358.6206071956678
5.060000000000002,0.00015000000000000001,358.84097610084643
5.080000000000003,0.00015000000000000001,359.05341662224527
5.100000000000002,0.00015000000000000001,359.25824324553446
5.120000000000003,0.00015000000000000001,359.4548613567681
5.140000000000002,0.00015000000000000001,359.64372571050905
5.160000000000003,0.00015000000000000001,359.82441056331027
5.180000000000002,0.00015000000000000001,359.99745366473326
5.200000000000003,0.00015000000000000001,360.16253284515454
5.220000000000002,0.00015000000000000001,360.32022986613407
5.240000000000003,0.00015000000000000001,360.4702884491727
5.2600000000000025,0.00015000000000000001,360.61330732305623
5.280000000000003,0.00015000000000000001,360.7490739966515
5.3000000000000025,0.00015000000000000001,360.8781862698739
5.320000000000003,0.00015000000000000001,361.00046189856295
5.3400000000000025,0.00015000000000000001,361.1164863477824
5.360000000000003,0.00015000000000000001,361.22609893765383
5.380000000000003,0.00015000000000000001,361.3298657717385
5.400000000000003,0.00015000000000000001,361.4276419617192
5.420000000000003,0.00015000000000000001,361.5199701133925
5.440000000000003,0.00015000000000000001,361.6067172035724
5.460000000000003,0.00015000000000000001,361.68840009728984
5.480000000000003,0.00015000000000000001,361.7648949383232
5.500000000000003,0.00015000000000000001,361.8366918459649
5.520000000000003,0.00015000000000000001,361.9036742764346
5.540000000000003,0.00015000000000000001,361.9663054071501
5.560000000000003,0.00015000000000000001,362.02447474149494
5.580000000000003,0.00015000000000000001,362.0786188454501
5.600000000000003,0.00015000000000000001,362.1286324174945
5.620000000000003,0.00015000000000000001,362.1749260822439
5.640000000000003,0.00015000000000000001,362.2173991691602
5.660000000000003,0.00015000000000000001,362.2564372463962
5.680000000000003,0.00015000000000000001,362.29194390792156
5.700000000000003,0.00015000000000000001,362.32428068113734
5.720000000000003,0.00015000000000000001,362.35335519042366
5.740000000000003,0.00015000000000000001,362.3795060119704
5.760000000000003,0.00015000000000000001,362.40264465192524
5.780000000000003,0.00015000000000000001,362.4230878597639
5.8000000000000025,0.00015000000000000001,362.44075092687905
5.820000000000003,0.00015000000000000001,362.45592990882113
5.840000000000003,0.00015000000000000001,362.4685438145866
5.860000000000003,0.00015000000000000001,362.4788691285674
5.880000000000003,0.00015000000000000001,362.48682852278324
5.900000000000003,0.00015000000000000001,362.4926800106515
5.9200000000000035,0.00015000000000000001,362.49634987531334
5.940000000000003,0.00015000000000000001,362.4980787282771
5.960000000000003,0.00015000000000000001,362.4977964081205
5.980000000000003,0.00015000000000000001,362.49572715668234
6.0000000000000036,0.00015000000000000001,362.49180430483875
4.8000000000000025,0.00016875,356.08836399205256
4.820000000000002,0.00016875,356.3526750456391
4.8400000000000025,0.00016875,356.61583251645004
4.860000000000002,0.00016875,356.8775741832921
4.880000000000003,0.00016875,357.1378290121605
4.900000000000002,0.00016875,357.3962034843824
4.920000000000003,0.00016875,357.65220632457255
4.940000000000002,0.00016875,357.9048667195231
4.960000000000003,0.00016875,358.15320194810107
4.980000000000002,0.00016875,358.3960271544317
5.000000000000003,0.00016875,358.632452202769
5.020000000000002,0.00016875,358.8615959068685
5.040000000000003,0.00016875,359.0830250263345
5.060000000000002,0.00016875,359.2962789535042
5.080000000000003,0.00016875,359.5012145985235
5.100000000000002,0.00016875,359.6976606911112
5.120000000000003,0.00016875,359.8857246485731
5.140000000000002,0.00016875,360.0653942890348
5.160000000000003,0.00016875,360.23690072389786
5.180000000000002,0.00016875,360.400321799171
5.200000000000003,0.00016875,360.55594668375886
5.220000000000002,0.00016875,360.7038989456606
5.240000000000003,0.00016875,360.84449197897294
5.2600000000000025,0.00016875,360.9778688829218
5.280000000000003,0.00016875,361.1043491225688
5.3000000000000025,0.00016875,361.224080788007
5.320000000000003,0.00016875,361.3373793868374
5.3400000000000025,0.00016875,361.44439024505624
5.360000000000003,0.00016875,361.54541930096633
5.380000000000003,0.00016875,361.6406051396953
5.400000000000003,0.00016875,361.7302410307169
5.420000000000003,0.00016875,361.81445691251037
5.440000000000003,0.00016875,361.8935317742299
5.460000000000003,0.00016875,361.96758613761546
5.480000000000003,0.00016875,362.0368840091661
5.500000000000003,0.00016875,362.1015363516572
5.520000000000003,0.00016875,362.16179205270225
5.540000000000003,0.00016875,362.21775272367944
5.560000000000003,0.00016875,362.2696523514698
5.580000000000003,0.00016875,362.31758359790933
5.600000000000003,0.00016875,362.36176598681527
5.620000000000003,0.00016875,362.4022837370212
5.640000000000003,0.00016875,362.43934247866395
5.660000000000003,0.00016875,362.47301854538983
5.680000000000003,0.00016875,362.50350431684046
5.700000000000003,0.00016875,362.53086881768417
5.720000000000003,0.00016875,362.5552918557032
5.740000000000003,0.00016875,362.57683572042583
5.760000000000003,0.00016875,362.5956683365256
5.780000000000003,0.00016875,362.6118458166169
5.8000000000000025,0.00016875,362.62552488456816
5.820000000000003,0.00016875,362.6367560103043
5.840000000000003,0.00016875,362.64568538215417
5.860000000000003,0.00016875,362.65235833245305
5.880000000000003,0.00016875,362.65691115566113
5.900000000000003,0.00016875,362.65938451964485
5.9200000000000035,0.00016875,362.6599054392548
5.940000000000003,0.00016875,362.6585103577628
5.960000000000003,0.00016875,362.6553175952833
5.980000000000003,0.00016875,362.6503597769855
6.0000000000000036,0.00016875,362.64374708297856
4.8000000000000025,0.0001875,356.6144378754628
4.820000000000002,0.0001875,356.87972753154287
4.8400000000000025,0.0001875,357.1434299306596
4.860000000000002,0.0001875,357.40546588419824
4.880000000000003,0.0001875,357.6655657543328
4.900000000000002,0.0001875,357.9234227521032
4.920000000000003,0.0001875,358.17821248232224
4.940000000000002,0.0001875,358.42891797415575
4.960000000000003,0.0001875,358.67417794243465
4.980000000000002,0.0001875,358.9128699324747
5.000000000000003,0.0001875,359.1439195788724
5.020000000000002,0.0001875,359.3666914874169
5.040000000000003,0.0001875,359.58065806798385
5.060000000000002,0.0001875,359.7856800209789
5.080000000000003,0.0001875,359.98157767366547
5.100000000000002,0.0001875,360.1684895594635
5.120000000000003,0.0001875,360.3464693352593
5.140000000000002,0.0001875,360.51580488037047
5.160000000000003,0.0001875,360.6766474108566
5.180000000000002,0.0001875,360.8293506277119
5.200000000000003,0.0001875,360.97410106651313
5.220000000000002,0.0001875,361.1112714429681
5.240000000000003,0.0001875,361.24105395225905
5.2600000000000025,0.0001875,361.36381709484647
5.280000000000003,0.0001875,361.4797448856726
5.3000000000000025,0.0001875,361.58919122410964
5.320000000000003,0.0001875,361.6923260692291
5.3400000000000025,0.0001875,361.7894847013016
5.360000000000003,0.0001875,361.88082111958107
5.380000000000003,0.0001875,361.9666509430159
5.400000000000003,0.0001875,362.04711222256765
5.420000000000003,0.0001875,362.12250119023116
5.440000000000003,0.0001875,362.19294082624833
5.460000000000003,0.0001875,362.25870878916453
5.480000000000003,0.0001875,362.3199142055995
5.500000000000003,0.0001875,362.3768171620288
5.520000000000003,0.0001875,362.42951423103926
5.540000000000003,0.0001875,362.4782489639214
5.560000000000003,0.0001875,362.52310664182244
5.580000000000003,0.0001875,362.5643152908837
5.600000000000003,0.0001875,362.6019500760766
5.620000000000003,0.0001875,362.63622445868253
5.640000000000003,0.0001875,362.6672045590163
5.660000000000003,0.0001875,362.69509017774624
5.680000000000003,0.0001875,362.71993935780256
5.700000000000003,0.0001875,362.7419390877253
5.720000000000003,0.0001875,362.7611402024379
5.740000000000003,0.0001875,362.77771767370723
5.760000000000003,0.0001875,362.79171590869123
5.780000000000003,0.0001875,362.8032986078993
5.8000000000000025,0.0001875,362.81250445090467
5.820000000000003,0.0001875,362.8194865659517
5.840000000000003,0.0001875,362.8242785336625
5.860000000000003,0.0001875,362.8270235656154
5.880000000000003,0.0001875,362.8277507082067
5.900000000000003,0.0001875,362.8265938714734
5.9200000000000035,0.0001875,362.82357807511
5.940000000000003,0.0001875,362.8188285049619
5.960000000000003,0.0001875,362.8123666102212
5.980000000000003,0.0001875,362.8043093946157
6.0000000000000036,0.0001875,362.7946751468424
4.8000000000000025,0.00020625000000000003,357.18335930094224
4.820000000000002,0.00020625000000000003,357.4493585069991
4.8400000000000025,0.00020625000000000003,357.7134284326163
4.860000000000002,0.00020625000000000003,357.97543623749505
4.880000000000003,0.00020625000000000003,358.2351446943316
4.900000000000002,0.00020625000000000003,358.4920348975983
4.920000000000003,0.00020625000000000003,358.7451401217929
4.940000000000002,0.00020625000000000003,358.9930889481666
4.960000000000003,0.00020625000000000003,359.2343978343869
4.980000000000002,0.00020625000000000003,359.46776799153616
5.000000000000003,0.00020625000000000003,359.69225098586173
5.020000000000002,0.00020625000000000003,359.90722659969384
5.040000000000003,0.00020625000000000003,360.1123946695612
5.060000000000002,0.00020625000000000003,360.30767933762286
5.080000000000003,0.00020625000000000003,360.49316739865657
5.100000000000002,0.00020625000000000003,360.6690475343957
5.120000000000003,0.00020625000000000003,360.83561044823995
5.140000000000002,0.00020625000000000003,360.99317079425276
5.160000000000003,0.00020625000000000003,361.14208792434283
5.180000000000002,0.00020625000000000003,361.28271137924867
5.200000000000003,0.00020625000000000003,361.41540948578375
5.220000000000002,0.00020625000000000003,361.54052327907726
5.240000000000003,0.00020625000000000003,361.65840367729976
5.2600000000000025,0.00020625000000000003,361.7693660396769
5.280000000000003,0.00020625000000000003,361.8737340304213
5.3000000000000025,0.00020625000000000003,361.97179264711724
5.320000000000003,0.00020625000000000003,362.0638363601805
5.3400000000000025,0.00020625000000000003,362.15012045045137
5.360000000000003,0.00020625000000000003,362.23091167383166
5.380000000000003,0.00020625000000000003,362.30643819881345
5.400000000000003,0.00020625000000000003,362.3769417525272
5.420000000000003,0.00020625000000000003,362.442626470206
5.440000000000003,0.00020625000000000003,362.50371193077007
5.460000000000003,0.00020625000000000003,362.56038118877643
5.480000000000003,0.00020625000000000003,362.61283433890986
5.500000000000003,0.00020625000000000003,362.6612359763585
5.520000000000003,0.00020625000000000003,362.7057690299901
5.540000000000003,0.00020625000000000003,362.74658188943715
5.560000000000003,0.00020625000000000003,362.78384228443
5.580000000000003,0.00020625000000000003,362.8176843141322
5.600000000000003,0.00020625000000000003,362.8482621641591
5.620000000000003,0.00020625000000000003,362.875697267965
5.640000000000003,0.00020625000000000003,362.900131662171
5.660000000000003,0.00020625000000000003,362.92167549831015
5.680000000000003,0.00020625000000000003,362.94045984836634
5.700000000000003,0.00020625000000000003,362.9565847683263
5.720000000000003,0.00020625000000000003,362.970171380823
5.740000000000003,0.00020625000000000003,362.98131067139576
5.760000000000003,0.00020625000000000003,362.99011469304986
5.780000000000003,0.00020625000000000003,362.9966662538029
5.8000000000000025,0.00020625000000000003,363.0010691073982
5.820000000000003,0.00020625000000000003,363.0033986681931
5.840000000000003,0.00020625000000000003,363.0037510719155
5.860000000000003,0.00020625000000000003,363.0021950322997
5.880000000000003,0.00020625000000000003,362.9988196747646
5.900000000000003,0.00020625000000000003,362.9936876290579
5.9200000000000035,0.00020625000000000003,362.98688155645294
5.940000000000003,0.00020625000000000003,362.97845855439306
5.960000000000003,0.00020625000000000003,362.96849531396253
5.980000000000003,0.00020625000000000003,362.95704389617134
6.0000000000000036,0.00020625000000000003,362.94417547098084
4.8000000000000025,0.00022500000000000002,357.7952305465514
4.820000000000002,0.00022500000000000002,358.0616809134624
4.8400000000000025,0.00022500000000000002,358.32580734432975
4.860000000000002,0.00022500000000000002,358.58748742948393
4.880000000000003,0.00022500000000000002,358.84641410269427
4.900000000000002,0.00022500000000000002,359.1018734380633
4.920000000000003,0.00022500000000000002,359.35259204591176
4.940000000000002,0.00022500000000000002,359.5968866870579
4.960000000000003,0.00022500000000000002,359.833068597395
4.980000000000002,0.00022500000000000002,360.05980977897815
5.000000000000003,0.00022500000000000002,360.27624359315445
5.020000000000002,0.00022500000000000002,360.4819176125073
5.040000000000003,0.00022500000000000002,360.67669998486383
5.060000000000002,0.00022500000000000002,360.86071407307645
5.080000000000003,0.00022500000000000002,361.03422171910233
5.100000000000002,0.00022500000000000002,361.19759289063546
5.120000000000003,0.00022500000000000002,361.3512496817246
5.140000000000002,0.00022500000000000002,361.4956547667339
5.160000000000003,0.00022500000000000002,361.63126198515323
5.180000000000002,0.00022500000000000002,361.75853548826245
5.200000000000003,0.00022500000000000002,361.8779058617803
5.220000000000002,0.00022500000000000002,361.98980167119646
5.240000000000003,0.00022500000000000002,362.09460949566704
5.2600000000000025,0.00022500000000000002,362.1927116596568
5.280000000000003,0.00022500000000000002,362.2844467773859
5.3000000000000025,0.00022500000000000002,362.3701516217896
5.320000000000003,0.00022500000000000002,362.4501200998059
5.3400000000000025,0.00022500000000000002,362.52464826581235
5.360000000000003,0.00022500000000000002,362.5939909889539
5.380000000000003,0.00022500000000000002,362.65840939257436
5.400000000000003,0.00022500000000000002,362.71812521642244
5.420000000000003,0.00022500000000000002,362.77337010682163
5.440000000000003,0.00022500000000000002,362.8243379746058
5.460000000000003,0.00022500000000000002,362.8712356813925
5.480000000000003,0.00022500000000000002,362.91423377009306
5.500000000000003,0.00022500000000000002,362.9535181884504
5.520000000000003,0.00022500000000000002,362.9892397588459
5.540000000000003,0.00022500000000000002,363.0215666468281
5.560000000000003,0.00022500000000000002,363.0506329032175
5.580000000000003,0.00022500000000000002,363.0765914274327
5.600000000000003,0.00022500000000000002,363.0995618803943
5.620000000000003,0.00022500000000000002,363.11968391835967
5.640000000000003,0.00022500000000000002,363.1370647454195
5.660000000000003,0.00022500000000000002,363.1518324106763
5.680000000000003,0.00022500000000000002,363.16408324393734
5.700000000000003,0.00022500000000000002,363.1739350224736
5.720000000000003,0.00022500000000000002,363.18147451127635
5.740000000000003,0.00022500000000000002,363.18681031819096
5.760000000000003,0.00022500000000000002,363.19002073950304
5.780000000000003,0.00022500000000000002,363.1912061353264
5.8000000000000025,0.00022500000000000002,363.1904372615236
5.820000000000003,0.00022500000000000002,363.187807011202
5.840000000000003,0.00022500000000000002,363.1833793948198
5.860000000000003,0.00022500000000000002,363.1772405083333
5.880000000000003,0.00022500000000000002,363.1694483047885
5.900000000000003,0.00022500000000000002,363.1600826647307
5.9200000000000035,0.00022500000000000002,363.14919608473576
5.940000000000003,0.00022500000000000002,363.1368627407974
5.960000000000003,0.00022500000000000002,363.1231302022363
5.980000000000003,0.00022500000000000002,363.10806739355553
6.0000000000000036,0.00022500000000000002,363.09171742614865
4.8000000000000025,0.00024375000000000002,358.45015649923033
4.820000000000002,0.00024375000000000002,358.716719563136
4.8400000000000025,0.00024375000000000002,358.9805482196739
4.860000000000002,0.00024375000000000002,359.2415212637723
4.880000000000003,0.00024375000000000002,359.49921380371063
4.900000000000002,0.00024375000000000002,359.7526336147804
4.920000000000003,0.00024375000000000002,360.0001092754218
4.940000000000002,0.00024375000000000002,360.2396054495523
4.960000000000003,0.00024375000000000002,360.4692705450216
4.980000000000002,0.00024375000000000002,360.68781475997775
5.000000000000003,0.00024375000000000002,360.89453385462156
5.020000000000002,0.00024375000000000002,361.0891873323653
5.040000000000003,0.00024375000000000002,361.27187231198553
5.060000000000002,0.00024375000000000002,361.4429256885916
5.080000000000003,0.00024375000000000002,361.60281887064787
5.100000000000002,0.00024375000000000002,361.75209761851204
5.120000000000003,0.00024375000000000002,361.8913438281799
5.140000000000002,0.00024375000000000002,362.0211471960433
5.160000000000003,0.00024375000000000002,362.1420814987312
5.180000000000002,0.00024375000000000002,362.25469752326177
5.200000000000003,0.00024375000000000002,362.3595130999138
5.220000000000002,0.00024375000000000002,362.45701244200905
5.240000000000003,0.00024375000000000002,362.54764425811607
5.2600000000000025,0.00024375000000000002,362.631823264328
5.280000000000003,0.00024375000000000002,362.7099318200921
5.3000000000000025,0.00024375000000000002,362.78232187636377
5.320000000000003,0.00024375000000000002,362.8493180071737
5.3400000000000025,0.00024375000000000002,362.9112188840093
5.360000000000003,0.00024375000000000002,362.9683009248148
5.380000000000003,0.00024375000000000002,363.02081884154916
5.400000000000003,0.00024375000000000002,363.06900968843917
5.420000000000003,0.00024375000000000002,363.1130923178033
5.440000000000003,0.00024375000000000002,363.15327179476617
5.460000000000003,0.00024375000000000002,363.1897377643155
5.480000000000003,0.00024375000000000002,363.22266924120737
5.500000000000003,0.00024375000000000002,363.2522319739016
5.520000000000003,0.00024375000000000002,363.2785836162055
5.540000000000003,0.00024375000000000002,363.30187020352633
5.560000000000003,0.00024375000000000002,363.3222317024423
5.580000000000003,0.00024375000000000002,363.3397977166288
5.600000000000003,0.00024375000000000002,363.35469340146136
5.620000000000003,0.00024375000000000002,363.36703450712184
5.640000000000003,0.00024375000000000002,363.37693363859336
5.660000000000003,0.00024375000000000002,363.3844947306033
5.680000000000003,0.00024375000000000002,363.3898196282658
5.700000000000003,0.00024375000000000002,363.39300207656504
5.720000000000003,0.00024375000000000002,363.39413459287545
5.740000000000003,0.00024375000000000002,363.39330204386175
5.760000000000003,0.00024375000000000002,363.3905887779339
5.780000000000003,0.00024375000000000002,363.38607185470994
5.8000000000000025,0.00024375000000000002,363.3798284031269
5.820000000000003,0.00024375000000000002,363.37192856251096
5.840000000000003,0.00024375000000000002,363.362443030608
5.860000000000003,0.00024375000000000002,363.35143577030294
5.880000000000003,0.00024375000000000002,363.33897171123743
5.900000000000003,0.00024375000000000002,363.3251092719152
5.9200000000000035,0.00024375000000000002,363.30990817877273
5.940000000000003,0.00024375000000000002,363.29342184952793
5.960000000000003,0.00024375000000000002,363.27570529442755
5.980000000000003,0.00024375000000000002,363.2568074030764
6.0000000000000036,0.00024375000000000002,363.2367788939995
4.8000000000000025,0.00026250000000000004,359.1481798231175
4.820000000000002,0.00026250000000000004,359.4144456702671
4.8400000000000025,0.00026250000000000004,359.6775634737851
4.860000000000002,0.00026250000000000004,359.937378973778
4.880000000000003,0.00026250000000000004,360.19328702931153
4.900000000000002,0.00026250000000000004,360.4438987472163
4.920000000000003,0.00026250000000000004,360.6870492968252
4.940000000000002,0.00026250000000000004,360.9203337729577
4.960000000000003,0.00026250000000000004,361.1418152608544
4.980000000000002,0.00026250000000000004,361.3503412278034
5.000000000000003,0.00026250000000000004,361.5454535192878
5.020000000000002,0.00026250000000000004,361.72718417884437
5.040000000000003,0.00026250000000000004,361.89590388564534
5.060000000000002,0.00026250000000000004,362.052193401787
5.080000000000003,0.00026250000000000004,362.1967454031926
5.100000000000002,0.00026250000000000004,362.33029373921767
5.120000000000003,0.00026250000000000004,362.45357953988594
5.140000000000002,0.00026250000000000004,362.56732354101393
5.160000000000003,0.00026250000000000004,362.6722108962409
5.180000000000002,0.00026250000000000004,362.76888154281227
5.200000000000003,0.00026250000000000004,362.8579279729858
5.220000000000002,0.00026250000000000004,362.93989325859735
5.240000000000003,0.00026250000000000004,363.0152739295531
5.2600000000000025,0.00026250000000000004,363.08452185561083
5.280000000000003,0.00026250000000000004,363.1480480433358
5.3000000000000025,0.00026250000000000004,363.2062262376592
5.320000000000003,0.00026250000000000004,363.25939608593944
5.3400000000000025,0.00026250000000000004,363.30786735917815
5.360000000000003,0.00026250000000000004,363.3519219962607
5.380000000000003,0.00026250000000000004,363.39181850852174
5.400000000000003,0.00026250000000000004,363.4277928050509
5.420000000000003,0.00026250000000000004,363.46006268039093
5.440000000000003,0.00026250000000000004,363.488827465311
5.460000000000003,0.00026250000000000004,363.5142726321473
5.480000000000003,0.00026250000000000004,363.5365683673898
5.500000000000003,0.00026250000000000004,363.55587436454647
5.520000000000003,0.00026250000000000004,363.5723374295619
5.540000000000003,0.00026250000000000004,363.5860965251172
5.560000000000003,0.00026250000000000004,363.5972795187656
5.580000000000003,0.00026250000000000004,363.60600852338223
5.600000000000003,0.00026250000000000004,363.612395890347
5.620000000000003,0.00026250000000000004,363.6165498704192
5.640000000000003,0.00026250000000000004,363.6185699446972
5.660000000000003,0.00026250000000000004,363.6185528128397
5.680000000000003,0.00026250000000000004,363.616587144865
5.700000000000003,0.00026250000000000004,363.6127598903371
5.720000000000003,0.00026250000000000004,363.6071505252467
5.740000000000003,0.00026250000000000004,363.59983766614164
5.760000000000003,0.00026250000000000004,363.5908928786871
5.780000000000003,0.00026250000000000004,363.58038757401744
5.8000000000000025,0.00026250000000000004,363.5683864391181
5.820000000000003,0.00026250000000000004,363.55495458820087
5.840000000000003,0.00026250000000000004,363.54015066968134
5.860000000000003,0.00026250000000000004,363.52403424253856
5.880000000000003,0.00026250000000000004,363.5066586101626
5.900000000000003,0.00026250000000000004,363.4880783900389
5.9200000000000035,0.00026250000000000004,363.4683421209599
5.940000000000003,0.00026250000000000004,363.4474999936289
5.960000000000003,0.00026250000000000004,363.42559627444496
5.980000000000003,0.00026250000000000004,363.40267716459806
6.0000000000000036,0.00026250000000000004,363.3787830806747
4.8000000000000025,0.00028125000000000003,359.8892780004726
4.820000000000002,0.00028125000000000003,360.1547726948177
4.8400000000000025,0.00028125000000000003,360.4166992990763
4.860000000000002,0.00028125000000000003,360.6748330235362
4.880000000000003,0.00028125000000000003,360.9282817728662
4.900000000000002,0.00028125000000000003,361.17511903926214
4.920000000000003,0.00028125000000000003,361.4125825306745
4.940000000000002,0.00028125000000000003,361.63792884552794
4.960000000000003,0.00028125000000000003,361.8492531055549
4.980000000000002,0.00028125000000000003,362.04566966828736
5.000000000000003,0.00028125000000000003,362.2270531716216
5.020000000000002,0.00028125000000000003,362.3937746861746
5.040000000000003,0.00028125000000000003,362.5465171358753
5.060000000000002,0.00028125000000000003,362.686132406651
5.080000000000003,0.00028125000000000003,362.81354207143687
5.100000000000002,0.00028125000000000003,362.9296739907154
5.120000000000003,0.00028125000000000003,363.03542535850073
5.140000000000002,0.00028125000000000003,363.13164554872486
5.160000000000003,0.00028125000000000003,363.21912302095654
5.180000000000002,0.00028125000000000003,363.2985815071266
5.200000000000003,0.00028125000000000003,363.3706793745509
5.220000000000002,0.00028125000000000003,363.43601237561955
5.240000000000003,0.00028125000000000003,363.4951171694812
5.2600000000000025,0.00028125000000000003,363.5484767446868
5.280000000000003,0.00028125000000000003,363.59652467417476
5.3000000000000025,0.00028125000000000003,363.6396509298086
5.320000000000003,0.00028125000000000003,363.6782057883532
5.3400000000000025,0.00028125000000000003,363.7125050191437
5.360000000000003,0.00028125000000000003,363.7428331387167
5.380000000000003,0.00028125000000000003,363.7694476938624
5.400000000000003,0.00028125000000000003,363.79258182841926
5.420000000000003,0.00028125000000000003,363.8124477000978
5.440000000000003,0.00028125000000000003,363.8292384333364
5.460000000000003,0.00028125000000000003,363.84313080013317
5.480000000000003,0.00028125000000000003,363.85428667721527
5.500000000000003,0.00028125000000000003,363.8628551247964
5.520000000000003,0.00028125000000000003,363.8689734732133
5.540000000000003,0.00028125000000000003,363.87276891243886
5.560000000000003,0.00028125000000000003,363.87435932028507
5.580000000000003,0.00028125000000000003,363.873854452293
5.600000000000003,0.00028125000000000003,363.8713566028713
5.620000000000003,0.00028125000000000003,363.8669614656764
5.640000000000003,0.00028125000000000003,363.8607586979028
5.660000000000003,0.00028125000000000003,363.85283250588924
5.680000000000003,0.00028125000000000003,363.8432621644613
5.700000000000003,0.00028125000000000003,363.8321223705676
5.720000000000003,0.00028125000000000003,363.819483754962
5.740000000000003,0.00028125000000000003,363.80541303747174
5.760000000000003,0.00028125000000000003,363.78997355713045
5.780000000000003,0.00028125000000000003,363.77322525565023
5.8000000000000025,0.00028125000000000003,363.7552252437565
5.820000000000003,0.00028125000000000003,363.7360276341273
5.840000000000003,0.00028125000000000003,363.71568415546506
5.860000000000003,0.00028125000000000003,363.69424385223095
5.880000000000003,0.00028125000000000003,363.67175375336643
5.900000000000003,0.00028125000000000003,363.64825845326385
5.9200000000000035,0.00028125000000000003,363.6238008386184
5.940000000000003,0.00028125000000000003,363.598421562974
5.960000000000003,0.00028125000000000003,363.57215983263524
5.980000000000003,0.00028125000000000003,363.54505278560265
6.0000000000000036,0.00028125000000000003,363.5171363355879
4.8000000000000025,0.00030000000000000003,360.6733491938551
4.820000000000002,0.00030000000000000003,360.9375308400944
4.8400000000000025,0.00030000000000000003,361.19772072035937
4.860000000000002,0.00030000000000000003,361.4535565025072
4.880000000000003,0.00030000000000000003,361.70371315358744
4.900000000000002,0.00030000000000000003,361.94554506174086
4.920000000000003,0.00030000000000000003,362.1756134007159
4.940000000000002,0.00030000000000000003,362.390926252656
4.960000000000003,0.00030000000000000003,362.58978722640694
4.980000000000002,0.00030000000000000003,362.7717203066729
5.000000000000003,0.00030000000000000003,362.937027006544
5.020000000000002,0.00030000000000000003,363.0864775743844
5.040000000000003,0.00030000000000000003,363.22110382213924
5.060000000000002,0.00030000000000000003,363.34204444264515
5.080000000000003,0.00030000000000000003,363.4504560485843
5.100000000000002,0.00030000000000000003,363.54745650980607
5.120000000000003,0.00030000000000000003,363.63409407133616
5.140000000000002,0.00030000000000000003,363.71133733847773
5.160000000000003,0.00030000000000000003,363.78006912279227
5.180000000000002,0.00030000000000000003,363.8410862574059
5.200000000000003,0.00030000000000000003,363.8951038876185
5.220000000000002,0.00030000000000000003,363.94276047641836
5.240000000000003,0.00030000000000000003,363.9846248420361
5.2600000000000025,0.00030000000000000003,364.0212026788574
5.280000000000003,0.00030000000000000003,364.05294349397343
5.3000000000000025,0.00030000000000000003,364.08024677931326
5.320000000000003,0.00030000000000000003,364.10346802017193
5.3400000000000025,0.00030000000000000003,364.12292382444883
5.360000000000003,0.00030000000000000003,364.13889685630227
5.380000000000003,0.00030000000000000003,364.15163984016044
5.400000000000003,0.00030000000000000003,364.1613794836478
5.420000000000003,0.00030000000000000003,364.16831951650175
5.440000000000003,0.00030000000000000003,364.17264373532157
5.460000000000003,0.00030000000000000003,364.174518290521
5.480000000000003,0.00030000000000000003,364.1740940028313
5.500000000000003,0.00030000000000000003,364.17150809106437
5.520000000000003,0.00030000000000000003,364.16688590248685
5.540000000000003,0.00030000000000000003,364.1603422362893
5.560000000000003,0.00030000000000000003,364.1519826093948
5.580000000000003,0.00030000000000000003,364.14190429530163
5.600000000000003,0.00030000000000000003,364.13019722231684
5.620000000000003,0.00030000000000000003,364.11694481928754
5.640000000000003,0.00030000000000000003,364.10222462015787
5.660000000000003,0.00030000000000000003,364.0861089863379
5.680000000000003,0.00030000000000000003,364.0686654724393
5.700000000000003,0.00030000000000000003,364.0499574780664
5.720000000000003,0.00030000000000000003,364.0300444151158
5.740000000000003,0.00030000000000000003,364.0089823284127
5.760000000000003,0.00030000000000000003,363.9868238944973
5.780000000000003,0.00030000000000000003,363.96361903998735
5.8000000000000025,0.00030000000000000003,363.9394147944203
5.820000000000003,0.00030000000000000003,363.91425592698096
5.840000000000003,0.00030000000000000003,363.88818467083956
5.860000000000003,0.00030000000000000003,363.8612413925152
5.880000000000003,0.00030000000000000003,363.8334642015999
5.900000000000003,0.00030000000000000003,363.8048896621448
5.9200000000000035,0.00030000000000000003,363.77555229919227
5.940000000000003,0.00030000000000000003,363.7454853578875
5.960000000000003,0.00030000000000000003,363.71472021648924
5.980000000000003,0.00030000000000000003,363.6832871961578
6.0000000000000036,0.00030000000000000003,363.6512148888836
4.8000000000000025,0.00031875,361.5002090134265
4.820000000000002,0.00031875,361.76247072512695
4.8400000000000025,0.00031875,362.02030897446923
4.860000000000002,0.00031875,362.2731225347724
4.880000000000003,0.00031875,362.5189489345763
4.900000000000002,0.00031875,362.7542106365218
4.920000000000003,0.00031875,362.9747581200669
4.940000000000002,0.00031875,363.1775305937163
4.960000000000003,0.00031875,363.36127008083025
4.980000000000002,0.00031875,363.52606240490655
5.000000000000003,0.00031875,363.67272605090096
5.020000000000002,0.00031875,363.80248618445705
5.040000000000003,0.00031875,363.91674871334703
5.060000000000002,0.00031875,364.0169469129404
5.080000000000003,0.00031875,364.1044701952194
5.100000000000002,0.00031875,364.18061675850197
5.120000000000003,0.00031875,364.24657420019867
5.140000000000002,0.00031875,364.3034177338261
5.160000000000003,0.00031875,364.3521108390763
5.180000000000002,0.00031875,364.3935108821166
5.200000000000003,0.00031875,364.42837731836886
5.220000000000002,0.00031875,364.4573803660742
5.240000000000003,0.00031875,364.48111059899765
5.2600000000000025,0.00031875,364.5000875253717
5.280000000000003,0.00031875,364.51476821960625
5.3000000000000025,0.00031875,364.52555475447923
5.320000000000003,0.00031875,364.532801215628
5.3400000000000025,0.00031875,364.53681973883204
5.360000000000003,0.00031875,364.5378859693599
5.380000000000003,0.00031875,364.5362437726614
5.400000000000003,0.00031875,364.5321094031973
5.420000000000003,0.00031875,364.5256750901212
5.440000000000003,0.00031875,364.51711218649154
5.460000000000003,0.00031875,364.5065738644871
5.480000000000003,0.00031875,364.4941974737124
5.500000000000003,0.00031875,364.4801065596903
5.520000000000003,0.00031875,364.4644126158366
5.540000000000003,0.00031875,364.4472165981287
5.560000000000003,0.00031875,364.4286102177957
5.580000000000003,0.00031875,364.4086770834751
5.600000000000003,0.00031875,364.38749365033567
5.620000000000003,0.00031875,364.36513008649524
5.640000000000003,0.00031875,364.3416509681243
5.660000000000003,0.00031875,364.31711594074267
5.680000000000003,0.00031875,364.2915802283747
5.700000000000003,0.00031875,364.2650951412731
5.720000000000003,0.00031875,364.2377084500864
5.740000000000003,0.00031875,364.20946477776386
5.760000000000003,0.00031875,364.1804058765127
5.780000000000003,0.00031875,364.1505709315581
5.8000000000000025,0.00031875,364.1199967687795
5.820000000000003,0.00031875,364.08871809058303
5.840000000000003,0.00031875,364.05676763480113
5.860000000000003,0.00031875,364.02417635744416
5.880000000000003,0.00031875,363.9909735581215
5.900000000000003,0.00031875,363.95718702035566
5.9200000000000035,0.00031875,363.9228431148977
5.940000000000003,0.00031875,363.88796690531
5.960000000000003,0.00031875,363.85258223766454
5.980000000000003,0.00031875,363.816711816947
6.0000000000000036,0.00031875,363.78037728949147
4.8000000000000025,0.0003375,362.36956801347077
4.820000000000002,0.0003375,362.62924074975007
4.8400000000000025,0.0003375,362.884036901136
4.860000000000002,0.0003375,363.1329634966399
4.880000000000003,0.0003375,363.37314003411603
4.900000000000002,0.0003375,363.59982986877753
4.920000000000003,0.0003375,363.8082284799157
4.940000000000002,0.0003375,363.9955013205161
4.960000000000003,0.0003375,364.1611009945397
4.980000000000002,0.0003375,364.30582166856107
5.000000000000003,0.0003375,364.4310798108035
5.020000000000002,0.0003375,364.5386002664404
5.040000000000003,0.0003375,364.6301732859272
5.060000000000002,0.0003375,364.70752432744007
5.080000000000003,0.0003375,364.77226394957165
5.100000000000002,0.0003375,364.8258538109827
5.120000000000003,0.0003375,364.86960346200476
5.140000000000002,0.0003375,364.90467743453985
5.160000000000003,0.0003375,364.93210272720285
5.180000000000002,0.0003375,364.9527817627688
5.200000000000003,0.0003375,364.9675036778212
5.220000000000002,0.0003375,364.9769576768175
5.240000000000003,0.0003375,364.98174439126734
5.2600000000000025,0.0003375,364.9823870237291
5.280000000000003,0.0003375,364.97934115347687
5.3000000000000025,0.0003375,364.97300359743434
5.320000000000003,0.0003375,364.96372012061494
5.3400000000000025,0.0003375,364.95179239966063
5.360000000000003,0.0003375,364.9374838066365
5.380000000000003,0.0003375,364.92102480309387
5.400000000000003,0.0003375,364.90261720887787
5.420000000000003,0.0003375,364.8824383053533
5.440000000000003,0.0003375,364.86064398274635
5.460000000000003,0.0003375,364.8373718132132
5.480000000000003,0.0003375,364.81274337728354
5.500000000000003,0.0003375,364.786866544096
5.520000000000003,0.0003375,364.7598371918329
5.540000000000003,0.0003375,364.73174089530886
5.560000000000003,0.0003375,364.7026541948001
5.580000000000003,0.0003375,364.67264584830997
5.600000000000003,0.0003375,364.64177776300113
5.620000000000003,0.0003375,364.6101059297123
5.640000000000003,0.0003375,364.5776811034032
5.660000000000003,0.0003375,364.54454950538764
5.680000000000003,0.0003375,364.51075331846704
5.700000000000003,0.0003375,364.47633121851703
5.720000000000003,0.0003375,364.44131873369196
5.740000000000003,0.0003375,364.40574865015157
5.760000000000003,0.0003375,364.36965127177245
5.780000000000003,0.0003375,364.33305473304586
5.8000000000000025,0.0003375,364.29598518562153
5.820000000000003,0.0003375,364.25846704313733
5.840000000000003,0.0003375,364.2205231132734
5.860000000000003,0.0003375,364.1821747932863
5.880000000000003,0.0003375,364.1434421606314
5.900000000000003,0.0003375,364.1043441335321
5.9200000000000035,0.0003375,364.0648985292304
5.940000000000003,0.0003375,364.02512220051926
5.960000000000003,0.0003375,363.985031067907
5.980000000000003,0.0003375,363.9446402404132
6.0000000000000036,0.0003375,363.9039640260304
4.8000000000000025,0.00035625,363.28103586885527
4.820000000000002,0.00035625,363.53739014313294
4.8400000000000025,0.00035625,363.7883703876456
4.860000000000002,0.00035625,364.03236178271067
4.880000000000003,0.00035625,364.26519719612224
4.900000000000002,0.00035625,364.48076602267236
4.920000000000003,0.00035625,364.67381102974315
4.940000000000002,0.00035625,364.84214888126894
4.960000000000003,0.00035625,364.98623651524707
4.980000000000002,0.00035625,365.10770049282365
5.000000000000003,0.00035625,365.2086247158506
5.020000000000002,0.00035625,365.2912591994353
5.040000000000003,0.00035625,365.35777195181925
5.060000000000002,0.00035625,365.4101661153749
5.080000000000003,0.00035625,365.4502515780793
5.100000000000002,0.00035625,365.47962854596426
5.120000000000003,0.00035625,365.4997061726024
5.140000000000002,0.00035625,365.51171559323825
5.160000000000003,0.00035625,365.51672753609245
5.180000000000002,0.00035625,365.51567074710346
5.200000000000003,0.00035625,365.5093478617186
5.220000000000002,0.00035625,365.49845242571354
5.240000000000003,0.00035625,365.483582514557
5.2600000000000025,0.00035625,365.46525376903696
5.280000000000003,0.00035625,365.44391073204855
5.3000000000000025,0.00035625,365.4199363813953
5.320000000000003,0.00035625,365.39366104160246
5.3400000000000025,0.00035625,365.36536943467326
5.360000000000003,0.00035625,365.33530736111726
5.380000000000003,0.00035625,365.30368699504396
5.400000000000003,0.00035625,365.2706917706548
5.420000000000003,0.00035625,365.23648036237904
5.440000000000003,0.00035625,365.20119024180343
5.460000000000003,0.00035625,365.1649406379265
5.480000000000003,0.00035625,365.1278351439599
5.500000000000003,0.00035625,365.0899638880399
5.520000000000003,0.00035625,365.05140546266387
5.540000000000003,0.00035625,365.01222849757744
5.560000000000003,0.00035625,364.97249309837514
5.580000000000003,0.00035625,364.9322519784524
5.600000000000003,0.00035625,364.89155153471285
5.620000000000003,0.00035625,364.85043266115787
5.640000000000003,0.00035625,364.80893155251846
5.660000000000003,0.00035625,364.76708029083824
5.680000000000003,0.00035625,364.7249074442304
5.700000000000003,0.00035625,364.6824384920555
5.720000000000003,0.00035625,364.63969626995646
5.740000000000003,0.00035625,364.5967012797099
5.760000000000003,0.00035625,364.5534720198224
5.780000000000003,0.00035625,364.5100252122002
5.8000000000000025,0.00035625,364.46637604828334
5.820000000000003,0.00035625,364.42253835511457
5.840000000000003,0.00035625,364.378524779555
5.860000000000003,0.00035625,364.334346909869
5.880000000000003,0.00035625,364.29001541468585
5.900000000000003,0.00035625,364.2455401318326
5.9200000000000035,0.00035625,364.20093017417025
5.940000000000003,0.00035625,364.156193994347
5.960000000000003,0.00035625,364.111339466254
5.980000000000003,0.00035625,364.0663739321558
6.0000000000000036,0.00035625,364.0213042660566
4.8000000000000025,0.000375,364.2340962336776
4.820000000000002,0.000375,364.4863452687303
4.8400000000000025,0.000375,364.73263287498935
4.860000000000002,0.000375,364.9703809125694
4.880000000000003,0.000375,365.1936679917016
4.900000000000002,0.000375,365.39487479008335
4.920000000000003,0.000375,365.5687132153725
4.940000000000002,0.000375,365.71420313630114
4.960000000000003,0.000375,365.83307720190436
4.980000000000002,0.000375,365.9278848688715
5.000000000000003,0.000375,366.0014283274219
5.020000000000002,0.000375,366.05648116178287
5.040000000000003,0.000375,366.0955630646853
5.060000000000002,0.000375,366.1209284324131
5.080000000000003,0.000375,366.13455167879147
5.100000000000002,0.000375,366.138140687808
5.120000000000003,0.000375,366.1331754671336
5.140000000000002,0.000375,366.120927128765
5.160000000000003,0.000375,366.1024870355376
5.180000000000002,0.000375,366.0787894019485
5.200000000000003,0.000375,366.0506322557462
5.220000000000002,0.000375,366.0186979380081
5.240000000000003,0.000375,365.9835680634375
5.2600000000000025,0.000375,365.9457392329936
5.280000000000003,0.000375,365.90563451266786
5.3000000000000025,0.000375,365.8636145337721
5.320000000000003,0.000375,365.81998645508287
5.3400000000000025,0.000375,365.77501172646197
5.360000000000003,0.000375,365.7289128863754
5.380000000000003,0.000375,365.68187914403984
5.400000000000003,0.000375,365.6340713448984
5.420000000000003,0.000375,365.58562611130554
5.440000000000003,0.000375,365.5366593736706
5.460000000000003,0.000375,365.48726949136517
5.480000000000003,0.000375,365.43753973707754
5.500000000000003,0.000375,365.3875406481581
5.520000000000003,0.000375,365.3373317801641
5.540000000000003,0.000375,365.2869634612503
5.560000000000003,0.000375,365.23647804336383
5.580000000000003,0.000375,365.1859111962137
5.600000000000003,0.000375,365.1352928097319
5.620000000000003,0.000375,365.08464794084574
5.640000000000003,0.000375,365.0339974675228
5.660000000000003,0.000375,364.9833587804649
5.680000000000003,0.000375,364.9327462551379
5.700000000000003,0.000375,364.88217176001865
5.720000000000003,0.000375,364.83164499269
5.740000000000003,0.000375,364.78117385771964
5.760000000000003,0.000375,364.73076470072925
5.780000000000003,0.000375,364.68042259363955
5.8000000000000025,0.000375,364.63015149278317
5.820000000000003,0.000375,364.5799544575935
5.840000000000003,0.000375,364.5298337531509
5.860000000000003,0.000375,364.4797910201244
5.880000000000003,0.000375,364.4298273375936
5.900000000000003,0.000375,364.3799433565013
5.9200000000000035,0.000375,364.33013933477235
5.940000000000003,0.000375,364.28041524296964
5.960000000000003,0.000375,364.2307707805186
5.980000000000003,0.000375,364.18120546001074
6.0000000000000036,0.000375,364.1317186107281
4.8000000000000025,0.00039375000000000006,365.2281147683634
4.820000000000002,0.00039375000000000006,365.4754155052195
4.8400000000000025,0.00039375000000000006,365.71600390270794
4.860000000000002,0.00039375000000000006,365.9458415256512
4.880000000000003,0.00039375000000000006,366.1566921114535
4.900000000000002,0.00039375000000000006,366.3394636592936
4.920000000000003,0.00039375000000000006,366.489553071563
4.940000000000002,0.00039375000000000006,366.6078276061305
4.960000000000003,0.00039375000000000006,366.697496540011
4.980000000000002,0.00039375000000000006,366.76208338628595
5.000000000000003,0.00039375000000000006,366.80513530656543
5.020000000000002,0.00039375000000000006,366.82991060163266
5.040000000000003,0.00039375000000000006,366.8392381053841
5.060000000000002,0.00039375000000000006,366.8355819218483
5.080000000000003,0.00039375000000000006,366.82103395154115
5.100000000000002,0.00039375000000000006,366.7973732699194
5.120000000000003,0.00039375000000000006,366.76611596172955
5.140000000000002,0.00039375000000000006,366.7285427316383
5.160000000000003,0.00039375000000000006,366.6857401679362
5.180000000000002,0.00039375000000000006,366.6386245467715
5.200000000000003,0.00039375000000000006,366.5879705930366
5.220000000000002,0.00039375000000000006,366.53443233301573
5.240000000000003,0.00039375000000000006,366.47856094699637
5.2600000000000025,0.00039375000000000006,366.4208217248833
5.280000000000003,0.00039375000000000006,366.3616058537002
5.3000000000000025,0.00039375000000000006,366.3012427650108
5.320000000000003,0.00039375000000000006,366.2400088261034
5.3400000000000025,0.00039375000000000006,366.178135736895
5.360000000000003,0.00039375000000000006,366.1158172621476
5.380000000000003,0.00039375000000000006,366.0532148579179
5.400000000000003,0.00039375000000000006,365.9904628261529
5.420000000000003,0.00039375000000000006,365.9276721883409
5.440000000000003,0.00039375000000000006,365.86493449641364
5.460000000000003,0.00039375000000000006,365.802324617892
5.480000000000003,0.00039375000000000006,365.7399034605602
5.500000000000003,0.00039375000000000006,365.67772004320443
5.520000000000003,0.00039375000000000006,365.6158134039937
5.540000000000003,0.00039375000000000006,365.554214157823
5.560000000000003,0.00039375000000000006,365.49294582807687
5.580000000000003,0.00039375000000000006,365.43202600790585
5.600000000000003,0.00039375000000000006,365.3714673008672
5.620000000000003,0.00039375000000000006,365.3112781688698
5.640000000000003,0.00039375000000000006,365.25146361117777
5.660000000000003,0.00039375000000000006,365.19202576745516
5.680000000000003,0.00039375000000000006,365.13296441913906
5.700000000000003,0.00039375000000000006,365.0742774070576
5.720000000000003,0.00039375000000000006,365.01596100747844
5.740000000000003,0.00039375000000000006,364.95801021467145
5.760000000000003,0.00039375000000000006,364.9004190242419
5.780000000000003,0.00039375000000000006,364.84318062102795
5.8000000000000025,0.00039375000000000006,364.7862875911562
5.820000000000003,0.00039375000000000006,364.72973204572133
5.840000000000003,0.00039375000000000006,364.6735057770237
5.860000000000003,0.00039375000000000006,364.6176003396673
5.880000000000003,0.00039375000000000006,364.56200716316124
5.900000000000003,0.00039375000000000006,364.506717604985
5.9200000000000035,0.00039375000000000006,364.4517230297014
5.940000000000003,0.00039375000000000006,364.3970148432993
5.960000000000003,0.00039375000000000006,364.3425845473449
5.980000000000003,0.00039375000000000006,364.2884237603764
6.0000000000000036,0.00039375000000000006,364.23452425409823
4.8000000000000025,0.00041250000000000005,366.2623140402168
4.820000000000002,0.00041250000000000005,366.50376558660275
4.8400000000000025,0.00041250000000000005,366.7374613122192
4.860000000000002,0.00041250000000000005,366.9571899898084
4.880000000000003,0.00041250000000000005,367.1517921670283
4.900000000000002,0.00041250000000000005,367.311072989251
4.920000000000003,0.00041250000000000005,367.4321834669639
4.940000000000002,0.00041250000000000005,367.5184815866177
4.960000000000003,0.00041250000000000005,367.5747299994846
4.980000000000002,0.00041250000000000005,367.6054452266469
5.000000000000003,0.00041250000000000005,367.61490501794316
5.020000000000002,0.00041250000000000005,367.6067719071171
5.040000000000003,0.00041250000000000005,367.5841284962453
5.060000000000002,0.00041250000000000005,367.549588160598
5.080000000000003,0.00041250000000000005,367.50530332166824
5.100000000000002,0.00041250000000000005,367.45308331425235
5.120000000000003,0.00041250000000000005,367.3944387812203
5.140000000000002,0.00041250000000000005,367.3306282684092
5.160000000000003,0.00041250000000000005,367.2627049433303
5.180000000000002,0.00041250000000000005,367.19154295313825
5.200000000000003,0.00041250000000000005,367.11787412403044
5.220000000000002,0.00041250000000000005,367.04230641877666
5.240000000000003,0.00041250000000000005,366.9653466191001
5.2600000000000025,0.00041250000000000005,366.88741616366406
5.280000000000003,0.00041250000000000005,366.80886407502703
5.3000000000000025,0.00041250000000000005,366.72997985490537
5.320000000000003,0.00041250000000000005,366.65100146273255
5.3400000000000025,0.00041250000000000005,366.5721247260218
5.360000000000003,0.00041250000000000005,366.4935090657795
5.380000000000003,0.00041250000000000005,366.41528381557544
5.400000000000003,0.00041250000000000005,366.33755272639104
5.420000000000003,0.00041250000000000005,366.2603980544317
5.440000000000003,0.00041250000000000005,366.18388412332985
5.460000000000003,0.00041250000000000005,366.1080600062743
5.480000000000003,0.00041250000000000005,366.0329622269905
5.500000000000003,0.00041250000000000005,365.9586166211886
5.520000000000003,0.00041250000000000005,365.8850402736668
5.540000000000003,0.00041250000000000005,365.8122429009753
5.560000000000003,0.00041250000000000005,365.7402281684885
5.580000000000003,0.00041250000000000005,365.66899476670466
5.600000000000003,0.00041250000000000005,365.59853726889355
5.620000000000003,0.00041250000000000005,365.5288469803964
5.640000000000003,0.00041250000000000005,365.45991248196594
5.660000000000003,0.00041250000000000005,365.3917202914671
5.680000000000003,0.00041250000000000005,365.3242552053841
5.700000000000003,0.00041250000000000005,365.25750080076136
5.720000000000003,0.00041250000000000005,365.1914396518959
5.740000000000003,0.00041250000000000005,365.1260536999295
5.760000000000003,0.00041250000000000005,365.0613243918897
5.780000000000003,0.00041250000000000005,364.99723294667047
5.8000000000000025,0.00041250000000000005,364.93376044233725
5.820000000000003,0.00041250000000000005,364.87088800659666
5.840000000000003,0.00041250000000000005,364.8085968651906
5.860000000000003,0.00041250000000000005,364.7468684819054
5.880000000000003,0.00041250000000000005,364.68568457397635
5.900000000000003,0.00041250000000000005,364.62502722203925
5.9200000000000035,0.00041250000000000005,364.56487885559557
5.940000000000003,0.00041250000000000005,364.5052223481437
5.960000000000003,0.00041250000000000005,364.44604097505794
5.980000000000003,0.00041250000000000005,364.3873185043987
6.0000000000000036,0.00041250000000000005,364.32903912967555
4.8000000000000025,0.00043125000000000005,367.3357852412801
4.820000000000002,0.00043125000000000005,367.57042297908686
4.8400000000000025,0.00043125000000000005,367.79576685574006
4.860000000000002,0.00043125000000000005,368.0024415166087
4.880000000000003,0.00043125000000000005,368.1757993821466
4.900000000000002,0.00043125000000000005,368.30544300318996
4.920000000000003,0.00043125000000000005,368.3917130009282
4.940000000000002,0.00043125000000000005,368.44096262938655
4.960000000000003,0.00043125000000000005,368.45942962408594
4.980000000000002,0.00043125000000000005,368.4526243647169
5.000000000000003,0.00043125000000000005,368.42547596797965
5.020000000000002,0.00043125000000000005,368.3819328832749
5.040000000000003,0.00043125000000000005,368.3252672310832
5.060000000000002,0.00043125000000000005,368.25815668211686
5.080000000000003,0.00043125000000000005,368.18275400006416
5.100000000000002,0.00043125000000000005,368.1008514534048
5.120000000000003,0.00043125000000000005,368.013907699569
5.140000000000002,0.00043125000000000005,367.9231272181096
5.160000000000003,0.00043125000000000005,367.8294975574053
5.180000000000002,0.00043125000000000005,367.7338273824968
5.200000000000003,0.00043125000000000005,367.63678489428173
5.220000000000002,0.00043125000000000005,367.53891433056157
5.240000000000003,0.00043125000000000005,367.44066456870354
5.2600000000000025,0.00043125000000000005,367.3424003026929
5.280000000000003,0.00043125000000000005,367.2444190233949
5.3000000000000025,0.00043125000000000005,367.1469613097802
5.320000000000003,0.00043125000000000005,367.0502198579021
5.3400000000000025,0.00043125000000000005,366.9543485160026
5.360000000000003,0.00043125000000000005,366.8594672606824
5.380000000000003,0.00043125000000000005,366.76566915816636
5.400000000000003,0.00043125000000000005,366.67302366954635
5.420000000000003,0.00043125000000000005,366.58158141409245
5.440000000000003,0.00043125000000000005,366.4913768292802
5.460000000000003,0.00043125000000000005,366.40243114761444
5.480000000000003,0.00043125000000000005,366.31475468413504
5.500000000000003,0.00043125000000000005,366.2283486026816
5.520000000000003,0.00043125000000000005,366.143206822066
5.540000000000003,0.00043125000000000005,366.0593170728731
5.560000000000003,0.00043125000000000005,365.976662378072
5.580000000000003,0.00043125000000000005,365.8952217423394
5.600000000000003,0.00043125000000000005,365.81497121227676
5.620000000000003,0.00043125000000000005,365.7358843900003
5.640000000000003,0.00043125000000000005,365.6579331306031
5.660000000000003,0.00043125000000000005,365.58108796587464
5.680000000000003,0.00043125000000000005,365.5053185244721
5.700000000000003,0.00043125000000000005,365.43059389183554
5.720000000000003,0.00043125000000000005,365.3568828412625
5.740000000000003,0.00043125000000000005,365.28415413044144
5.760000000000003,0.00043125000000000005,365.21237661825245
5.780000000000003,0.00043125000000000005,365.1415194929556
5.8000000000000025,0.00043125000000000005,365.0715523295799
5.820000000000003,0.00043125000000000005,365.0024452486483
5.840000000000003,0.00043125000000000005,364.9341689492818
5.860000000000003,0.00043125000000000005,364.86669480340623
5.880000000000003,0.00043125000000000005,364.7999948837807
5.900000000000003,0.00043125000000000005,364.73404200338973
5.9200000000000035,0.00043125000000000005,364.66880974660404
5.940000000000003,0.00043125000000000005,364.6042724657726
5.960000000000003,0.00043125000000000005,364.54040531724
5.980000000000003,0.00043125000000000005,364.47718422715246
6.0000000000000036,0.00043125000000000005,364.41458593106256
4.8000000000000025,0.00045000000000000004,368.447464067192
4.820000000000002,0.00045000000000000004,368.67424063286944
4.8400000000000025,0.00045000000000000004,368.8893516256839
4.860000000000002,0.00045000000000000004,369.078924059172
4.880000000000003,0.00045000000000000004,369.2245257830914
4.900000000000002,0.00045000000000000004,369.31725838062755
4.920000000000003,0.00045000000000000004,369.3623387498222
4.940000000000002,0.00045000000000000004,369.36927737364414
4.960000000000003,0.00045000000000000004,369.34557556828446
4.980000000000002,0.00045000000000000004,369.2977239850091
5.000000000000003,0.00045000000000000004,369.2311261207198
5.020000000000002,0.00045000000000000004,369.14988350783574
5.040000000000003,0.00045000000000000004,369.05737762392965
5.060000000000002,0.00045000000000000004,368.95624145795256
5.080000000000003,0.00045000000000000004,368.8485730243741
5.100000000000002,0.00045000000000000004,368.73608900728357
5.120000000000003,0.00045000000000000004,368.6201502394749
5.140000000000002,0.00045000000000000004,368.50187383083124
5.160000000000003,0.00045000000000000004,368.3821472653307
5.180000000000002,0.00045000000000000004,368.26169290952106
5.200000000000003,0.00045000000000000004,368.14109249943084
5.220000000000002,0.00045000000000000004,368.02081119151313
5.240000000000003,0.00045000000000000004,367.9012258895816
5.2600000000000025,0.00045000000000000004,367.7826326773181
5.280000000000003,0.00045000000000000004,367.6652687660401
5.3000000000000025,0.00045000000000000004,367.54931703115165
5.320000000000003,0.00045000000000000004,367.4349190407016
5.3400000000000025,0.00045000000000000004,367.322180581156
5.360000000000003,0.00045000000000000004,367.211177905757
5.380000000000003,0.00045000000000000004,367.1019638372138
5.400000000000003,0.00045000000000000004,366.9945702860071
5.420000000000003,0.00045000000000000004,366.88901372967393
5.440000000000003,0.00045000000000000004,366.7852962467339
5.460000000000003,0.00045000000000000004,366.68340966658155
5.480000000000003,0.00045000000000000004,366.5833362868899
5.500000000000003,0.00045000000000000004,366.4850516100238
5.520000000000003,0.00045000000000000004,366.3885251318816
5.540000000000003,0.00045000000000000004,366.2937219556964
5.560000000000003,0.00045000000000000004,366.20060363597196
5.580000000000003,0.00045000000000000004,366.10912907717693
5.600000000000003,0.00045000000000000004,366.019255283726
5.620000000000003,0.00045000000000000004,365.9309379073308
5.640000000000003,0.00045000000000000004,365.84413176609013
5.660000000000003,0.00045000000000000004,365.758791296183
5.680000000000003,0.00045000000000000004,365.674870767111
5.700000000000003,0.00045000000000000004,365.5923247827371
5.720000000000003,0.00045000000000000004,365.5111081837815
5.740000000000003,0.00045000000000000004,365.43117665845534
5.760000000000003,0.00045000000000000004,365.35248636650005
5.780000000000003,0.00045000000000000004,365.2749946674441
5.8000000000000025,0.00045000000000000004,365.1986595198259
5.820000000000003,0.00045000000000000004,365.1234403106326
5.840000000000003,0.00045000000000000004,365.04929708419286
5.860000000000003,0.00045000000000000004,364.97619145098355
5.880000000000003,0.00045000000000000004,364.9040856904201
5.900000000000003,0.00045000000000000004,364.8329437224846
5.9200000000000035,0.00045000000000000004,364.76273011386763
5.940000000000003,0.00045000000000000004,364.6934111053232
5.960000000000003,0.00045000000000000004,364.62495353585007
5.980000000000003,0.00045000000000000004,364.55732592819265
6.0000000000000036,0.00045000000000000004,364.49049733355713
4.8000000000000025,0.00046875000000000004,369.59614638573
4.820000000000002,0.00046875000000000004,369.8138999950364
4.8400000000000025,0.00046875000000000004,370.0162648328609
4.860000000000002,0.00046875000000000004,370.1831584469221
4.880000000000003,0.00046875000000000004,370.2926721571392
4.900000000000002,0.00046875000000000004,370.340167319668
4.920000000000003,0.00046875000000000004,370.3374192752921
4.940000000000002,0.00046875000000000004,370.2967170373742
4.960000000000003,0.00046875000000000004,370.22656715956253
4.980000000000002,0.00046875000000000004,370.13438659483774
5.000000000000003,0.00046875000000000004,370.0257546726102
5.020000000000002,0.00046875000000000004,369.9048159493548
5.040000000000003,0.00046875000000000004,369.77494366572415
5.060000000000002,0.00046875000000000004,369.63860560901605
5.080000000000003,0.00046875000000000004,369.49779904755263
5.100000000000002,0.00046875000000000004,369.35408993888615
5.120000000000003,0.00046875000000000004,369.2087055656266
5.140000000000002,0.00046875000000000004,369.06263518720715
5.160000000000003,0.00046875000000000004,368.91663493250564
5.180000000000002,0.00046875000000000004,368.7713213172721
5.200000000000003,0.00046875000000000004,368.62716521945435
5.220000000000002,0.00046875000000000004,368.48454140936934
5.240000000000003,0.00046875000000000004,368.3437387616934
5.2600000000000025,0.00046875000000000004,368.20497599997316
5.280000000000003,0.00046875000000000004,368.06842078591
5.3000000000000025,0.00046875000000000004,367.93419079914
5.320000000000003,0.00046875000000000004,367.80237146637006
5.3400000000000025,0.00046875000000000004,367.6730144441873
5.360000000000003,0.00046875000000000004,367.54614943533466
5.380000000000003,0.00046875000000000004,367.4217845873426
5.400000000000003,0.00046875000000000004,367.29991238968324
5.420000000000003,0.00046875000000000004,367.1805122830842
5.440000000000003,0.00046875000000000004,367.06355252652355
5.460000000000003,0.00046875000000000004,366.94899385518664
5.480000000000003,0.00046875000000000004,366.8367893469436
5.500000000000003,0.00046875000000000004,366.7268879547923
5.520000000000003,0.00046875000000000004,366.6192338193199
5.540000000000003,0.00046875000000000004,366.5137689803016
5.560000000000003,0.00046875000000000004,366.4104329018892
5.580000000000003,0.00046875000000000004,366.3091641518942
5.600000000000003,0.00046875000000000004,366.20990039368564
5.620000000000003,0.00046875000000000004,366.1125791404591
5.640000000000003,0.00046875000000000004,366.0171381724894
5.660000000000003,0.00046875000000000004,365.9235156176372
5.680000000000003,0.00046875000000000004,365.83165063249135
5.700000000000003,0.00046875000000000004,365.7414830790531
5.720000000000003,0.00046875000000000004,365.65295429828126
5.740000000000003,0.00046875000000000004,365.56600660336187
5.760000000000003,0.00046875000000000004,365.48058401774585
5.780000000000003,0.00046875000000000004,365.39663173166457
5.8000000000000025,0.00046875000000000004,365.3140967355171
5.820000000000003,0.00046875000000000004,365.2329273153365
5.840000000000003,0.00046875000000000004,365.15307356499557
5.860000000000003,0.00046875000000000004,365.0744869409916
5.880000000000003,0.00046875000000000004,364.99712067458296
5.900000000000003,0.00046875000000000004,364.92092936985733
5.9200000000000035,0.00046875000000000004,364.8458693584532
5.940000000000003,0.00046875000000000004,364.7718983054354
5.960000000000003,0.00046875000000000004,364.6989755574571
5.980000000000003,0.00046875000000000004,364.62706171427203
6.0000000000000036,0.00046875000000000004,364.5561190201212
4.8000000000000025,0.00048750000000000003,370.78046606498725
4.820000000000002,0.00048750000000000003,370.9878443806996
4.8400000000000025,0.00048750000000000003,371.1739184137083
4.860000000000002,0.00048750000000000003,371.31038082097666
4.880000000000003,0.00048750000000000003,371.37339982191844
4.900000000000002,0.00048750000000000003,371.3665701918025
4.920000000000003,0.00048750000000000003,371.3093412251121
4.940000000000002,0.00048750000000000003,371.2157585638859
4.960000000000003,0.00048750000000000003,371.09518842222855
4.980000000000002,0.00048750000000000003,370.9557720190995
5.000000000000003,0.00048750000000000003,370.8028787388104
5.020000000000002,0.00048750000000000003,370.6406376446035
5.040000000000003,0.00048750000000000003,370.47222336718687
5.060000000000002,0.00048750000000000003,370.29984549247126
5.080000000000003,0.00048750000000000003,370.12534609185366
5.100000000000002,0.00048750000000000003,369.9500580758962
5.120000000000003,0.00048750000000000003,369.77505301137126
5.140000000000002,0.00048750000000000003,369.60113903357296
5.160000000000003,0.00048750000000000003,369.4289224570744
5.180000000000002,0.00048750000000000003,369.25888889774615
5.200000000000003,0.00048750000000000003,369.09137836363453
5.220000000000002,0.00048750000000000003,368.9266659552771
5.240000000000003,0.00048750000000000003,368.7649350752522
5.2600000000000025,0.00048750000000000003,368.6063233993902
5.280000000000003,0.00048750000000000003,368.45091685314037
5.3000000000000025,0.00048750000000000003,368.2987650735123
5.320000000000003,0.00048750000000000003,368.14989026627
5.3400000000000025,0.00048750000000000003,368.00428683683214
5.360000000000003,0.00048750000000000003,367.861934399555
5.380000000000003,0.00048750000000000003,367.7227934175898
5.400000000000003,0.00048750000000000003,367.5868152689033
5.420000000000003,0.00048750000000000003,367.453940077743
5.440000000000003,0.00048750000000000003,367.32410120958804
5.460000000000003,0.00048750000000000003,367.19722711288824
5.480000000000003,0.00048750000000000003,367.07324051347996
5.500000000000003,0.00048750000000000003,366.9520637501722
5.520000000000003,0.00048750000000000003,366.8336141659323
5.540000000000003,0.00048750000000000003,366.71781163146255
5.560000000000003,0.00048750000000000003,366.60457175934494
5.580000000000003,0.00048750000000000003,366.49381438523824
5.600000000000003,0.00048750000000000003,366.3854558397808
5.620000000000003,0.00048750000000000003,366.27941757514225
5.640000000000003,0.00048750000000000003,366.175618206929
5.660000000000003,0.00048750000000000003,366.07398192745325
5.680000000000003,0.00048750000000000003,365.9744305781978
5.700000000000003,0.00048750000000000003,365.8768918415383
5.720000000000003,0.00048750000000000003,365.78129129536194
5.740000000000003,0.00048750000000000003,365.6875605872671
5.760000000000003,0.00048750000000000003,365.59562925584385
5.780000000000003,0.00048750000000000003,365.50543318268694
5.8000000000000025,0.00048750000000000003,365.4169059074385
5.820000000000003,0.00048750000000000003,365.3299876589457
5.840000000000003,0.00048750000000000003,365.2446159043213
5.860000000000003,0.00048750000000000003,365.16073521728185
5.880000000000003,0.00048750000000000003,365.0782868512441
5.900000000000003,0.00048750000000000003,364.99721963876897
5.9200000000000035,0.00048750000000000003,364.91747844060933
5.940000000000003,0.00048750000000000003,364.83901620417737
5.960000000000003,0.00048750000000000003,364.76178119944325
5.980000000000003,0.00048750000000000003,364.6857303069652
6.0000000000000036,0.00048750000000000003,364.6108150001334
4.8000000000000025,0.0005062500000000001,371.9989138259968
4.820000000000002,0.0005062500000000001,372.19426095156854
4.8400000000000025,0.0005062500000000001,372.35894308463565
4.860000000000002,0.0005062500000000001,372.4543313771945
4.880000000000003,0.0005062500000000001,372.45829511866543
4.900000000000002,0.0005062500000000001,372.387756848741
4.920000000000003,0.0005062500000000001,372.2696382969562
4.940000000000002,0.0005062500000000001,372.1181838234714
4.960000000000003,0.0005062500000000001,371.94374487580313
4.980000000000002,0.0005062500000000001,371.754660295135
5.000000000000003,0.0005062500000000001,371.5557368071504
5.020000000000002,0.0005062500000000001,371.35106034834877
5.040000000000003,0.0005062500000000001,371.14332297358425
5.060000000000002,0.0005062500000000001,370.93446158640376
5.080000000000003,0.0005062500000000001,370.7260602024932
5.100000000000002,0.0005062500000000001,370.51916045221566
5.120000000000003,0.0005062500000000001,370.31465701720225
5.140000000000002,0.0005062500000000001,370.11311309991265
5.160000000000003,0.0005062500000000001,369.9149886681692
5.180000000000002,0.0005062500000000001,369.72059596145755
5.200000000000003,0.0005062500000000001,369.53014256810695
5.220000000000002,0.0005062500000000001,369.3437852958209
5.240000000000003,0.0005062500000000001,369.1615924833395
5.2600000000000025,0.0005062500000000001,368.9836167653129
5.280000000000003,0.0005062500000000001,368.8098502497272
5.3000000000000025,0.0005062500000000001,368.64027587406076
5.320000000000003,0.0005062500000000001,368.47484294639327
5.3400000000000025,0.0005062500000000001,368.3134897825571
5.360000000000003,0.0005062500000000001,368.15614068043385
5.380000000000003,0.0005062500000000001,368.00270736829447
5.400000000000003,0.0005062500000000001,367.8530991706741
5.420000000000003,0.0005062500000000001,367.707213666087
5.440000000000003,0.0005062500000000001,367.56495147759176
5.460000000000003,0.0005062500000000001,367.42620419979374
5.480000000000003,0.0005062500000000001,367.29086810559744
5.500000000000003,0.0005062500000000001,367.1588339013695
5.520000000000003,0.0005062500000000001,367.0299967331188
5.540000000000003,0.0005062500000000001,366.9042494337588
5.560000000000003,0.0005062500000000001,366.7814884488069
5.580000000000003,0.0005062500000000001,366.6616104154411
5.600000000000003,0.0005062500000000001,366.5445148642917
5.620000000000003,0.0005062500000000001,366.43010309599345
5.640000000000003,0.0005062500000000001,366.3182789740842
5.660000000000003,0.0005062500000000001,366.2089488420238
5.680000000000003,0.0005062500000000001,366.10202169866113
5.700000000000003,0.0005062500000000001,365.99740903830207
5.720000000000003,0.0005062500000000001,365.8950254425996
5.740000000000003,0.0005062500000000001,365.79478751454695
5.760000000000003,0.0005062500000000001,365.6966155968083
5.780000000000003,0.0005062500000000001,365.60043127533527
5.8000000000000025,0.0005062500000000001,365.5061606387336
5.820000000000003,0.0005062500000000001,365.41373008146434
5.840000000000003,0.0005062500000000001,365.3230712929704
5.860000000000003,0.0005062500000000001,365.23411527088547
5.880000000000003,0.0005062500000000001,365.14679907984356
5.900000000000003,0.0005062500000000001,365.0610580940357
5.9200000000000035,0.0005062500000000001,364.97683448360726
5.940000000000003,0.0005062500000000001,364.8940677576423
5.960000000000003,0.0005062500000000001,364.81270490338903
5.980000000000003,0.0005062500000000001,364.7326893132981
6.0000000000000036,0.0005062500000000001,364.65397250088694
4.8000000000000025,0.0005250000000000001,373.24981642626904
4.820000000000002,0.0005250000000000001,373.4309234456089
4.8400000000000025,0.0005250000000000001,373.5666016247876
4.860000000000002,0.0005250000000000001,373.6064750440209
4.880000000000003,0.0005250000000000001,373.53701056637425
4.900000000000002,0.0005250000000000001,373.393837925356
4.920000000000003,0.0005250000000000001,373.208878182009
4.940000000000002,0.0005250000000000001,372.99507640112137
4.960000000000003,0.0005250000000000001,372.7640946351266
4.980000000000002,0.0005250000000000001,372.5234647580869
5.000000000000003,0.0005250000000000001,372.27734769370977
5.020000000000002,0.0005250000000000001,372.02963793020854
5.040000000000003,0.0005250000000000001,371.78224730055257
5.060000000000002,0.0005250000000000001,371.5369102078696
5.080000000000003,0.0005250000000000001,371.29476262786164
5.100000000000002,0.0005250000000000001,371.0565807362143
5.120000000000003,0.0005250000000000001,370.8230074247651
5.140000000000002,0.0005250000000000001,370.594333410415
5.160000000000003,0.0005250000000000001,370.3708687862329
5.180000000000002,0.0005250000000000001,370.1527088270377
5.200000000000003,0.0005250000000000001,369.939941805399
5.220000000000002,0.0005250000000000001,369.7325764629195
5.240000000000003,0.0005250000000000001,369.53056963490997
5.2600000000000025,0.0005250000000000001,369.3338806126672
5.280000000000003,0.0005250000000000001,369.1423973484837
5.3000000000000025,0.0005250000000000001,368.956044578644
5.320000000000003,0.0005250000000000001,368.77467911656925
5.3400000000000025,0.0005250000000000001,368.59820083682513
5.360000000000003,0.0005250000000000001,368.42645565936886
5.380000000000003,0.0005250000000000001,368.25932730488887
5.400000000000003,0.0005250000000000001,368.096660401187
5.420000000000003,0.0005250000000000001,367.9383304550516
5.440000000000003,0.0005250000000000001,367.7841846821507
5.460000000000003,0.0005250000000000001,367.6340970174327
5.480000000000003,0.0005250000000000001,367.48791846123936
5.500000000000003,0.0005250000000000001,367.3455264007817
5.520000000000003,0.0005250000000000001,367.2067757888508
5.540000000000003,0.0005250000000000001,367.07155088508165
5.560000000000003,0.0005250000000000001,366.93971051398256
5.580000000000003,0.0005250000000000001,366.81114785932647
5.600000000000003,0.0005250000000000001,366.68572557992246
5.620000000000003,0.0005250000000000001,366.5633467910263
5.640000000000003,0.0005250000000000001,366.44387804490344
5.660000000000003,0.0005250000000000001,366.3272326715181
5.680000000000003,0.0005250000000000001,366.2132812321903
5.700000000000003,0.0005250000000000001,366.1019470990929
5.720000000000003,0.0005250000000000001,365.9931049558275
5.740000000000003,0.0005250000000000001,365.88668778932146
5.760000000000003,0.0005250000000000001,365.78257447101055
5.780000000000003,0.0005250000000000001,365.68070705613707
5.8000000000000025,0.0005250000000000001,365.58096859909557
5.820000000000003,0.0005250000000000001,365.4833096408687
5.840000000000003,0.0005250000000000001,365.3876173411976
5.860000000000003,0.0005250000000000001,365.2938501518122
5.880000000000003,0.0005250000000000001,365.2018991994695
5.900000000000003,0.0005250000000000001,365.11173029684454
5.9200000000000035,0.0005250000000000001,365.0232383583762
5.940000000000003,0.0005250000000000001,364.93639603512264
5.960000000000003,0.0005250000000000001,364.851101830854
5.980000000000003,0.0005250000000000001,364.76733473392125
6.0000000000000036,0.0005250000000000001,364.68499664048255
4.8000000000000025,0.0005437500000000001,374.53135997361676
4.820000000000002,0.0005437500000000001,374.6951008880817
4.8400000000000025,0.0005437500000000001,374.7904379059591
4.860000000000002,0.0005437500000000001,374.75574413014834
4.880000000000003,0.0005437500000000001,374.597478934205
4.900000000000002,0.0005437500000000001,374.3740079197405
4.920000000000003,0.0005437500000000001,374.1167887918114
4.940000000000002,0.0005437500000000001,373.8370346104499
4.960000000000003,0.0005437500000000001,373.54779360230395
4.980000000000002,0.0005437500000000001,373.2543450098827
5.000000000000003,0.0005437500000000001,372.9606409438099
5.020000000000002,0.0005437500000000001,372.6698368585947
5.040000000000003,0.0005437500000000001,372.3829909232397
5.060000000000002,0.0005437500000000001,372.1016603694003
5.080000000000003,0.0005437500000000001,371.8263079396428
5.100000000000002,0.0005437500000000001,371.55756635249656
5.120000000000003,0.0005437500000000001,371.29565736509545
5.140000000000002,0.0005437500000000001,371.040659530507
5.160000000000003,0.0005437500000000001,370.79268303857356
5.180000000000002,0.0005437500000000001,370.5515824577595
5.200000000000003,0.0005437500000000001,370.3173583282728
5.220000000000002,0.0005437500000000001,370.0898049470195
5.240000000000003,0.0005437500000000001,369.86882919905753
5.2600000000000025,0.0005437500000000001,369.65422623705695
5.280000000000003,0.0005437500000000001,369.44583880332095
5.3000000000000025,0.0005437500000000001,369.2434771301003
5.320000000000003,0.0005437500000000001,369.04694965609815
5.3400000000000025,0.0005437500000000001,368.8560792978194
5.360000000000003,0.0005437500000000001,368.6706634606907
5.380000000000003,0.0005437500000000001,368.49053218850025
5.400000000000003,0.0005437500000000001,368.31548711789503
5.420000000000003,0.0005437500000000001,368.14536140474524
5.440000000000003,0.0005437500000000001,367.9799693922744
5.460000000000003,0.0005437500000000001,367.81914568566447
5.480000000000003,0.0005437500000000001,367.6627210153157
5.500000000000003,0.0005437500000000001,367.5105315430211
5.520000000000003,0.0005437500000000001,367.36242513169907
5.540000000000003,0.0005437500000000001,367.2182405326012
5.560000000000003,0.0005437500000000001,367.0778419556724
5.580000000000003,0.0005437500000000001,366.9410720181846
5.600000000000003,0.0005437500000000001,366.8078098837584
5.620000000000003,0.0005437500000000001,366.6779031342925
5.640000000000003,0.0005437500000000001,366.5512444170031
5.660000000000003,0.0005437500000000001,366.4276870046155
5.680000000000003,0.0005437500000000001,366.3071357358881
5.700000000000003,0.0005437500000000001,366.1894498914348
5.720000000000003,0.0005437500000000001,366.0745454684028
5.740000000000003,0.0005437500000000001,365.96228771776975
5.760000000000003,0.0005437500000000001,365.85260300532326
5.780000000000003,0.0005437500000000001,365.74536225568124
5.8000000000000025,0.0005437500000000001,365.6405015977208
5.820000000000003,0.0005437500000000001,365.53789717693905
5.840000000000003,0.0005437500000000001,365.43749439349097
5.860000000000003,0.0005437500000000001,365.339174097027
5.880000000000003,0.0005437500000000001,365.24289051701106
5.900000000000003,0.0005437500000000001,365.14852869885453
5.9200000000000035,0.0005437500000000001,365.0560512599282
5.940000000000003,0.0005437500000000001,364.96534699172946
5.960000000000003,0.0005437500000000001,364.8763864261013
5.980000000000003,0.0005437500000000001,364.78906173974843
6.0000000000000036,0.0005437500000000001,364.7033508563166
4.8000000000000025,0.0005625000000000001,375.84157720043044
4.820000000000002,0.0005625000000000001,375.98310892661834
4.8400000000000025,0.0005625000000000001,376.02100071523165
4.860000000000002,0.0005625000000000001,375.88762198478696
4.880000000000003,0.0005625000000000001,375.62602228531847
4.900000000000002,0.0005625000000000001,375.3165349198241
4.920000000000003,0.0005625000000000001,374.982202528374
4.940000000000002,0.0005625000000000001,374.63437797808234
4.960000000000003,0.0005625000000000001,374.28609788274053
4.980000000000002,0.0005625000000000001,373.93934404302627
5.000000000000003,0.0005625000000000001,373.5985379045614
5.020000000000002,0.0005625000000000001,373.2651118891702
5.040000000000003,0.0005625000000000001,372.9396337769283
5.060000000000002,0.0005625000000000001,372.6232584481692
5.080000000000003,0.0005625000000000001,372.3156583796536
5.100000000000002,0.0005625000000000001,372.0175030522796
5.120000000000003,0.0005625000000000001,371.72826770421807
5.140000000000002,0.0005625000000000001,371.4481193317146
5.160000000000003,0.0005625000000000001,371.17665910640824
5.180000000000002,0.0005625000000000001,370.91374766786925
5.200000000000003,0.0005625000000000001,370.659083319954
5.220000000000002,0.0005625000000000001,370.41240794888836
5.240000000000003,0.0005625000000000001,370.1734432747442
5.2600000000000025,0.0005625000000000001,369.94192855937564
5.280000000000003,0.0005625000000000001,369.71756209922563
5.3000000000000025,0.0005625000000000001,369.500135224924
5.320000000000003,0.0005625000000000001,369.2893060138472
5.3400000000000025,0.0005625000000000001,369.0849341458117
5.360000000000003,0.0005625000000000001,368.88663938669015
5.380000000000003,0.0005625000000000001,368.69434654918086
5.400000000000003,0.0005625000000000001,368.5076471338785
5.420000000000003,0.0005625000000000001,368.3265204459872
5.440000000000003,0.0005625000000000001,368.1505412041114
5.460000000000003,0.0005625000000000001,367.9797316444224
5.480000000000003,0.0005625000000000001,367.8136593235806
5.500000000000003,0.0005625000000000001,367.6523797691192
5.520000000000003,0.0005625000000000001,367.4954600647782
5.540000000000003,0.0005625000000000001,367.3429820646016
5.560000000000003,0.0005625000000000001,367.19451628299623
5.580000000000003,0.0005625000000000001,367.0501663374469
5.600000000000003,0.0005625000000000001,366.909507956135
5.620000000000003,0.0005625000000000001,366.772663700818
5.640000000000003,0.0005625000000000001,366.63921495332306
5.660000000000003,0.0005625000000000001,366.5093014462051
5.680000000000003,0.0005625000000000001,366.38250999638905
5.700000000000003,0.0005625000000000001,366.25899619903936
5.720000000000003,0.0005625000000000001,366.1383519425249
5.740000000000003,0.0005625000000000001,366.0207474299725
5.760000000000003,0.0005625000000000001,365.90577944517895
5.780000000000003,0.0005625000000000001,365.79363135011545
5.8000000000000025,0.0005625000000000001,365.68390501234535
5.820000000000003,0.0005625000000000001,365.57679519554097
5.840000000000003,0.0005625000000000001,365.47190946120105
5.860000000000003,0.0005625000000000001,365.36945189419725
5.880000000000003,0.0005625000000000001,365.26903675734457
5.900000000000003,0.0005625000000000001,365.1708751016258
5.9200000000000035,0.0005625000000000001,365.0745892213144
5.940000000000003,0.0005625000000000001,364.9803945884203
5.960000000000003,0.0005625000000000001,364.887923082452
5.980000000000003,0.0005625000000000001,364.797391960504
6.0000000000000036,0.0005625000000000001,364.7084443591833
4.8000000000000025,0.0005812500000000001,377.17839975793675
4.820000000000002,0.0005812500000000001,377.2899563118171
4.8400000000000025,0.0005812500000000001,377.2451475094397
4.860000000000002,0.0005812500000000001,376.98414381618903
4.880000000000003,0.0005812500000000001,376.60810785877874
4.900000000000002,0.0005812500000000001,376.20886013735134
4.920000000000003,0.0005812500000000001,375.79334162711046
4.940000000000002,0.0005812500000000001,375.3774069252217
4.960000000000003,0.0005812500000000001,374.97006070740883
4.980000000000002,0.0005812500000000001,374.57055307740455
5.000000000000003,0.0005812500000000001,374.18406714872964
5.020000000000002,0.0005812500000000001,373.8089384039962
5.040000000000003,0.0005812500000000001,373.446489648948
5.060000000000002,0.0005812500000000001,373.0962870134231
5.080000000000003,0.0005812500000000001,372.7580323896354
5.100000000000002,0.0005812500000000001,372.43184986676823
5.120000000000003,0.0005812500000000001,372.11673321539456
5.140000000000002,0.0005812500000000001,371.8128440360451
5.160000000000003,0.0005812500000000001,371.5192349342967
5.180000000000002,0.0005812500000000001,371.23584782387
5.200000000000003,0.0005812500000000001,370.9620076104339
5.220000000000002,0.0005812500000000001,370.69742468789667
5.240000000000003,0.0005812500000000001,370.44168563678403
5.2600000000000025,0.0005812500000000001,370.194341059227
5.280000000000003,0.0005812500000000001,369.95516611597077
5.3000000000000025,0.0005812500000000001,369.72362964947035
5.320000000000003,0.0005812500000000001,369.49962363025844
5.3400000000000025,0.0005812500000000001,369.2825929364104
5.360000000000003,0.0005812500000000001,369.07249502326493
5.380000000000003,0.0005812500000000001,368.86878473292916
5.400000000000003,0.0005812500000000001,368.671454994313
5.420000000000003,0.0005812500000000001,368.4799854651159
5.440000000000003,0.0005812500000000001,368.2943906764923
5.460000000000003,0.0005812500000000001,368.114177449142
5.480000000000003,0.0005812500000000001,367.93937818486455
5.500000000000003,0.0005812500000000001,367.76952244043935
5.520000000000003,0.0005812500000000001,367.6046619731785
5.540000000000003,0.0005812500000000001,367.4443420221771
5.560000000000003,0.0005812500000000001,367.28863698315183
5.580000000000003,0.0005812500000000001,367.13710071815586
5.600000000000003,0.0005812500000000001,366.9898332717904
5.620000000000003,0.0005812500000000001,366.84639148495177
5.640000000000003,0.0005812500000000001,366.7069027363775
5.660000000000003,0.0005812500000000001,366.57092319921577
5.680000000000003,0.0005812500000000001,366.4386075812096
5.700000000000003,0.0005812500000000001,366.3095097906866
5.720000000000003,0.0005812500000000001,366.1838102230854
5.740000000000003,0.0005812500000000001,366.0610607278145
5.760000000000003,0.0005812500000000001,365.94146438846735
5.780000000000003,0.0005812500000000001,365.8245726194345
5.8000000000000025,0.0005812500000000001,365.7106072047768
5.820000000000003,0.0005812500000000001,365.5991217449561
5.840000000000003,0.0005812500000000001,365.49035212897525
5.860000000000003,0.0005812500000000001,365.38385736535
5.880000000000003,0.0005812500000000001,365.27988258888627
5.900000000000003,0.0005812500000000001,365.1779956984232
5.9200000000000035,0.0005812500000000001,365.07844623778254
5.940000000000003,0.0005812500000000001,364.98081446593795
5.960000000000003,0.0005812500000000001,364.88534974210717
5.980000000000003,0.0005812500000000001,364.7916479384881
6.0000000000000036,0.0005812500000000001,364.6999540371096
4.8000000000000025,0.0006000000000000001,378.5394761771232
4.820000000000002,0.0006000000000000001,378.6081792166141
4.8400000000000025,0.0006000000000000001,378.44346559057806
4.860000000000002,0.0006000000000000001,378.0240620688374
4.880000000000003,0.0006000000000000001,377.52894021649473
4.900000000000002,0.0006000000000000001,377.03737910415657
4.920000000000003,0.0006000000000000001,376.53815339068973
4.940000000000002,0.0006000000000000001,376.0567214945649
4.960000000000003,0.0006000000000000001,375.5903876381126
4.980000000000002,0.0006000000000000001,375.1406580269952
5.000000000000003,0.0006000000000000001,374.7100954487549
5.020000000000002,0.0006000000000000001,374.2953076105419
5.040000000000003,0.0006000000000000001,373.89788585018914
5.060000000000002,0.0006000000000000001,373.5157525078663
5.080000000000003,0.0006000000000000001,373.14874149746083
5.100000000000002,0.0006000000000000001,372.79645995917934
5.120000000000003,0.0006000000000000001,372.4570221189457
5.140000000000002,0.0006000000000000001,372.1313894042523
5.160000000000003,0.0006000000000000001,371.81684761560035
5.180000000000002,0.0006000000000000001,371.51500816014976
5.200000000000003,0.0006000000000000001,371.22293060681625
5.220000000000002,0.0006000000000000001,370.94243546536956
5.240000000000003,0.0006000000000000001,370.6706533828035
5.2600000000000025,0.0006000000000000001,370.40940725956636
5.280000000000003,0.0006000000000000001,370.1560015392435
5.3000000000000025,0.0006000000000000001,369.9121968776358
5.320000000000003,0.0006000000000000001,369.67547278806177
5.3400000000000025,0.0006000000000000001,369.44753286075803
5.360000000000003,0.0006000000000000001,369.22599185094697
5.380000000000003,0.0006000000000000001,369.0125262082897
5.400000000000003,0.0006000000000000001,368.80483887956484
5.420000000000003,0.0006000000000000001,368.604609638485
5.440000000000003,0.0006000000000000001,368.4095915817418
5.460000000000003,0.0006000000000000001,368.2214881055868
5.480000000000003,0.0006000000000000001,368.03807910421057
5.500000000000003,0.0006000000000000001,367.8610988488125
5.520000000000003,0.0006000000000000001,367.6883453635899
5.540000000000003,0.0006000000000000001,367.521579152667
5.560000000000003,0.0006000000000000001,367.3586197473377
5.580000000000003,0.0006000000000000001,367.2012402069988
5.600000000000003,0.0006000000000000001,367.0472934875611
5.620000000000003,0.0006000000000000001,366.8985457415808
5.640000000000003,0.0006000000000000001,366.7529003837705
5.660000000000003,0.0006000000000000001,366.61209438545006
5.680000000000003,0.0006000000000000001,366.47410086593175
5.700000000000003,0.0006000000000000001,366.3406049363839
5.720000000000003,0.0006000000000000001,366.2096686386041
5.740000000000003,0.0006000000000000001,366.0829039153534
5.760000000000003,0.0006000000000000001,365.95847933775565
5.780000000000003,0.0006000000000000001,365.83791492886894
5.8000000000000025,0.0006000000000000001,365.71950077504977
5.820000000000003,0.0006000000000000001,365.60464947562764
5.840000000000003,0.0006000000000000001,365.49178445070896
5.860000000000003,0.0006000000000000001,365.3821989200164
5.880000000000003,0.0006000000000000001,365.2744580946037
5.900000000000003,0.0006000000000000001,365.1697274199363
5.9200000000000035,0.0006000000000000001,365.06671905304967
5.940000000000003,0.0006000000000000001,364.9664656451933
5.960000000000003,0.0006000000000000001,364.86782838143273
5.980000000000003,0.0006000000000000001,364.7717051593028
6.0000000000000036,0.0006000000000000001,364.6771055342648
4.8000000000000025,0.00061875,379.9225294849997
4.820000000000002,0.00061875,379.9264667943678
4.8400000000000025,0.00061875,379.58951559270196
4.860000000000002,0.00061875,378.98390364220086
4.880000000000003,0.00061875,378.374691259872
4.900000000000002,0.00061875,377.78667372168934
4.920000000000003,0.00061875,377.205730914955
4.940000000000002,0.00061875,376.66247036231465
4.960000000000003,0.00061875,376.13834605850155
4.980000000000002,0.00061875,375.64242922351866
5.000000000000003,0.00061875,375.1699978193462
5.020000000000002,0.00061875,374.7181712782764
5.040000000000003,0.00061875,374.28892973949127
5.060000000000002,0.00061875,373.87627867651076
5.080000000000003,0.00061875,373.4842144282471
5.100000000000002,0.00061875,373.1064572252769
5.120000000000003,0.00061875,372.74648090009566
5.140000000000002,0.00061875,372.3993302082269
5.160000000000003,0.00061875,372.0674707774184
5.180000000000002,0.00061875,371.74721604904227
5.200000000000003,0.00061875,371.44026780719287
5.220000000000002,0.00061875,371.1437909746416
5.240000000000003,0.00061875,370.85909342751285
5.2600000000000025,0.00061875,370.58378459106507
5.280000000000003,0.00061875,370.3190826065321
5.3000000000000025,0.00061875,370.06274528164437
5.320000000000003,0.00061875,369.8160965561006
5.3400000000000025,0.00061875,369.5768643827694
5.360000000000003,0.00061875,369.3465755673748
5.380000000000003,0.00061875,369.12284475839255
5.400000000000003,0.00061875,368.9074255533882
5.420000000000003,0.00061875,368.697802040454
5.440000000000003,0.00061875,368.4959310020557
5.460000000000003,0.00061875,368.299189788017
5.480000000000003,0.00061875,368.10968808105775
5.500000000000003,0.00061875,367.9247421994931
5.520000000000003,0.00061875,367.74655294614456
5.540000000000003,0.00061875,367.5724297676299
5.560000000000003,0.00061875,367.40460146924386
5.580000000000003,0.00061875,367.2404245333889
5.600000000000003,0.00061875,367.082097540183
5.620000000000003,0.00061875,366.9270725052385
5.640000000000003,0.00061875,366.77746781920615
5.660000000000003,0.00061875,366.6308714662102
5.680000000000003,0.00061875,366.48928136393255
5.700000000000003,0.00061875,366.3504528650365
5.720000000000003,0.00061875,366.2162329622988
5.740000000000003,0.00061875,366.08456683147443
5.760000000000003,0.00061875,365.9571293054282
5.780000000000003,0.00061875,365.83206960598164
5.8000000000000025,0.00061875,365.71087735753633
5.820000000000003,0.00061875,365.5919128563614
5.840000000000003,0.00061875,365.47647444434017
5.860000000000003,0.00061875,365.3631344874094
5.880000000000003,0.00061875,365.25299970235653
5.900000000000003,0.00061875,365.14485064744076
5.9200000000000035,0.00061875,365.0396066203775
5.940000000000003,0.00061875,364.93624870750915
5.960000000000003,0.00061875,364.8355164698805
5.980000000000003,0.00061875,364.7365810421606
6.0000000000000036,0.00061875,364.6400124694029
4.8000000000000025,0.0006375,381.3237040072951
4.820000000000002,0.0006375,381.2274247187978
4.8400000000000025,0.0006375,380.6449602766877
4.860000000000002,0.0006375,379.8437085021975
4.880000000000003,0.0006375,379.12934472102637
4.900000000000002,0.0006375,378.44232416895915
4.920000000000003,0.0006375,377.7847533732227
4.940000000000002,0.0006375,377.18659359308964
4.960000000000003,0.0006375,376.6036043755315
4.980000000000002,0.0006375,376.0719043737633
5.000000000000003,0.0006375,375.5542381656561
5.020000000000002,0.0006375,375.0757289438432
5.040000000000003,0.0006375,374.61104432744054
5.060000000000002,0.0006375,374.17718026474097
5.080000000000003,0.0006375,373.75688977119404
5.100000000000002,0.0006375,373.36171946933445
5.120000000000003,0.0006375,372.97842273377245
5.140000000000002,0.0006375,372.6169008559158
5.160000000000003,0.0006375,372.26509114811154
5.180000000000002,0.0006375,371.93299781211124
5.200000000000003,0.0006375,371.608495235827
5.220000000000002,0.0006375,371.3022885043118
5.240000000000003,0.0006375,371.00183187298256
5.2600000000000025,0.0006375,370.7185227394239
5.280000000000003,0.0006375,370.4394948429377
5.3000000000000025,0.0006375,370.1765471536643
5.320000000000003,0.0006375,369.9167905873817
5.3400000000000025,0.0006375,369.6720403640738
5.360000000000003,0.0006375,369.4297334725297
5.380000000000003,0.0006375,369.2013233390127
5.400000000000003,0.0006375,368.97489596540703
5.420000000000003,0.0006375,368.7612217127113
5.440000000000003,0.0006375,368.5492973724651
5.460000000000003,0.0006375,368.3489644533996
5.480000000000003,0.0006375,368.1503201234103
5.500000000000003,0.0006375,367.9621083021537
5.520000000000003,0.0006375,367.7756460113316
5.540000000000003,0.0006375,367.59848068860276
5.560000000000003,0.0006375,367.42320705611877
5.580000000000003,0.0006375,367.2561360266208
5.600000000000003,0.0006375,367.09114718362605
5.620000000000003,0.0006375,366.9333217870785
5.640000000000003,0.0006375,366.7777919698042
5.660000000000003,0.0006375,366.62845177690355
5.680000000000003,0.0006375,366.48162444499985
5.700000000000003,0.0006375,366.34008477622575
5.720000000000003,0.0006375,366.2012654875399
5.740000000000003,0.0006375,366.06690719635253
5.760000000000003,0.0006375,365.9354577216934
5.780000000000003,0.0006375,365.8077187855313
5.8000000000000025,0.0006375,365.6830521159898
5.820000000000003,0.0006375,365.56142067067503
5.840000000000003,0.0006375,365.44299668332025
5.860000000000003,0.0006375,365.3270052114269
5.880000000000003,0.0006375,365.21432683505896
5.900000000000003,0.0006375,365.10354727912664
5.9200000000000035,0.0006375,364.996157052445
5.940000000000003,0.0006375,364.8901966720559
5.960000000000003,0.0006375,364.7876736204221
5.980000000000003,0.0006375,364.6861714503232
6.0000000000000036,0.0006375,364.588128229762
4.8000000000000025,0.00065625,382.7471681439793
4.820000000000002,0.00065625,382.47403172828876
4.8400000000000025,0.00065625,381.57072971882985
4.860000000000002,0.00065625,380.5798818179237
4.880000000000003,0.00065625,379.7848487804096
4.900000000000002,0.00065625,378.9794693502317
4.920000000000003,0.00065625,378.27754821911645
4.940000000000002,0.00065625,377.6077710435839
4.960000000000003,0.00065625,376.9903814211871
4.980000000000002,0.00065625,376.41208673367777
5.000000000000003,0.00065625,375.8668371987913
5.020000000000002,0.00065625,375.35419970227275
5.040000000000003,0.00065625,374.8680225068708
5.060000000000002,0.00065625,374.4067078851483
5.080000000000003,0.00065625,373.9707657005973
5.100000000000002,0.00065625,373.55152187105193
5.120000000000003,0.00065625,373.1573603194372
5.140000000000002,0.00065625,372.77383595748046
5.160000000000003,0.00065625,372.4148201263754
5.180000000000002,0.00065625,372.06230735348714
5.200000000000003,0.00065625,371.73324314351646
5.220000000000002,0.00065625,371.4080632448211
5.240000000000003,0.00065625,371.1048467138846
5.2600000000000025,0.00065625,370.8040092883284
5.280000000000003,0.00065625,370.52335804770536
5.3000000000000025,0.00065625,370.2443600274637
5.320000000000003,0.00065625,369.9836128680555
5.3400000000000025,0.00065625,369.72431354342564
5.360000000000003,0.00065625,369.4812818266586
5.380000000000003,0.00065625,369.2398210863872
5.400000000000003,0.00065625,369.0126785919785
5.420000000000003,0.00065625,368.7874208580979
5.440000000000003,0.00065625,368.57462201179345
5.460000000000003,0.00065625,368.36411614751677
5.480000000000003,0.00065625,368.164335145698
5.500000000000003,0.00065625,367.96728472497017
5.520000000000003,0.00065625,367.7793700390869
5.540000000000003,0.00065625,367.5946106042842
5.560000000000003,0.00065625,367.41755080918546
5.580000000000003,0.00065625,367.24403200644565
5.600000000000003,0.00065625,367.0769299541999
5.620000000000003,0.00065625,366.9137011762445
5.640000000000003,0.00065625,366.75575432920016
5.660000000000003,0.00065625,366.60195294654545
5.680000000000003,0.00065625,366.45243826497597
5.700000000000003,0.00065625,366.30727981140654
5.720000000000003,0.00065625,366.1655420178246
5.740000000000003,0.00065625,366.028311882102
5.760000000000003,0.00065625,365.89375423733145
5.780000000000003,0.00065625,365.7638005381255
5.8000000000000025,0.00065625,365.63587749373977
5.820000000000003,0.00065625,365.5126049007226
5.840000000000003,0.00065625,365.3908161607225
5.860000000000003,0.00065625,365.27368048503064
5.880000000000003,0.00065625,365.15756613298925
5.900000000000003,0.00065625,365.046069553157
5.9200000000000035,0.00065625,364.93520599144506
5.940000000000003,0.00065625,364.8288928118724
5.960000000000003,0.00065625,364.7228893258546
5.980000000000003,0.00065625,364.6213421874691
6.0000000000000036,0.00065625,364.5198379961243
4.8000000000000025,0.000675,384.1648921311235
4.820000000000002,0.000675,383.63826858979536
4.8400000000000025,0.000675,382.2904835302268
4.860000000000002,0.000675,381.2132987487445
4.880000000000003,0.000675,380.2914923601096
4.900000000000002,0.000675,379.41357248984264
4.920000000000003,0.000675,378.65228792580535
4.940000000000002,0.000675,377.9374383629121
4.960000000000003,0.000675,377.2745215407185
4.980000000000002,0.000675,376.6742973188343
5.000000000000003,0.000675,376.0860286896555
5.020000000000002,0.000675,375.5663927817521
5.040000000000003,0.000675,375.038500314463
5.060000000000002,0.000675,374.5794206700834
5.080000000000003,0.000675,374.1045081471149
5.100000000000002,0.000675,373.69149466788497
5.120000000000003,0.000675,373.26237803587134
5.140000000000002,0.000675,372.8859849335666
5.160000000000003,0.000675,372.4967166242801
5.180000000000002,0.000675,372.1504453954107
5.200000000000003,0.000675,371.7960496731409
5.220000000000002,0.000675,371.4752691239322
5.240000000000003,0.000675,371.1515328616416
5.2600000000000025,0.000675,370.85283567025976
5.280000000000003,0.000675,370.55616151549225
5.3000000000000025,0.000675,370.27696104903
5.320000000000003,0.000675,370.00425889117304
5.3400000000000025,0.000675,369.74252942680727
5.360000000000003,0.000675,369.49113199159007
5.380000000000003,0.000675,369.24523808808465
5.400000000000003,0.000675,369.0128331393251
5.420000000000003,0.000675,368.7814159525966
5.440000000000003,0.000675,368.5659908603782
5.460000000000003,0.000675,368.347891567307
5.480000000000003,0.000675,368.1476875723588
5.500000000000003,0.000675,367.94189534227155
5.520000000000003,0.000675,367.75536963927783
5.540000000000003,0.000675,367.56098602280605
5.560000000000003,0.000675,367.38678023193904
5.580000000000003,0.000675,367.2029946131151
5.600000000000003,0.000675,367.0399084977317
5.620000000000003,0.000675,366.86598103684287
5.640000000000003,0.000675,366.7129505361516
5.660000000000003,0.000675,366.54820019701714
5.680000000000003,0.000675,366.4042790090384
5.700000000000003,0.000675,366.2480750395783
5.720000000000003,0.000675,366.1124191262849
5.740000000000003,0.000675,365.96417488275574
5.760000000000003,0.000675,365.83602938256354
5.780000000000003,0.000675,365.69519774174785
5.8000000000000025,0.000675,365.5738858684583
5.820000000000003,0.000675,365.43995571360534
5.840000000000003,0.000675,365.32486929843475
5.860000000000003,0.000675,365.1973627301408
5.880000000000003,0.000675,365.08795412699095
5.900000000000003,0.000675,364.9664241636523
5.9200000000000035,0.000675,364.86219928955654
5.940000000000003,0.000675,364.74622789967026
5.960000000000003,0.000675,364.6467402243951
5.980000000000003,0.000675,364.5359365861143
6.0000000000000036,0.000675,364.44078191887064
4.8000000000000025,0.00069375,385.6357487517648
4.820000000000002,0.00069375,384.57367646791795
4.8400000000000025,0.00069375,382.8177604682845
4.860000000000002,0.00069375,381.6976365964439
4.880000000000003,0.00069375,380.66100041486703
4.900000000000002,0.00069375,379.7042542849873
4.920000000000003,0.00069375,378.9365400239593
4.940000000000002,0.00069375,378.12752266502986
4.960000000000003,0.00069375,377.49592496511605
4.980000000000002,0.00069375,376.8054669556738
5.000000000000003,0.00069375,376.2572038747935
5.020000000000002,0.00069375,375.6590148853445
5.040000000000003,0.00069375,375.1677783232573
5.060000000000002,0.00069375,374.64591534565443
5.080000000000003,0.00069375,374.1994265018817
5.100000000000002,0.00069375,373.7385253371833
5.120000000000003,0.00069375,373.328711050959
5.140000000000002,0.00069375,372.91765719572203
5.160000000000003,0.00069375,372.539043969103
5.180000000000002,0.00069375,372.16942392382003
5.200000000000003,0.00069375,371.81806929212394
5.220000000000002,0.00069375,371.48336291845925
5.240000000000003,0.00069375,371.1562641975871
5.2600000000000025,0.00069375,370.85132949578696
5.280000000000003,0.00069375,370.54609025297316
5.3000000000000025,0.00069375,370.26681084832995
5.320000000000003,0.00069375,369.981445330405
5.3400000000000025,0.00069375,369.72448076125136
5.360000000000003,0.00069375,369.45729447431484
5.380000000000003,0.00069375,369.2198993545656
5.400000000000003,0.00069375,368.9694133061134
5.420000000000003,0.00069375,368.74930424793337
5.440000000000003,0.00069375,368.51420519571883
5.460000000000003,0.00069375,368.30946163581285
5.480000000000003,0.00069375,368.08856838240075
5.500000000000003,0.00069375,367.8975578905692
5.520000000000003,0.00069375,367.6897977866473
5.540000000000003,0.00069375,367.511119283571
5.560000000000003,0.00069375,367.315511394881
5.580000000000003,0.00069375,367.1479516041392
5.600000000000003,0.00069375,366.9635943192404
5.620000000000003,0.00069375,366.80609408013106
5.640000000000003,0.00069375,366.6321557278772
5.660000000000003,0.00069375,366.4837837081337
5.680000000000003,0.00069375,366.3194952441141
5.700000000000003,0.00069375,366.17942724219483
5.720000000000003,0.00069375,366.0240763762026
5.740000000000003,0.00069375,365.89157887253754
5.760000000000003,0.00069375,365.74450521349513
5.780000000000003,0.00069375,365.6189221723701
5.8000000000000025,0.00069375,365.4795131030545
5.820000000000003,0.00069375,365.3602552780191
5.840000000000003,0.00069375,365.2279423634627
5.860000000000003,0.00069375,365.1144785445059
5.880000000000003,0.00069375,364.9887343400908
5.900000000000003,0.00069375,364.88058411823846
5.9200000000000035,0.00069375,364.7609192858067
5.940000000000003,0.00069375,364.657647013011
5.960000000000003,0.00069375,364.54360768217055
5.980000000000003,0.00069375,364.444817380723
6.0000000000000036,0.00069375,364.33598271212827
4.8000000000000025,0.0007125,387.0523869496677
4.820000000000002,0.0007125,385.2211236229533
4.8400000000000025,0.0007125,383.0800803724314
4.860000000000002,0.0007125,382.099781594311
4.880000000000003,0.0007125,380.7809374249343
4.900000000000002,0.0007125,379.94977352555395
4.920000000000003,0.0007125,379.0195806754396
4.940000000000002,0.0007125,378.26924262621196
4.960000000000003,0.0007125,377.56404851576195
4.980000000000002,0.0007125,376.8760106379796
5.000000000000003,0.0007125,376.315466124042
5.020000000000002,0.0007125,375.67821719269557
5.040000000000003,0.0007125,375.21647493521834
5.060000000000002,0.0007125,374.62952512341
5.080000000000003,0.0007125,374.23850974599077
5.100000000000002,0.0007125,373.6962398483957
5.120000000000003,0.0007125,373.3580545693585
5.140000000000002,0.0007125,372.85620934590406
5.160000000000003,0.0007125,372.55861201019064
5.180000000000002,0.0007125,372.0936231383755
5.200000000000003,0.0007125,371.8279641803226
5.220000000000002,0.0007125,371.3967006410422
5.240000000000003,0.0007125,371.15671521407285
5.2600000000000025,0.0007125,370.7563704233129
5.280000000000003,0.0007125,370.5374250688715
5.3000000000000025,0.0007125,370.1654569897439
5.320000000000003,0.0007125,369.96406038526885
5.3400000000000025,0.0007125,369.6181543626039
5.360000000000003,0.0007125,369.43162971884254
5.380000000000003,0.0007125,369.1096719514309
5.400000000000003,0.0007125,368.9359323825801
5.420000000000003,0.0007125,368.63598896451737
5.440000000000003,0.0007125,368.4733805772871
5.460000000000003,0.0007125,368.1936799036449
5.480000000000003,0.0007125,368.04087056760517
5.500000000000003,0.0007125,367.77978808856017
5.520000000000003,0.0007125,367.63568764619714
5.540000000000003,0.0007125,367.3917324477144
5.560000000000003,0.0007125,367.2554349051477
5.580000000000003,0.0007125,367.0272378008822
5.600000000000003,0.0007125,366.89797907643833
5.620000000000003,0.0007125,366.6842819864401
5.640000000000003,0.0007125,366.5614087790425
5.660000000000003,0.0007125,366.36105521686636
5.680000000000003,0.0007125,366.2440018854714
5.700000000000003,0.0007125,366.05592840457416
5.720000000000003,0.0007125,365.9441996575966
5.740000000000003,0.0007125,365.76742813057496
5.760000000000003,0.0007125,365.66058595384146
5.780000000000003,0.0007125,365.49421657748184
5.8000000000000025,0.0007125,365.39187027114815
5.820000000000003,0.0007125,365.2350752071632
5.840000000000003,0.0007125,365.1368737151758
5.860000000000003,0.0007125,364.9888912910821
5.880000000000003,0.0007125,364.8945172303244
5.900000000000003,0.0007125,364.7546466371954
5.9200000000000035,0.0007125,364.6638115940107
5.940000000000003,0.0007125,364.5314080279934
5.960000000000003,0.0007125,364.44384880558937
5.980000000000003,0.0007125,364.3183190083543
6.0000000000000036,0.0007125,364.23379459257575
4.8000000000000025,0.00073125,388.546991018945
4.820000000000002,0.00073125,385.1929542313014
4.8400000000000025,0.00073125,383.35387160874484
4.860000000000002,0.00073125,382.18431141936634
4.880000000000003,0.00073125,380.7933915887978
4.900000000000002,0.00073125,380.0577628891922
4.920000000000003,0.00073125,378.92713809477834
4.940000000000002,0.00073125,378.37456173778736
4.960000000000003,0.00073125,377.42116790819006
4.980000000000002,0.00073125,376.9692187072304
5.000000000000003,0.00073125,376.1468706251252
5.020000000000002,0.00073125,375.7535784804431
5.040000000000003,0.00073125,375.035338786364
5.060000000000002,0.00073125,374.68838894768817
5.080000000000003,0.00073125,374.051314276641
5.100000000000002,0.00073125,373.7391751945555
5.120000000000003,0.00073125,373.1687506156452
5.140000000000002,0.00073125,372.8840104335492
5.160000000000003,0.00073125,372.369587821337
5.180000000000002,0.00073125,372.10723823509545
5.200000000000003,0.00073125,371.64064178363424
5.220000000000002,0.00073125,371.3971431063123
5.240000000000003,0.00073125,370.97190859224617
5.2600000000000025,0.00073125,370.7446595518343
5.280000000000003,0.00073125,370.35556078739364
5.3000000000000025,0.00073125,370.14258266415624
5.320000000000003,0.00073125,369.7853171883165
5.3400000000000025,0.00073125,369.58505732597985
5.360000000000003,0.00073125,369.25602877315015
5.380000000000003,0.00073125,369.06723388817113
5.400000000000003,0.00073125,368.7633965105514
5.420000000000003,0.00073125,368.58502862482914
5.440000000000003,0.00073125,368.30377349045904
5.460000000000003,0.00073125,368.13495288036455
5.480000000000003,0.00073125,367.8740229358186
5.500000000000003,0.00073125,367.71398873543376
5.520000000000003,0.00073125,367.4714143693665
5.540000000000003,0.00073125,367.3194969882116
5.560000000000003,0.00073125,367.0935464441178
5.580000000000003,0.00073125,366.94914803304937
5.600000000000003,0.00073125,366.7382887467224
5.620000000000003,0.00073125,366.60086921639396
5.640000000000003,0.00073125,366.40373729455104
5.660000000000003,0.00073125,366.2728041982164
5.680000000000003,0.00073125,366.0881800316197
5.700000000000003,0.00073125,365.9632811529582
5.720000000000003,0.00073125,365.7900696989874
5.740000000000003,0.00073125,365.6707875406554
5.760000000000003,0.00073125,365.50800219487695
5.780000000000003,0.00073125,365.39394980618016
5.8000000000000025,0.00073125,365.24069905931015
5.820000000000003,0.00073125,365.13151680949795
5.840000000000003,0.00073125,364.9869930875446
5.860000000000003,0.00073125,364.88234610868267
5.880000000000003,0.00073125,364.7458163417281
5.900000000000003,0.00073125,364.64539244761426
5.9200000000000035,0.00073125,364.5161900217158
5.940000000000003,0.00073125,364.41969796740324
5.960000000000003,0.00073125,364.2972157950033
5.980000000000003,0.00073125,364.2043837824465
6.0000000000000036,0.00073125,364.08806828707395
4.8000000000000025,0.00075,390.0
4.820000000000002,0.00075,384.11646680216796
4.8400000000000025,0.00075,384.1454526287993
4.860000000000002,0.00075,381.33672864201384
4.880000000000003,0.00075,381.3460993116688
4.900000000000002,0.00075,379.35130014255463
4.920000000000003,0.00075,379.3346217195908
4.940000000000002,0.00075,377.76821022734305
4.960000000000003,0.00075,377.7266571762561
4.980000000000002,0.00075,376.43862792332067
5.000000000000003,0.00075,376.3759031189919
5.020000000000002,0.00075,375.2784453766613
5.040000000000003,0.00075,375.2077973636916
5.060000000000002,0.00075,374.2588680471802
5.080000000000003,0.00075,374.1780894708167
5.100000000000002,0.00075,373.3473415213449
5.120000000000003,0.00075,373.2580722565372
5.140000000000002,0.00075,372.5236485179515
5.160000000000003,0.00075,372.4278073463099
5.180000000000002,0.00075,371.77341264876463
5.200000000000003,0.00075,371.67275760062984
5.220000000000002,0.00075,371.0858811380003
5.240000000000003,0.00075,370.9819194920415
5.2600000000000025,0.00075,370.45272371937847
5.280000000000003,0.00075,370.34671062296917
5.3000000000000025,0.00075,369.867305722766
5.320000000000003,0.00075,369.7602689919669
5.3400000000000025,0.00075,369.32422060117864
5.360000000000003,0.00075,369.21699158041747
5.380000000000003,0.00075,368.8189760999957
5.400000000000003,0.00075,368.7122195627479
5.420000000000003,0.00075,368.3477765424978
5.440000000000003,0.00075,368.2420173859535
5.460000000000003,0.00075,367.9073678607862
5.480000000000003,0.00075,367.8030141603873
5.500000000000003,0.00075,367.4949249905146
5.520000000000003,0.00075,367.39228763524716
5.540000000000003,0.00075,367.10796863099614
5.560000000000003,0.00075,367.00727795332193
5.580000000000003,0.00075,366.74430277789503
5.600000000000003,0.00075,366.6457226086097
5.620000000000003,0.00075,366.40196718240594
5.640000000000003,0.00075,366.3056067179101
5.660000000000003,0.00075,366.07920067016823
5.680000000000003,0.00075,365.9851244840089
5.700000000000003,0.00075,365.774412443325
5.720000000000003,0.00075,365.68264892176325
5.740000000000003,0.00075,365.4861593056576
5.760000000000003,0.00075,365.39670774280626
5.780000000000003,0.00075,365.21312732171697
5.8000000000000025,0.00075,365.1259638734554
5.820000000000003,0.00075,364.95411682589946
5.840000000000003,0.00075,364.8691994919618
5.860000000000003,0.00075,364.70802998756517
5.880000000000003,0.00075,364.6253027665217
5.900000000000003,0.00075,364.4738603477326
5.9200000000000035,0.00075,364.3932566888824
5.940000000000003,0.00075,364.25068389475643
5.960000000000003,0.00075,364.17212955336373
5.980000000000003,0.00075,364.0376513570504
6.0000000000000036,0.00075,363.9610667442967
