{
  "mesh_params": {
    "H": 0.00075,
    "L": 0.00075,
    "Nx": 20,
    "Ny": 20
  },
  "main_params": {
    "k": 0.3,
    "midu": 1238.0,
    "Cv": 1450.0,
    "q": 0.0,
    "alpha": 25.0,
    "alpha1": 25.0,
    "T_kongqi": 298.15,
    "T0": 298.15,
    "t": 0.0,
    "dt": 0.02
  }
}